# Created by Geoflow
# Generated by Geoflow
mtllib 9-572-288-LoD13-3D.obj.mtl
v 156600.10938 378985.71875 18.37000
v 156595.48438 378983.78125 18.37000
v 156593.98438 378987.37500 18.37000
v 156598.60938 378989.31250 18.37000
v 156595.48438 378983.78125 22.42800
v 156593.98438 378987.37500 22.42800
v 156600.10938 378985.71875 22.42800
v 156598.60938 378989.31250 22.42800
v 156646.39062 379115.40625 18.75600
v 156655.04688 379105.96875 18.75600
v 156650.87500 379104.28125 18.75600
v 156650.56250 379117.09375 18.75600
v 156655.04688 379105.96875 22.43600
v 156650.87500 379104.28125 22.43600
v 156650.56250 379117.09375 22.43600
v 156646.39062 379115.40625 22.43600
v 156833.78125 378898.21875 19.65200
v 156835.68750 378894.06250 19.65200
v 156814.87500 378883.78125 19.65200
v 156836.48438 378894.68750 19.65200
v 156817.56250 378880.34375 19.65200
v 156838.21875 378890.71875 19.65200
v 156820.42188 378877.15625 19.65200
v 156817.54688 378879.43750 19.65200
v 156817.10938 378880.00000 19.65200
v 156836.48438 378894.68750 22.94900
v 156835.68750 378894.06250 22.94900
v 156833.78125 378898.21875 22.94900
v 156817.54688 378879.43750 22.94900
v 156817.10938 378880.00000 22.94900
v 156838.21875 378890.71875 22.94900
v 156820.42188 378877.15625 22.94900
v 156814.87500 378883.78125 22.94900
v 156817.56250 378880.34375 22.94900
v 156817.09375 378903.84375 19.69000
v 156818.09375 378903.15625 19.69000
v 156818.95312 378902.28125 19.69000
v 156819.65625 378901.28125 19.69000
v 156820.48438 378899.00000 19.69000
v 156820.17188 378900.18750 19.69000
v 156820.48438 378896.56250 19.69000
v 156820.17188 378895.40625 19.69000
v 156820.59375 378897.78125 19.69000
v 156813.57812 378904.78125 19.69000
v 156819.65625 378894.28125 19.69000
v 156818.95312 378893.28125 19.69000
v 156817.09375 378891.71875 19.69000
v 156818.09375 378892.40625 19.69000
v 156813.57812 378890.78125 19.69000
v 156815.98438 378891.18750 19.69000
v 156814.79688 378890.87500 19.69000
v 156807.00000 378895.40625 19.69000
v 156812.35938 378890.87500 19.69000
v 156811.18750 378891.18750 19.69000
v 156810.07812 378891.71875 19.69000
v 156808.21875 378893.28125 19.69000
v 156809.07812 378892.40625 19.69000
v 156807.51562 378894.28125 19.69000
v 156808.21875 378902.28125 19.69000
v 156806.67188 378896.56250 19.69000
v 156806.57812 378897.78125 19.69000
v 156807.00000 378900.18750 19.69000
v 156807.51562 378901.28125 19.69000
v 156806.67188 378899.00000 19.69000
v 156810.07812 378903.84375 19.69000
v 156809.07812 378903.15625 19.69000
v 156811.18750 378904.37500 19.69000
v 156812.35938 378904.68750 19.69000
v 156814.79688 378904.68750 19.69000
v 156815.98438 378904.37500 19.69000
v 156809.07812 378903.15625 23.63400
v 156810.07812 378903.84375 23.63400
v 156811.18750 378904.37500 23.63400
v 156812.35938 378904.68750 23.63400
v 156813.57812 378904.78125 23.63400
v 156814.79688 378904.68750 23.63400
v 156807.51562 378894.28125 23.63400
v 156807.00000 378895.40625 23.63400
v 156808.21875 378893.28125 23.63400
v 156807.00000 378900.18750 23.63400
v 156807.51562 378901.28125 23.63400
v 156808.21875 378902.28125 23.63400
v 156806.67188 378896.56250 23.63400
v 156806.57812 378897.78125 23.63400
v 156806.67188 378899.00000 23.63400
v 156809.07812 378892.40625 23.63400
v 156811.18750 378891.18750 23.63400
v 156810.07812 378891.71875 23.63400
v 156812.35938 378890.87500 23.63400
v 156813.57812 378890.78125 23.63400
v 156814.79688 378890.87500 23.63400
v 156817.09375 378891.71875 23.63400
v 156815.98438 378891.18750 23.63400
v 156818.09375 378892.40625 23.63400
v 156818.09375 378903.15625 23.63400
v 156818.95312 378902.28125 23.63400
v 156818.95312 378893.28125 23.63400
v 156819.65625 378894.28125 23.63400
v 156820.17188 378895.40625 23.63400
v 156820.48438 378896.56250 23.63400
v 156820.59375 378897.78125 23.63400
v 156820.17188 378900.18750 23.63400
v 156820.48438 378899.00000 23.63400
v 156819.65625 378901.28125 23.63400
v 156817.09375 378903.84375 23.63400
v 156815.98438 378904.37500 23.63400
v 156832.18750 379385.53125 18.01700
v 156834.65625 379380.06250 18.01700
v 156825.12500 379375.71875 18.01700
v 156814.46875 379370.90625 18.01700
v 156809.23438 379375.12500 18.01700
v 156818.54688 379372.75000 18.01700
v 156819.54688 379370.56250 18.01700
v 156811.71875 379369.65625 18.01700
v 156826.35938 379373.06250 18.01700
v 156819.76562 379370.06250 18.01700
v 156832.18750 379385.53125 29.23400
v 156834.65625 379380.06250 29.23400
v 156825.12500 379375.71875 29.23400
v 156818.29688 379375.18750 34.29000
v 156818.51562 379375.06250 34.29000
v 156818.51562 379375.06250 29.23400
v 156818.29688 379375.18750 29.23400
v 156819.54688 379370.56250 29.23400
v 156818.54688 379372.75000 34.29000
v 156819.54688 379370.56250 34.29000
v 156819.76562 379370.06250 29.23400
v 156826.35938 379373.06250 29.23400
v 156814.46875 379370.90625 34.29000
v 156814.46875 379370.90625 29.23400
v 156811.71875 379369.65625 29.23400
v 156818.95312 379375.96875 34.29000
v 156818.95312 379375.96875 29.23400
v 156820.20312 379374.53125 34.29000
v 156820.09375 379374.28125 34.29000
v 156820.09375 379374.28125 29.23400
v 156820.20312 379374.53125 29.23400
v 156820.67188 379373.96875 34.29000
v 156820.67188 379373.96875 29.23400
v 156819.68750 379375.15625 34.29000
v 156819.68750 379375.15625 29.23400
v 156816.15625 379374.78125 34.29000
v 156816.15625 379374.78125 29.23400
v 156819.71875 379376.03125 34.29000
v 156819.71875 379376.03125 29.23400
v 156820.78125 379373.84375 29.23400
v 156820.93750 379373.84375 34.29000
v 156820.93750 379373.84375 29.23400
v 156820.78125 379373.84375 34.29000
v 156821.56250 379373.53125 34.29000
v 156821.04688 379372.06250 34.29000
v 156821.04688 379372.06250 29.23400
v 156821.56250 379373.53125 29.23400
v 156809.23438 379375.12500 29.23400
v 156813.54688 379372.84375 34.29000
v 156813.09375 379373.50000 34.29000
v 156813.09375 379373.50000 29.23400
v 156813.54688 379372.84375 29.23400
v 156814.76562 379373.40625 34.29000
v 156814.76562 379373.40625 29.23400
v 156814.85938 379374.28125 34.29000
v 156814.85938 379374.28125 29.23400
v 156819.56250 379376.18750 34.29000
v 156819.56250 379376.18750 29.23400
v 156815.01562 379374.09375 34.29000
v 156815.73438 379373.84375 34.29000
v 156815.73438 379373.84375 29.23400
v 156815.01562 379374.09375 29.23400
v 156816.09375 379374.00000 34.29000
v 156816.09375 379374.00000 29.23400
v 156819.60938 379372.56250 34.29000
v 156819.60938 379372.56250 29.23400
v 156917.70312 379378.09375 18.48900
v 156919.68750 379379.00000 18.48900
v 156927.00000 379362.87500 18.48900
v 156924.14062 379361.59375 18.48900
v 156924.25000 379361.62500 18.48900
v 156874.50000 379324.96875 18.48900
v 156916.82812 379377.68750 18.48900
v 156929.42188 379349.93750 18.48900
v 156819.62500 379370.37500 18.48900
v 156819.76562 379370.06250 18.48900
v 156812.53125 379370.03125 18.48900
v 156818.54688 379372.75000 18.48900
v 156839.25000 379308.90625 18.48900
v 156826.35938 379373.06250 18.48900
v 156825.12500 379375.71875 18.48900
v 156834.65625 379380.06250 18.48900
v 156899.43750 379416.03125 18.48900
v 156811.71875 379369.65625 18.48900
v 156832.18750 379385.53125 18.48900
v 156832.18750 379385.53125 29.60700
v 156899.43750 379416.03125 29.60700
v 156929.42188 379349.93750 29.60700
v 156874.50000 379324.96875 29.60700
v 156919.68750 379379.00000 22.65200
v 156927.00000 379362.87500 22.65200
v 156917.70312 379378.09375 22.65200
v 156917.70312 379378.09375 29.60700
v 156917.76562 379378.00000 29.60700
v 156917.76562 379378.00000 22.65200
v 156916.82812 379377.68750 29.60700
v 156826.35938 379373.06250 29.60700
v 156825.12500 379375.71875 29.60700
v 156834.65625 379380.06250 29.60700
v 156815.50000 379366.81250 34.26300
v 156821.89062 379369.59375 34.26300
v 156821.89062 379369.59375 29.60700
v 156815.50000 379366.81250 29.60700
v 156839.25000 379308.90625 29.60700
v 156811.71875 379369.65625 29.60700
v 156815.76562 379366.43750 34.26300
v 156815.76562 379366.43750 29.60700
v 156821.35938 379357.53125 34.28100
v 156821.06250 379357.15625 34.28100
v 156821.06250 379357.15625 29.60700
v 156821.35938 379357.53125 29.60700
v 156827.26562 379360.21875 29.60700
v 156827.26562 379360.09375 34.28100
v 156827.26562 379360.09375 29.60700
v 156827.26562 379360.21875 34.28100
v 156924.14062 379361.59375 29.60700
v 156924.25000 379361.62500 22.65200
v 156816.40625 379363.09375 34.26300
v 156815.35938 379365.00000 34.26300
v 156815.35938 379365.00000 29.60700
v 156816.40625 379363.09375 29.60700
v 156823.65625 379368.56250 34.26300
v 156824.01562 379367.81250 34.26300
v 156824.01562 379367.81250 29.60700
v 156823.65625 379368.56250 29.60700
v 156822.39062 379368.50000 34.26300
v 156822.39062 379368.50000 29.60700
v 156824.23438 379366.78125 34.26300
v 156824.23438 379366.78125 29.60700
v 156826.01562 379363.43750 34.28100
v 156827.14062 379361.03125 34.28100
v 156827.14062 379361.03125 29.60700
v 156826.01562 379363.43750 29.60700
v 156824.67188 379362.46875 34.28100
v 156824.67188 379362.46875 29.60700
v 156824.17188 379358.81250 34.28100
v 156824.57812 379358.31250 34.28100
v 156824.57812 379358.31250 29.60700
v 156824.17188 379358.81250 29.60700
v 156821.07812 379357.71875 34.28100
v 156821.07812 379357.71875 29.60700
v 156819.53125 379358.75000 34.28100
v 156819.53125 379358.75000 29.60700
v 156819.04688 379358.40625 34.28100
v 156819.04688 379358.40625 29.60700
v 156823.70312 379362.53125 34.28100
v 156823.70312 379362.53125 29.60700
v 156823.43750 379366.68750 34.26300
v 156823.43750 379366.68750 29.60700
v 156823.84375 379366.46875 34.26300
v 156823.84375 379366.46875 29.60700
v 156819.62500 379370.37500 33.50700
v 156812.85938 379369.43750 33.50700
v 156812.85938 379369.43750 29.60700
v 156819.62500 379370.37500 29.60700
v 156818.54688 379372.75000 33.50700
v 156812.53125 379370.03125 29.60700
v 156812.53125 379370.03125 33.50700
v 156818.07812 379360.12500 34.28100
v 156818.07812 379360.12500 29.60700
v 156916.79688 379377.56250 29.60700
v 156924.25000 379361.62500 29.60700
v 156916.79688 379377.56250 22.65200
v 156821.70312 379357.31250 34.28100
v 156821.70312 379357.31250 29.60700
v 156822.31250 379357.78125 34.28100
v 156822.31250 379357.78125 29.60700
v 156823.53125 379362.68750 34.28100
v 156823.53125 379362.68750 29.60700
v 156823.42188 379366.34375 34.26300
v 156823.42188 379366.34375 29.60700
v 156823.71875 379365.68750 34.26300
v 156823.71875 379365.68750 29.60700
v 156819.76562 379370.06250 29.60700
v 156815.01562 379366.53125 34.26300
v 156815.01562 379366.53125 29.60700
v 156712.70312 379344.81250 18.44100
v 156709.75000 379343.84375 18.44100
v 156703.73438 379361.50000 18.44100
v 156702.09375 379366.03125 18.44100
v 156704.68750 379368.12500 18.44100
v 156703.45312 379362.34375 18.44100
v 156704.81250 379368.15625 18.44100
v 156805.37500 379352.03125 18.44100
v 156805.31250 379352.53125 18.44100
v 156805.37500 379352.34375 18.44100
v 156703.32812 379362.31250 18.44100
v 156701.71875 379367.12500 18.44100
v 156705.06250 379368.25000 18.44100
v 156712.85938 379344.87500 18.44100
v 156752.07812 379431.21875 18.44100
v 156691.04688 379411.50000 18.44100
v 156751.90625 379431.75000 18.44100
v 156691.15625 379411.15625 18.44100
v 156754.65625 379423.53125 18.44100
v 156755.35938 379424.06250 18.44100
v 156698.75000 379376.06250 18.44100
v 156703.04688 379374.28125 18.44100
v 156699.71875 379373.18750 18.44100
v 156694.29688 379390.71875 18.44100
v 156691.93750 379396.56250 18.44100
v 156694.62500 379397.43750 18.44100
v 156693.92188 379390.59375 18.44100
v 156695.26562 379397.65625 18.44100
v 156755.76562 379420.21875 18.44100
v 156690.79688 379411.03125 18.44100
v 156760.54688 379405.87500 18.44100
v 156753.65625 379431.75000 18.44100
v 156763.46875 379430.37500 18.44100
v 156761.60938 379438.68750 18.44100
v 156756.75000 379437.34375 18.44100
v 156760.20312 379440.03125 18.44100
v 156752.93750 379441.15625 18.44100
v 156753.53125 379441.37500 18.44100
v 156756.67188 379437.28125 18.44100
v 156751.07812 379439.68750 18.44100
v 156761.79688 379438.81250 18.44100
v 156760.89062 379440.25000 18.44100
v 156760.75000 379440.43750 18.44100
v 156765.92188 379444.15625 18.44100
v 156766.62500 379442.59375 18.44100
v 156762.21875 379437.87500 18.44100
v 156760.37500 379434.31250 18.44100
v 156761.75000 379438.50000 18.44100
v 156767.06250 379441.65625 18.44100
v 156767.78125 379440.12500 18.44100
v 156762.35938 379435.87500 18.44100
v 156764.82812 379393.03125 18.44100
v 156703.28125 379373.59375 18.44100
v 156705.03125 379368.34375 18.44100
v 156769.73438 379378.28125 18.44100
v 156776.01562 379358.31250 18.44100
v 156722.90625 379335.96875 18.44100
v 156805.39062 379352.18750 18.44100
v 156791.10938 379365.31250 18.44100
v 156796.57812 379367.84375 18.44100
v 156800.62500 379364.90625 18.44100
v 156798.95312 379368.96875 18.44100
v 156800.87500 379364.34375 18.44100
v 156800.78125 379364.96875 18.44100
v 156804.92188 379351.40625 18.44100
v 156804.78125 379351.31250 18.44100
v 156804.62500 379351.28125 18.44100
v 156806.09375 379352.87500 18.44100
v 156804.46875 379351.28125 18.44100
v 156805.32812 379351.87500 18.44100
v 156805.26562 379351.71875 18.44100
v 156805.17188 379351.59375 18.44100
v 156805.06250 379351.50000 18.44100
v 156804.00000 379351.40625 18.44100
v 156803.95312 379351.43750 18.44100
v 156804.31250 379351.28125 18.44100
v 156804.15625 379351.31250 18.44100
v 156803.87500 379351.50000 18.44100
v 156778.00000 379353.31250 18.44100
v 156789.87500 379364.75000 18.44100
v 156803.45312 379351.68750 18.44100
v 156803.76562 379351.59375 18.44100
v 156803.64062 379351.78125 18.44100
v 156786.37500 379335.09375 18.44100
v 156803.62500 379351.31250 18.44100
v 156806.75000 379344.34375 18.44100
v 156714.84375 379338.87500 18.44100
v 156716.70312 379334.03125 18.44100
v 156714.75000 379338.84375 18.44100
v 156713.14062 379332.90625 18.44100
v 156711.53125 379337.71875 18.44100
v 156760.62500 379432.71875 32.95600
v 156753.56250 379427.18750 32.95600
v 156753.56250 379427.18750 24.28100
v 156760.62500 379432.71875 24.28100
v 156760.89062 379440.25000 28.68700
v 156765.92188 379444.15625 28.68700
v 156766.62500 379442.59375 28.68700
v 156760.75000 379440.43750 28.68700
v 156756.67188 379437.28125 32.95600
v 156756.75000 379437.34375 32.95600
v 156756.75000 379437.34375 24.28100
v 156694.62500 379397.43750 32.95600
v 156695.26562 379397.65625 32.95600
v 156694.62500 379397.43750 37.18300
v 156694.81250 379396.93750 37.18300
v 156694.81250 379396.93750 32.95600
v 156751.90625 379431.75000 32.95600
v 156752.07812 379431.21875 32.95600
v 156753.65625 379431.75000 32.95600
v 156691.15625 379411.15625 32.95600
v 156691.04688 379411.50000 32.95600
v 156754.65625 379423.53125 32.95600
v 156755.76562 379420.21875 32.95600
v 156716.70312 379334.03125 32.95600
v 156713.14062 379332.90625 36.77000
v 156716.70312 379334.03125 36.77000
v 156699.71875 379373.18750 26.53400
v 156698.75000 379376.06250 26.53400
v 156714.84375 379338.87500 32.95600
v 156712.85938 379344.87500 32.95600
v 156711.53125 379337.71875 36.77000
v 156759.04688 379365.00000 44.48600
v 156758.64062 379364.93750 44.48600
v 156758.64062 379364.93750 32.95600
v 156759.04688 379365.00000 32.95600
v 156803.45312 379351.68750 44.66600
v 156803.62500 379351.31250 44.66600
v 156803.62500 379351.31250 44.48600
v 156806.75000 379344.34375 44.48600
v 156786.37500 379335.09375 44.48600
v 156806.09375 379352.87500 22.20100
v 156805.31250 379352.53125 22.20100
v 156805.37500 379352.34375 22.20100
v 156803.87500 379351.50000 44.66600
v 156803.76562 379351.59375 44.66600
v 156803.95312 379351.43750 22.20100
v 156803.95312 379351.43750 44.66600
v 156803.64062 379351.78125 44.66600
v 156804.31250 379351.28125 22.20100
v 156804.15625 379351.31250 22.20100
v 156805.17188 379351.59375 22.20100
v 156805.06250 379351.50000 22.20100
v 156804.46875 379351.28125 22.20100
v 156804.62500 379351.28125 22.20100
v 156778.00000 379353.31250 44.48600
v 156722.90625 379335.96875 44.48600
v 156722.90625 379335.96875 32.95600
v 156804.78125 379351.31250 22.20100
v 156804.92188 379351.40625 22.20100
v 156805.26562 379351.71875 22.20100
v 156805.32812 379351.87500 22.20100
v 156805.37500 379352.03125 22.20100
v 156805.39062 379352.18750 22.20100
v 156800.78125 379364.96875 31.56200
v 156800.62500 379364.90625 31.56200
v 156798.95312 379368.96875 31.56200
v 156797.62500 379351.46875 44.48600
v 156797.64062 379351.90625 44.48600
v 156797.64062 379351.90625 38.74800
v 156797.62500 379351.46875 38.74800
v 156797.00000 379352.40625 44.48600
v 156797.00000 379352.40625 38.74800
v 156746.92188 379401.65625 44.48600
v 156705.70312 379387.90625 44.48600
v 156705.70312 379387.90625 32.95600
v 156746.92188 379401.65625 32.95600
v 156769.73438 379378.28125 44.48600
v 156776.01562 379358.31250 44.48600
v 156755.35938 379424.06250 24.28100
v 156755.35938 379424.06250 32.95600
v 156703.28125 379373.59375 32.95600
v 156703.60938 379373.56250 32.95600
v 156703.60938 379373.56250 26.53400
v 156703.28125 379373.59375 26.53400
v 156705.03125 379368.34375 32.95600
v 156762.73438 379436.78125 27.84300
v 156761.65625 379437.68750 27.84300
v 156761.65625 379437.68750 24.28100
v 156762.73438 379436.78125 24.28100
v 156690.79688 379411.03125 32.95600
v 156714.75000 379338.84375 32.95600
v 156691.93750 379396.56250 37.18300
v 156751.07812 379439.68750 32.95600
v 156703.04688 379374.28125 26.53400
v 156697.54688 379391.87500 32.95600
v 156697.54688 379391.87500 26.53400
v 156800.71875 379350.31250 38.74800
v 156800.71875 379351.81250 44.48600
v 156800.71875 379351.81250 38.74800
v 156800.71875 379350.31250 44.48600
v 156800.87500 379364.34375 22.20100
v 156753.71875 379426.06250 32.95600
v 156753.71875 379426.06250 24.28100
v 156756.62500 379373.40625 44.48600
v 156752.35938 379370.71875 44.48600
v 156752.35938 379370.71875 32.95600
v 156756.62500 379373.40625 32.95600
v 156787.89062 379354.87500 44.48600
v 156788.84375 379352.71875 44.48600
v 156788.84375 379352.71875 38.76100
v 156787.89062 379354.87500 38.76100
v 156797.20312 379348.25000 44.48600
v 156797.84375 379348.34375 44.48600
v 156797.84375 379348.34375 38.74800
v 156797.20312 379348.25000 38.74800
v 156790.90625 379348.09375 44.48600
v 156792.03125 379345.59375 44.48600
v 156792.03125 379345.59375 38.74800
v 156790.90625 379348.09375 38.74800
v 156790.50000 379354.37500 44.48600
v 156790.50000 379354.37500 38.76100
v 156720.23438 379343.50000 44.48600
v 156757.65625 379355.96875 44.48600
v 156757.65625 379355.96875 32.95600
v 156720.23438 379343.50000 32.95600
v 156710.42188 379372.75000 44.48600
v 156719.59375 379375.84375 44.48600
v 156719.59375 379375.84375 32.95600
v 156710.42188 379372.75000 32.95600
v 156720.68750 379376.40625 44.48600
v 156720.68750 379376.40625 32.95600
v 156793.82812 379346.59375 44.48600
v 156793.15625 379346.56250 44.48600
v 156793.15625 379346.56250 38.74800
v 156793.82812 379346.59375 38.74800
v 156793.85938 379347.75000 44.48600
v 156793.85938 379347.75000 38.74800
v 156795.60938 379351.31250 44.48600
v 156796.65625 379349.84375 44.48600
v 156796.65625 379349.84375 38.74800
v 156795.60938 379351.31250 38.74800
v 156758.82812 379365.75000 44.48600
v 156758.82812 379365.75000 32.95600
v 156757.10938 379357.18750 44.48600
v 156760.92188 379358.46875 44.48600
v 156760.92188 379358.46875 32.95600
v 156757.10938 379357.18750 32.95600
v 156791.45312 379348.78125 44.48600
v 156791.45312 379348.78125 38.74800
v 156792.60938 379349.18750 44.48600
v 156792.60938 379349.18750 38.74800
v 156792.85938 379357.90625 44.48600
v 156792.39062 379358.06250 44.48600
v 156792.39062 379358.06250 38.76100
v 156792.85938 379357.90625 38.76100
v 156794.50000 379359.12500 44.48600
v 156794.50000 379359.12500 38.76100
v 156793.01562 379355.84375 44.48600
v 156795.51562 379355.93750 44.48600
v 156795.51562 379355.93750 38.76100
v 156793.01562 379355.84375 38.76100
v 156794.95312 379359.21875 44.48600
v 156794.95312 379359.21875 38.76100
v 156795.65625 379357.81250 44.48600
v 156795.65625 379357.81250 38.76100
v 156762.35938 379435.87500 27.84300
v 156762.35938 379435.87500 24.28100
v 156767.78125 379440.12500 27.84300
v 156796.04688 379357.93750 44.48600
v 156796.04688 379357.93750 38.76100
v 156799.42188 379352.06250 44.48600
v 156799.17188 379350.84375 44.48600
v 156799.17188 379350.84375 38.74800
v 156799.42188 379352.06250 38.74800
v 156760.37500 379434.31250 24.28100
v 156763.46875 379430.37500 24.28100
v 156797.70312 379364.84375 44.48600
v 156798.50000 379363.15625 44.48600
v 156798.50000 379363.15625 31.56200
v 156797.70312 379364.84375 31.56200
v 156791.10938 379365.31250 43.58400
v 156796.57812 379367.84375 44.48600
v 156796.57812 379367.84375 31.56200
v 156791.10938 379365.31250 44.48600
v 156799.17188 379360.15625 44.48600
v 156796.39062 379359.53125 44.48600
v 156796.39062 379359.53125 38.76100
v 156799.17188 379360.15625 38.76100
v 156790.62500 379354.46875 44.48600
v 156790.62500 379354.46875 38.76100
v 156795.95312 379357.50000 44.48600
v 156797.32812 379358.28125 44.48600
v 156797.32812 379358.28125 38.76100
v 156795.95312 379357.50000 38.76100
v 156795.62500 379356.00000 44.48600
v 156795.62500 379356.00000 38.76100
v 156703.32812 379362.31250 37.21900
v 156702.09375 379366.03125 37.21900
v 156701.71875 379367.12500 37.21900
v 156704.68750 379368.12500 37.21900
v 156704.81250 379368.15625 37.21900
v 156705.06250 379368.25000 37.21900
v 156802.87500 379353.75000 44.48600
v 156802.87500 379353.75000 44.66600
v 156802.87500 379353.75000 22.20100
v 156705.03125 379368.34375 37.21900
v 156705.79688 379368.93750 37.21900
v 156706.00000 379367.21875 37.21900
v 156706.00000 379367.21875 32.95600
v 156705.79688 379368.93750 32.95600
v 156707.00000 379366.53125 37.21900
v 156707.00000 379366.53125 32.95600
v 156794.50000 379348.87500 44.48600
v 156794.42188 379348.93750 44.48600
v 156794.42188 379348.93750 38.74800
v 156794.50000 379348.87500 38.74800
v 156794.56250 379349.00000 44.48600
v 156794.56250 379349.00000 38.74800
v 156800.87500 379364.34375 31.56200
v 156798.50000 379363.15625 22.20100
v 156800.71875 379352.34375 44.48600
v 156800.71875 379352.81250 44.66600
v 156800.71875 379352.81250 44.48600
v 156800.71875 379352.34375 44.66600
v 156791.53125 379355.34375 44.48600
v 156791.53125 379355.34375 38.76100
v 156804.00000 379351.40625 22.20100
v 156750.84375 379401.50000 44.48600
v 156755.37500 379388.31250 44.48600
v 156755.37500 379388.31250 32.63600
v 156750.84375 379401.50000 32.63600
v 156720.71875 379376.21875 44.48600
v 156720.71875 379376.21875 32.95600
v 156761.75000 379438.50000 27.84300
v 156761.75000 379438.50000 24.28100
v 156761.60938 379438.68750 24.28100
v 156762.21875 379437.87500 27.84300
v 156767.06250 379441.65625 27.84300
v 156761.79688 379438.81250 24.28100
v 156764.82812 379393.03125 32.63600
v 156764.82812 379393.03125 44.48600
v 156764.18750 379390.15625 44.48600
v 156764.18750 379390.15625 32.63600
v 156798.45312 379351.28125 44.48600
v 156798.00000 379351.62500 44.48600
v 156798.00000 379351.62500 38.74800
v 156798.45312 379351.28125 38.74800
v 156798.53125 379351.18750 44.48600
v 156798.53125 379351.18750 38.74800
v 156750.95312 379388.90625 44.48600
v 156747.32812 379400.37500 44.48600
v 156747.32812 379400.37500 32.95600
v 156750.95312 379388.90625 32.95600
v 156747.18750 379400.34375 44.48600
v 156747.18750 379400.34375 32.95600
v 156747.18750 379400.81250 44.48600
v 156747.18750 379400.81250 32.95600
v 156754.17188 379402.56250 44.48600
v 156754.17188 379402.56250 32.63600
v 156798.93750 379350.87500 44.48600
v 156798.93750 379350.87500 38.74800
v 156799.06250 379350.81250 44.48600
v 156799.06250 379350.81250 38.74800
v 156798.18750 379348.96875 44.48600
v 156799.81250 379349.84375 44.48600
v 156799.81250 379349.84375 38.74800
v 156798.18750 379348.96875 38.74800
v 156800.65625 379343.31250 44.48600
v 156799.56250 379342.62500 44.48600
v 156799.56250 379342.62500 42.91200
v 156800.65625 379343.31250 42.91200
v 156799.39062 379344.50000 44.48600
v 156800.39062 379344.06250 44.48600
v 156800.39062 379344.06250 38.65400
v 156799.39062 379344.50000 38.65400
v 156704.50000 379361.75000 37.21900
v 156703.73438 379361.50000 37.21900
v 156703.73438 379361.50000 26.54100
v 156704.50000 379361.75000 26.54100
v 156704.73438 379361.28125 37.21900
v 156704.73438 379361.28125 26.54100
v 156714.75000 379338.84375 36.77000
v 156791.46875 379354.96875 44.48600
v 156791.46875 379354.96875 38.76100
v 156799.25000 379358.81250 44.48600
v 156799.25000 379358.81250 38.76100
v 156789.48438 379356.00000 44.48600
v 156789.48438 379356.00000 38.76100
v 156789.87500 379364.75000 43.58400
v 156792.23438 379363.84375 44.48600
v 156792.23438 379363.84375 43.58400
v 156707.17188 379365.90625 37.21900
v 156706.53125 379364.71875 37.21900
v 156706.53125 379364.71875 32.95600
v 156707.17188 379365.90625 32.95600
v 156708.01562 379362.71875 37.21900
v 156707.26562 379362.53125 37.21900
v 156707.26562 379362.53125 32.95600
v 156708.01562 379362.71875 32.95600
v 156715.56250 379358.62500 44.48600
v 156715.56250 379358.62500 32.95600
v 156789.87500 379364.75000 44.48600
v 156790.29688 379362.31250 44.48600
v 156790.29688 379362.31250 43.58400
v 156789.92188 379355.65625 44.48600
v 156789.79688 379355.93750 44.48600
v 156789.79688 379355.93750 38.76100
v 156789.92188 379355.65625 38.76100
v 156790.09375 379355.87500 44.48600
v 156790.09375 379355.87500 38.76100
v 156791.10938 379356.50000 44.48600
v 156790.75000 379355.71875 44.48600
v 156790.75000 379355.71875 38.76100
v 156791.10938 379356.50000 38.76100
v 156790.82812 379356.84375 44.48600
v 156790.82812 379356.84375 38.76100
v 156799.67188 379344.90625 44.48600
v 156799.67188 379344.90625 38.65400
v 156800.95312 379344.37500 44.48600
v 156800.79688 379345.21875 44.48600
v 156800.79688 379345.21875 38.65400
v 156800.95312 379344.37500 38.65400
v 156693.92188 379390.59375 37.18300
v 156700.93750 379402.00000 44.48600
v 156755.76562 379420.21875 44.48600
v 156700.93750 379402.00000 32.95600
v 156694.29688 379390.71875 26.53400
v 156694.29688 379390.71875 37.18300
v 156695.84375 379397.00000 37.18300
v 156695.84375 379397.00000 32.95600
v 156697.54688 379391.87500 37.18300
v 156791.76562 379357.18750 44.48600
v 156790.92188 379357.00000 44.48600
v 156790.92188 379357.00000 38.76100
v 156791.76562 379357.18750 38.76100
v 156791.82812 379357.65625 44.48600
v 156791.82812 379357.65625 38.76100
v 156794.68750 379349.03125 44.48600
v 156794.68750 379349.03125 38.74800
v 156795.14062 379349.21875 44.48600
v 156795.15625 379348.96875 44.48600
v 156795.15625 379348.96875 38.74800
v 156795.14062 379349.21875 38.74800
v 156796.71875 379348.18750 44.48600
v 156796.71875 379348.18750 38.74800
v 156752.93750 379441.15625 32.95600
v 156753.53125 379441.37500 32.95600
v 156747.76562 379385.31250 44.48600
v 156747.26562 379387.59375 44.48600
v 156747.26562 379387.59375 32.95600
v 156747.76562 379385.31250 32.95600
v 156715.18750 379337.53125 36.77000
v 156715.60938 379337.34375 36.77000
v 156715.60938 379337.34375 32.95600
v 156715.18750 379337.53125 32.95600
v 156799.89062 379350.12500 44.48600
v 156800.06250 379349.96875 44.48600
v 156800.06250 379349.96875 38.74800
v 156799.89062 379350.12500 38.74800
v 156801.01562 379342.43750 42.91200
v 156801.23438 379342.43750 44.48600
v 156801.23438 379342.43750 42.91200
v 156801.01562 379342.43750 44.48600
v 156801.28125 379342.53125 44.48600
v 156801.28125 379342.53125 42.91200
v 156712.70312 379344.81250 26.54100
v 156709.75000 379343.84375 26.54100
v 156712.70312 379344.81250 32.95600
v 156712.64062 379344.96875 32.95600
v 156712.64062 379344.96875 26.54100
v 156712.92188 379345.06250 32.95600
v 156712.73438 379346.00000 32.95600
v 156712.73438 379346.00000 26.54100
v 156712.92188 379345.06250 26.54100
v 156799.35938 379341.90625 44.48600
v 156799.35938 379341.90625 42.91200
v 156801.06250 379343.71875 44.48600
v 156801.06250 379343.71875 42.91200
v 156796.53125 379348.75000 44.48600
v 156797.12500 379348.65625 44.48600
v 156797.12500 379348.65625 38.74800
v 156796.53125 379348.75000 38.74800
v 156800.32812 379345.34375 44.48600
v 156800.32812 379345.34375 38.65400
v 156800.23438 379345.00000 44.48600
v 156800.23438 379345.00000 38.65400
v 156705.04688 379361.90625 37.21900
v 156705.04688 379361.90625 26.54100
v 156707.26562 379362.53125 26.54100
v 156761.79688 379438.81250 28.68700
v 156761.85938 379439.34375 28.68700
v 156761.85938 379439.34375 24.28100
v 156707.70312 379363.84375 37.21900
v 156707.70312 379363.84375 32.95600
v 156706.92188 379363.56250 37.21900
v 156706.92188 379363.56250 32.95600
v 156760.54688 379405.87500 44.48600
v 156760.54688 379405.87500 32.63600
v 156755.28125 379404.43750 44.48600
v 156755.28125 379404.43750 32.63600
v 156760.48438 379438.93750 28.68700
v 156760.48438 379438.93750 24.28100
v 156721.26562 379359.40625 44.48600
v 156721.32812 379360.34375 44.48600
v 156721.32812 379360.34375 32.95600
v 156721.26562 379359.40625 32.95600
v 156752.81250 379369.68750 44.48600
v 156722.84375 379359.62500 44.48600
v 156722.84375 379359.62500 32.95600
v 156752.81250 379369.68750 32.95600
v 156800.98438 379351.78125 44.66600
v 156800.98438 379351.78125 44.48600
v 156760.20312 379440.03125 24.28100
v 156760.20312 379440.03125 28.68700
v 156753.65625 379403.90625 44.48600
v 156753.65625 379403.90625 32.63600
v 156703.45312 379362.34375 37.21900
v 156797.62500 379364.81250 44.48600
v 156797.62500 379364.81250 31.56200
v 156793.06250 379348.37500 44.48600
v 156793.06250 379348.37500 38.74800
v 156779.45312 379379.31250 18.45500
v 156780.48438 379379.03125 18.45500
v 156780.39062 379377.75000 18.45500
v 156780.57812 379377.96875 18.45500
v 156780.68750 379378.28125 18.45500
v 156780.65625 379378.12500 18.45500
v 156776.10938 379383.25000 18.45500
v 156775.78125 379383.75000 18.45500
v 156776.15625 379383.28125 18.45500
v 156779.78125 379379.37500 18.45500
v 156779.60938 379379.37500 18.45500
v 156772.64062 379381.31250 18.45500
v 156774.04688 379381.59375 18.45500
v 156772.87500 379380.75000 18.45500
v 156790.92188 379374.46875 18.45500
v 156791.34375 379375.21875 18.45500
v 156795.12500 379377.31250 18.45500
v 156774.54688 379380.43750 18.45500
v 156780.09375 379379.31250 18.45500
v 156779.23438 379379.21875 18.45500
v 156779.93750 379379.37500 18.45500
v 156780.37500 379379.15625 18.45500
v 156780.23438 379379.25000 18.45500
v 156780.65625 379378.75000 18.45500
v 156780.68750 379378.59375 18.45500
v 156780.57812 379378.90625 18.45500
v 156796.14062 379367.65625 18.45500
v 156779.90625 379369.43750 18.45500
v 156780.48438 379377.84375 18.45500
v 156780.70312 379378.43750 18.45500
v 156782.21875 379375.40625 18.45500
v 156778.64062 379372.21875 18.45500
v 156782.40625 379375.15625 18.45500
v 156776.01562 379358.31250 18.45500
v 156769.73438 379378.28125 18.45500
v 156790.73438 379374.87500 18.45500
v 156798.95312 379368.96875 18.45500
v 156791.03125 379375.46875 18.45500
v 156796.14062 379367.65625 31.54900
v 156776.01562 379358.31250 45.70800
v 156796.14062 379367.65625 45.70800
v 156774.04688 379381.59375 23.21200
v 156772.87500 379380.75000 23.21200
v 156772.64062 379381.31250 23.21200
v 156775.78125 379383.75000 23.21200
v 156774.70312 379380.78125 45.70800
v 156775.95312 379379.18750 45.70800
v 156775.95312 379379.18750 23.21200
v 156774.70312 379380.78125 23.21200
v 156774.54688 379380.43750 45.70800
v 156774.54688 379380.43750 23.21200
v 156778.64062 379372.21875 45.70800
v 156779.90625 379369.43750 45.70800
v 156769.73438 379378.28125 45.70800
v 156795.12500 379377.31250 31.54900
v 156798.95312 379368.96875 31.54900
v 156774.70312 379379.25000 45.70800
v 156778.12500 379372.21875 45.70800
v 156778.12500 379372.21875 23.21200
v 156774.70312 379379.25000 23.21200
v 156790.92188 379374.46875 45.70800
v 156790.73438 379374.87500 45.70800
v 156794.75000 379370.56250 45.70800
v 156794.75000 379370.56250 31.54900
v 156782.40625 379375.15625 45.70800
v 156780.57812 379378.90625 23.21200
v 156780.65625 379378.75000 23.21200
v 156782.21875 379375.40625 23.21200
v 156782.21875 379375.40625 45.70800
v 156780.48438 379377.84375 23.21200
v 156780.39062 379377.75000 23.21200
v 156780.65625 379378.12500 23.21200
v 156780.57812 379377.96875 23.21200
v 156780.68750 379378.28125 23.21200
v 156780.70312 379378.43750 23.21200
v 156780.68750 379378.59375 23.21200
v 156780.23438 379379.25000 23.21200
v 156780.37500 379379.15625 23.21200
v 156780.48438 379379.03125 23.21200
v 156780.09375 379379.31250 23.21200
v 156779.93750 379379.37500 23.21200
v 156779.78125 379379.37500 23.21200
v 156776.15625 379383.28125 23.21200
v 156779.60938 379379.37500 23.21200
v 156779.45312 379379.31250 23.21200
v 156779.23438 379379.21875 23.21200
v 156776.10938 379383.25000 23.21200
v 156791.34375 379375.21875 45.70800
v 156791.34375 379375.21875 31.54900
v 156791.03125 379375.46875 31.54900
v 156792.21875 379375.78125 45.70800
v 156793.18750 379373.78125 45.70800
v 156793.18750 379373.78125 31.54900
v 156792.21875 379375.78125 31.54900
v 156795.29688 379372.12500 45.70800
v 156795.29688 379372.12500 31.54900
v 156716.64062 379279.93750 45.25800
v 156702.14062 379324.03125 45.25800
v 156644.45312 379339.90625 45.25800
v 156361.81250 379024.59375 45.25800
v 156357.98438 379032.96875 45.25800
v 156343.57812 379026.34375 45.25800
v 156377.98438 379032.03125 45.25800
v 156399.25000 379051.93750 45.25800
v 156374.07812 379040.34375 45.25800
v 156349.73438 379012.90625 45.25800
v 156619.07812 379196.65625 45.25800
v 156527.84375 379215.59375 45.25800
v 156641.81250 379147.06250 45.25800
v 156812.81250 379337.96875 45.25800
v 156812.03125 379337.62500 45.25800
v 156818.26562 379325.96875 45.25800
v 156876.03125 379321.78125 45.25800
v 156885.15625 379318.15625 45.25800
v 156880.78125 379327.81250 45.25800
v 156633.64062 379202.65625 45.25800
v 156633.29688 379203.15625 45.25800
v 156633.54688 379202.62500 45.25800
v 156740.28125 379280.37500 45.25800
v 156726.89062 379301.34375 45.25800
v 156737.07812 379278.90625 45.25800
v 156663.07812 379143.28125 45.25800
v 156660.98438 379142.34375 45.25800
v 156730.09375 379302.81250 45.25800
v 156715.43750 379326.59375 45.25800
v 156724.26562 379307.15625 45.25800
v 156727.45312 379308.59375 45.25800
v 156844.82812 379287.46875 45.25800
v 156843.15625 379291.15625 45.25800
v 156835.67188 379287.71875 45.25800
v 156832.68750 379294.34375 45.25800
v 156827.45312 379279.59375 45.25800
v 156829.56250 379300.84375 45.25800
v 156874.57812 379324.96875 45.25800
v 156820.09375 379314.62500 45.25800
v 156786.37500 379335.09375 45.25800
v 156817.67188 379319.93750 45.25800
v 156822.78125 379315.84375 45.25800
v 156742.92188 379274.56250 45.25800
v 156820.54688 379321.25000 45.25800
v 156810.98438 379338.09375 45.25800
v 156810.48438 379337.78125 45.25800
v 156810.40625 379337.65625 45.25800
v 156818.37500 379326.03125 45.25800
v 156811.92188 379337.78125 45.25800
v 156811.81250 379337.90625 45.25800
v 156811.65625 379338.00000 45.25800
v 156811.14062 379338.12500 45.25800
v 156811.51562 379338.09375 45.25800
v 156811.32812 379338.12500 45.25800
v 156810.59375 379337.90625 45.25800
v 156810.71875 379338.00000 45.25800
v 156810.82812 379338.06250 45.25800
v 156810.32812 379337.43750 45.25800
v 156810.35938 379336.87500 45.25800
v 156713.14062 379332.90625 45.25800
v 156778.00000 379353.31250 45.25800
v 156810.15625 379336.78125 45.25800
v 156806.75000 379344.34375 45.25800
v 156810.29688 379337.28125 45.25800
v 156810.29688 379337.09375 45.25800
v 156663.12500 379143.18750 45.25800
v 156850.75000 379228.18750 45.25800
v 156735.53125 379258.46875 45.25800
v 156703.75000 379324.78125 45.25800
v 156699.12500 379330.78125 45.25800
v 156685.15625 379349.40625 45.25800
v 156689.70312 379351.46875 45.25800
v 156718.65625 379275.50000 45.25800
v 156745.42188 379268.87500 45.25800
v 156747.75000 379263.81250 45.25800
v 156739.71875 379273.12500 45.25800
v 156742.28125 379267.40625 45.25800
v 156726.25000 379278.93750 45.25800
v 156622.35938 379225.93750 45.25800
v 156700.71875 379331.56250 45.25800
v 156721.20312 379282.00000 45.25800
v 156586.42188 379305.18750 45.25800
v 156603.78125 379266.90625 45.25800
v 156681.79688 379356.81250 45.25800
v 156580.09375 379319.18750 45.25800
v 156641.28125 379346.90625 45.25800
v 156596.71875 379271.31250 45.25800
v 156524.06250 379223.71875 45.25800
v 156382.15625 379158.59375 45.25800
v 156582.21875 379303.28125 45.25800
v 156595.28125 379270.65625 45.25800
v 156598.14062 379264.37500 45.25800
v 156608.50000 379219.65625 45.25800
v 156596.00000 379246.84375 45.25800
v 156363.31250 379130.09375 45.25800
v 156378.54688 379166.78125 45.25800
v 156352.35938 379154.78125 45.25800
v 156356.64062 379145.50000 45.25800
v 156361.81250 379024.59375 17.57500
v 156357.98438 379032.96875 17.57500
v 156343.57812 379026.34375 17.57500
v 156349.73438 379012.90625 17.57500
v 156641.81250 379147.06250 17.57500
v 156619.07812 379196.65625 17.57500
v 156633.29688 379203.15625 17.57500
v 156633.54688 379202.62500 17.57500
v 156633.64062 379202.65625 17.57500
v 156660.98438 379142.34375 17.57500
v 156663.07812 379143.28125 17.57500
v 156663.12500 379143.18750 17.57500
v 156850.75000 379228.18750 17.57500
v 156827.45312 379279.59375 17.57500
v 156844.82812 379287.46875 17.57500
v 156843.15625 379291.15625 17.57500
v 156835.67188 379287.71875 17.57500
v 156832.68750 379294.34375 17.57500
v 156885.15625 379318.15625 17.57500
v 156880.78125 379327.81250 17.57500
v 156874.57812 379324.96875 17.57500
v 156876.03125 379321.78125 17.57500
v 156829.56250 379300.84375 17.57500
v 156822.78125 379315.84375 17.57500
v 156820.09375 379314.62500 17.57500
v 156817.67188 379319.93750 17.57500
v 156820.54688 379321.25000 17.57500
v 156818.37500 379326.03125 17.57500
v 156818.26562 379325.96875 17.57500
v 156812.81250 379337.96875 17.57500
v 156812.03125 379337.62500 17.57500
v 156811.92188 379337.78125 17.57500
v 156811.81250 379337.90625 17.57500
v 156811.65625 379338.00000 17.57500
v 156811.51562 379338.09375 17.57500
v 156811.32812 379338.12500 17.57500
v 156811.14062 379338.12500 17.57500
v 156810.98438 379338.09375 17.57500
v 156810.82812 379338.06250 17.57500
v 156810.71875 379338.00000 17.57500
v 156810.59375 379337.90625 17.57500
v 156810.48438 379337.78125 17.57500
v 156810.40625 379337.65625 17.57500
v 156810.32812 379337.43750 17.57500
v 156810.29688 379337.28125 17.57500
v 156810.29688 379337.09375 17.57500
v 156810.35938 379336.87500 17.57500
v 156810.15625 379336.78125 17.57500
v 156806.75000 379344.34375 17.57500
v 156786.37500 379335.09375 17.57500
v 156778.00000 379353.31250 17.57500
v 156713.14062 379332.90625 17.57500
v 156715.43750 379326.59375 17.57500
v 156724.26562 379307.15625 17.57500
v 156727.45312 379308.59375 17.57500
v 156730.09375 379302.81250 17.57500
v 156726.89062 379301.34375 17.57500
v 156737.07812 379278.90625 17.57500
v 156740.28125 379280.37500 17.57500
v 156742.92188 379274.56250 17.57500
v 156739.71875 379273.12500 17.57500
v 156742.28125 379267.40625 17.57500
v 156745.42188 379268.87500 17.57500
v 156747.75000 379263.81250 17.57500
v 156735.53125 379258.46875 17.57500
v 156726.25000 379278.93750 17.57500
v 156718.65625 379275.50000 17.57500
v 156716.64062 379279.93750 17.57500
v 156721.20312 379282.00000 17.57500
v 156702.14062 379324.03125 17.57500
v 156703.75000 379324.78125 17.57500
v 156700.71875 379331.56250 17.57500
v 156699.12500 379330.78125 17.57500
v 156689.70312 379351.46875 17.57500
v 156685.15625 379349.40625 17.57500
v 156681.79688 379356.81250 17.57500
v 156644.45312 379339.90625 17.57500
v 156641.28125 379346.90625 17.57500
v 156580.09375 379319.18750 17.57500
v 156586.42188 379305.18750 17.57500
v 156582.21875 379303.28125 17.57500
v 156596.71875 379271.31250 17.57500
v 156595.28125 379270.65625 17.57500
v 156598.14062 379264.37500 17.57500
v 156603.78125 379266.90625 17.57500
v 156622.35938 379225.93750 17.57500
v 156608.50000 379219.65625 17.57500
v 156596.00000 379246.84375 17.57500
v 156527.84375 379215.59375 17.57500
v 156524.06250 379223.71875 17.57500
v 156382.15625 379158.59375 17.57500
v 156378.54688 379166.78125 17.57500
v 156352.35938 379154.78125 17.57500
v 156356.64062 379145.50000 17.57500
v 156363.31250 379130.09375 17.57500
v 156399.25000 379051.93750 17.57500
v 156374.07812 379040.34375 17.57500
v 156377.98438 379032.03125 17.57500
v 156615.75000 379203.84375 45.25800
v 156627.39062 379209.21875 17.57500
v 156615.75000 379203.84375 17.57500
v 156627.39062 379209.21875 45.25800
v 156611.59375 379212.90625 45.25800
v 156611.59375 379212.90625 17.57500
v 156625.12500 379219.03125 45.25800
v 156625.12500 379219.03125 17.57500
v 156629.21875 379210.00000 45.25800
v 156629.21875 379210.00000 17.57500
v 157144.89062 379379.90625 18.03500
v 157140.68750 379378.00000 18.03500
v 157140.18750 379381.50000 18.03500
v 157157.32812 379380.31250 18.03500
v 157146.81250 379375.56250 18.03500
v 157145.37500 379378.81250 18.03500
v 157123.37500 379418.59375 18.03500
v 157128.46875 379407.03125 18.03500
v 157123.28125 379418.56250 18.03500
v 157154.29688 379387.03125 18.03500
v 157097.23438 379354.15625 18.03500
v 157097.75000 379350.65625 18.03500
v 157096.34375 379353.75000 18.03500
v 157139.29688 379381.09375 18.03500
v 157128.59375 379407.09375 18.03500
v 156937.62500 379433.28125 18.03500
v 156938.78125 379430.71875 18.03500
v 156925.50000 379427.78125 18.03500
v 157138.90625 379420.96875 18.03500
v 156947.43750 379379.40625 18.03500
v 157008.79688 379398.34375 18.03500
v 156950.76562 379372.03125 18.03500
v 156990.37500 379345.06250 18.03500
v 156980.39062 379340.59375 18.03500
v 156962.70312 379345.75000 18.03500
v 157109.57812 379359.25000 18.03500
v 157106.39062 379357.81250 18.03500
v 157094.79688 379391.81250 18.03500
v 157107.57812 379355.12500 18.03500
v 157051.31250 379333.34375 18.03500
v 157051.81250 379329.81250 18.03500
v 157050.40625 379332.90625 18.03500
v 157082.64062 379386.31250 18.03500
v 156951.20312 379371.06250 18.03500
v 156990.60938 379345.18750 18.03500
v 157048.51562 379339.53125 18.03500
v 157014.76562 379324.18750 18.03500
v 157063.64062 379338.40625 18.03500
v 157060.43750 379336.96875 18.03500
v 157061.65625 379334.28125 18.03500
v 157005.45312 379312.50000 18.03500
v 157005.90625 379309.00000 18.03500
v 157004.50000 379312.06250 18.03500
v 157048.85938 379371.03125 18.03500
v 156979.54688 379340.21875 18.03500
v 157005.46875 379405.71875 18.03500
v 157017.75000 379317.59375 18.03500
v 157014.54688 379316.12500 18.03500
v 157015.78125 379313.46875 18.03500
v 156951.89062 379340.84375 18.03500
v 156967.07812 379334.50000 18.03500
v 156957.03125 379329.96875 18.03500
v 156967.98438 379334.93750 18.03500
v 156936.96875 379337.12500 18.03500
v 156950.73438 379343.37500 18.03500
v 156980.57812 379337.93750 18.03500
v 156969.00000 379332.68750 18.03500
v 156956.84375 379329.87500 18.03500
v 156971.67188 379297.18750 18.03500
v 156964.17188 379290.03125 18.03500
v 156962.90625 379292.71875 18.03500
v 156973.87500 379294.65625 18.03500
v 156973.96875 379294.46875 18.03500
v 156972.57812 379297.59375 18.03500
v 157133.64062 379431.18750 18.03500
v 157120.35938 379425.21875 18.03500
v 157133.60938 379431.25000 18.03500
v 156958.09375 379290.53125 18.03500
v 156962.28125 379439.31250 18.03500
v 156954.62500 379435.84375 18.03500
v 156953.84375 379437.56250 18.03500
v 156938.87500 379430.78125 18.03500
v 156983.53125 379454.09375 18.03500
v 156972.56250 379446.06250 18.03500
v 156972.46875 379446.00000 18.03500
v 156961.50000 379441.03125 18.03500
v 157010.73438 379394.90625 18.03500
v 157017.32812 379397.90625 18.03500
v 156971.76562 379447.81250 18.03500
v 156971.60938 379448.43750 18.03500
v 157037.28125 379406.96875 18.03500
v 157014.70312 379403.68750 18.03500
v 157034.62500 379412.84375 18.03500
v 157066.62500 379392.84375 18.03500
v 157044.18750 379410.09375 18.03500
v 157056.14062 379415.96875 18.03500
v 156971.40625 379448.59375 18.03500
v 156971.51562 379448.37500 18.03500
v 157043.00000 379412.68750 18.03500
v 157055.57812 379417.21875 18.03500
v 157009.34375 379397.15625 18.03500
v 157010.43750 379394.78125 18.03500
v 157014.67188 379403.75000 18.03500
v 157043.51562 379409.81250 18.03500
v 157077.43750 379397.75000 18.03500
v 157017.32812 379469.21875 18.03500
v 157029.40625 379474.93750 18.03500
v 157100.42188 379408.15625 18.03500
v 157076.42188 379400.00000 18.03500
v 157076.54688 379400.03125 18.03500
v 157089.59375 379403.25000 18.03500
v 157088.43750 379405.81250 18.03500
v 157076.40625 379400.34375 18.03500
v 157088.46875 379434.50000 18.03500
v 157100.59375 379440.00000 18.03500
v 157112.56250 379413.71875 18.03500
v 157137.62500 379423.81250 18.03500
v 157134.15625 379431.40625 18.03500
v 157139.04688 379421.65625 18.03500
v 157137.98438 379423.96875 18.03500
v 157143.50000 379423.06250 18.03500
v 157143.25000 379423.56250 18.03500
v 156969.00000 379332.68750 25.45800
v 156967.98438 379334.93750 25.45800
v 156980.57812 379337.93750 25.45800
v 157054.57812 379387.37500 29.95500
v 157043.56250 379409.71875 29.95500
v 157043.56250 379409.71875 22.94600
v 157054.57812 379387.37500 22.94600
v 156971.67188 379297.18750 29.95500
v 156972.57812 379297.59375 29.95500
v 157005.90625 379309.00000 29.95500
v 157004.50000 379312.06250 29.95500
v 157015.78125 379313.46875 29.95500
v 157005.45312 379312.50000 29.95500
v 157017.75000 379317.59375 29.95500
v 157014.54688 379316.12500 29.95500
v 157014.76562 379324.18750 29.95500
v 157051.81250 379329.81250 29.95500
v 157050.40625 379332.90625 29.95500
v 156979.12500 379396.40625 25.90200
v 156975.75000 379403.87500 25.90200
v 156975.75000 379403.87500 18.03500
v 156979.12500 379396.40625 18.03500
v 156992.31250 379402.37500 25.90200
v 156992.31250 379402.37500 18.03500
v 157048.85938 379371.03125 29.95500
v 157063.64062 379338.40625 29.95500
v 157060.43750 379336.96875 29.95500
v 157061.65625 379334.28125 29.95500
v 157051.31250 379333.34375 29.95500
v 157048.51562 379339.53125 29.95500
v 157097.75000 379350.65625 29.95500
v 157096.34375 379353.75000 29.95500
v 157106.39062 379357.81250 29.95500
v 157107.57812 379355.12500 29.95500
v 157082.64062 379386.31250 29.95500
v 157097.23438 379354.15625 29.95500
v 157109.57812 379359.25000 29.95500
v 157140.68750 379378.00000 33.67600
v 157139.29688 379381.09375 33.67600
v 157094.79688 379391.81250 29.95500
v 157137.98438 379423.96875 33.67600
v 157139.04688 379421.65625 33.67600
v 157140.18750 379381.50000 33.67600
v 157157.32812 379380.31250 29.81000
v 157146.81250 379375.56250 29.81000
v 157143.25000 379423.56250 33.67600
v 157143.50000 379423.06250 33.67600
v 157128.46875 379407.03125 33.67600
v 157123.28125 379418.56250 33.67600
v 157123.28125 379418.56250 29.95500
v 157128.46875 379407.03125 29.95500
v 157098.64062 379432.93750 29.95500
v 157093.09375 379432.31250 29.95500
v 157093.09375 379432.31250 18.03500
v 157098.64062 379432.93750 18.03500
v 157100.59375 379440.00000 29.95500
v 157112.56250 379413.71875 29.95500
v 157128.59375 379407.09375 33.67600
v 157089.59375 379403.25000 29.95500
v 157100.42188 379408.15625 29.95500
v 157066.62500 379392.84375 29.95500
v 157077.43750 379397.75000 29.95500
v 157088.46875 379434.50000 29.95500
v 157005.46875 379405.71875 40.59000
v 157008.79688 379398.34375 40.59000
v 156954.62500 379435.84375 25.90200
v 156962.28125 379439.31250 25.90200
v 156945.00000 379417.18750 40.62900
v 156944.71875 379416.65625 40.62900
v 156944.71875 379416.65625 25.90200
v 156945.00000 379417.18750 25.90200
v 156953.84375 379437.56250 25.90200
v 156947.43750 379379.40625 40.62900
v 156925.50000 379427.78125 40.62900
v 156937.62500 379433.28125 40.62900
v 156938.78125 379430.71875 40.62900
v 156974.65625 379351.84375 29.95500
v 156976.14062 379350.34375 29.95500
v 156976.14062 379350.34375 25.90200
v 156974.65625 379351.84375 25.90200
v 156950.73438 379343.37500 29.95500
v 156951.89062 379340.84375 29.95500
v 156936.96875 379337.12500 29.95500
v 156958.09375 379290.53125 29.95500
v 156962.90625 379292.71875 29.95500
v 156964.17188 379290.03125 29.95500
v 156964.64062 379382.90625 25.90200
v 156964.28125 379382.71875 25.90200
v 156964.28125 379382.71875 18.03500
v 156964.64062 379382.90625 18.03500
v 156967.75000 379400.25000 25.90200
v 156967.75000 379400.25000 18.03500
v 156980.98438 379427.28125 40.59000
v 156972.46875 379446.00000 40.59000
v 156972.46875 379446.00000 25.90200
v 156980.98438 379427.28125 25.90200
v 156938.87500 379430.78125 40.62900
v 156944.56250 379417.03125 40.62900
v 156944.56250 379417.03125 25.90200
v 156938.87500 379430.78125 25.90200
v 156971.84375 379391.21875 25.90200
v 156971.84375 379391.21875 18.03500
v 156987.46875 379352.25000 29.95500
v 156977.12500 379347.37500 29.95500
v 156977.12500 379347.37500 22.35700
v 156987.46875 379352.25000 22.35700
v 156983.06250 379422.68750 40.59000
v 156983.48438 379422.75000 40.59000
v 156983.48438 379422.75000 25.90200
v 156983.06250 379422.68750 25.90200
v 156985.31250 379356.59375 29.95500
v 156985.31250 379356.59375 25.90200
v 156994.35938 379363.06250 25.90200
v 156994.79688 379363.06250 29.95500
v 156994.79688 379363.06250 25.90200
v 156994.35938 379363.06250 29.95500
v 156950.76562 379372.03125 40.62900
v 156967.64062 379375.31250 25.90200
v 156967.64062 379375.31250 18.03500
v 156951.20312 379371.06250 29.95500
v 156951.20312 379371.06250 40.62900
v 156962.70312 379345.75000 29.95500
v 157044.26562 379413.31250 40.58300
v 157043.00000 379412.68750 40.58300
v 157043.00000 379412.68750 37.29000
v 157044.26562 379413.31250 37.29000
v 156971.51562 379448.37500 40.59000
v 156971.40625 379448.59375 40.59000
v 156952.23438 379398.53125 40.62900
v 156955.64062 379390.31250 40.62900
v 156955.64062 379390.31250 25.90200
v 156952.23438 379398.53125 25.90200
v 156954.67188 379399.46875 40.62900
v 156954.67188 379399.46875 25.90200
v 156960.15625 379389.18750 40.62900
v 156956.70312 379387.75000 40.62900
v 156956.70312 379387.75000 25.90200
v 156960.15625 379389.18750 25.90200
v 156961.46875 379376.28125 40.62900
v 156961.46875 379376.28125 29.95500
v 156962.68750 379373.31250 29.95500
v 156962.68750 379373.31250 25.90200
v 156961.46875 379376.28125 25.90200
v 156968.03125 379363.75000 29.95500
v 156969.89062 379360.40625 29.95500
v 156969.89062 379360.40625 25.90200
v 156968.03125 379363.75000 25.90200
v 156977.98438 379345.84375 29.95500
v 156977.98438 379345.84375 25.45800
v 156977.98438 379345.84375 22.35700
v 156974.28125 379352.50000 29.95500
v 156974.10938 379352.37500 29.95500
v 156974.10938 379352.37500 25.90200
v 156974.28125 379352.50000 25.90200
v 156970.75000 379358.84375 29.95500
v 156970.75000 379358.84375 25.90200
v 156961.50000 379441.03125 25.90200
v 157017.32812 379469.21875 40.58300
v 157134.15625 379431.40625 33.67600
v 157137.62500 379423.81250 33.67600
v 157133.60938 379431.25000 33.67600
v 157133.64062 379431.18750 33.67600
v 157120.35938 379425.21875 33.67600
v 156964.12500 379342.34375 29.95500
v 156953.98438 379336.96875 29.95500
v 156953.98438 379336.96875 22.35900
v 156964.12500 379342.34375 22.35900
v 156967.07812 379334.50000 25.45800
v 156965.15625 379339.62500 25.45800
v 156965.15625 379339.62500 22.35900
v 156967.07812 379334.50000 22.35900
v 156957.03125 379329.96875 22.35900
v 157037.28125 379406.96875 22.94600
v 157043.51562 379409.81250 22.94600
v 157043.51562 379409.81250 37.29000
v 157043.56250 379409.71875 37.29000
v 157044.18750 379410.09375 37.29000
v 156973.96875 379294.46875 29.95500
v 156973.87500 379294.65625 29.95500
v 157008.43750 379366.59375 29.95500
v 156998.12500 379390.37500 29.95500
v 156998.12500 379390.37500 25.90200
v 157008.43750 379366.59375 25.90200
v 157055.57812 379417.21875 33.78400
v 157056.14062 379415.96875 33.78400
v 157056.14062 379415.96875 29.95500
v 156997.70312 379362.87500 29.95500
v 156997.51562 379361.78125 29.95500
v 156997.51562 379361.78125 25.90200
v 156997.70312 379362.87500 25.90200
v 157054.32812 379414.21875 33.78400
v 157052.10938 379413.09375 33.78400
v 157052.10938 379413.09375 29.95500
v 157054.32812 379414.21875 29.95500
v 157051.84375 379413.68750 33.78400
v 157051.84375 379413.68750 29.95500
v 157014.70312 379403.68750 22.94600
v 157014.67188 379403.75000 22.94600
v 157034.62500 379412.84375 22.94600
v 156990.60938 379345.18750 29.95500
v 157021.14062 379372.37500 29.95500
v 157031.42188 379376.93750 29.95500
v 157031.42188 379376.93750 22.94600
v 157021.14062 379372.37500 22.94600
v 156962.73438 379387.09375 25.90200
v 156962.73438 379387.09375 18.03500
v 156997.21875 379391.59375 29.95500
v 156992.31250 379402.37500 40.59000
v 156997.21875 379391.59375 40.59000
v 156997.21875 379391.59375 18.03500
v 156997.87500 379393.43750 40.59000
v 156997.87500 379393.43750 29.95500
v 157051.26562 379415.03125 40.58300
v 157051.84375 379413.68750 40.58300
v 157051.26562 379415.03125 33.78400
v 157051.48438 379415.12500 40.58300
v 157051.48438 379415.12500 33.78400
v 156979.54688 379340.21875 25.45800
v 156965.15625 379339.62500 29.95500
v 156957.03125 379329.96875 29.95500
v 156956.84375 379329.87500 29.95500
v 157029.40625 379474.93750 40.58300
v 157123.37500 379418.59375 33.67600
v 157043.87500 379384.21875 29.95500
v 157044.81250 379384.75000 29.95500
v 157044.81250 379384.75000 29.09000
v 157043.87500 379384.21875 22.94600
v 157044.81250 379384.75000 22.94600
v 157044.79688 379384.31250 29.95500
v 157044.79688 379384.31250 29.09000
v 157042.84375 379385.00000 29.95500
v 157043.46875 379384.06250 29.95500
v 157043.46875 379384.06250 22.94600
v 157042.84375 379385.00000 22.94600
v 157047.67188 379384.90625 29.95500
v 157047.67188 379384.90625 29.09000
v 157047.15625 379386.09375 29.09000
v 157047.15625 379386.09375 22.94600
v 157054.31250 379414.28125 33.78400
v 157054.31250 379414.28125 29.95500
v 157076.42188 379400.00000 29.95500
v 157076.54688 379400.03125 29.95500
v 157088.43750 379405.81250 29.95500
v 157076.40625 379400.34375 29.95500
v 156954.15625 379400.56250 40.62900
v 156954.15625 379400.56250 25.90200
v 156950.92188 379401.68750 40.62900
v 156950.92188 379401.68750 25.90200
v 157010.73438 379394.90625 29.95500
v 157010.73438 379394.90625 22.94600
v 157017.32812 379397.90625 22.94600
v 157150.62500 379383.65625 33.67600
v 157150.98438 379382.87500 33.67600
v 157150.98438 379382.87500 29.81000
v 157150.62500 379383.65625 29.81000
v 157154.29688 379387.03125 33.67600
v 157154.29688 379387.03125 29.81000
v 157138.90625 379420.96875 33.67600
v 156969.26562 379383.03125 25.90200
v 156969.23438 379383.12500 25.90200
v 156969.23438 379383.12500 18.03500
v 156969.26562 379383.03125 18.03500
v 156968.84375 379382.84375 25.90200
v 156968.84375 379382.84375 18.03500
v 156971.45312 379377.06250 25.90200
v 156971.45312 379377.06250 18.03500
v 157009.34375 379397.15625 29.95500
v 157010.43750 379394.78125 29.95500
v 157030.68750 379380.25000 29.95500
v 157031.51562 379380.59375 29.95500
v 157031.51562 379380.59375 22.94600
v 157030.68750 379380.25000 22.94600
v 157031.01562 379379.18750 29.95500
v 157031.01562 379379.18750 22.94600
v 157033.00000 379381.15625 29.95500
v 157033.00000 379381.15625 22.94600
v 156988.76562 379392.00000 25.90200
v 156991.42188 379386.12500 25.90200
v 156991.42188 379386.12500 18.03500
v 156988.76562 379392.00000 18.03500
v 156990.37500 379345.06250 29.95500
v 156987.43750 379351.75000 29.95500
v 156987.43750 379351.75000 22.35700
v 156990.37500 379345.06250 22.35700
v 156984.75000 379357.87500 29.95500
v 156986.23438 379358.78125 29.95500
v 156986.23438 379358.78125 25.90200
v 156984.75000 379357.87500 25.90200
v 156945.60938 379414.53125 40.62900
v 156945.60938 379414.53125 25.90200
v 156947.53125 379415.12500 40.62900
v 156947.53125 379415.12500 25.90200
v 156945.82812 379413.96875 40.62900
v 156945.82812 379413.96875 25.90200
v 157145.37500 379378.81250 29.81000
v 157144.89062 379379.90625 33.67600
v 157145.37500 379378.81250 33.67600
v 157032.98438 379380.65625 29.95500
v 157032.98438 379380.65625 22.94600
v 157145.79688 379379.21875 33.67600
v 157145.79688 379379.21875 29.81000
v 157145.64062 379380.43750 33.67600
v 157145.64062 379380.43750 29.81000
v 157049.21875 379415.53125 40.58300
v 157044.59375 379412.28125 40.58300
v 157044.59375 379412.28125 37.29000
v 157049.21875 379415.53125 37.29000
v 157050.54688 379412.96875 37.29000
v 157045.40625 379409.93750 37.29000
v 157045.40625 379409.93750 29.95500
v 157050.54688 379412.96875 29.95500
v 157045.15625 379410.46875 37.29000
v 157045.15625 379410.46875 29.95500
v 157098.68750 379428.71875 29.95500
v 157099.75000 379430.28125 29.95500
v 157099.75000 379430.28125 18.03500
v 157098.68750 379428.71875 18.03500
v 157097.96875 379429.40625 29.95500
v 157097.96875 379429.40625 18.03500
v 156983.53125 379454.09375 40.59000
v 156971.76562 379447.81250 40.59000
v 156971.60938 379448.43750 40.59000
v 156972.56250 379446.06250 40.59000
v 156997.85938 379390.18750 25.90200
v 156997.85938 379390.18750 29.95500
v 156997.85938 379390.18750 18.03500
v 156998.28125 379389.25000 25.90200
v 156998.28125 379389.25000 18.03500
v 157009.34375 379397.15625 40.59000
v 157008.73438 379397.56250 40.59000
v 157008.73438 379397.56250 29.95500
v 156999.00000 379390.96875 40.59000
v 156999.00000 379390.96875 29.95500
v 157098.64062 379432.56250 18.03500
v 157098.64062 379432.56250 29.95500
v 157095.03125 379430.46875 29.95500
v 157095.03125 379430.46875 18.03500
v 157097.28125 379431.96875 29.95500
v 157097.28125 379431.96875 18.03500
v 156980.39062 379340.59375 22.35700
v 156980.39062 379340.59375 25.45800
v 156977.78125 379344.40625 25.45800
v 156977.78125 379344.40625 22.35700
v 156978.10938 379345.62500 25.45800
v 156978.10938 379345.62500 22.35700
v 156996.93750 379363.59375 29.95500
v 156996.93750 379363.59375 25.90200
v 156996.37500 379363.34375 29.95500
v 156996.37500 379363.34375 25.90200
v 157051.09375 379413.12500 40.58300
v 157050.84375 379414.00000 40.58300
v 157050.84375 379414.00000 37.29000
v 157051.09375 379413.12500 37.29000
v 157050.26562 379414.84375 40.58300
v 157050.26562 379414.84375 37.29000
v 157047.79688 379384.59375 29.95500
v 157047.79688 379384.59375 22.94600
v 157047.67188 379384.90625 22.94600
v 156986.46875 379358.87500 29.95500
v 156986.67188 379359.50000 29.95500
v 156986.67188 379359.50000 25.90200
v 156986.46875 379358.87500 25.90200
v 156988.98438 379359.46875 29.95500
v 156988.98438 379359.46875 25.90200
v 156988.95312 379360.00000 29.95500
v 156992.96875 379361.81250 29.95500
v 156992.96875 379361.81250 25.90200
v 156988.95312 379360.00000 25.90200
v 156996.04688 379363.90625 29.95500
v 156996.04688 379363.90625 25.90200
v 157030.53125 379378.96875 29.95500
v 157030.53125 379378.96875 22.94600
v 157051.79688 379416.90625 40.58300
v 157050.67188 379416.37500 40.58300
v 157050.67188 379416.37500 33.78400
v 157051.79688 379416.90625 33.78400
v 157055.57812 379417.21875 40.58300
v 157008.45312 379366.53125 29.95500
v 157008.45312 379366.53125 25.90200
v 156966.42188 379367.62500 29.95500
v 156966.42188 379367.62500 25.90200
v 156966.01562 379367.34375 29.95500
v 156966.01562 379367.34375 25.90200
v 156970.39062 379360.62500 29.95500
v 156970.39062 379360.62500 25.90200
v 156989.01562 379359.65625 29.95500
v 156989.01562 379359.65625 25.90200
v 156994.51562 379362.87500 29.95500
v 156994.51562 379362.87500 25.90200
v 157050.75000 379412.84375 37.29000
v 157050.75000 379412.84375 29.95500
v 157051.09375 379413.12500 29.95500
v 156832.56250 379595.62500 18.32700
v 156815.50000 379597.62500 18.32700
v 156825.18750 379605.15625 18.32700
v 156822.85938 379588.09375 18.32700
v 156815.50000 379597.62500 24.50500
v 156825.18750 379605.15625 24.50500
v 156832.56250 379595.62500 24.50500
v 156822.85938 379588.09375 24.50500
v 156589.51562 379387.37500 19.01300
v 156586.81250 379395.50000 19.01300
v 156586.95312 379395.53125 19.01300
v 156586.90625 379395.68750 19.01300
v 156596.84375 379399.00000 19.01300
v 156596.92188 379398.75000 19.01300
v 156599.65625 379390.78125 19.01300
v 156596.98438 379398.75000 19.01300
v 156586.90625 379395.68750 24.36500
v 156596.84375 379399.00000 24.36500
v 156596.98438 379398.75000 24.36500
v 156599.65625 379390.78125 24.36500
v 156596.92188 379398.75000 24.36500
v 156586.81250 379395.50000 24.36500
v 156586.95312 379395.53125 24.36500
v 156589.51562 379387.37500 24.36500
v 156588.81250 379436.43750 18.74300
v 156581.20312 379404.00000 18.74300
v 156569.53125 379439.46875 18.74300
v 156565.31250 379445.78125 18.74300
v 156565.37500 379445.81250 18.74300
v 156567.75000 379438.43750 18.74300
v 156565.31250 379446.00000 18.74300
v 156596.07812 379458.43750 18.74300
v 156594.98438 379454.34375 18.74300
v 156594.50000 379463.15625 18.74300
v 156597.01562 379455.56250 18.74300
v 156599.85938 379440.12500 18.74300
v 156597.78125 379409.53125 18.74300
v 156594.50000 379463.15625 26.22100
v 156596.07812 379458.43750 26.22100
v 156565.31250 379446.00000 26.22100
v 156565.37500 379445.81250 26.22100
v 156599.85938 379440.12500 26.22100
v 156588.81250 379436.43750 26.22100
v 156597.01562 379455.56250 26.22100
v 156594.98438 379454.34375 26.22100
v 156567.75000 379438.43750 26.22100
v 156565.31250 379445.78125 26.22100
v 156597.78125 379409.53125 26.22100
v 156581.20312 379404.00000 26.22100
v 156569.53125 379439.46875 26.22100
v 156825.95312 379604.15625 18.28300
v 156843.01562 379602.18750 18.28300
v 156833.32812 379594.65625 18.28300
v 156835.64062 379611.68750 18.28300
v 156835.64062 379611.68750 25.74800
v 156843.01562 379602.18750 25.74800
v 156825.95312 379604.15625 25.74800
v 156833.32812 379594.65625 25.74800
v 156766.39062 379544.21875 18.20100
v 156765.87500 379543.81250 18.20100
v 156757.42188 379555.62500 18.20100
v 156759.53125 379538.90625 18.20100
v 156738.57812 379542.18750 18.20100
v 156747.50000 379547.84375 18.20100
v 156748.06250 379530.00000 18.20100
v 156746.85938 379548.68750 18.20100
v 156746.85938 379548.68750 30.93600
v 156747.50000 379547.84375 30.93600
v 156738.57812 379542.18750 30.93600
v 156757.42188 379555.62500 30.93600
v 156766.39062 379544.21875 30.93600
v 156751.71875 379543.50000 30.93600
v 156752.17188 379542.84375 30.93600
v 156752.17188 379542.84375 27.16500
v 156751.71875 379543.50000 27.16500
v 156742.51562 379537.65625 30.93600
v 156744.93750 379534.65625 30.93600
v 156744.93750 379534.65625 27.16500
v 156742.51562 379537.65625 27.16500
v 156747.98438 379530.84375 30.93600
v 156757.26562 379538.62500 30.93600
v 156757.26562 379538.62500 27.16500
v 156747.98438 379530.84375 27.16500
v 156747.43750 379531.53125 30.93600
v 156747.43750 379531.53125 27.16500
v 156755.56250 379550.75000 30.93600
v 156757.35938 379547.93750 30.93600
v 156757.35938 379547.93750 27.16500
v 156755.56250 379550.75000 27.16500
v 156754.65625 379552.78125 30.93600
v 156754.65625 379552.78125 27.16500
v 156757.48438 379554.71875 30.93600
v 156757.48438 379554.71875 27.16500
v 156765.87500 379543.81250 30.93600
v 156765.87500 379543.81250 27.16500
v 156754.34375 379541.43750 30.93600
v 156755.87500 379543.78125 30.93600
v 156755.87500 379543.78125 27.16500
v 156754.34375 379541.43750 27.16500
v 156757.78125 379542.03125 30.93600
v 156757.78125 379542.03125 27.16500
v 156756.12500 379540.25000 30.93600
v 156756.12500 379540.25000 27.16500
v 156757.76562 379540.93750 30.93600
v 156757.76562 379540.93750 27.16500
v 156759.53125 379538.90625 30.93600
v 156759.53125 379538.90625 27.16500
v 156747.48438 379532.59375 30.93600
v 156747.48438 379532.59375 27.16500
v 156749.03125 379544.31250 30.93600
v 156742.73438 379539.28125 30.93600
v 156742.73438 379539.28125 27.16500
v 156749.03125 379544.31250 27.16500
v 156749.89062 379543.18750 30.93600
v 156749.89062 379543.18750 27.16500
v 156755.68750 379540.06250 30.93600
v 156755.68750 379540.06250 27.16500
v 156748.06250 379530.00000 30.93600
v 156750.04688 379543.25000 30.93600
v 156750.04688 379543.25000 27.16500
v 156742.09375 379538.59375 30.93600
v 156742.09375 379538.59375 27.16500
v 156750.00000 379543.25000 30.93600
v 156750.00000 379543.25000 27.16500
v 156662.93750 379885.28125 18.96600
v 156689.45312 379870.25000 18.96600
v 156662.46875 379884.37500 18.96600
v 156665.06250 379905.78125 18.96600
v 156704.29688 379885.46875 18.96600
v 156704.20312 379885.28125 18.96600
v 156704.26562 379885.21875 18.96600
v 156695.70312 379868.71875 18.96600
v 156690.12500 379871.56250 18.96600
v 156663.01562 379885.71875 18.96600
v 156662.81250 379885.31250 18.96600
v 156656.34375 379888.96875 18.96600
v 156689.45312 379870.25000 23.80500
v 156662.46875 379884.37500 23.80500
v 156663.01562 379885.71875 23.80500
v 156656.34375 379888.96875 23.80500
v 156662.81250 379885.31250 23.80500
v 156690.12500 379871.56250 23.80500
v 156662.93750 379885.28125 23.80500
v 156695.70312 379868.71875 23.80500
v 156704.26562 379885.21875 23.80500
v 156665.06250 379905.78125 23.80500
v 156704.29688 379885.46875 23.80500
v 156704.20312 379885.28125 23.80500
v 156598.87500 379815.00000 19.25200
v 156596.60938 379816.87500 19.25200
v 156600.67188 379821.78125 19.25200
v 156601.29688 379804.46875 19.25200
v 156594.87500 379809.62500 19.25200
v 156599.10938 379814.81250 19.25200
v 156603.67188 379820.90625 19.25200
v 156604.76562 379827.34375 19.25200
v 156607.23438 379825.37500 19.25200
v 156603.46875 379820.65625 19.25200
v 156600.54688 379821.87500 19.25200
v 156604.93750 379814.90625 19.25200
v 156607.17188 379817.78125 19.25200
v 156607.85938 379812.62500 19.25200
v 156600.67188 379821.78125 22.41500
v 156600.54688 379821.87500 22.41500
v 156604.93750 379814.90625 27.56200
v 156607.85938 379812.62500 27.56200
v 156601.29688 379804.46875 27.56200
v 156594.87500 379809.62500 27.56200
v 156603.46875 379820.65625 27.56200
v 156607.17188 379817.78125 27.56200
v 156604.76562 379827.34375 22.41500
v 156607.23438 379825.37500 22.41500
v 156603.67188 379820.90625 22.41500
v 156603.67188 379820.90625 27.56200
v 156603.32812 379821.18750 27.56200
v 156603.32812 379821.18750 22.41500
v 156596.60938 379816.87500 22.41500
v 156598.87500 379815.00000 27.56200
v 156598.84375 379815.21875 27.56200
v 156598.84375 379815.21875 22.41500
v 156598.87500 379815.00000 22.41500
v 156599.00000 379815.12500 27.56200
v 156599.00000 379815.12500 22.41500
v 156599.10938 379814.81250 27.56200
v 156673.85938 379852.56250 18.89300
v 156656.62500 379880.37500 18.89300
v 156681.59375 379867.37500 18.89300
v 156685.56250 379846.50000 18.89300
v 156671.98438 379820.28125 18.89300
v 156659.65625 379828.06250 18.89300
v 156636.45312 379840.34375 18.89300
v 156659.07812 379826.96875 18.89300
v 156636.37500 379840.18750 18.89300
v 156635.95312 379840.59375 18.89300
v 156656.62500 379880.37500 24.31300
v 156681.59375 379867.37500 24.31300
v 156673.85938 379852.56250 24.31300
v 156635.95312 379840.59375 24.31300
v 156636.45312 379840.34375 24.31300
v 156685.56250 379846.50000 24.31300
v 156671.98438 379820.28125 24.31300
v 156659.07812 379826.96875 24.31300
v 156659.65625 379828.06250 24.31300
v 156636.37500 379840.18750 24.31300
v 156626.12500 379787.56250 18.99300
v 156625.31250 379786.53125 18.99300
v 156624.62500 379787.06250 18.99300
v 156624.29688 379787.56250 18.99300
v 156624.18750 379787.43750 18.99300
v 156665.65625 379815.21875 18.99300
v 156652.20312 379795.65625 18.99300
v 156623.07812 379818.15625 18.99300
v 156608.62500 379800.03125 18.99300
v 156622.95312 379818.00000 18.99300
v 156624.54688 379839.96875 18.99300
v 156667.25000 379818.46875 18.99300
v 156616.07812 379823.65625 18.99300
v 156666.95312 379814.15625 18.99300
v 156648.48438 379786.93750 18.99300
v 156655.35938 379793.12500 18.99300
v 156649.67188 379786.03125 18.99300
v 156646.42188 379784.31250 18.99300
v 156640.40625 379776.25000 18.99300
v 156646.62500 379784.15625 18.99300
v 156608.62500 379800.03125 28.99100
v 156622.95312 379818.00000 28.99100
v 156622.95312 379818.00000 24.40800
v 156623.07812 379818.15625 24.40800
v 156635.70312 379807.78125 28.99100
v 156635.70312 379807.78125 24.40800
v 156624.29688 379787.56250 28.99100
v 156624.18750 379787.43750 28.99100
v 156624.62500 379787.06250 24.40800
v 156624.62500 379787.06250 28.99100
v 156626.12500 379787.56250 24.40800
v 156625.31250 379786.53125 24.40800
v 156640.40625 379776.25000 24.40800
v 156646.42188 379784.31250 24.40800
v 156646.62500 379784.15625 24.40800
v 156648.48438 379786.93750 24.40800
v 156631.89062 379803.21875 28.99100
v 156631.89062 379803.21875 24.40800
v 156649.67188 379786.03125 24.40800
v 156655.35938 379793.12500 24.40800
v 156652.20312 379795.65625 24.40800
v 156665.65625 379815.21875 24.40800
v 156666.95312 379814.15625 24.40800
v 156667.25000 379818.46875 24.40800
v 156624.54688 379839.96875 24.40800
v 156616.07812 379823.65625 24.40800
v 156635.14062 379800.59375 28.99100
v 156635.14062 379800.59375 24.40800
v 156746.06250 379909.31250 25.82600
v 156763.20312 379900.43750 25.82600
v 156746.20312 379909.56250 25.82600
v 156751.76562 379913.06250 25.82600
v 156757.45312 379910.12500 25.82600
v 156772.06250 379933.40625 25.82600
v 156694.20312 379802.06250 25.82600
v 156693.67188 379801.03125 25.82600
v 156727.35938 379756.18750 25.82600
v 156810.62500 379728.96875 25.82600
v 156815.75000 379738.93750 25.82600
v 156762.15625 379940.34375 25.82600
v 156748.31250 379914.84375 25.82600
v 156744.79688 379908.12500 25.82600
v 156745.07812 379908.00000 25.82600
v 156745.21875 379908.25000 25.82600
v 156745.98438 379909.71875 25.82600
v 156745.70312 379909.84375 25.82600
v 156745.84375 379909.43750 25.82600
v 156745.45312 379908.15625 25.82600
v 156778.50000 379842.93750 25.82600
v 156687.71875 379726.37500 25.82600
v 156724.25000 379632.31250 25.82600
v 156691.23438 379803.59375 25.82600
v 156668.42188 379668.03125 25.82600
v 156690.87500 379610.59375 25.82600
v 156659.37500 379736.37500 25.82600
v 156629.37500 379720.09375 25.82600
v 156657.59375 379599.43750 25.82600
v 156672.62500 379746.31250 25.82600
v 156656.37500 379740.34375 25.82600
v 156628.39062 379638.00000 25.82600
v 156818.43750 379718.62500 25.82600
v 156842.67188 379753.75000 25.82600
v 156831.57812 379731.15625 25.82600
v 156831.07812 379731.43750 25.82600
v 156831.37500 379730.81250 25.82600
v 156841.14062 379749.43750 25.82600
v 156842.98438 379753.06250 25.82600
v 156840.18750 379749.09375 25.82600
v 156842.18750 379748.93750 25.82600
v 156840.76562 379748.81250 25.82600
v 156843.18750 379753.53125 25.82600
v 156844.03125 379752.50000 25.82600
v 156865.68750 379798.18750 25.82600
v 156778.31250 379930.25000 25.82600
v 156866.23438 379797.90625 25.82600
v 156866.42188 379798.28125 25.82600
v 156837.54688 379957.46875 25.82600
v 156785.15625 379984.68750 25.82600
v 156761.95312 379940.46875 25.82600
v 156761.82812 379940.90625 25.82600
v 156762.10938 379940.75000 25.82600
v 156749.15625 379908.03125 25.82600
v 156754.78125 379905.00000 25.82600
v 156759.65625 379908.96875 25.82600
v 156778.31250 379930.25000 18.89200
v 156763.20312 379900.43750 18.89200
v 156746.20312 379909.56250 18.89200
v 156746.06250 379909.31250 18.89200
v 156745.84375 379909.43750 18.89200
v 156745.98438 379909.71875 18.89200
v 156745.70312 379909.84375 18.89200
v 156744.79688 379908.12500 18.89200
v 156745.07812 379908.00000 18.89200
v 156745.21875 379908.25000 18.89200
v 156745.45312 379908.15625 18.89200
v 156691.23438 379803.59375 18.89200
v 156694.20312 379802.06250 18.89200
v 156693.67188 379801.03125 18.89200
v 156727.35938 379756.18750 18.89200
v 156687.71875 379726.37500 18.89200
v 156672.62500 379746.31250 18.89200
v 156659.37500 379736.37500 18.89200
v 156656.37500 379740.34375 18.89200
v 156629.37500 379720.09375 18.89200
v 156668.42188 379668.03125 18.89200
v 156628.39062 379638.00000 18.89200
v 156657.59375 379599.43750 18.89200
v 156690.87500 379610.59375 18.89200
v 156724.25000 379632.31250 18.89200
v 156818.43750 379718.62500 18.89200
v 156810.62500 379728.96875 18.89200
v 156815.75000 379738.93750 18.89200
v 156831.37500 379730.81250 18.89200
v 156831.57812 379731.15625 18.89200
v 156831.07812 379731.43750 18.89200
v 156840.18750 379749.09375 18.89200
v 156840.76562 379748.81250 18.89200
v 156841.14062 379749.43750 18.89200
v 156842.18750 379748.93750 18.89200
v 156844.03125 379752.50000 18.89200
v 156842.98438 379753.06250 18.89200
v 156843.18750 379753.53125 18.89200
v 156842.67188 379753.75000 18.89200
v 156865.68750 379798.18750 18.89200
v 156866.23438 379797.90625 18.89200
v 156866.42188 379798.28125 18.89200
v 156778.50000 379842.93750 18.89200
v 156837.54688 379957.46875 18.89200
v 156785.15625 379984.68750 18.89200
v 156762.15625 379940.34375 18.89200
v 156761.95312 379940.46875 18.89200
v 156762.10938 379940.75000 18.89200
v 156761.82812 379940.90625 18.89200
v 156748.31250 379914.84375 18.89200
v 156751.76562 379913.06250 18.89200
v 156749.15625 379908.03125 18.89200
v 156754.78125 379905.00000 18.89200
v 156757.45312 379910.12500 18.89200
v 156759.65625 379908.96875 18.89200
v 156772.06250 379933.40625 18.89200
v 156574.93750 379673.53125 18.94400
v 156575.29688 379673.46875 18.94400
v 156575.09375 379673.31250 18.94400
v 156575.18750 379673.71875 18.94400
v 156578.51562 379676.53125 18.94400
v 156578.59375 379676.43750 18.94400
v 156575.03125 379673.93750 18.94400
v 156609.28125 379654.90625 18.94400
v 156587.42188 379683.06250 18.94400
v 156588.17188 379683.12500 18.94400
v 156587.40625 379684.12500 18.94400
v 156586.90625 379683.75000 18.94400
v 156593.17188 379686.87500 18.94400
v 156602.95312 379699.93750 18.94400
v 156606.57812 379702.90625 18.94400
v 156606.70312 379702.75000 18.94400
v 156590.51562 379691.40625 18.94400
v 156590.92188 379690.84375 18.94400
v 156590.06250 379691.09375 18.94400
v 156646.54688 379682.90625 18.94400
v 156602.82812 379700.09375 18.94400
v 156618.35938 379711.53125 18.94400
v 156625.29688 379710.96875 18.94400
v 156622.39062 379714.84375 18.94400
v 156618.21875 379711.68750 18.94400
v 156625.37500 379711.03125 18.94400
v 156611.15625 379625.90625 18.94400
v 156623.87500 379635.46875 18.94400
v 156622.39062 379714.84375 26.41500
v 156625.29688 379710.96875 26.41500
v 156618.21875 379711.68750 26.41500
v 156618.35938 379711.53125 26.41500
v 156606.70312 379702.75000 26.41500
v 156625.37500 379711.03125 26.41500
v 156646.54688 379682.90625 26.41500
v 156606.57812 379702.90625 26.41500
v 156602.95312 379699.93750 26.41500
v 156602.82812 379700.09375 26.41500
v 156590.92188 379690.84375 26.41500
v 156590.51562 379691.40625 26.41500
v 156588.17188 379683.12500 26.41500
v 156593.17188 379686.87500 26.41500
v 156590.06250 379691.09375 26.41500
v 156587.40625 379684.12500 26.41500
v 156623.87500 379635.46875 26.41500
v 156611.15625 379625.90625 26.41500
v 156609.28125 379654.90625 26.41500
v 156578.59375 379676.43750 26.41500
v 156587.42188 379683.06250 26.41500
v 156578.51562 379676.53125 26.41500
v 156586.90625 379683.75000 26.41500
v 156575.03125 379673.93750 26.41500
v 156574.93750 379673.53125 26.41500
v 156575.18750 379673.71875 26.41500
v 156575.29688 379673.46875 26.41500
v 156575.09375 379673.31250 26.41500
v 156593.12500 379857.18750 19.58200
v 156590.03125 379850.18750 19.58200
v 156584.87500 379854.21875 19.58200
v 156588.68750 379860.06250 19.58200
v 156607.00000 379863.37500 19.58200
v 156601.50000 379867.78125 19.58200
v 156593.93750 379847.06250 19.58200
v 156588.68750 379860.06250 23.81100
v 156593.12500 379857.18750 23.81100
v 156601.50000 379867.78125 23.81100
v 156590.03125 379850.18750 23.81100
v 156584.87500 379854.21875 23.81100
v 156593.93750 379847.06250 23.81100
v 156607.00000 379863.37500 23.81100
v 156614.15625 379819.84375 19.25000
v 156616.07812 379823.65625 19.25000
v 156616.15625 379823.62500 19.25000
v 156604.76562 379827.34375 19.25000
v 156622.53125 379841.50000 19.25000
v 156600.54688 379821.87500 19.25000
v 156586.03125 379823.53125 19.25000
v 156596.60938 379816.87500 19.25000
v 156596.48438 379816.96875 19.25000
v 156600.67188 379821.78125 19.25000
v 156595.42188 379815.62500 19.25000
v 156585.85938 379823.31250 19.25000
v 156585.84375 379823.68750 19.25000
v 156618.73438 379864.53125 19.25000
v 156624.43750 379840.00000 19.25000
v 156624.54688 379839.96875 19.25000
v 156624.81250 379875.56250 19.25000
v 156635.59375 379866.09375 19.25000
v 156617.17188 379865.84375 19.25000
v 156600.54688 379821.87500 25.53900
v 156600.67188 379821.78125 25.53900
v 156596.60938 379816.87500 25.53900
v 156596.48438 379816.96875 25.53900
v 156616.07812 379823.65625 25.53900
v 156616.15625 379823.62500 25.53900
v 156635.59375 379866.09375 25.53900
v 156622.53125 379841.50000 25.53900
v 156614.15625 379819.84375 25.53900
v 156624.54688 379839.96875 25.53900
v 156624.43750 379840.00000 25.53900
v 156604.76562 379827.34375 25.53900
v 156624.81250 379875.56250 25.53900
v 156617.17188 379865.84375 25.53900
v 156618.73438 379864.53125 25.53900
v 156595.42188 379815.62500 25.53900
v 156586.03125 379823.53125 25.53900
v 156585.84375 379823.68750 25.53900
v 156585.85938 379823.31250 25.53900
v 157071.54688 379407.25000 18.20100
v 157068.78125 379413.43750 18.20100
v 157069.06250 379413.56250 18.20100
v 157074.75000 379416.21875 18.20100
v 157075.64062 379414.65625 18.20100
v 157069.01562 379413.62500 18.20100
v 157071.71875 379422.90625 18.20100
v 157074.43750 379424.15625 18.20100
v 157078.18750 379415.90625 18.20100
v 157078.07812 379415.87500 18.20100
v 157078.10938 379415.78125 18.20100
v 157076.87500 379409.84375 18.20100
v 157077.64062 379410.18750 18.20100
v 157076.89062 379409.71875 18.20100
v 157074.43750 379424.15625 21.67500
v 157078.18750 379415.90625 21.67500
v 157074.75000 379416.21875 21.67500
v 157071.71875 379422.90625 21.67500
v 157071.54688 379407.25000 21.67500
v 157068.78125 379413.43750 21.67500
v 157078.07812 379415.87500 21.67500
v 157069.01562 379413.62500 21.67500
v 157069.06250 379413.56250 21.67500
v 157076.89062 379409.71875 21.67500
v 157076.87500 379409.84375 21.67500
v 157077.64062 379410.18750 21.67500
v 157075.64062 379414.65625 21.67500
v 157078.10938 379415.78125 21.67500
v 157091.39062 379459.62500 19.07200
v 157091.15625 379459.40625 19.07200
v 157091.10938 379459.50000 19.07200
v 157091.84375 379459.84375 19.07200
v 157082.70312 379479.96875 19.07200
v 157091.43750 379459.53125 19.07200
v 157070.29688 379474.46875 19.07200
v 157082.34375 379480.78125 19.07200
v 157079.34375 379454.09375 19.07200
v 157070.14062 379474.40625 19.07200
v 157081.17188 379483.37500 19.07200
v 157057.62500 379502.40625 19.07200
v 157064.60938 379487.00000 19.07200
v 157064.45312 379486.90625 19.07200
v 157080.84375 379484.09375 19.07200
v 157057.45312 379502.37500 19.07200
v 157061.45312 379510.46875 19.07200
v 157061.48438 379510.37500 19.07200
v 157055.25000 379507.62500 19.07200
v 157066.78125 379512.75000 19.07200
v 157067.17188 379513.06250 19.07200
v 157067.21875 379512.96875 19.07200
v 157066.75000 379512.84375 19.07200
v 157067.65625 379513.15625 19.07200
v 157081.04688 379483.75000 19.07200
v 157080.84375 379484.09375 98.60000
v 157081.04688 379483.75000 98.60000
v 157091.10938 379459.50000 98.60000
v 157079.34375 379454.09375 98.60000
v 157072.53125 379475.46875 98.60000
v 157081.84375 379479.59375 98.60000
v 157081.84375 379479.59375 96.99200
v 157072.53125 379475.46875 96.99200
v 157081.42188 379480.53125 98.60000
v 157081.42188 379480.53125 96.99200
v 157066.59375 379487.96875 98.60000
v 157066.59375 379487.96875 96.99200
v 157082.70312 379479.96875 96.99200
v 157091.84375 379459.84375 98.60000
v 157082.70312 379479.96875 98.60000
v 157070.29688 379474.46875 98.60000
v 157064.60938 379487.00000 98.60000
v 157070.14062 379474.40625 98.60000
v 157091.43750 379459.53125 98.60000
v 157091.15625 379459.40625 98.60000
v 157091.39062 379459.62500 98.60000
v 157057.62500 379502.40625 98.60000
v 157055.25000 379507.62500 98.60000
v 157061.45312 379510.46875 98.60000
v 157061.48438 379510.37500 98.60000
v 157066.78125 379512.75000 98.60000
v 157066.75000 379512.84375 98.60000
v 157067.17188 379513.06250 98.60000
v 157067.21875 379512.96875 98.60000
v 157067.65625 379513.15625 98.60000
v 157064.45312 379486.90625 98.60000
v 157057.45312 379502.37500 98.60000
v 157082.34375 379480.78125 98.60000
v 157081.56250 379480.84375 98.60000
v 157081.56250 379480.84375 96.99200
v 157082.34375 379480.78125 96.99200
v 157081.17188 379483.37500 98.60000
v 157076.09375 379492.65625 98.60000
v 157076.09375 379492.65625 96.99200
v 157051.35938 379426.53125 18.12000
v 157017.25000 379469.40625 18.12000
v 157029.40625 379474.93750 18.12000
v 157039.23438 379421.00000 18.12000
v 157017.25000 379469.40625 40.58000
v 157029.40625 379474.93750 40.58000
v 157051.35938 379426.53125 40.58000
v 157039.23438 379421.00000 40.58000
v 156993.31250 379400.21875 18.12400
v 156971.40625 379448.59375 18.12400
v 156983.53125 379454.09375 18.12400
v 157005.46875 379405.71875 18.12400
v 156971.40625 379448.59375 40.58900
v 156983.53125 379454.09375 40.58900
v 157005.46875 379405.71875 40.58900
v 156993.31250 379400.21875 40.58900
v 156822.40625 379413.03125 27.75000
v 156816.14062 379410.18750 27.75000
v 156822.48438 379411.37500 27.75000
v 156761.60938 379438.68750 27.75000
v 156762.21875 379437.87500 27.75000
v 156767.06250 379441.65625 27.75000
v 156773.06250 379428.43750 27.75000
v 156774.62500 379424.90625 27.75000
v 156948.39062 379560.46875 27.75000
v 156946.12500 379563.37500 27.75000
v 156917.64062 379560.40625 27.75000
v 156760.37500 379434.31250 27.75000
v 156768.04688 379424.50000 27.75000
v 156739.43750 379462.06250 27.75000
v 156742.67188 379462.37500 27.75000
v 156741.59375 379463.75000 27.75000
v 156767.78125 379440.12500 27.75000
v 156779.95312 379413.25000 27.75000
v 156768.67188 379420.28125 27.75000
v 156776.34375 379410.43750 27.75000
v 156781.53125 379409.71875 27.75000
v 156786.81250 379398.06250 27.75000
v 156775.56250 379405.06250 27.75000
v 156783.21875 379395.25000 27.75000
v 156787.26562 379397.06250 27.75000
v 156817.32812 379409.03125 27.75000
v 156817.20312 379407.84375 27.75000
v 156817.75000 379408.09375 27.75000
v 156850.95312 379450.56250 27.75000
v 156822.90625 379410.43750 27.75000
v 156823.45312 379410.68750 27.75000
v 156955.23438 379497.93750 27.75000
v 156968.32812 379534.93750 27.75000
v 156966.01562 379537.87500 27.75000
v 156864.60938 379432.09375 27.75000
v 156868.56250 379427.03125 27.75000
v 156869.06250 379427.43750 27.75000
v 156902.29688 379466.40625 27.75000
v 156907.81250 379470.71875 27.75000
v 156897.98438 379471.90625 27.75000
v 156956.06250 379550.65625 27.75000
v 156921.71875 379474.06250 27.75000
v 156916.71875 379480.43750 27.75000
v 156976.00000 379525.09375 27.75000
v 156911.46875 379466.03125 27.75000
v 156974.04688 379539.37500 27.75000
v 156986.20312 379512.00000 27.75000
v 156951.15625 379475.78125 27.75000
v 156964.43750 379486.15625 27.75000
v 156939.43750 379490.75000 27.75000
v 156958.35938 379547.68750 27.75000
v 156970.28125 379541.18750 27.75000
v 156962.62500 379551.03125 27.75000
v 156981.73438 379529.56250 27.75000
v 156970.21875 379606.50000 27.75000
v 156976.07812 379611.09375 27.75000
v 156937.95312 379618.50000 27.75000
v 156855.43750 379592.31250 27.75000
v 156898.98438 379584.25000 27.75000
v 156896.65625 379587.21875 27.75000
v 156952.67188 379563.78125 27.75000
v 156960.31250 379553.96875 27.75000
v 156939.53125 379571.81250 27.75000
v 156936.78125 379575.34375 27.75000
v 156950.39062 379566.71875 27.75000
v 156943.79688 379575.15625 27.75000
v 156916.60938 379561.71875 27.75000
v 156913.20312 379574.84375 27.75000
v 156908.93750 379571.53125 27.75000
v 156826.96875 379570.06250 27.75000
v 156906.64062 379574.46875 27.75000
v 156934.09375 379622.25000 27.75000
v 156933.73438 379623.65625 27.75000
v 156933.26562 379623.75000 27.75000
v 156920.85938 379565.03125 27.75000
v 156865.25000 379599.96875 27.75000
v 156937.21875 379621.62500 27.75000
v 156934.37500 379619.18750 27.75000
v 156917.32812 379582.90625 27.75000
v 156910.89062 379577.78125 27.75000
v 156928.03125 379584.09375 27.75000
v 156928.70312 379583.21875 27.75000
v 156947.20312 379598.87500 27.75000
v 156920.81250 379578.43750 27.75000
v 156948.50000 379598.62500 27.75000
v 156925.84375 379607.81250 27.75000
v 156928.26562 379607.15625 27.75000
v 156952.10938 379602.68750 27.75000
v 156970.31250 379599.12500 27.75000
v 156971.43750 379604.93750 27.75000
v 156900.34375 379620.12500 27.75000
v 156898.67188 379618.90625 27.75000
v 156897.65625 379613.34375 27.75000
v 156879.00000 379609.81250 27.75000
v 156886.67188 379600.00000 27.75000
v 156883.29688 379613.15625 27.75000
v 156895.09375 379626.84375 27.75000
v 156916.95312 379598.28125 27.75000
v 156923.56250 379603.46875 27.75000
v 156925.79688 379607.62500 27.75000
v 156910.98438 379605.90625 27.75000
v 156888.96875 379597.06250 27.75000
v 156868.21875 379602.28125 27.75000
v 156893.28125 379600.40625 27.75000
v 156900.95312 379590.59375 27.75000
v 156890.96875 379603.37500 27.75000
v 156878.01562 379609.93750 27.75000
v 156864.85938 379606.56250 27.75000
v 156878.57812 379610.37500 27.75000
v 156852.07812 379596.62500 27.75000
v 156874.67188 379614.25000 27.75000
v 156861.90625 379604.28125 27.75000
v 156817.12500 379562.40625 27.75000
v 156814.18750 379560.09375 27.75000
v 156813.76562 379566.71875 27.75000
v 156823.59375 379574.40625 27.75000
v 156799.92188 379558.12500 27.75000
v 156809.75000 379565.81250 27.75000
v 156801.42188 379550.12500 27.75000
v 156804.35938 379552.43750 27.75000
v 156786.28125 379549.28125 27.75000
v 156791.59375 379542.46875 27.75000
v 156796.10938 379556.93750 27.75000
v 156774.37500 379538.25000 27.75000
v 156778.79688 379532.56250 27.75000
v 156784.18750 379545.90625 27.75000
v 156788.67188 379540.18750 27.75000
v 156753.76562 379471.00000 27.75000
v 156766.06250 379522.56250 27.75000
v 156752.17188 379474.50000 27.75000
v 156760.50000 379529.68750 27.75000
v 156775.85938 379530.28125 27.75000
v 156770.32812 379537.34375 27.75000
v 156746.85938 379486.15625 27.75000
v 156741.96875 379482.31250 27.75000
v 156748.79688 379518.31250 27.75000
v 156753.20312 379512.62500 27.75000
v 156758.65625 379525.93750 27.75000
v 156739.93750 379501.37500 27.75000
v 156745.25000 379489.68750 27.75000
v 156739.64062 379502.03125 27.75000
v 156735.46875 379497.84375 27.75000
v 156763.09375 379520.25000 27.75000
v 156759.04688 379459.31250 27.75000
v 156744.21875 379460.40625 27.75000
v 156744.87500 379455.28125 27.75000
v 156746.95312 379456.90625 27.75000
v 156743.14062 379488.06250 27.75000
v 156755.43750 379456.53125 27.75000
v 156749.31250 379464.40625 27.75000
v 156749.64062 379472.53125 27.75000
v 156765.92188 379444.15625 27.75000
v 156753.26562 379450.09375 27.75000
v 156760.89062 379440.25000 27.75000
v 156686.56250 379424.31250 27.75000
v 156680.90625 379438.46875 27.75000
v 156747.56250 379448.65625 27.75000
v 156760.64062 379455.84375 27.75000
v 156766.62500 379442.59375 27.75000
v 156761.60938 379438.68750 18.19800
v 156762.21875 379437.87500 18.19800
v 156767.06250 379441.65625 18.19800
v 156767.78125 379440.12500 18.19800
v 156760.37500 379434.31250 18.19800
v 156768.04688 379424.50000 18.19800
v 156773.06250 379428.43750 18.19800
v 156774.62500 379424.90625 18.19800
v 156768.67188 379420.28125 18.19800
v 156776.34375 379410.43750 18.19800
v 156779.95312 379413.25000 18.19800
v 156781.53125 379409.71875 18.19800
v 156775.56250 379405.06250 18.19800
v 156783.21875 379395.25000 18.19800
v 156786.81250 379398.06250 18.19800
v 156787.26562 379397.06250 18.19800
v 156816.14062 379410.18750 18.19800
v 156817.20312 379407.84375 18.19800
v 156817.75000 379408.09375 18.19800
v 156817.32812 379409.03125 18.19800
v 156822.48438 379411.37500 18.19800
v 156822.90625 379410.43750 18.19800
v 156823.45312 379410.68750 18.19800
v 156822.40625 379413.03125 18.19800
v 156864.60938 379432.09375 18.19800
v 156868.56250 379427.03125 18.19800
v 156869.06250 379427.43750 18.19800
v 156850.95312 379450.56250 18.19800
v 156897.98438 379471.90625 18.19800
v 156902.29688 379466.40625 18.19800
v 156907.81250 379470.71875 18.19800
v 156911.46875 379466.03125 18.19800
v 156921.71875 379474.06250 18.19800
v 156916.71875 379480.43750 18.19800
v 156939.43750 379490.75000 18.19800
v 156951.15625 379475.78125 18.19800
v 156964.43750 379486.15625 18.19800
v 156955.23438 379497.93750 18.19800
v 156986.20312 379512.00000 18.19800
v 156976.00000 379525.09375 18.19800
v 156981.73438 379529.56250 18.19800
v 156974.04688 379539.37500 18.19800
v 156968.32812 379534.93750 18.19800
v 156966.01562 379537.87500 18.19800
v 156970.28125 379541.18750 18.19800
v 156962.62500 379551.03125 18.19800
v 156958.35938 379547.68750 18.19800
v 156956.06250 379550.65625 18.19800
v 156960.31250 379553.96875 18.19800
v 156952.67188 379563.78125 18.19800
v 156948.39062 379560.46875 18.19800
v 156946.12500 379563.37500 18.19800
v 156950.39062 379566.71875 18.19800
v 156943.79688 379575.15625 18.19800
v 156939.53125 379571.81250 18.19800
v 156936.78125 379575.34375 18.19800
v 156917.64062 379560.40625 18.19800
v 156916.60938 379561.71875 18.19800
v 156920.85938 379565.03125 18.19800
v 156913.20312 379574.84375 18.19800
v 156908.93750 379571.53125 18.19800
v 156906.64062 379574.46875 18.19800
v 156910.89062 379577.78125 18.19800
v 156917.32812 379582.90625 18.19800
v 156920.81250 379578.43750 18.19800
v 156928.03125 379584.09375 18.19800
v 156928.70312 379583.21875 18.19800
v 156948.50000 379598.62500 18.19800
v 156947.20312 379598.87500 18.19800
v 156952.10938 379602.68750 18.19800
v 156970.31250 379599.12500 18.19800
v 156971.43750 379604.93750 18.19800
v 156970.21875 379606.50000 18.19800
v 156976.07812 379611.09375 18.19800
v 156937.95312 379618.50000 18.19800
v 156937.21875 379621.62500 18.19800
v 156934.09375 379622.25000 18.19800
v 156933.73438 379623.65625 18.19800
v 156933.26562 379623.75000 18.19800
v 156934.37500 379619.18750 18.19800
v 156895.09375 379626.84375 18.19800
v 156900.34375 379620.12500 18.19800
v 156898.67188 379618.90625 18.19800
v 156897.65625 379613.34375 18.19800
v 156925.84375 379607.81250 18.19800
v 156925.79688 379607.62500 18.19800
v 156928.26562 379607.15625 18.19800
v 156923.56250 379603.46875 18.19800
v 156910.98438 379605.90625 18.19800
v 156916.95312 379598.28125 18.19800
v 156898.98438 379584.25000 18.19800
v 156896.65625 379587.21875 18.19800
v 156900.95312 379590.59375 18.19800
v 156893.28125 379600.40625 18.19800
v 156888.96875 379597.06250 18.19800
v 156886.67188 379600.00000 18.19800
v 156890.96875 379603.37500 18.19800
v 156883.29688 379613.15625 18.19800
v 156879.00000 379609.81250 18.19800
v 156878.57812 379610.37500 18.19800
v 156878.01562 379609.93750 18.19800
v 156874.67188 379614.25000 18.19800
v 156864.85938 379606.56250 18.19800
v 156868.21875 379602.28125 18.19800
v 156865.25000 379599.96875 18.19800
v 156861.90625 379604.28125 18.19800
v 156852.07812 379596.62500 18.19800
v 156855.43750 379592.31250 18.19800
v 156826.96875 379570.06250 18.19800
v 156823.59375 379574.40625 18.19800
v 156813.76562 379566.71875 18.19800
v 156817.12500 379562.40625 18.19800
v 156814.18750 379560.09375 18.19800
v 156809.75000 379565.81250 18.19800
v 156799.92188 379558.12500 18.19800
v 156804.35938 379552.43750 18.19800
v 156801.42188 379550.12500 18.19800
v 156796.10938 379556.93750 18.19800
v 156786.28125 379549.28125 18.19800
v 156791.59375 379542.46875 18.19800
v 156788.67188 379540.18750 18.19800
v 156784.18750 379545.90625 18.19800
v 156774.37500 379538.25000 18.19800
v 156778.79688 379532.56250 18.19800
v 156775.85938 379530.28125 18.19800
v 156770.32812 379537.34375 18.19800
v 156760.50000 379529.68750 18.19800
v 156766.06250 379522.56250 18.19800
v 156763.09375 379520.25000 18.19800
v 156758.65625 379525.93750 18.19800
v 156748.79688 379518.31250 18.19800
v 156753.20312 379512.62500 18.19800
v 156739.64062 379502.03125 18.19800
v 156739.93750 379501.37500 18.19800
v 156735.46875 379497.84375 18.19800
v 156743.14062 379488.06250 18.19800
v 156745.25000 379489.68750 18.19800
v 156746.85938 379486.15625 18.19800
v 156741.96875 379482.31250 18.19800
v 156749.64062 379472.53125 18.19800
v 156752.17188 379474.50000 18.19800
v 156753.76562 379471.00000 18.19800
v 156742.67188 379462.37500 18.19800
v 156741.59375 379463.75000 18.19800
v 156739.43750 379462.06250 18.19800
v 156680.90625 379438.46875 18.19800
v 156686.56250 379424.31250 18.19800
v 156747.56250 379448.65625 18.19800
v 156744.87500 379455.28125 18.19800
v 156746.95312 379456.90625 18.19800
v 156744.21875 379460.40625 18.19800
v 156749.31250 379464.40625 18.19800
v 156755.43750 379456.53125 18.19800
v 156759.04688 379459.31250 18.19800
v 156760.64062 379455.84375 18.19800
v 156753.26562 379450.09375 18.19800
v 156760.89062 379440.25000 18.19800
v 156765.92188 379444.15625 18.19800
v 156766.62500 379442.59375 18.19800
v 157082.62500 379454.84375 17.91600
v 157091.37500 379436.37500 17.91600
v 157091.07812 379436.18750 17.91600
v 157085.65625 379456.28125 17.91600
v 157093.96875 379438.00000 17.91600
v 157091.57812 379435.90625 17.91600
v 157094.15625 379438.12500 17.91600
v 157094.54688 379437.25000 17.91600
v 157082.62500 379454.84375 30.14300
v 157085.65625 379456.28125 30.14300
v 157091.37500 379436.37500 30.14300
v 157091.07812 379436.18750 30.14300
v 157093.96875 379438.00000 30.14300
v 157094.15625 379438.12500 30.14300
v 157094.54688 379437.25000 30.14300
v 157091.57812 379435.90625 30.14300
v 157049.93750 379548.93750 18.23900
v 157004.82812 379606.46875 18.23900
v 157050.03125 379549.03125 18.23900
v 157050.40625 379548.34375 18.23900
v 157011.73438 379517.93750 18.23900
v 157011.25000 379518.56250 18.23900
v 156975.89062 379549.25000 18.23900
v 156971.73438 379555.50000 18.23900
v 156969.71875 379557.34375 18.23900
v 157004.31250 379513.09375 18.23900
v 156973.29688 379553.12500 18.23900
v 156959.14062 379570.53125 18.23900
v 156969.42188 379557.46875 18.23900
v 156969.42188 379557.46875 59.43400
v 156959.14062 379570.53125 59.43400
v 157015.00000 379529.65625 59.56400
v 157014.12500 379529.87500 59.56400
v 157014.12500 379529.87500 59.43400
v 157015.00000 379529.65625 59.43400
v 157037.95312 379557.37500 59.56400
v 157037.78125 379557.21875 59.56400
v 157037.78125 379557.21875 59.43400
v 157037.95312 379557.37500 59.43400
v 157043.42188 379550.90625 59.56400
v 157043.42188 379550.90625 59.43400
v 157006.14062 379598.00000 59.56400
v 157012.32812 379589.78125 59.56400
v 157012.32812 379589.78125 59.43400
v 157006.14062 379598.00000 59.43400
v 157012.85938 379589.62500 59.56400
v 157012.85938 379589.62500 59.43400
v 157020.26562 379579.50000 59.56400
v 157020.75000 379580.65625 59.56400
v 157020.75000 379580.65625 59.43400
v 157020.26562 379579.50000 59.43400
v 157049.93750 379548.93750 59.43400
v 157050.40625 379548.34375 59.43400
v 157050.03125 379549.03125 59.43400
v 157017.73438 379555.46875 59.43400
v 157009.79688 379565.68750 59.43400
v 157009.79688 379565.68750 32.08500
v 157017.73438 379555.46875 32.08500
v 156969.71875 379557.34375 59.43400
v 156975.28125 379566.09375 59.56400
v 156975.68750 379568.12500 59.56400
v 156975.68750 379568.12500 59.43400
v 156975.28125 379566.09375 59.43400
v 157027.17188 379553.25000 59.56400
v 157018.96875 379563.43750 59.56400
v 157018.96875 379563.43750 59.43400
v 157027.17188 379553.25000 59.43400
v 157018.56250 379563.93750 59.56400
v 157002.98438 379583.31250 59.56400
v 157002.98438 379583.31250 59.43400
v 157018.56250 379563.93750 59.43400
v 156974.35938 379569.84375 59.56400
v 156974.35938 379569.84375 59.43400
v 156972.64062 379569.65625 59.56400
v 156972.64062 379569.65625 59.43400
v 156970.93750 379573.43750 59.56400
v 156970.93750 379573.43750 59.43400
v 157004.62500 379599.56250 59.56400
v 157004.62500 379599.56250 59.43400
v 157019.76562 379579.87500 59.56400
v 157019.87500 379579.96875 59.56400
v 157019.87500 379579.96875 59.43400
v 157019.76562 379579.87500 59.43400
v 156978.12500 379564.53125 59.56400
v 156978.12500 379564.53125 59.43400
v 157028.06250 379571.12500 59.56400
v 157028.06250 379571.12500 59.43400
v 157018.60938 379581.90625 59.56400
v 157018.60938 379581.90625 59.43400
v 157027.21875 379570.90625 59.56400
v 157027.21875 379570.90625 59.43400
v 157008.46875 379538.59375 59.56400
v 157008.46875 379538.59375 59.43400
v 157016.25000 379553.59375 59.43400
v 157018.06250 379555.06250 59.43400
v 157018.06250 379555.06250 32.08500
v 157016.25000 379553.59375 32.08500
v 157018.45312 379563.78125 59.56400
v 157018.45312 379563.78125 59.43400
v 156990.45312 379566.00000 59.43400
v 156989.43750 379565.62500 59.43400
v 156989.43750 379565.62500 32.08500
v 156990.45312 379566.00000 32.08500
v 157017.78125 379555.40625 59.43400
v 157017.78125 379555.40625 32.08500
v 157017.51562 379555.18750 59.43400
v 157017.51562 379555.18750 32.08500
v 156977.59375 379565.90625 59.56400
v 156977.59375 379565.90625 59.43400
v 157007.79688 379538.56250 59.56400
v 157007.82812 379538.75000 59.56400
v 157007.82812 379538.75000 59.43400
v 157007.79688 379538.56250 59.43400
v 157004.31250 379513.09375 32.08500
v 156975.89062 379549.25000 32.08500
v 157006.35938 379524.65625 59.43400
v 157003.98438 379526.31250 59.43400
v 157003.98438 379526.31250 32.08500
v 157006.35938 379524.65625 32.08500
v 157011.25000 379518.56250 59.43400
v 157011.25000 379518.56250 32.08500
v 157004.54688 379526.93750 59.43400
v 157004.54688 379526.93750 32.08500
v 157011.73438 379517.93750 59.43400
v 157016.87500 379552.34375 59.43400
v 157016.12500 379553.43750 59.43400
v 157016.12500 379553.43750 32.08500
v 157016.87500 379552.34375 32.08500
v 156973.29688 379553.12500 32.08500
v 157004.82812 379606.46875 59.43400
v 157034.06250 379563.28125 59.56400
v 157033.32812 379562.84375 59.56400
v 157033.32812 379562.84375 59.43400
v 157034.06250 379563.28125 59.43400
v 157029.82812 379568.81250 59.56400
v 157029.82812 379568.81250 59.43400
v 156990.71875 379566.59375 59.43400
v 156990.71875 379566.59375 32.08500
v 157002.17188 379575.46875 59.43400
v 157002.17188 379575.46875 32.08500
v 157009.78125 379565.68750 59.43400
v 157009.78125 379565.68750 32.08500
v 157004.14062 379527.43750 59.43400
v 157000.85938 379529.40625 59.43400
v 157000.85938 379529.40625 32.08500
v 157004.14062 379527.43750 32.08500
v 157001.71875 379530.46875 59.43400
v 157001.71875 379530.46875 32.08500
v 157013.89062 379530.21875 59.56400
v 157011.76562 379529.71875 59.56400
v 157011.76562 379529.71875 59.43400
v 157013.89062 379530.21875 59.43400
v 156971.73438 379555.50000 59.43400
v 156973.29688 379553.12500 59.43400
v 157005.96875 379536.50000 59.56400
v 157005.96875 379536.50000 59.43400
v 156997.06250 379536.28125 59.43400
v 156997.06250 379536.28125 32.08500
v 157006.84375 379537.34375 59.56400
v 157006.84375 379537.34375 59.43400
v 157018.34375 379581.78125 59.56400
v 157018.34375 379581.78125 59.43400
v 157038.09375 379557.21875 59.56400
v 157038.09375 379557.21875 59.43400
v 157007.65625 379537.96875 59.56400
v 157008.01562 379538.25000 59.56400
v 157008.01562 379538.25000 59.43400
v 157007.65625 379537.96875 59.43400
v 157007.53125 379537.43750 59.56400
v 157007.53125 379537.43750 59.43400
v 157007.17188 379537.59375 59.56400
v 157007.17188 379537.59375 59.43400
v 157029.21875 379568.43750 59.56400
v 157029.21875 379568.43750 59.43400
v 157103.51562 379773.46875 19.09400
v 157095.51562 379764.25000 19.09400
v 157093.89062 379765.43750 19.09400
v 157099.93750 379776.09375 19.09400
v 157095.93750 379777.84375 19.09400
v 157092.12500 379766.18750 19.09400
v 157091.70312 379778.78125 19.09400
v 157090.20312 379766.59375 19.09400
v 157088.26562 379766.65625 19.09400
v 157086.35938 379766.34375 19.09400
v 157083.07812 379778.12500 19.09400
v 157087.34375 379778.87500 19.09400
v 157084.54688 379765.62500 19.09400
v 157075.26562 379774.18750 19.09400
v 157079.04688 379776.59375 19.09400
v 157082.89062 379764.56250 19.09400
v 157075.26562 379774.18750 23.07500
v 157079.04688 379776.59375 23.07500
v 157086.35938 379766.34375 23.07500
v 157084.54688 379765.62500 23.07500
v 157082.89062 379764.56250 23.07500
v 157083.07812 379778.12500 23.07500
v 157087.34375 379778.87500 23.07500
v 157091.70312 379778.78125 23.07500
v 157085.85938 379775.25000 23.07500
v 157086.84375 379775.06250 23.07500
v 157086.84375 379775.06250 19.09400
v 157085.85938 379775.25000 19.09400
v 157088.26562 379766.65625 23.07500
v 157090.20312 379766.59375 23.07500
v 157092.12500 379766.18750 23.07500
v 157095.93750 379777.84375 23.07500
v 157099.93750 379776.09375 23.07500
v 157093.89062 379765.43750 23.07500
v 157095.51562 379764.25000 23.07500
v 157103.51562 379773.46875 23.07500
v 157087.29688 379775.62500 23.07500
v 157087.29688 379775.62500 19.09400
v 157076.46875 379757.50000 19.07900
v 157064.82812 379761.31250 19.07900
v 157066.59375 379765.25000 19.07900
v 157078.37500 379760.84375 19.07900
v 157069.09375 379768.81250 19.07900
v 157077.25000 379759.21875 19.07900
v 157072.31250 379771.87500 19.07900
v 157079.84375 379762.21875 19.07900
v 157076.07812 379755.56250 19.07900
v 157063.87500 379757.06250 19.07900
v 157063.76562 379752.75000 19.07900
v 157075.98438 379753.65625 19.07900
v 157076.31250 379751.75000 19.07900
v 157064.46875 379748.43750 19.07900
v 157066.10938 379744.34375 19.07900
v 157077.04688 379749.81250 19.07900
v 157069.09375 379768.81250 23.07000
v 157072.31250 379771.87500 23.07000
v 157064.46875 379748.43750 23.07000
v 157063.76562 379752.75000 23.07000
v 157066.10938 379744.34375 23.07000
v 157079.84375 379762.21875 23.07000
v 157078.37500 379760.84375 23.07000
v 157077.04688 379749.81250 23.07000
v 157063.87500 379757.06250 23.07000
v 157076.31250 379751.75000 23.07000
v 157076.46875 379757.50000 23.07000
v 157076.07812 379755.56250 23.07000
v 157064.82812 379761.31250 23.07000
v 157075.98438 379753.65625 23.07000
v 157066.59375 379765.25000 23.07000
v 157077.25000 379759.21875 23.07000
v 157073.21875 379752.25000 23.07000
v 157073.03125 379752.71875 23.07000
v 157073.03125 379752.71875 19.07900
v 157073.21875 379752.25000 19.07900
v 157072.93750 379752.40625 23.07000
v 157072.93750 379752.40625 19.07900
v 157036.26562 379685.18750 19.64500
v 157041.06250 379688.87500 19.64500
v 157046.32812 379680.59375 19.64500
v 157051.53125 379685.62500 19.64500
v 157052.01562 379685.00000 19.64500
v 157050.51562 379666.93750 19.64500
v 157054.46875 379670.06250 19.64500
v 157051.79688 379685.90625 19.64500
v 157037.48438 379693.56250 19.64500
v 157042.70312 379697.59375 19.64500
v 157037.48438 379693.56250 22.82200
v 157042.70312 379697.59375 22.82200
v 157041.06250 379688.87500 22.82200
v 157051.53125 379685.62500 22.82200
v 157052.01562 379685.00000 22.82200
v 157046.32812 379680.59375 22.82200
v 157036.26562 379685.18750 22.82200
v 157054.46875 379670.06250 22.82200
v 157050.51562 379666.93750 22.82200
v 157051.79688 379685.90625 22.82200
v 157061.51562 379689.50000 19.59300
v 157056.71875 379685.75000 19.59300
v 157045.65625 379699.90625 19.59300
v 157050.45312 379703.65625 19.59300
v 157056.71875 379685.75000 24.39900
v 157045.65625 379699.90625 24.39900
v 157061.51562 379689.50000 24.39900
v 157050.45312 379703.65625 24.39900
v 157271.00000 379518.50000 18.83700
v 157271.12500 379518.59375 18.83700
v 157274.03125 379514.59375 18.83700
v 157271.01562 379518.71875 18.83700
v 157296.14062 379538.28125 18.83700
v 157299.28125 379534.25000 18.83700
v 157296.14062 379538.28125 21.35500
v 157299.28125 379534.25000 21.35500
v 157271.01562 379518.71875 21.35500
v 157271.12500 379518.59375 21.35500
v 157271.00000 379518.50000 21.35500
v 157274.03125 379514.59375 21.35500
v 157179.26562 379686.03125 32.40200
v 157175.01562 379686.15625 32.40200
v 157176.67188 379684.03125 32.40200
v 157214.23438 379703.31250 32.40200
v 157218.09375 379706.46875 32.40200
v 157214.17188 379703.40625 32.40200
v 157218.90625 379680.75000 32.40200
v 157180.14062 379553.37500 32.40200
v 157161.40625 379577.46875 32.40200
v 157158.76562 379575.40625 32.40200
v 157244.79688 379660.68750 32.40200
v 157230.82812 379678.62500 32.40200
v 157224.45312 379673.65625 32.40200
v 157256.65625 379664.12500 32.40200
v 157257.62500 379663.50000 32.40200
v 157259.14062 379668.09375 32.40200
v 157237.28125 379654.84375 32.40200
v 157168.75000 379644.31250 32.40200
v 157215.42188 379696.46875 32.40200
v 157211.67188 379701.28125 32.40200
v 157224.90625 379697.68750 32.40200
v 157228.21875 379688.53125 32.40200
v 157235.54688 379694.21875 32.40200
v 157224.35938 379685.03125 32.40200
v 157218.81250 379715.75000 32.40200
v 157213.85938 379711.90625 32.40200
v 157218.03125 379698.53125 32.40200
v 157215.64062 379701.56250 32.40200
v 157206.81250 379707.53125 32.40200
v 157222.53125 379695.84375 32.40200
v 157219.54688 379704.59375 32.40200
v 157313.53125 379598.43750 32.40200
v 157325.53125 379583.06250 32.40200
v 157327.14062 379584.31250 32.40200
v 157292.15625 379630.06250 32.40200
v 157294.64062 379634.03125 32.40200
v 157290.37500 379631.15625 32.40200
v 157157.07812 379682.78125 32.40200
v 157208.54688 379716.71875 32.40200
v 157199.10938 379728.93750 32.40200
v 157161.56250 379672.25000 32.40200
v 157162.57812 379670.96875 32.40200
v 157133.18750 379684.96875 32.40200
v 157076.92188 379643.40625 32.40200
v 157078.00000 379641.96875 32.40200
v 157177.59375 379688.18750 32.40200
v 157160.20312 379669.09375 32.40200
v 157174.53125 379636.75000 32.40200
v 157166.37500 379642.46875 32.40200
v 157108.50000 379716.59375 32.40200
v 157110.87500 379718.43750 32.40200
v 157100.51562 379732.12500 32.40200
v 157218.50000 379724.21875 32.40200
v 157208.89062 379736.65625 32.40200
v 157208.64062 379716.59375 32.40200
v 157106.93750 379737.12500 32.40200
v 157117.62500 379723.68750 32.40200
v 157159.92188 379679.12500 32.40200
v 157199.00000 379729.06250 32.40200
v 157221.48438 379576.75000 32.40200
v 157225.84375 379571.15625 32.40200
v 157288.87500 379630.00000 32.40200
v 157153.26562 379687.68750 32.40200
v 157150.46875 379691.28125 32.40200
v 157133.51562 379708.21875 32.40200
v 157186.62500 379743.65625 32.40200
v 157182.87500 379748.46875 32.40200
v 157152.37500 379679.15625 32.40200
v 157148.56250 379684.03125 32.40200
v 157096.73438 379731.81250 32.40200
v 157057.60938 379709.25000 32.40200
v 157075.43750 379686.43750 32.40200
v 157192.18750 379746.09375 32.40200
v 157189.57812 379739.87500 32.40200
v 157194.23438 379743.50000 32.40200
v 157194.85938 379733.06250 32.40200
v 157143.26562 379695.75000 32.40200
v 157180.21875 379751.71875 32.40200
v 157184.96875 379755.40625 32.40200
v 157167.18750 379768.50000 32.40200
v 157144.67188 379693.93750 32.40200
v 157199.78125 379736.40625 32.40200
v 157205.48438 379740.84375 32.40200
v 157272.25000 379654.37500 32.40200
v 157274.01562 379653.28125 32.40200
v 157276.50000 379657.25000 32.40200
v 157177.59375 379776.56250 32.40200
v 157187.53125 379742.46875 32.40200
v 157120.03125 379725.53125 32.40200
v 157122.12500 379722.84375 32.40200
v 157132.25000 379730.75000 32.40200
v 157132.10938 379710.03125 32.40200
v 157190.26562 379746.46875 32.40200
v 157186.56250 379751.28125 32.40200
v 157182.31250 379749.18750 32.40200
v 157131.78125 379686.78125 32.40200
v 157122.03125 379699.28125 32.40200
v 157140.87500 379693.90625 32.40200
v 157131.12500 379706.37500 32.40200
v 157139.57812 379773.21875 32.40200
v 157108.17188 379740.75000 32.40200
v 157134.71875 379732.65625 32.40200
v 157104.31250 379745.68750 32.40200
v 157148.67188 379739.75000 32.40200
v 157136.57812 379730.28125 32.40200
v 157152.48438 379734.87500 32.40200
v 157137.92188 379723.50000 32.40200
v 157157.42188 379750.37500 32.40200
v 157105.65625 379738.78125 32.40200
v 157120.62500 379701.06250 32.40200
v 157066.25000 379657.03125 32.40200
v 157057.15625 379644.81250 32.40200
v 157060.84375 379640.06250 32.40200
v 157065.29688 379656.71875 32.40200
v 157060.54688 379657.93750 32.40200
v 157042.93750 379653.75000 32.40200
v 157099.21875 379733.78125 32.40200
v 157092.87500 379736.78125 32.40200
v 157074.68750 379641.65625 32.40200
v 157046.93750 379641.46875 32.40200
v 157134.15625 379688.62500 32.40200
v 157124.40625 379701.12500 32.40200
v 157110.59375 379713.90625 32.40200
v 157065.45312 379658.06250 32.40200
v 157173.06250 379620.78125 32.40200
v 157126.92188 379598.65625 32.40200
v 157141.89062 379579.31250 32.40200
v 157064.50000 379659.21875 32.40200
v 157060.09375 379659.31250 32.40200
v 157057.78125 379621.25000 32.40200
v 157049.81250 379631.46875 32.40200
v 157078.18750 379637.18750 32.40200
v 157139.73438 379681.46875 32.40200
v 157140.37500 379673.12500 32.40200
v 157136.07812 379678.62500 32.40200
v 157117.54688 379601.53125 32.40200
v 157113.17188 379638.62500 32.40200
v 157106.79688 379646.75000 32.40200
v 157112.60938 379638.18750 32.40200
v 157114.26562 379605.75000 32.40200
v 157086.40625 379629.00000 32.40200
v 157096.50000 379615.71875 32.40200
v 157101.03125 379619.93750 32.40200
v 157094.45312 379635.18750 32.40200
v 157093.64062 379636.21875 32.40200
v 157102.46875 379641.53125 32.40200
v 157101.71875 379642.53125 32.40200
v 157107.14062 379645.18750 32.40200
v 157124.35938 379556.06250 32.40200
v 157114.01562 379549.37500 32.40200
v 157141.34375 379514.28125 32.40200
v 157112.85938 379604.65625 32.40200
v 157167.37500 379641.18750 32.40200
v 157181.00000 379616.62500 32.40200
v 157190.48438 379616.37500 32.40200
v 157176.00000 379623.03125 32.40200
v 157168.81250 379632.25000 32.40200
v 157184.39062 379547.90625 32.40200
v 157181.45312 379609.93750 32.40200
v 157178.04688 379614.34375 32.40200
v 157166.48438 379629.28125 32.40200
v 157154.45312 379580.93750 32.40200
v 157131.01562 379559.59375 32.40200
v 157184.70312 379611.84375 32.40200
v 157157.06250 379583.06250 32.40200
v 157191.73438 379609.87500 32.40200
v 157240.76562 379650.34375 32.40200
v 157194.10938 379611.71875 32.40200
v 157177.48438 379551.31250 32.40200
v 157191.62500 379610.03125 32.40200
v 157129.53125 379561.50000 32.40200
v 157248.93750 379555.03125 32.40200
v 157228.14062 379568.21875 32.40200
v 157233.40625 379561.46875 32.40200
v 157123.67188 379556.90625 32.40200
v 157181.79688 379545.78125 32.40200
v 157239.95312 379547.96875 32.40200
v 157307.01562 379606.75000 32.40200
v 157295.39062 379621.65625 32.40200
v 157172.28125 379513.87500 32.40200
v 157150.18750 379496.56250 32.40200
v 157174.68750 379465.28125 32.40200
v 157220.12500 379566.68750 32.40200
v 157222.42188 379563.75000 32.40200
v 157196.79688 379482.59375 32.40200
v 157255.40625 379528.25000 32.40200
v 157264.42188 379535.28125 32.40200
v 157325.59375 379583.00000 32.40200
v 157330.92188 379587.56250 32.40200
v 157328.39062 379583.56250 32.40200
v 157310.29688 379606.81250 32.40200
v 157312.76562 379610.78125 32.40200
v 157308.51562 379607.93750 32.40200
v 157277.25000 379644.87500 32.40200
v 157270.75000 379653.21875 32.40200
v 157257.62500 379663.50000 18.94700
v 157240.76562 379650.34375 18.94700
v 157237.28125 379654.84375 18.94700
v 157244.79688 379660.68750 18.94700
v 157230.82812 379678.62500 18.94700
v 157224.45312 379673.65625 18.94700
v 157218.90625 379680.75000 18.94700
v 157224.35938 379685.03125 18.94700
v 157215.42188 379696.46875 18.94700
v 157218.03125 379698.53125 18.94700
v 157215.64062 379701.56250 18.94700
v 157219.54688 379704.59375 18.94700
v 157224.90625 379697.68750 18.94700
v 157222.53125 379695.84375 18.94700
v 157228.21875 379688.53125 18.94700
v 157235.54688 379694.21875 18.94700
v 157218.81250 379715.75000 18.94700
v 157213.85938 379711.90625 18.94700
v 157218.09375 379706.46875 18.94700
v 157214.17188 379703.40625 18.94700
v 157214.23438 379703.31250 18.94700
v 157211.67188 379701.28125 18.94700
v 157206.81250 379707.53125 18.94700
v 157179.26562 379686.03125 18.94700
v 157177.59375 379688.18750 18.94700
v 157175.01562 379686.15625 18.94700
v 157176.67188 379684.03125 18.94700
v 157161.56250 379672.25000 18.94700
v 157162.57812 379670.96875 18.94700
v 157160.20312 379669.09375 18.94700
v 157152.37500 379679.15625 18.94700
v 157157.07812 379682.78125 18.94700
v 157159.92188 379679.12500 18.94700
v 157208.54688 379716.71875 18.94700
v 157208.64062 379716.59375 18.94700
v 157218.50000 379724.21875 18.94700
v 157208.89062 379736.65625 18.94700
v 157199.00000 379729.06250 18.94700
v 157199.10938 379728.93750 18.94700
v 157150.46875 379691.28125 18.94700
v 157153.26562 379687.68750 18.94700
v 157148.56250 379684.03125 18.94700
v 157140.87500 379693.90625 18.94700
v 157143.26562 379695.75000 18.94700
v 157144.67188 379693.93750 18.94700
v 157194.85938 379733.06250 18.94700
v 157189.57812 379739.87500 18.94700
v 157194.23438 379743.50000 18.94700
v 157199.78125 379736.40625 18.94700
v 157205.48438 379740.84375 18.94700
v 157177.59375 379776.56250 18.94700
v 157167.18750 379768.50000 18.94700
v 157180.21875 379751.71875 18.94700
v 157184.96875 379755.40625 18.94700
v 157192.18750 379746.09375 18.94700
v 157187.53125 379742.46875 18.94700
v 157186.62500 379743.65625 18.94700
v 157190.26562 379746.46875 18.94700
v 157186.56250 379751.28125 18.94700
v 157182.87500 379748.46875 18.94700
v 157182.31250 379749.18750 18.94700
v 157132.10938 379710.03125 18.94700
v 157133.51562 379708.21875 18.94700
v 157131.12500 379706.37500 18.94700
v 157117.62500 379723.68750 18.94700
v 157120.03125 379725.53125 18.94700
v 157122.12500 379722.84375 18.94700
v 157132.25000 379730.75000 18.94700
v 157137.92188 379723.50000 18.94700
v 157152.48438 379734.87500 18.94700
v 157148.67188 379739.75000 18.94700
v 157136.57812 379730.28125 18.94700
v 157134.71875 379732.65625 18.94700
v 157157.42188 379750.37500 18.94700
v 157139.57812 379773.21875 18.94700
v 157104.31250 379745.68750 18.94700
v 157108.17188 379740.75000 18.94700
v 157105.65625 379738.78125 18.94700
v 157106.93750 379737.12500 18.94700
v 157100.51562 379732.12500 18.94700
v 157099.21875 379733.78125 18.94700
v 157096.73438 379731.81250 18.94700
v 157092.87500 379736.78125 18.94700
v 157057.60938 379709.25000 18.94700
v 157075.43750 379686.43750 18.94700
v 157110.59375 379713.90625 18.94700
v 157108.50000 379716.59375 18.94700
v 157110.87500 379718.43750 18.94700
v 157124.40625 379701.12500 18.94700
v 157122.03125 379699.28125 18.94700
v 157120.62500 379701.06250 18.94700
v 157065.45312 379658.06250 18.94700
v 157066.25000 379657.03125 18.94700
v 157065.29688 379656.71875 18.94700
v 157064.50000 379659.21875 18.94700
v 157060.54688 379657.93750 18.94700
v 157060.09375 379659.31250 18.94700
v 157042.93750 379653.75000 18.94700
v 157046.93750 379641.46875 18.94700
v 157057.15625 379644.81250 18.94700
v 157060.84375 379640.06250 18.94700
v 157049.81250 379631.46875 18.94700
v 157057.78125 379621.25000 18.94700
v 157078.18750 379637.18750 18.94700
v 157074.68750 379641.65625 18.94700
v 157076.92188 379643.40625 18.94700
v 157078.00000 379641.96875 18.94700
v 157133.18750 379684.96875 18.94700
v 157131.78125 379686.78125 18.94700
v 157134.15625 379688.62500 18.94700
v 157139.73438 379681.46875 18.94700
v 157136.07812 379678.62500 18.94700
v 157140.37500 379673.12500 18.94700
v 157106.79688 379646.75000 18.94700
v 157113.17188 379638.62500 18.94700
v 157112.60938 379638.18750 18.94700
v 157107.14062 379645.18750 18.94700
v 157102.46875 379641.53125 18.94700
v 157101.71875 379642.53125 18.94700
v 157093.64062 379636.21875 18.94700
v 157094.45312 379635.18750 18.94700
v 157086.40625 379629.00000 18.94700
v 157096.50000 379615.71875 18.94700
v 157101.03125 379619.93750 18.94700
v 157112.85938 379604.65625 18.94700
v 157114.26562 379605.75000 18.94700
v 157117.54688 379601.53125 18.94700
v 157167.37500 379641.18750 18.94700
v 157166.37500 379642.46875 18.94700
v 157168.75000 379644.31250 18.94700
v 157174.53125 379636.75000 18.94700
v 157168.81250 379632.25000 18.94700
v 157176.00000 379623.03125 18.94700
v 157173.06250 379620.78125 18.94700
v 157166.48438 379629.28125 18.94700
v 157126.92188 379598.65625 18.94700
v 157141.89062 379579.31250 18.94700
v 157181.45312 379609.93750 18.94700
v 157178.04688 379614.34375 18.94700
v 157181.00000 379616.62500 18.94700
v 157184.70312 379611.84375 18.94700
v 157190.48438 379616.37500 18.94700
v 157194.10938 379611.71875 18.94700
v 157191.73438 379609.87500 18.94700
v 157191.62500 379610.03125 18.94700
v 157157.06250 379583.06250 18.94700
v 157161.40625 379577.46875 18.94700
v 157158.76562 379575.40625 18.94700
v 157154.45312 379580.93750 18.94700
v 157129.53125 379561.50000 18.94700
v 157131.01562 379559.59375 18.94700
v 157124.35938 379556.06250 18.94700
v 157123.67188 379556.90625 18.94700
v 157114.01562 379549.37500 18.94700
v 157141.34375 379514.28125 18.94700
v 157181.79688 379545.78125 18.94700
v 157177.48438 379551.31250 18.94700
v 157180.14062 379553.37500 18.94700
v 157184.39062 379547.90625 18.94700
v 157221.48438 379576.75000 18.94700
v 157225.84375 379571.15625 18.94700
v 157220.12500 379566.68750 18.94700
v 157222.42188 379563.75000 18.94700
v 157228.14062 379568.21875 18.94700
v 157233.40625 379561.46875 18.94700
v 157172.28125 379513.87500 18.94700
v 157150.18750 379496.56250 18.94700
v 157174.68750 379465.28125 18.94700
v 157196.79688 379482.59375 18.94700
v 157255.40625 379528.25000 18.94700
v 157239.95312 379547.96875 18.94700
v 157248.93750 379555.03125 18.94700
v 157264.42188 379535.28125 18.94700
v 157325.59375 379583.00000 18.94700
v 157325.53125 379583.06250 18.94700
v 157327.14062 379584.31250 18.94700
v 157328.39062 379583.56250 18.94700
v 157330.92188 379587.56250 18.94700
v 157313.53125 379598.43750 18.94700
v 157307.01562 379606.75000 18.94700
v 157308.51562 379607.93750 18.94700
v 157310.29688 379606.81250 18.94700
v 157312.76562 379610.78125 18.94700
v 157295.39062 379621.65625 18.94700
v 157288.87500 379630.00000 18.94700
v 157290.37500 379631.15625 18.94700
v 157292.15625 379630.06250 18.94700
v 157294.64062 379634.03125 18.94700
v 157277.25000 379644.87500 18.94700
v 157270.75000 379653.21875 18.94700
v 157272.25000 379654.37500 18.94700
v 157274.01562 379653.28125 18.94700
v 157276.50000 379657.25000 18.94700
v 157259.14062 379668.09375 18.94700
v 157256.65625 379664.12500 18.94700
v 157177.57812 379678.34375 32.40200
v 157182.04688 379672.62500 18.94700
v 157177.57812 379678.34375 18.94700
v 157182.04688 379672.62500 32.40200
v 157181.75000 379681.59375 32.40200
v 157181.75000 379681.59375 18.94700
v 157186.21875 379675.87500 32.40200
v 157186.21875 379675.87500 18.94700
v 157129.65625 379551.84375 32.40200
v 157137.09375 379542.28125 18.94700
v 157129.65625 379551.84375 18.94700
v 157137.09375 379542.28125 32.40200
v 157138.90625 379557.75000 32.40200
v 157138.90625 379557.75000 18.94700
v 157145.70312 379549.00000 32.40200
v 157145.70312 379549.00000 18.94700
v 157139.43750 379539.28125 32.40200
v 157146.85938 379529.75000 18.94700
v 157139.43750 379539.28125 18.94700
v 157146.85938 379529.75000 32.40200
v 157148.04688 379545.96875 32.40200
v 157148.04688 379545.96875 18.94700
v 157154.84375 379537.25000 32.40200
v 157154.84375 379537.25000 18.94700
v 157160.67188 379572.96875 32.40200
v 157175.57812 379553.75000 18.94700
v 157160.67188 379572.96875 18.94700
v 157175.57812 379553.75000 32.40200
v 157163.31250 379575.03125 32.40200
v 157163.31250 379575.03125 18.94700
v 157166.00000 379571.56250 32.40200
v 157166.00000 379571.56250 18.94700
v 157180.28125 379582.75000 32.40200
v 157180.28125 379582.75000 18.94700
v 157189.82812 379570.53125 32.40200
v 157189.82812 379570.53125 18.94700
v 157175.46875 379559.40625 32.40200
v 157175.46875 379559.40625 18.94700
v 157178.25000 379555.81250 32.40200
v 157178.25000 379555.81250 18.94700
v 157198.71875 379577.37500 32.40200
v 157210.09375 379586.31250 18.94700
v 157198.71875 379577.37500 18.94700
v 157210.09375 379586.31250 32.40200
v 157188.93750 379589.81250 32.40200
v 157188.93750 379589.81250 18.94700
v 157200.26562 379598.71875 32.40200
v 157200.26562 379598.71875 18.94700
v 157199.26562 379599.96875 32.40200
v 157199.26562 379599.96875 18.94700
v 157201.85938 379602.03125 32.40200
v 157201.85938 379602.03125 18.94700
v 157213.81250 379586.81250 32.40200
v 157213.81250 379586.81250 18.94700
v 157211.28125 379584.81250 32.40200
v 157211.28125 379584.81250 18.94700
v 157221.48438 379594.81250 32.40200
v 157232.92188 379603.59375 18.94700
v 157221.48438 379594.81250 18.94700
v 157232.92188 379603.59375 32.40200
v 157222.50000 379593.46875 32.40200
v 157222.50000 379593.46875 18.94700
v 157219.92188 379591.50000 32.40200
v 157219.92188 379591.50000 18.94700
v 157208.42188 379606.46875 32.40200
v 157208.42188 379606.46875 18.94700
v 157211.01562 379608.46875 32.40200
v 157211.01562 379608.46875 18.94700
v 157211.96875 379607.21875 32.40200
v 157211.96875 379607.21875 18.94700
v 157223.39062 379616.00000 32.40200
v 157223.39062 379616.00000 18.94700
v 157232.34375 379623.31250 32.40200
v 157241.84375 379611.12500 18.94700
v 157232.34375 379623.31250 18.94700
v 157241.84375 379611.12500 32.40200
v 157246.39062 379634.25000 32.40200
v 157246.39062 379634.25000 18.94700
v 157247.21875 379633.21875 32.40200
v 157247.21875 379633.21875 18.94700
v 157244.57812 379631.15625 32.40200
v 157244.57812 379631.15625 18.94700
v 157248.28125 379626.40625 32.40200
v 157248.28125 379626.40625 18.94700
v 157250.92188 379628.46875 32.40200
v 157250.92188 379628.46875 18.94700
v 157255.89062 379622.09375 32.40200
v 157255.89062 379622.09375 18.94700
v 157251.68750 379637.62500 32.40200
v 157259.59375 379627.50000 18.94700
v 157251.68750 379637.62500 18.94700
v 157259.59375 379627.50000 32.40200
v 157262.34375 379645.96875 32.40200
v 157262.34375 379645.96875 18.94700
v 157270.25000 379635.84375 32.40200
v 157270.25000 379635.84375 18.94700
v 157269.84375 379614.40625 32.40200
v 157277.75000 379604.31250 18.94700
v 157269.84375 379614.40625 18.94700
v 157277.75000 379604.31250 32.40200
v 157280.50000 379622.75000 32.40200
v 157280.50000 379622.75000 18.94700
v 157288.42188 379612.62500 32.40200
v 157288.42188 379612.62500 18.94700
v 157228.00000 379581.90625 32.40200
v 157235.93750 379571.75000 18.94700
v 157228.00000 379581.90625 18.94700
v 157235.93750 379571.75000 32.40200
v 157237.64062 379589.43750 32.40200
v 157237.64062 379589.43750 18.94700
v 157239.04688 379587.65625 32.40200
v 157239.04688 379587.65625 18.94700
v 157259.09375 379603.31250 32.40200
v 157259.09375 379603.31250 18.94700
v 157257.71875 379605.06250 32.40200
v 157257.71875 379605.06250 18.94700
v 157264.73438 379610.50000 32.40200
v 157264.73438 379610.50000 18.94700
v 157272.64062 379600.37500 32.40200
v 157272.64062 379600.37500 18.94700
v 157269.90625 379598.25000 32.40200
v 157269.90625 379598.25000 18.94700
v 157269.64062 379598.59375 32.40200
v 157269.64062 379598.59375 18.94700
v 157267.62500 379597.56250 32.40200
v 157267.62500 379597.56250 18.94700
v 157265.64062 379596.46875 32.40200
v 157265.64062 379596.46875 18.94700
v 157263.70312 379595.28125 32.40200
v 157263.70312 379595.28125 18.94700
v 157261.81250 379594.06250 32.40200
v 157261.81250 379594.06250 18.94700
v 157259.95312 379592.75000 32.40200
v 157259.95312 379592.75000 18.94700
v 157258.14062 379591.40625 32.40200
v 157258.14062 379591.40625 18.94700
v 157256.39062 379589.96875 32.40200
v 157256.39062 379589.96875 18.94700
v 157254.67188 379588.50000 32.40200
v 157254.67188 379588.50000 18.94700
v 157253.01562 379586.93750 32.40200
v 157253.01562 379586.93750 18.94700
v 157251.42188 379585.34375 32.40200
v 157251.42188 379585.34375 18.94700
v 157249.87500 379583.68750 32.40200
v 157249.87500 379583.68750 18.94700
v 157248.37500 379582.00000 32.40200
v 157248.37500 379582.00000 18.94700
v 157248.64062 379581.65625 32.40200
v 157248.64062 379581.65625 18.94700
v 157288.01562 379591.18750 32.40200
v 157295.92188 379581.09375 18.94700
v 157288.01562 379591.18750 18.94700
v 157295.92188 379581.09375 32.40200
v 157298.67188 379599.53125 32.40200
v 157298.67188 379599.53125 18.94700
v 157306.57812 379589.43750 32.40200
v 157306.57812 379589.43750 18.94700
v 157282.29688 379570.40625 32.40200
v 157292.95312 379578.75000 18.94700
v 157282.29688 379570.40625 18.94700
v 157292.95312 379578.75000 32.40200
v 157274.39062 379580.53125 32.40200
v 157274.39062 379580.53125 18.94700
v 157285.04688 379588.84375 32.40200
v 157285.04688 379588.84375 18.94700
v 157263.39062 379555.62500 32.40200
v 157273.51562 379563.53125 18.94700
v 157263.39062 379555.62500 18.94700
v 157273.51562 379563.53125 32.40200
v 157252.84375 379569.12500 32.40200
v 157252.84375 379569.12500 18.94700
v 157262.95312 379577.03125 32.40200
v 157262.95312 379577.03125 18.94700
v 157208.10938 379511.56250 32.40200
v 157226.28125 379525.71875 18.94700
v 157208.10938 379511.56250 18.94700
v 157226.28125 379525.71875 32.40200
v 157201.17188 379520.50000 32.40200
v 157201.17188 379520.50000 18.94700
v 157219.31250 379534.62500 32.40200
v 157219.31250 379534.62500 18.94700
v 157213.73438 379676.71875 32.40200
v 157179.14062 379649.78125 18.94700
v 157213.73438 379676.71875 18.94700
v 157179.14062 379649.78125 32.40200
v 157219.28125 379669.59375 32.40200
v 157219.28125 379669.59375 18.94700
v 157184.53125 379642.50000 32.40200
v 157184.53125 379642.50000 18.94700
v 157185.65625 379641.03125 32.40200
v 157185.65625 379641.03125 18.94700
v 157183.43750 379639.31250 32.40200
v 157183.43750 379639.31250 18.94700
v 157175.78125 379649.15625 32.40200
v 157175.78125 379649.15625 18.94700
v 157178.17188 379651.00000 32.40200
v 157178.17188 379651.00000 18.94700
v 157195.15625 379624.31250 32.40200
v 157200.87500 379616.96875 18.94700
v 157195.15625 379624.31250 18.94700
v 157200.87500 379616.96875 32.40200
v 157197.35938 379626.03125 32.40200
v 157197.35938 379626.03125 18.94700
v 157198.50000 379624.59375 32.40200
v 157198.50000 379624.59375 18.94700
v 157233.25000 379651.68750 32.40200
v 157233.25000 379651.68750 18.94700
v 157237.73438 379645.96875 32.40200
v 157237.73438 379645.96875 18.94700
v 157217.59375 379630.28125 32.40200
v 157217.59375 379630.28125 18.94700
v 157217.23438 379630.71875 32.40200
v 157217.23438 379630.71875 18.94700
v 157214.40625 379628.53125 32.40200
v 157214.40625 379628.53125 18.94700
v 157214.78125 379628.06250 32.40200
v 157214.78125 379628.06250 18.94700
v 157209.07812 379623.62500 32.40200
v 157209.07812 379623.62500 18.94700
v 157208.71875 379624.09375 32.40200
v 157208.71875 379624.09375 18.94700
v 157205.89062 379621.90625 32.40200
v 157205.89062 379621.90625 18.94700
v 157206.26562 379621.40625 32.40200
v 157206.26562 379621.40625 18.94700
v 157203.15625 379618.96875 32.40200
v 157203.15625 379618.96875 18.94700
v 157203.25000 379618.84375 32.40200
v 157203.25000 379618.84375 18.94700
v 157328.56250 379875.43750 18.85600
v 157329.20312 379876.00000 18.85600
v 157335.28125 379868.00000 18.85600
v 157342.70312 379874.75000 18.85600
v 157382.96875 379904.46875 18.85600
v 157345.87500 379945.43750 18.85600
v 157325.98438 379879.56250 18.85600
v 157301.12500 379904.90625 18.85600
v 157324.92188 379878.59375 18.85600
v 157345.75000 379871.37500 18.85600
v 157324.92188 379878.59375 28.41800
v 157301.12500 379904.90625 28.41800
v 157325.98438 379879.56250 28.41800
v 157345.87500 379945.43750 28.41800
v 157332.34375 379874.25000 28.41800
v 157336.31250 379869.87500 28.41800
v 157336.31250 379869.87500 23.50300
v 157332.34375 379874.25000 23.50300
v 157335.28125 379868.00000 28.41800
v 157328.56250 379875.43750 28.41800
v 157342.96875 379875.90625 28.41800
v 157342.23438 379877.15625 28.41800
v 157342.23438 379877.15625 23.50300
v 157342.96875 379875.90625 23.50300
v 157382.96875 379904.46875 28.41800
v 157345.75000 379871.37500 28.41800
v 157329.20312 379876.00000 28.41800
v 157338.95312 379880.12500 28.41800
v 157338.95312 379880.12500 23.50300
v 157342.70312 379874.75000 28.41800
v 157358.23438 379615.43750 19.04900
v 157357.59375 379620.59375 19.04900
v 157360.17188 379619.84375 19.04900
v 157355.57812 379616.50000 19.04900
v 157352.14062 379621.62500 19.04900
v 157350.50000 379617.90625 19.04900
v 157346.20312 379618.43750 19.04900
v 157346.46875 379621.81250 19.04900
v 157346.60938 379621.81250 19.04900
v 157350.50000 379617.90625 22.95300
v 157346.20312 379618.43750 22.95300
v 157346.60938 379621.81250 22.95300
v 157346.46875 379621.81250 22.95300
v 157352.14062 379621.62500 22.95300
v 157355.57812 379616.50000 22.95300
v 157358.23438 379615.43750 22.95300
v 157357.59375 379620.59375 22.95300
v 157360.17188 379619.84375 22.95300
v 157378.45312 379581.12500 19.03100
v 157378.46875 379581.59375 19.03100
v 157385.40625 379580.62500 19.03100
v 157376.28125 379584.34375 19.03100
v 157385.59375 379584.28125 19.03100
v 157376.20312 379581.75000 19.03100
v 157376.12500 379587.15625 19.03100
v 157385.17188 379589.81250 19.03100
v 157375.71875 379589.96875 19.03100
v 157375.07812 379592.71875 19.03100
v 157383.95312 379595.18750 19.03100
v 157374.18750 379595.37500 19.03100
v 157382.03125 379600.15625 19.03100
v 157382.54688 379599.00000 19.03100
v 157373.06250 379597.90625 19.03100
v 157379.29688 379605.03125 19.03100
v 157375.87500 379609.46875 19.03100
v 157370.54688 379602.28125 19.03100
v 157375.09375 379610.31250 19.03100
v 157366.29688 379610.28125 19.03100
v 157372.10938 379613.06250 19.03100
v 157364.64062 379608.87500 19.03100
v 157357.20312 379599.31250 19.03100
v 157366.14062 379596.56250 19.03100
v 157365.09375 379594.12500 19.03100
v 157355.62500 379594.84375 19.03100
v 157364.35938 379591.59375 19.03100
v 157355.25000 379593.21875 19.03100
v 157363.95312 379588.96875 19.03100
v 157354.73438 379589.78125 19.03100
v 157363.89062 379586.21875 19.03100
v 157361.96875 379583.34375 19.03100
v 157355.21875 379581.65625 19.03100
v 157354.73438 379584.96875 19.03100
v 157364.23438 379583.78125 19.03100
v 157362.04688 379582.90625 19.03100
v 157358.82812 379602.40625 19.03100
v 157367.51562 379598.84375 19.03100
v 157360.18750 379604.43750 19.03100
v 157361.67188 379606.37500 19.03100
v 157369.17188 379600.93750 19.03100
v 157362.48438 379607.34375 19.03100
v 157362.78125 379607.09375 19.03100
v 157364.71875 379611.53125 19.03100
v 157367.46875 379616.37500 19.03100
v 157363.06250 379612.71875 19.03100
v 157366.09375 379617.18750 19.03100
v 157371.73438 379600.46875 19.03100
v 157383.28125 379597.18750 19.03100
v 157366.29688 379610.28125 26.40700
v 157364.71875 379611.53125 26.40700
v 157363.06250 379612.71875 26.40700
v 157364.23438 379583.78125 26.40700
v 157361.96875 379583.34375 26.40700
v 157362.04688 379582.90625 26.40700
v 157362.78125 379607.09375 26.40700
v 157364.64062 379608.87500 26.40700
v 157366.09375 379617.18750 26.40700
v 157364.35938 379591.59375 26.40700
v 157363.95312 379588.96875 26.40700
v 157362.48438 379607.34375 26.40700
v 157361.67188 379606.37500 26.40700
v 157358.82812 379602.40625 26.40700
v 157360.18750 379604.43750 26.40700
v 157363.89062 379586.21875 26.40700
v 157357.20312 379599.31250 26.40700
v 157354.73438 379589.78125 26.40700
v 157354.73438 379584.96875 26.40700
v 157355.62500 379594.84375 26.40700
v 157355.21875 379581.65625 26.40700
v 157355.25000 379593.21875 26.40700
v 157365.09375 379594.12500 26.40700
v 157370.54688 379602.28125 26.40700
v 157369.17188 379600.93750 26.40700
v 157366.14062 379596.56250 26.40700
v 157367.51562 379598.84375 26.40700
v 157379.29688 379605.03125 26.40700
v 157382.03125 379600.15625 26.40700
v 157382.54688 379599.00000 26.40700
v 157383.28125 379597.18750 26.40700
v 157371.73438 379600.46875 26.40700
v 157373.06250 379597.90625 26.40700
v 157375.71875 379589.96875 26.40700
v 157375.07812 379592.71875 26.40700
v 157374.18750 379595.37500 26.40700
v 157376.12500 379587.15625 26.40700
v 157376.28125 379584.34375 26.40700
v 157385.59375 379584.28125 26.40700
v 157385.40625 379580.62500 26.40700
v 157376.20312 379581.75000 26.40700
v 157367.46875 379616.37500 26.40700
v 157378.46875 379581.59375 26.40700
v 157378.45312 379581.12500 26.40700
v 157385.17188 379589.81250 26.40700
v 157383.95312 379595.18750 26.40700
v 157375.87500 379609.46875 26.40700
v 157375.09375 379610.31250 26.40700
v 157372.10938 379613.06250 26.40700
v 157569.82812 379834.03125 18.90200
v 157574.26562 379838.50000 18.90200
v 157574.37500 379838.40625 18.90200
v 157574.70312 379838.75000 18.90200
v 157575.20312 379839.43750 18.90200
v 157584.32812 379830.00000 18.90200
v 157582.65625 379828.37500 18.90200
v 157571.68750 379832.09375 18.90200
v 157571.25000 379832.53125 18.90200
v 157574.70312 379838.93750 18.90200
v 157576.62500 379822.53125 18.90200
v 157569.46875 379829.93750 18.90200
v 157575.20312 379839.43750 22.52200
v 157584.32812 379830.00000 22.52200
v 157569.46875 379829.93750 26.20900
v 157571.68750 379832.09375 26.20900
v 157576.62500 379822.53125 26.20900
v 157571.39062 379832.62500 26.20900
v 157571.81250 379832.25000 26.20900
v 157571.81250 379832.25000 22.52200
v 157571.39062 379832.62500 22.52200
v 157574.37500 379838.40625 22.52200
v 157574.70312 379838.75000 22.52200
v 157582.65625 379828.37500 22.52200
v 157582.65625 379828.37500 26.20900
v 157572.87500 379833.68750 26.20900
v 157572.87500 379833.68750 22.52200
v 157574.70312 379838.93750 22.52200
v 157571.25000 379832.53125 26.20900
v 157571.25000 379832.53125 22.52200
v 157569.82812 379834.03125 22.52200
v 157574.26562 379838.50000 22.52200
v 157575.12500 379835.28125 26.20900
v 157575.14062 379836.00000 26.20900
v 157575.14062 379836.00000 22.52200
v 157575.12500 379835.28125 22.52200
v 157386.67188 379838.53125 19.34000
v 157392.56250 379848.68750 19.34000
v 157394.96875 379846.00000 19.34000
v 157378.82812 379847.21875 19.34000
v 157375.39062 379850.15625 19.34000
v 157375.81250 379850.56250 19.34000
v 157378.39062 379846.84375 19.34000
v 157371.54688 379855.31250 19.34000
v 157374.73438 379858.21875 19.34000
v 157394.31250 379883.90625 19.34000
v 157370.71875 379862.65625 19.34000
v 157410.76562 379865.21875 19.34000
v 157410.84375 379865.15625 19.34000
v 157410.95312 379865.37500 19.34000
v 157371.54688 379855.31250 26.49900
v 157374.73438 379858.21875 26.49900
v 157375.81250 379850.56250 26.49900
v 157370.71875 379862.65625 26.49900
v 157378.82812 379847.21875 26.49900
v 157378.39062 379846.84375 26.49900
v 157375.39062 379850.15625 26.49900
v 157386.67188 379838.53125 26.49900
v 157392.56250 379848.68750 26.49900
v 157394.96875 379846.00000 26.49900
v 157410.84375 379865.15625 26.49900
v 157410.76562 379865.21875 26.49900
v 157394.31250 379883.90625 26.49900
v 157410.95312 379865.37500 26.49900
v 157548.03125 379707.50000 18.95500
v 157553.51562 379713.06250 18.95500
v 157559.21875 379691.37500 18.95500
v 157547.98438 379707.43750 18.95500
v 157572.21875 379703.96875 18.95500
v 157547.96875 379707.59375 18.95500
v 157553.09375 379723.84375 18.95500
v 157553.40625 379713.18750 18.95500
v 157547.92188 379718.75000 18.95500
v 157546.64062 379730.46875 18.95500
v 157564.42188 379749.03125 18.95500
v 157566.67188 379746.71875 18.95500
v 157576.31250 379741.56250 18.95500
v 157577.82812 379740.00000 18.95500
v 157552.87500 379724.06250 18.95500
v 157577.43750 379742.65625 18.95500
v 157570.21875 379750.18750 18.95500
v 157578.39062 379740.56250 18.95500
v 157583.39062 379735.09375 18.95500
v 157584.35938 379735.96875 18.95500
v 157573.79688 379704.03125 18.95500
v 157593.50000 379724.59375 18.95500
v 157593.65625 379724.75000 18.95500
v 157594.09375 379724.03125 18.95500
v 157553.00000 379724.18750 27.16100
v 157558.42188 379718.50000 27.16100
v 157558.42188 379718.50000 23.10600
v 157553.00000 379724.18750 23.10600
v 157572.21875 379703.96875 31.09400
v 157572.21875 379703.96875 23.10600
v 157558.42188 379718.50000 31.09400
v 157593.65625 379724.75000 23.10600
v 157593.50000 379724.59375 23.10600
v 157594.09375 379724.03125 23.10600
v 157577.43750 379742.65625 23.10600
v 157576.31250 379741.56250 23.10600
v 157570.21875 379750.18750 23.10600
v 157547.98438 379707.43750 31.09400
v 157548.03125 379707.50000 31.09400
v 157547.96875 379707.59375 31.09400
v 157577.82812 379740.00000 23.10600
v 157564.42188 379749.03125 23.10600
v 157566.67188 379746.71875 23.10600
v 157546.64062 379730.46875 23.10600
v 157552.87500 379724.06250 27.16100
v 157552.87500 379724.06250 23.10600
v 157553.09375 379723.84375 27.16100
v 157547.92188 379718.75000 27.16100
v 157559.21875 379691.37500 31.09400
v 157553.51562 379713.06250 31.09400
v 157553.40625 379713.18750 31.09400
v 157553.40625 379713.18750 27.16100
v 157583.39062 379735.09375 23.10600
v 157578.39062 379740.56250 23.10600
v 157584.35938 379735.96875 23.10600
v 157573.79688 379704.03125 23.10600
v 157564.06250 379901.90625 18.71900
v 157563.10938 379919.34375 18.71900
v 157572.18750 379909.90625 18.71900
v 157591.60938 379873.56250 18.71900
v 157579.76562 379862.06250 18.71900
v 157579.73438 379862.09375 18.71900
v 157521.68750 379879.09375 18.71900
v 157579.67188 379862.03125 18.71900
v 157560.39062 379881.87500 18.71900
v 157539.12500 379861.15625 18.71900
v 157539.12500 379861.15625 25.57500
v 157521.68750 379879.09375 25.57500
v 157560.39062 379881.87500 25.57500
v 157563.10938 379919.34375 25.57500
v 157572.18750 379909.90625 25.57500
v 157564.06250 379901.90625 25.57500
v 157579.67188 379862.03125 25.57500
v 157591.60938 379873.56250 25.57500
v 157579.76562 379862.06250 25.57500
v 157579.73438 379862.09375 25.57500
v 157537.45312 379826.71875 18.64600
v 157512.81250 379802.78125 18.64600
v 157520.01562 379844.62500 18.64600
v 157516.20312 379799.31250 18.64600
v 157506.25000 379789.18750 18.64600
v 157485.20312 379810.81250 18.64600
v 157518.42188 379801.46875 18.64600
v 157518.67188 379801.21875 18.64600
v 157518.42188 379801.46875 23.80100
v 157518.67188 379801.21875 23.80100
v 157516.20312 379799.31250 23.80100
v 157512.81250 379802.78125 23.80100
v 157506.25000 379789.18750 23.80100
v 157537.45312 379826.71875 23.80100
v 157485.20312 379810.81250 23.80100
v 157520.01562 379844.62500 23.80100
v 157444.64062 379853.21875 18.54800
v 157458.39062 379848.65625 18.54800
v 157453.62500 379844.00000 18.54800
v 157471.17188 379860.90625 18.54800
v 157471.92188 379860.50000 18.54800
v 157471.79688 379860.28125 18.54800
v 157471.79688 379872.81250 18.54800
v 157472.45312 379872.12500 18.54800
v 157474.57812 379858.09375 18.54800
v 157468.53125 379876.40625 18.54800
v 157468.60938 379876.12500 18.54800
v 157468.68750 379876.18750 18.54800
v 157480.12500 379879.56250 18.54800
v 157481.82812 379879.53125 18.54800
v 157483.81250 379877.50000 18.54800
v 157483.84375 379875.75000 18.54800
v 157484.79688 379874.78125 18.54800
v 157486.48438 379874.71875 18.54800
v 157488.40625 379871.03125 18.54800
v 157488.45312 379872.75000 18.54800
v 157478.65625 379853.21875 18.54800
v 157479.75000 379853.28125 18.54800
v 157489.37500 379870.03125 18.54800
v 157493.06250 379866.21875 18.54800
v 157491.06250 379869.96875 18.54800
v 157493.06250 379867.87500 18.54800
v 157468.06250 379857.90625 18.54800
v 157471.35938 379854.50000 18.54800
v 157465.45312 379848.75000 18.54800
v 157474.35938 379857.62500 18.54800
v 157463.68750 379844.71875 18.54800
v 157466.67188 379847.46875 18.54800
v 157463.78125 379844.65625 18.54800
v 157462.95312 379843.96875 18.54800
v 157484.79688 379874.78125 25.67400
v 157486.48438 379874.71875 25.67400
v 157444.64062 379853.21875 22.12600
v 157468.53125 379876.40625 22.12600
v 157480.12500 379879.56250 25.67400
v 157481.82812 379879.53125 25.67400
v 157468.68750 379876.18750 22.12600
v 157468.60938 379876.12500 22.12600
v 157471.79688 379872.81250 22.12600
v 157458.39062 379848.65625 22.12600
v 157453.62500 379844.00000 22.12600
v 157462.95312 379843.96875 22.12600
v 157465.45312 379848.75000 22.12600
v 157466.67188 379847.46875 22.12600
v 157471.35938 379854.50000 22.12600
v 157468.06250 379857.90625 22.12600
v 157471.17188 379860.90625 22.12600
v 157471.79688 379860.28125 22.12600
v 157463.78125 379844.65625 22.12600
v 157468.31250 379865.21875 25.67400
v 157466.89062 379865.50000 25.67400
v 157466.89062 379865.50000 22.12600
v 157468.31250 379865.21875 22.12600
v 157469.81250 379863.09375 25.67400
v 157469.81250 379863.09375 22.12600
v 157478.65625 379853.21875 25.67400
v 157474.35938 379857.62500 25.67400
v 157489.37500 379870.03125 25.67400
v 157491.06250 379869.96875 25.67400
v 157493.06250 379866.21875 25.67400
v 157479.75000 379853.28125 25.67400
v 157493.06250 379867.87500 25.67400
v 157473.01562 379862.75000 25.67400
v 157472.50000 379864.43750 25.67400
v 157472.50000 379864.43750 22.12600
v 157473.01562 379862.75000 22.12600
v 157488.40625 379871.03125 25.67400
v 157488.45312 379872.75000 25.67400
v 157471.92188 379860.50000 25.67400
v 157472.90625 379862.25000 25.67400
v 157472.90625 379862.25000 22.12600
v 157471.92188 379860.50000 22.12600
v 157483.81250 379877.50000 25.67400
v 157483.84375 379875.75000 25.67400
v 157472.45312 379872.12500 25.67400
v 157471.56250 379872.56250 25.67400
v 157471.79688 379872.81250 25.67400
v 157471.56250 379872.56250 22.12600
v 157474.57812 379858.09375 25.67400
v 157463.68750 379844.71875 22.12600
v 157467.20312 379866.81250 25.67400
v 157472.21875 379871.75000 25.67400
v 157472.21875 379871.75000 22.12600
v 157467.20312 379866.81250 22.12600
v 157467.50000 379866.40625 25.67400
v 157467.50000 379866.40625 22.12600
v 157409.03125 379847.03125 19.14500
v 157411.10938 379844.96875 19.14500
v 157407.78125 379841.62500 19.14500
v 157406.31250 379835.93750 19.14500
v 157400.40625 379841.78125 19.14500
v 157410.73438 379848.75000 19.14500
v 157409.01562 379850.46875 19.14500
v 157409.87500 379839.53125 19.14500
v 157407.78125 379841.62500 21.78100
v 157409.87500 379839.53125 21.78100
v 157406.31250 379835.93750 21.78100
v 157410.73438 379848.75000 21.78100
v 157409.03125 379847.03125 21.78100
v 157411.10938 379844.96875 21.78100
v 157400.40625 379841.78125 21.78100
v 157409.01562 379850.46875 21.78100
v 157499.70312 379779.40625 19.10800
v 157503.06250 379767.87500 19.10800
v 157492.35938 379772.21875 19.10800
v 157499.73438 379764.62500 19.10800
v 157482.45312 379795.90625 19.10800
v 157506.18750 379789.15625 19.10800
v 157495.59375 379783.59375 19.10800
v 157506.48438 379768.25000 19.10800
v 157475.78125 379800.37500 19.10800
v 157485.46875 379811.06250 19.10800
v 157495.03125 379783.03125 19.10800
v 157474.68750 379801.50000 19.10800
v 157481.40625 379795.12500 19.10800
v 157481.26562 379794.75000 19.10800
v 157481.12500 379794.90625 19.10800
v 157478.01562 379818.21875 19.10800
v 157481.96875 379814.68750 19.10800
v 157469.95312 379796.84375 19.10800
v 157463.87500 379804.50000 19.10800
v 157512.20312 379776.62500 19.10800
v 157515.45312 379779.84375 19.10800
v 157507.46875 379767.21875 19.10800
v 157514.57812 379774.15625 19.10800
v 157506.09375 379767.84375 19.10800
v 157503.06250 379767.87500 25.29200
v 157499.73438 379764.62500 25.29200
v 157492.35938 379772.21875 25.29200
v 157506.09375 379767.84375 25.29200
v 157506.48438 379768.25000 25.29200
v 157507.46875 379767.21875 25.29200
v 157514.57812 379774.15625 25.29200
v 157506.18750 379789.15625 25.29200
v 157515.45312 379779.84375 25.29200
v 157512.20312 379776.62500 25.29200
v 157499.70312 379779.40625 25.29200
v 157495.59375 379783.59375 25.29200
v 157485.46875 379811.06250 25.29200
v 157469.95312 379796.84375 25.29200
v 157463.87500 379804.50000 25.29200
v 157474.68750 379801.50000 25.29200
v 157481.96875 379814.68750 25.29200
v 157478.01562 379818.21875 25.29200
v 157475.78125 379800.37500 25.29200
v 157482.45312 379795.90625 25.29200
v 157481.26562 379794.75000 25.29200
v 157495.03125 379783.03125 25.29200
v 157481.40625 379795.12500 25.29200
v 157481.12500 379794.90625 25.29200
v 157515.68750 379847.59375 18.68000
v 157515.78125 379847.53125 18.68000
v 157481.96875 379814.68750 18.68000
v 157481.68750 379814.43750 18.68000
v 157464.93750 379831.84375 18.68000
v 157464.84375 379831.75000 18.68000
v 157503.76562 379859.59375 18.68000
v 157503.89062 379859.46875 18.68000
v 157500.65625 379856.53125 18.68000
v 157495.62500 379861.78125 18.68000
v 157464.84375 379831.93750 18.68000
v 157504.10938 379859.65625 18.68000
v 157515.76562 379847.65625 18.68000
v 157464.84375 379831.93750 24.58500
v 157495.62500 379861.78125 24.58500
v 157464.93750 379831.84375 24.58500
v 157500.65625 379856.53125 24.58500
v 157515.78125 379847.53125 24.58500
v 157481.96875 379814.68750 24.58500
v 157515.68750 379847.59375 24.58500
v 157503.76562 379859.59375 24.58500
v 157503.89062 379859.46875 24.58500
v 157504.10938 379859.65625 24.58500
v 157481.68750 379814.43750 24.58500
v 157464.84375 379831.75000 24.58500
v 157515.76562 379847.65625 24.58500
v 157518.67188 379801.21875 18.75900
v 157520.35938 379774.81250 18.75900
v 157515.45312 379779.84375 18.75900
v 157506.18750 379789.15625 18.75900
v 157555.81250 379809.31250 18.75900
v 157541.79688 379823.71875 18.75900
v 157506.18750 379789.15625 24.95200
v 157518.67188 379801.21875 24.95200
v 157541.79688 379823.71875 24.95200
v 157520.35938 379774.81250 24.95200
v 157515.45312 379779.84375 24.95200
v 157555.81250 379809.31250 24.95200
v 157444.14062 379830.03125 19.03300
v 157465.32812 379808.78125 19.03300
v 157465.12500 379808.56250 19.03300
v 157444.96875 379795.75000 19.03300
v 157448.50000 379792.15625 19.03300
v 157432.50000 379793.00000 19.03300
v 157430.62500 379790.18750 19.03300
v 157430.79688 379791.34375 19.03300
v 157436.09375 379785.87500 19.03300
v 157434.84375 379785.90625 19.03300
v 157438.96875 379789.90625 19.03300
v 157439.09375 379788.78125 19.03300
v 157431.79688 379793.71875 19.03300
v 157431.14062 379793.06250 19.03300
v 157431.00000 379793.18750 19.03300
v 157429.82812 379795.59375 19.03300
v 157429.25000 379795.00000 19.03300
v 157428.03125 379797.43750 19.03300
v 157423.09375 379818.31250 19.03300
v 157426.87500 379797.31250 19.03300
v 157421.56250 379802.71875 19.03300
v 157421.73438 379803.90625 19.03300
v 157421.45312 379804.18750 19.03300
v 157420.78125 379804.12500 19.03300
v 157415.09375 379809.93750 19.03300
v 157415.18750 379810.65625 19.03300
v 157444.18750 379830.09375 19.03300
v 157409.95312 379831.90625 19.03300
v 157410.18750 379832.12500 19.03300
v 157410.14062 379832.18750 19.03300
v 157426.67188 379847.78125 19.03300
v 157426.50000 379847.93750 19.03300
v 157426.82812 379847.90625 19.03300
v 157421.73438 379803.90625 25.12200
v 157421.45312 379804.18750 25.12200
v 157428.03125 379797.43750 25.12200
v 157426.87500 379797.31250 25.12200
v 157429.82812 379795.59375 25.12200
v 157429.25000 379795.00000 25.12200
v 157421.56250 379802.71875 25.12200
v 157444.96875 379795.75000 25.12200
v 157438.96875 379789.90625 25.12200
v 157430.62500 379790.18750 25.12200
v 157430.79688 379791.34375 25.12200
v 157434.84375 379785.90625 25.12200
v 157420.78125 379804.12500 25.12200
v 157415.09375 379809.93750 25.12200
v 157439.09375 379788.78125 25.12200
v 157436.09375 379785.87500 25.12200
v 157448.50000 379792.15625 25.12200
v 157465.12500 379808.56250 25.12200
v 157415.18750 379810.65625 25.12200
v 157423.09375 379818.31250 25.12200
v 157409.95312 379831.90625 25.12200
v 157410.18750 379832.12500 25.12200
v 157426.67188 379847.78125 25.12200
v 157426.82812 379847.90625 25.12200
v 157444.14062 379830.03125 25.12200
v 157426.50000 379847.93750 25.12200
v 157444.18750 379830.09375 25.12200
v 157431.00000 379793.18750 25.12200
v 157432.50000 379793.00000 25.12200
v 157431.79688 379793.71875 25.12200
v 157431.14062 379793.06250 25.12200
v 157410.14062 379832.18750 25.12200
v 157465.32812 379808.78125 25.12200
v 157541.89062 379721.18750 19.12900
v 157536.45312 379726.53125 19.12900
v 157536.84375 379726.90625 19.12900
v 157540.57812 379730.56250 19.12900
v 157546.15625 379725.15625 19.12900
v 157536.60938 379726.90625 19.12900
v 157540.59375 379730.75000 19.12900
v 157540.67188 379730.68750 19.12900
v 157541.96875 379721.09375 19.12900
v 157541.76562 379721.06250 19.12900
v 157541.96875 379721.09375 23.74900
v 157541.89062 379721.18750 23.74900
v 157546.15625 379725.15625 23.74900
v 157541.76562 379721.06250 23.74900
v 157536.45312 379726.53125 23.74900
v 157540.67188 379730.68750 23.74900
v 157536.60938 379726.90625 23.74900
v 157540.59375 379730.75000 23.74900
v 157536.84375 379726.90625 23.74900
v 157540.57812 379730.56250 23.74900
v 157574.17188 379667.15625 18.46800
v 157576.48438 379679.50000 18.46800
v 157581.53125 379674.28125 18.46800
v 157569.10938 379672.37500 18.46800
v 157581.53125 379674.28125 24.77500
v 157574.17188 379667.15625 24.77500
v 157569.10938 379672.37500 24.77500
v 157576.48438 379679.50000 24.77500
o NL.IMBAG.Pand.0861100000376288-0
usemtl 0
f 1 2 3
usemtl 0
f 4 1 3
usemtl 2
f 5 6 3
usemtl 2
f 2 5 3
usemtl 2
f 7 5 2
usemtl 2
f 1 7 2
usemtl 2
f 6 8 4
usemtl 2
f 3 6 4
usemtl 2
f 8 7 1
usemtl 2
f 4 8 1
usemtl 1
f 6 7 8
usemtl 1
f 6 5 7
o NL.IMBAG.Pand.0861100000421031-1
usemtl 0
f 9 10 11
usemtl 0
f 9 12 10
usemtl 2
f 13 14 11
usemtl 2
f 10 13 11
usemtl 2
f 15 13 10
usemtl 2
f 12 15 10
usemtl 2
f 14 16 9
usemtl 2
f 11 14 9
usemtl 2
f 16 15 12
usemtl 2
f 9 16 12
usemtl 1
f 13 15 16
usemtl 1
f 14 13 16
o NL.IMBAG.Pand.0861100000376285-2
usemtl 0
f 17 18 19
usemtl 0
f 20 18 17
usemtl 0
f 18 21 19
usemtl 0
f 18 22 23
usemtl 0
f 18 23 21
usemtl 0
f 23 24 21
usemtl 0
f 24 25 21
usemtl 2
f 26 27 18
usemtl 2
f 20 26 18
usemtl 2
f 28 26 20
usemtl 2
f 17 28 20
usemtl 2
f 29 30 25
usemtl 2
f 24 29 25
usemtl 2
f 31 32 23
usemtl 2
f 22 31 23
usemtl 2
f 27 31 22
usemtl 2
f 18 27 22
usemtl 2
f 33 28 17
usemtl 2
f 19 33 17
usemtl 2
f 32 29 24
usemtl 2
f 23 32 24
usemtl 2
f 30 34 21
usemtl 2
f 25 30 21
usemtl 2
f 34 33 19
usemtl 2
f 21 34 19
usemtl 1
f 27 33 34
usemtl 1
f 29 32 34
usemtl 1
f 30 29 34
usemtl 1
f 27 32 31
usemtl 1
f 33 27 28
usemtl 1
f 34 32 27
usemtl 1
f 27 26 28
o NL.IMBAG.Pand.0861100000376286-3
usemtl 0
f 35 36 37
usemtl 0
f 38 39 37
usemtl 0
f 38 40 39
usemtl 0
f 39 41 42
usemtl 0
f 43 41 39
usemtl 0
f 39 42 37
usemtl 0
f 42 44 37
usemtl 0
f 45 46 42
usemtl 0
f 46 47 42
usemtl 0
f 48 47 46
usemtl 0
f 47 49 42
usemtl 0
f 50 51 47
usemtl 0
f 51 49 47
usemtl 0
f 49 52 44
usemtl 0
f 53 54 55
usemtl 0
f 53 55 49
usemtl 0
f 55 56 52
usemtl 0
f 57 56 55
usemtl 0
f 55 52 49
usemtl 0
f 58 52 56
usemtl 0
f 52 59 44
usemtl 0
f 60 61 52
usemtl 0
f 61 62 63
usemtl 0
f 64 62 61
usemtl 0
f 61 63 52
usemtl 0
f 63 59 52
usemtl 0
f 59 65 44
usemtl 0
f 66 65 59
usemtl 0
f 49 44 42
usemtl 0
f 67 68 65
usemtl 0
f 68 44 65
usemtl 0
f 44 35 37
usemtl 0
f 69 35 44
usemtl 0
f 70 35 69
usemtl 2
f 71 72 65
usemtl 2
f 66 71 65
usemtl 2
f 72 73 67
usemtl 2
f 65 72 67
usemtl 2
f 74 75 44
usemtl 2
f 68 74 44
usemtl 2
f 75 76 69
usemtl 2
f 44 75 69
usemtl 2
f 73 74 68
usemtl 2
f 67 73 68
usemtl 2
f 77 78 52
usemtl 2
f 58 77 52
usemtl 2
f 79 77 58
usemtl 2
f 56 79 58
usemtl 2
f 80 81 63
usemtl 2
f 62 80 63
usemtl 2
f 81 82 59
usemtl 2
f 63 81 59
usemtl 2
f 82 71 66
usemtl 2
f 59 82 66
usemtl 2
f 83 84 61
usemtl 2
f 60 83 61
usemtl 2
f 78 83 60
usemtl 2
f 52 78 60
usemtl 2
f 85 80 62
usemtl 2
f 64 85 62
usemtl 2
f 84 85 64
usemtl 2
f 61 84 64
usemtl 2
f 86 79 56
usemtl 2
f 57 86 56
usemtl 2
f 87 88 55
usemtl 2
f 54 87 55
usemtl 2
f 88 86 57
usemtl 2
f 55 88 57
usemtl 2
f 89 87 54
usemtl 2
f 53 89 54
usemtl 2
f 90 89 53
usemtl 2
f 49 90 53
usemtl 2
f 91 90 49
usemtl 2
f 51 91 49
usemtl 2
f 92 93 50
usemtl 2
f 47 92 50
usemtl 2
f 93 91 51
usemtl 2
f 50 93 51
usemtl 2
f 94 92 47
usemtl 2
f 48 94 47
usemtl 2
f 95 96 37
usemtl 2
f 36 95 37
usemtl 2
f 97 94 48
usemtl 2
f 46 97 48
usemtl 2
f 98 97 46
usemtl 2
f 45 98 46
usemtl 2
f 99 98 45
usemtl 2
f 42 99 45
usemtl 2
f 100 99 42
usemtl 2
f 41 100 42
usemtl 2
f 101 100 41
usemtl 2
f 43 101 41
usemtl 2
f 102 103 39
usemtl 2
f 40 102 39
usemtl 2
f 103 101 43
usemtl 2
f 39 103 43
usemtl 2
f 96 104 38
usemtl 2
f 37 96 38
usemtl 2
f 104 102 40
usemtl 2
f 38 104 40
usemtl 2
f 105 95 36
usemtl 2
f 35 105 36
usemtl 2
f 106 105 35
usemtl 2
f 70 106 35
usemtl 2
f 76 106 70
usemtl 2
f 69 76 70
usemtl 1
f 105 106 76
usemtl 1
f 74 73 72
usemtl 1
f 75 105 76
usemtl 1
f 74 72 75
usemtl 1
f 72 82 75
usemtl 1
f 71 82 72
usemtl 1
f 82 81 78
usemtl 1
f 81 84 78
usemtl 1
f 80 84 81
usemtl 1
f 85 84 80
usemtl 1
f 82 78 75
usemtl 1
f 83 78 84
usemtl 1
f 78 88 90
usemtl 1
f 77 79 78
usemtl 1
f 79 88 78
usemtl 1
f 86 88 79
usemtl 1
f 78 90 75
usemtl 1
f 87 89 88
usemtl 1
f 89 90 88
usemtl 1
f 90 92 99
usemtl 1
f 91 93 92
usemtl 1
f 91 92 90
usemtl 1
f 92 97 99
usemtl 1
f 94 97 92
usemtl 1
f 90 99 75
usemtl 1
f 98 99 97
usemtl 1
f 99 96 75
usemtl 1
f 100 101 103
usemtl 1
f 100 103 99
usemtl 1
f 103 96 99
usemtl 1
f 102 104 103
usemtl 1
f 104 96 103
usemtl 1
f 96 105 75
usemtl 1
f 95 105 96
o NL.IMBAG.Pand.0861100000375458-4
usemtl 0
f 107 108 109
usemtl 0
f 110 111 112
usemtl 0
f 109 113 112
usemtl 0
f 114 111 110
usemtl 0
f 111 107 109
usemtl 0
f 113 109 115
usemtl 0
f 111 109 112
usemtl 0
f 113 115 116
usemtl 2
f 117 118 108
usemtl 2
f 107 117 108
usemtl 2
f 118 119 109
usemtl 2
f 108 118 109
usemtl 2
f 120 121 122
usemtl 2
f 123 120 122
usemtl 2
f 124 125 112
usemtl 2
f 124 126 125
usemtl 2
f 113 124 112
usemtl 2
f 127 124 113
usemtl 2
f 116 127 113
usemtl 2
f 119 128 115
usemtl 2
f 109 119 115
usemtl 2
f 125 129 130
usemtl 2
f 112 125 130
usemtl 2
f 110 112 130
usemtl 2
f 130 131 114
usemtl 2
f 110 130 114
usemtl 2
f 121 132 133
usemtl 2
f 122 121 133
usemtl 2
f 134 135 136
usemtl 2
f 137 134 136
usemtl 2
f 135 138 139
usemtl 2
f 136 135 139
usemtl 2
f 140 134 137
usemtl 2
f 141 140 137
usemtl 2
f 142 120 123
usemtl 2
f 143 142 123
usemtl 2
f 144 140 141
usemtl 2
f 145 144 141
usemtl 2
f 146 147 148
usemtl 2
f 146 149 147
usemtl 2
f 150 151 152
usemtl 2
f 153 150 152
usemtl 2
f 131 154 111
usemtl 2
f 114 131 111
usemtl 2
f 155 156 157
usemtl 2
f 158 155 157
usemtl 2
f 159 155 158
usemtl 2
f 160 159 158
usemtl 2
f 156 161 162
usemtl 2
f 157 156 162
usemtl 2
f 163 144 145
usemtl 2
f 164 163 145
usemtl 2
f 132 163 164
usemtl 2
f 133 132 164
usemtl 2
f 154 117 107
usemtl 2
f 111 154 107
usemtl 2
f 165 166 167
usemtl 2
f 168 165 167
usemtl 2
f 161 165 168
usemtl 2
f 162 161 168
usemtl 2
f 166 169 170
usemtl 2
f 167 166 170
usemtl 2
f 169 142 143
usemtl 2
f 170 169 143
usemtl 2
f 129 159 160
usemtl 2
f 130 129 160
usemtl 2
f 171 126 124
usemtl 2
f 172 171 124
usemtl 2
f 151 171 172
usemtl 2
f 152 151 172
usemtl 2
f 138 149 146
usemtl 2
f 139 138 146
usemtl 2
f 147 150 153
usemtl 2
f 148 147 153
usemtl 2
f 128 127 116
usemtl 2
f 115 128 116
usemtl 1
f 134 140 135
usemtl 1
f 151 150 147
usemtl 1
f 138 135 171
usemtl 1
f 149 151 147
usemtl 1
f 135 125 171
usemtl 1
f 140 132 121
usemtl 1
f 135 140 121
usemtl 1
f 169 120 142
usemtl 1
f 144 163 132
usemtl 1
f 144 132 140
usemtl 1
f 125 121 120
usemtl 1
f 159 165 161
usemtl 1
f 125 120 169
usemtl 1
f 135 121 125
usemtl 1
f 159 161 156
usemtl 1
f 125 166 129
usemtl 1
f 159 156 155
usemtl 1
f 166 159 129
usemtl 1
f 166 165 159
usemtl 1
f 171 125 126
usemtl 1
f 169 166 125
usemtl 1
f 149 171 151
usemtl 1
f 149 138 171
usemtl 1
f 152 127 128
usemtl 1
f 162 154 157
usemtl 1
f 148 145 137
usemtl 1
f 170 143 167
usemtl 1
f 117 119 118
usemtl 1
f 158 130 160
usemtl 1
f 143 162 168
usemtl 1
f 158 131 130
usemtl 1
f 157 131 158
usemtl 1
f 154 131 157
usemtl 1
f 143 154 162
usemtl 1
f 137 136 139
usemtl 1
f 168 167 143
usemtl 1
f 123 133 143
usemtl 1
f 133 154 143
usemtl 1
f 145 119 164
usemtl 1
f 122 133 123
usemtl 1
f 164 154 133
usemtl 1
f 117 164 119
usemtl 1
f 117 154 164
usemtl 1
f 141 137 145
usemtl 1
f 152 124 127
usemtl 1
f 148 137 139
usemtl 1
f 172 124 152
usemtl 1
f 148 139 146
usemtl 1
f 119 148 153
usemtl 1
f 119 145 148
usemtl 1
f 119 153 128
usemtl 1
f 153 152 128
o NL.IMBAG.Pand.0861100000422323-5
usemtl 0
f 173 174 175
usemtl 0
f 176 173 177
usemtl 0
f 177 173 175
usemtl 0
f 178 179 176
usemtl 0
f 178 176 180
usemtl 0
f 181 182 183
usemtl 0
f 181 183 184
usemtl 0
f 178 185 186
usemtl 0
f 186 187 188
usemtl 0
f 179 188 189
usemtl 0
f 182 190 183
usemtl 0
f 185 182 186
usemtl 0
f 185 190 182
usemtl 0
f 178 186 188
usemtl 0
f 188 191 189
usemtl 0
f 176 179 173
usemtl 0
f 178 188 179
usemtl 2
f 192 193 189
usemtl 2
f 191 192 189
usemtl 2
f 194 195 178
usemtl 2
f 180 194 178
usemtl 2
f 196 197 175
usemtl 2
f 174 196 175
usemtl 2
f 198 196 174
usemtl 2
f 173 198 174
usemtl 2
f 199 200 201
usemtl 2
f 198 199 201
usemtl 2
f 193 202 179
usemtl 2
f 189 193 179
usemtl 2
f 202 199 198
usemtl 2
f 179 202 198
usemtl 2
f 173 179 198
usemtl 2
f 203 204 187
usemtl 2
f 186 203 187
usemtl 2
f 204 205 188
usemtl 2
f 187 204 188
usemtl 2
f 205 192 191
usemtl 2
f 188 205 191
usemtl 2
f 206 207 208
usemtl 2
f 209 206 208
usemtl 2
f 210 211 190
usemtl 2
f 185 210 190
usemtl 2
f 212 206 209
usemtl 2
f 213 212 209
usemtl 2
f 214 215 216
usemtl 2
f 217 214 216
usemtl 2
f 218 219 220
usemtl 2
f 218 221 219
usemtl 2
f 195 210 185
usemtl 2
f 178 195 185
usemtl 2
f 222 194 180
usemtl 2
f 176 222 180
usemtl 2
f 197 223 177
usemtl 2
f 175 197 177
usemtl 2
f 224 225 226
usemtl 2
f 227 224 226
usemtl 2
f 228 229 230
usemtl 2
f 231 228 230
usemtl 2
f 232 228 231
usemtl 2
f 233 232 231
usemtl 2
f 207 232 233
usemtl 2
f 208 207 233
usemtl 2
f 229 234 235
usemtl 2
f 230 229 235
usemtl 2
f 236 237 238
usemtl 2
f 239 236 238
usemtl 2
f 240 236 239
usemtl 2
f 241 240 239
usemtl 2
f 237 221 218
usemtl 2
f 238 237 218
usemtl 2
f 242 243 244
usemtl 2
f 245 242 244
usemtl 2
f 219 242 245
usemtl 2
f 220 219 245
usemtl 2
f 215 246 247
usemtl 2
f 216 215 247
usemtl 2
f 246 248 249
usemtl 2
f 247 246 249
usemtl 2
f 248 250 251
usemtl 2
f 249 248 251
usemtl 2
f 252 240 241
usemtl 2
f 253 252 241
usemtl 2
f 234 254 255
usemtl 2
f 235 234 255
usemtl 2
f 254 256 257
usemtl 2
f 255 254 257
usemtl 2
f 258 259 260
usemtl 2
f 261 258 260
usemtl 2
f 262 258 261
usemtl 2
f 184 262 261
usemtl 2
f 181 184 261
usemtl 2
f 263 262 184
usemtl 2
f 263 264 262
usemtl 2
f 183 263 184
usemtl 2
f 250 265 266
usemtl 2
f 251 250 266
usemtl 2
f 267 268 223
usemtl 2
f 269 267 223
usemtl 2
f 223 222 176
usemtl 2
f 223 268 222
usemtl 2
f 177 223 176
usemtl 2
f 270 214 217
usemtl 2
f 271 270 217
usemtl 2
f 272 270 271
usemtl 2
f 273 272 271
usemtl 2
f 243 272 273
usemtl 2
f 244 243 273
usemtl 2
f 259 264 263
usemtl 2
f 260 259 263
usemtl 2
f 211 263 183
usemtl 2
f 190 211 183
usemtl 2
f 265 274 275
usemtl 2
f 266 265 275
usemtl 2
f 256 276 277
usemtl 2
f 257 256 277
usemtl 2
f 276 278 279
usemtl 2
f 277 276 279
usemtl 2
f 278 224 227
usemtl 2
f 279 278 227
usemtl 2
f 261 280 182
usemtl 2
f 181 261 182
usemtl 2
f 281 212 213
usemtl 2
f 282 281 213
usemtl 2
f 225 281 282
usemtl 2
f 226 225 282
usemtl 2
f 200 267 269
usemtl 2
f 201 200 269
usemtl 2
f 274 252 253
usemtl 2
f 275 274 253
usemtl 2
f 280 203 186
usemtl 2
f 182 280 186
usemtl 1
f 262 264 259
usemtl 1
f 258 262 259
usemtl 1
f 212 281 225
usemtl 1
f 278 276 224
usemtl 1
f 224 212 225
usemtl 1
f 276 212 224
usemtl 1
f 276 256 254
usemtl 1
f 276 254 232
usemtl 1
f 232 229 228
usemtl 1
f 234 229 254
usemtl 1
f 254 229 232
usemtl 1
f 276 232 212
usemtl 1
f 232 207 212
usemtl 1
f 207 206 212
usemtl 1
f 223 201 269
usemtl 1
f 197 201 223
usemtl 1
f 198 201 196
usemtl 1
f 196 201 197
usemtl 1
f 265 248 274
usemtl 1
f 265 250 248
usemtl 1
f 248 272 274
usemtl 1
f 214 272 246
usemtl 1
f 246 272 248
usemtl 1
f 214 246 215
usemtl 1
f 270 272 214
usemtl 1
f 272 252 274
usemtl 1
f 240 252 242
usemtl 1
f 242 252 272
usemtl 1
f 243 242 272
usemtl 1
f 221 242 219
usemtl 1
f 237 242 221
usemtl 1
f 240 242 237
usemtl 1
f 240 237 236
usemtl 1
f 210 203 280
usemtl 1
f 260 210 280
usemtl 1
f 261 260 280
usemtl 1
f 194 222 195
usemtl 1
f 204 203 205
usemtl 1
f 263 211 260
usemtl 1
f 211 210 260
usemtl 1
f 210 195 203
usemtl 1
f 267 195 222
usemtl 1
f 193 205 267
usemtl 1
f 222 268 267
usemtl 1
f 193 267 202
usemtl 1
f 202 200 199
usemtl 1
f 192 205 193
usemtl 1
f 267 200 202
usemtl 1
f 205 195 267
usemtl 1
f 203 195 205
o NL.IMBAG.Pand.0861100000371443-6
usemtl 0
f 283 284 285
usemtl 0
f 286 287 288
usemtl 0
f 288 287 289
usemtl 0
f 290 291 292
usemtl 0
f 286 288 293
usemtl 0
f 294 287 286
usemtl 0
f 288 289 295
usemtl 0
f 288 295 285
usemtl 0
f 295 296 285
usemtl 0
f 297 298 299
usemtl 0
f 300 297 301
usemtl 0
f 297 302 301
usemtl 0
f 297 300 298
usemtl 0
f 303 304 305
usemtl 0
f 306 304 303
usemtl 0
f 307 308 306
usemtl 0
f 307 306 309
usemtl 0
f 308 310 306
usemtl 0
f 310 304 306
usemtl 0
f 301 311 310
usemtl 0
f 300 310 312
usemtl 0
f 310 311 313
usemtl 0
f 310 313 304
usemtl 0
f 314 315 302
usemtl 0
f 316 317 318
usemtl 0
f 319 320 321
usemtl 0
f 319 321 322
usemtl 0
f 321 314 322
usemtl 0
f 323 316 324
usemtl 0
f 318 325 324
usemtl 0
f 316 318 324
usemtl 0
f 324 326 327
usemtl 0
f 328 329 330
usemtl 0
f 331 332 328
usemtl 0
f 324 327 323
usemtl 0
f 328 333 329
usemtl 0
f 330 317 316
usemtl 0
f 330 329 317
usemtl 0
f 333 328 332
usemtl 0
f 329 315 314
usemtl 0
f 334 335 304
usemtl 0
f 321 317 329
usemtl 0
f 321 329 314
usemtl 0
f 336 334 295
usemtl 0
f 313 334 304
usemtl 0
f 297 314 302
usemtl 0
f 300 301 310
usemtl 0
f 334 336 335
usemtl 0
f 334 337 295
usemtl 0
f 337 296 295
usemtl 0
f 338 339 337
usemtl 0
f 340 290 292
usemtl 0
f 341 342 343
usemtl 0
f 342 344 343
usemtl 0
f 341 343 345
usemtl 0
f 346 343 344
usemtl 0
f 347 348 349
usemtl 0
f 345 350 291
usemtl 0
f 347 349 351
usemtl 0
f 290 352 291
usemtl 0
f 352 353 354
usemtl 0
f 352 354 355
usemtl 0
f 352 355 347
usemtl 0
f 352 347 291
usemtl 0
f 351 356 357
usemtl 0
f 358 359 356
usemtl 0
f 358 356 351
usemtl 0
f 351 357 360
usemtl 0
f 361 362 363
usemtl 0
f 351 360 347
usemtl 0
f 360 291 347
usemtl 0
f 364 365 360
usemtl 0
f 365 291 360
usemtl 0
f 345 363 341
usemtl 0
f 363 362 341
usemtl 0
f 345 365 363
usemtl 0
f 345 291 365
usemtl 0
f 361 363 366
usemtl 0
f 366 367 368
usemtl 0
f 366 363 367
usemtl 0
f 296 339 369
usemtl 0
f 369 370 371
usemtl 0
f 338 361 339
usemtl 0
f 338 362 361
usemtl 0
f 371 372 373
usemtl 0
f 370 372 371
usemtl 0
f 339 370 369
usemtl 0
f 285 296 283
usemtl 0
f 337 339 296
usemtl 2
f 374 375 376
usemtl 2
f 377 374 376
usemtl 2
f 378 379 326
usemtl 2
f 324 378 326
usemtl 2
f 379 380 327
usemtl 2
f 326 379 327
usemtl 2
f 381 378 324
usemtl 2
f 325 381 324
usemtl 2
f 382 383 384
usemtl 2
f 321 382 384
usemtl 2
f 317 321 384
usemtl 2
f 385 386 310
usemtl 2
f 308 385 310
usemtl 2
f 387 388 389
usemtl 2
f 385 387 389
usemtl 2
f 390 391 297
usemtl 2
f 299 390 297
usemtl 2
f 391 392 314
usemtl 2
f 297 391 314
usemtl 2
f 393 394 298
usemtl 2
f 300 393 298
usemtl 2
f 394 390 299
usemtl 2
f 298 394 299
usemtl 2
f 395 396 311
usemtl 2
f 301 395 311
usemtl 2
f 397 398 372
usemtl 2
f 397 399 398
usemtl 2
f 370 397 372
usemtl 2
f 400 401 303
usemtl 2
f 305 400 303
usemtl 2
f 402 403 296
usemtl 2
f 369 402 296
usemtl 2
f 398 404 373
usemtl 2
f 372 398 373
usemtl 2
f 405 406 407
usemtl 2
f 408 405 407
usemtl 2
f 409 410 411
usemtl 2
f 363 409 411
usemtl 2
f 367 363 411
usemtl 2
f 412 413 366
usemtl 2
f 368 412 366
usemtl 2
f 414 415 291
usemtl 2
f 350 414 291
usemtl 2
f 415 416 292
usemtl 2
f 291 415 292
usemtl 2
f 417 418 364
usemtl 2
f 360 417 364
usemtl 2
f 419 417 360
usemtl 2
f 419 420 417
usemtl 2
f 357 419 360
usemtl 2
f 418 421 365
usemtl 2
f 364 418 365
usemtl 2
f 421 409 363
usemtl 2
f 365 421 363
usemtl 2
f 422 423 359
usemtl 2
f 358 422 359
usemtl 2
f 424 425 355
usemtl 2
f 354 424 355
usemtl 2
f 349 426 351
usemtl 2
f 349 427 426
usemtl 2
f 428 429 430
usemtl 2
f 361 428 430
usemtl 2
f 339 361 430
usemtl 2
f 431 427 349
usemtl 2
f 348 431 349
usemtl 2
f 432 431 348
usemtl 2
f 347 432 348
usemtl 2
f 425 432 347
usemtl 2
f 355 425 347
usemtl 2
f 433 424 354
usemtl 2
f 353 433 354
usemtl 2
f 434 433 353
usemtl 2
f 352 434 353
usemtl 2
f 435 434 352
usemtl 2
f 290 435 352
usemtl 2
f 436 435 290
usemtl 2
f 340 436 290
usemtl 2
f 416 436 340
usemtl 2
f 292 416 340
usemtl 2
f 437 438 343
usemtl 2
f 346 437 343
usemtl 2
f 439 437 346
usemtl 2
f 344 439 346
usemtl 2
f 440 441 442
usemtl 2
f 443 440 442
usemtl 2
f 441 444 445
usemtl 2
f 442 441 445
usemtl 2
f 411 412 368
usemtl 2
f 367 411 368
usemtl 2
f 446 447 448
usemtl 2
f 449 446 448
usemtl 2
f 450 451 338
usemtl 2
f 337 450 338
usemtl 2
f 452 395 301
usemtl 2
f 452 453 395
usemtl 2
f 302 452 301
usemtl 2
f 454 455 456
usemtl 2
f 457 454 456
usemtl 2
f 458 454 457
usemtl 2
f 336 458 457
usemtl 2
f 335 336 457
usemtl 2
f 459 460 461
usemtl 2
f 462 459 461
usemtl 2
f 386 463 312
usemtl 2
f 310 386 312
usemtl 2
f 464 402 369
usemtl 2
f 371 464 369
usemtl 2
f 463 393 300
usemtl 2
f 312 463 300
usemtl 2
f 465 387 385
usemtl 2
f 307 465 385
usemtl 2
f 308 307 385
usemtl 2
f 392 466 322
usemtl 2
f 314 392 322
usemtl 2
f 467 400 305
usemtl 2
f 304 467 305
usemtl 2
f 455 468 469
usemtl 2
f 456 455 469
usemtl 2
f 470 471 472
usemtl 2
f 470 473 471
usemtl 2
f 474 414 350
usemtl 2
f 345 474 350
usemtl 2
f 457 467 304
usemtl 2
f 335 457 304
usemtl 2
f 475 453 452
usemtl 2
f 476 475 452
usemtl 2
f 477 478 479
usemtl 2
f 480 477 479
usemtl 2
f 481 482 483
usemtl 2
f 484 481 483
usemtl 2
f 485 486 487
usemtl 2
f 488 485 487
usemtl 2
f 489 490 491
usemtl 2
f 492 489 491
usemtl 2
f 482 493 494
usemtl 2
f 483 482 494
usemtl 2
f 495 496 497
usemtl 2
f 498 495 497
usemtl 2
f 499 500 501
usemtl 2
f 502 499 501
usemtl 2
f 500 503 504
usemtl 2
f 501 500 504
usemtl 2
f 505 506 507
usemtl 2
f 508 505 507
usemtl 2
f 506 509 510
usemtl 2
f 507 506 510
usemtl 2
f 490 505 508
usemtl 2
f 491 490 508
usemtl 2
f 511 512 513
usemtl 2
f 514 511 513
usemtl 2
f 515 477 480
usemtl 2
f 516 515 480
usemtl 2
f 517 518 519
usemtl 2
f 520 517 519
usemtl 2
f 496 517 520
usemtl 2
f 497 496 520
usemtl 2
f 413 428 361
usemtl 2
f 366 413 361
usemtl 2
f 521 489 492
usemtl 2
f 522 521 492
usemtl 2
f 523 521 522
usemtl 2
f 524 523 522
usemtl 2
f 525 526 527
usemtl 2
f 528 525 527
usemtl 2
f 529 525 528
usemtl 2
f 530 529 528
usemtl 2
f 531 532 533
usemtl 2
f 534 531 533
usemtl 2
f 535 529 530
usemtl 2
f 536 535 530
usemtl 2
f 537 535 536
usemtl 2
f 538 537 536
usemtl 2
f 539 459 462
usemtl 2
f 540 539 462
usemtl 2
f 541 539 540
usemtl 2
f 332 541 540
usemtl 2
f 333 332 540
usemtl 2
f 542 537 538
usemtl 2
f 543 542 538
usemtl 2
f 544 545 546
usemtl 2
f 547 544 546
usemtl 2
f 548 549 315
usemtl 2
f 329 548 315
usemtl 2
f 550 551 552
usemtl 2
f 553 550 552
usemtl 2
f 554 555 556
usemtl 2
f 554 557 555
usemtl 2
f 342 341 556
usemtl 2
f 341 554 556
usemtl 2
f 558 559 560
usemtl 2
f 561 558 560
usemtl 2
f 493 562 563
usemtl 2
f 494 493 563
usemtl 2
f 564 565 566
usemtl 2
f 567 564 566
usemtl 2
f 559 542 543
usemtl 2
f 560 559 543
usemtl 2
f 568 564 567
usemtl 2
f 569 568 567
usemtl 2
f 444 511 514
usemtl 2
f 445 444 514
usemtl 2
f 570 571 286
usemtl 2
f 293 570 286
usemtl 2
f 571 572 294
usemtl 2
f 286 571 294
usemtl 2
f 572 573 287
usemtl 2
f 294 572 287
usemtl 2
f 574 575 295
usemtl 2
f 289 574 295
usemtl 2
f 573 574 289
usemtl 2
f 287 573 289
usemtl 2
f 576 420 419
usemtl 2
f 576 577 420
usemtl 2
f 578 576 419
usemtl 2
f 575 579 458
usemtl 2
f 295 575 458
usemtl 2
f 336 295 458
usemtl 2
f 580 581 582
usemtl 2
f 583 580 582
usemtl 2
f 579 580 583
usemtl 2
f 458 579 583
usemtl 2
f 581 584 585
usemtl 2
f 582 581 585
usemtl 2
f 586 587 588
usemtl 2
f 589 586 588
usemtl 2
f 590 586 589
usemtl 2
f 591 590 589
usemtl 2
f 592 552 593
usemtl 2
f 474 592 593
usemtl 2
f 438 592 474
usemtl 2
f 343 438 474
usemtl 2
f 345 343 474
usemtl 2
f 594 595 596
usemtl 2
f 594 597 595
usemtl 2
f 562 598 599
usemtl 2
f 563 562 599
usemtl 2
f 600 419 357
usemtl 2
f 356 600 357
usemtl 2
f 423 600 356
usemtl 2
f 359 423 356
usemtl 2
f 351 422 358
usemtl 2
f 351 426 422
usemtl 2
f 601 602 603
usemtl 2
f 604 601 603
usemtl 2
f 503 605 606
usemtl 2
f 504 503 606
usemtl 2
f 540 548 329
usemtl 2
f 333 540 329
usemtl 2
f 460 607 608
usemtl 2
f 461 460 608
usemtl 2
f 609 608 330
usemtl 2
f 316 609 330
usemtl 2
f 608 610 328
usemtl 2
f 608 607 610
usemtl 2
f 330 608 328
usemtl 2
f 611 541 332
usemtl 2
f 331 611 332
usemtl 2
f 612 609 316
usemtl 2
f 323 612 316
usemtl 2
f 613 450 337
usemtl 2
f 613 614 450
usemtl 2
f 334 613 337
usemtl 2
f 615 614 613
usemtl 2
f 616 615 613
usemtl 2
f 617 618 619
usemtl 2
f 620 617 619
usemtl 2
f 618 440 443
usemtl 2
f 619 618 443
usemtl 2
f 621 617 620
usemtl 2
f 622 621 620
usemtl 2
f 623 624 625
usemtl 2
f 626 623 625
usemtl 2
f 624 627 628
usemtl 2
f 625 624 628
usemtl 2
f 628 629 630
usemtl 2
f 628 627 629
usemtl 2
f 629 446 449
usemtl 2
f 630 629 449
usemtl 2
f 631 601 604
usemtl 2
f 632 631 604
usemtl 2
f 375 475 476
usemtl 2
f 376 375 476
usemtl 2
f 552 576 578
usemtl 2
f 552 551 576
usemtl 2
f 593 552 578
usemtl 2
f 549 452 302
usemtl 2
f 315 549 302
usemtl 2
f 633 621 622
usemtl 2
f 634 633 622
usemtl 2
f 635 633 634
usemtl 2
f 636 635 634
usemtl 2
f 637 638 639
usemtl 2
f 640 637 639
usemtl 2
f 641 642 643
usemtl 2
f 644 641 643
usemtl 2
f 645 646 647
usemtl 2
f 648 645 647
usemtl 2
f 649 650 651
usemtl 2
f 652 649 651
usemtl 2
f 653 649 652
usemtl 2
f 654 653 652
usemtl 2
f 404 655 464
usemtl 2
f 373 404 464
usemtl 2
f 371 373 464
usemtl 2
f 656 531 534
usemtl 2
f 657 656 534
usemtl 2
f 598 656 657
usemtl 2
f 599 598 657
usemtl 2
f 658 558 561
usemtl 2
f 659 658 561
usemtl 2
f 660 481 484
usemtl 2
f 661 660 484
usemtl 2
f 662 554 341
usemtl 2
f 362 662 341
usemtl 2
f 663 557 554
usemtl 2
f 664 663 554
usemtl 2
f 665 666 667
usemtl 2
f 668 665 667
usemtl 2
f 669 670 671
usemtl 2
f 672 669 671
usemtl 2
f 673 499 502
usemtl 2
f 674 673 502
usemtl 2
f 675 676 677
usemtl 2
f 662 675 677
usemtl 2
f 676 663 664
usemtl 2
f 677 676 664
usemtl 2
f 451 675 662
usemtl 2
f 338 451 662
usemtl 2
f 362 338 662
usemtl 2
f 678 679 680
usemtl 2
f 681 678 680
usemtl 2
f 682 678 681
usemtl 2
f 683 682 681
usemtl 2
f 684 685 686
usemtl 2
f 687 684 686
usemtl 2
f 688 684 687
usemtl 2
f 689 688 687
usemtl 2
f 690 645 648
usemtl 2
f 691 690 648
usemtl 2
f 692 693 694
usemtl 2
f 695 692 694
usemtl 2
f 696 465 307
usemtl 2
f 309 696 307
usemtl 2
f 697 698 396
usemtl 2
f 699 697 396
usemtl 2
f 700 696 309
usemtl 2
f 700 701 696
usemtl 2
f 306 700 309
usemtl 2
f 401 700 306
usemtl 2
f 303 401 306
usemtl 2
f 388 702 703
usemtl 2
f 389 388 703
usemtl 2
f 702 704 468
usemtl 2
f 703 702 468
usemtl 2
f 468 701 700
usemtl 2
f 468 704 701
usemtl 2
f 469 468 700
usemtl 2
f 447 697 699
usemtl 2
f 448 447 699
usemtl 2
f 705 706 707
usemtl 2
f 708 705 707
usemtl 2
f 709 705 708
usemtl 2
f 710 709 708
usemtl 2
f 532 568 569
usemtl 2
f 533 532 569
usemtl 2
f 711 590 591
usemtl 2
f 712 711 591
usemtl 2
f 713 714 715
usemtl 2
f 716 713 715
usemtl 2
f 714 711 712
usemtl 2
f 715 714 712
usemtl 2
f 509 717 718
usemtl 2
f 510 509 718
usemtl 2
f 466 719 319
usemtl 2
f 322 466 319
usemtl 2
f 719 720 320
usemtl 2
f 319 719 320
usemtl 2
f 720 382 321
usemtl 2
f 320 720 321
usemtl 2
f 406 515 516
usemtl 2
f 407 406 516
usemtl 2
f 602 615 616
usemtl 2
f 603 602 616
usemtl 2
f 721 722 723
usemtl 2
f 724 721 723
usemtl 2
f 722 623 626
usemtl 2
f 723 722 626
usemtl 2
f 725 726 727
usemtl 2
f 728 725 727
usemtl 2
f 655 725 728
usemtl 2
f 464 655 728
usemtl 2
f 726 399 397
usemtl 2
f 727 726 397
usemtl 2
f 430 397 370
usemtl 2
f 339 430 370
usemtl 2
f 429 495 498
usemtl 2
f 430 429 498
usemtl 2
f 605 721 724
usemtl 2
f 606 605 724
usemtl 2
f 486 637 640
usemtl 2
f 487 486 640
usemtl 2
f 545 635 636
usemtl 2
f 546 545 636
usemtl 2
f 729 730 731
usemtl 2
f 732 729 731
usemtl 2
f 638 729 732
usemtl 2
f 639 638 732
usemtl 2
f 646 692 695
usemtl 2
f 647 646 695
usemtl 2
f 733 734 735
usemtl 2
f 733 736 734
usemtl 2
f 734 737 738
usemtl 2
f 735 734 738
usemtl 2
f 706 688 689
usemtl 2
f 707 706 689
usemtl 2
f 526 709 710
usemtl 2
f 527 526 710
usemtl 2
f 739 740 284
usemtl 2
f 283 739 284
usemtl 2
f 741 742 743
usemtl 2
f 739 741 743
usemtl 2
f 403 741 739
usemtl 2
f 296 403 739
usemtl 2
f 283 296 739
usemtl 2
f 744 745 746
usemtl 2
f 747 744 746
usemtl 2
f 742 744 747
usemtl 2
f 743 742 747
usemtl 2
f 748 736 733
usemtl 2
f 749 748 733
usemtl 2
f 642 748 749
usemtl 2
f 643 642 749
usemtl 2
f 737 750 751
usemtl 2
f 738 737 751
usemtl 2
f 752 753 754
usemtl 2
f 755 752 754
usemtl 2
f 512 713 716
usemtl 2
f 513 512 716
usemtl 2
f 753 485 488
usemtl 2
f 754 753 488
usemtl 2
f 717 752 755
usemtl 2
f 718 717 755
usemtl 2
f 693 756 757
usemtl 2
f 694 693 757
usemtl 2
f 756 758 759
usemtl 2
f 757 756 759
usemtl 2
f 760 653 654
usemtl 2
f 761 760 654
usemtl 2
f 671 760 761
usemtl 2
f 671 670 760
usemtl 2
f 762 671 761
usemtl 2
f 763 764 765
usemtl 2
f 612 763 765
usemtl 2
f 380 763 612
usemtl 2
f 327 380 612
usemtl 2
f 323 327 612
usemtl 2
f 766 669 672
usemtl 2
f 767 766 672
usemtl 2
f 768 766 767
usemtl 2
f 769 768 767
usemtl 2
f 396 770 771
usemtl 2
f 396 698 770
usemtl 2
f 313 311 771
usemtl 2
f 311 396 771
usemtl 2
f 770 772 773
usemtl 2
f 771 770 773
usemtl 2
f 764 774 775
usemtl 2
f 765 764 775
usemtl 2
f 610 611 331
usemtl 2
f 328 610 331
usemtl 2
f 776 777 778
usemtl 2
f 779 776 778
usemtl 2
f 777 673 674
usemtl 2
f 778 777 674
usemtl 2
f 780 781 782
usemtl 2
f 783 780 782
usemtl 2
f 478 780 783
usemtl 2
f 479 478 783
usemtl 2
f 781 776 779
usemtl 2
f 782 781 779
usemtl 2
f 518 405 408
usemtl 2
f 519 518 408
usemtl 2
f 730 473 470
usemtl 2
f 731 730 470
usemtl 2
f 410 784 785
usemtl 2
f 411 410 785
usemtl 2
f 595 577 576
usemtl 2
f 596 595 576
usemtl 2
f 471 544 547
usemtl 2
f 472 471 547
usemtl 2
f 784 597 594
usemtl 2
f 785 784 594
usemtl 2
f 565 658 659
usemtl 2
f 566 565 659
usemtl 2
f 750 641 644
usemtl 2
f 751 750 644
usemtl 2
f 758 690 691
usemtl 2
f 759 758 691
usemtl 2
f 384 786 318
usemtl 2
f 317 384 318
usemtl 2
f 774 787 786
usemtl 2
f 775 774 786
usemtl 2
f 786 381 325
usemtl 2
f 786 787 381
usemtl 2
f 318 786 325
usemtl 2
f 679 660 661
usemtl 2
f 680 679 661
usemtl 2
f 685 682 683
usemtl 2
f 686 685 683
usemtl 2
f 772 788 789
usemtl 2
f 773 772 789
usemtl 2
f 788 631 632
usemtl 2
f 789 788 632
usemtl 2
f 771 613 334
usemtl 2
f 313 771 334
usemtl 2
f 651 790 288
usemtl 2
f 651 650 790
usemtl 2
f 285 651 288
usemtl 2
f 790 570 293
usemtl 2
f 288 790 293
usemtl 2
f 666 768 769
usemtl 2
f 667 666 769
usemtl 2
f 584 665 668
usemtl 2
f 585 584 668
usemtl 2
f 740 651 285
usemtl 2
f 284 740 285
usemtl 2
f 556 439 344
usemtl 2
f 342 556 344
usemtl 2
f 791 550 553
usemtl 2
f 792 791 553
usemtl 2
f 555 791 792
usemtl 2
f 556 555 792
usemtl 2
f 587 793 794
usemtl 2
f 588 587 794
usemtl 2
f 793 523 524
usemtl 2
f 794 793 524
usemtl 2
f 745 671 762
usemtl 2
f 746 745 762
usemtl 2
f 383 374 377
usemtl 2
f 384 383 377
usemtl 1
f 474 593 578
usemtl 1
f 600 423 422
usemtl 1
f 426 600 422
usemtl 1
f 419 600 426
usemtl 1
f 431 432 427
usemtl 1
f 432 426 427
usemtl 1
f 419 426 432
usemtl 1
f 434 432 425
usemtl 1
f 433 434 424
usemtl 1
f 434 425 424
usemtl 1
f 435 416 415
usemtl 1
f 436 416 435
usemtl 1
f 435 415 434
usemtl 1
f 415 432 434
usemtl 1
f 419 432 415
usemtl 1
f 419 415 578
usemtl 1
f 415 414 578
usemtl 1
f 414 474 578
usemtl 1
f 662 677 664
usemtl 1
f 554 662 664
usemtl 1
f 401 469 700
usemtl 1
f 457 456 467
usemtl 1
f 467 456 469
usemtl 1
f 401 467 469
usemtl 1
f 401 400 467
usemtl 1
f 702 388 704
usemtl 1
f 388 465 701
usemtl 1
f 704 388 701
usemtl 1
f 387 465 388
usemtl 1
f 465 696 701
usemtl 1
f 398 399 726
usemtl 1
f 655 404 725
usemtl 1
f 725 398 726
usemtl 1
f 404 398 725
usemtl 1
f 541 611 610
usemtl 1
f 459 541 610
usemtl 1
f 607 460 610
usemtl 1
f 460 459 610
usemtl 1
f 459 539 541
usemtl 1
f 595 597 784
usemtl 1
f 409 577 784
usemtl 1
f 410 409 784
usemtl 1
f 421 577 409
usemtl 1
f 577 595 784
usemtl 1
f 417 421 418
usemtl 1
f 420 421 417
usemtl 1
f 577 421 420
usemtl 1
f 738 751 644
usemtl 1
f 643 733 644
usemtl 1
f 643 749 733
usemtl 1
f 644 733 738
usemtl 1
f 733 735 738
usemtl 1
f 648 647 691
usemtl 1
f 647 759 691
usemtl 1
f 695 759 647
usemtl 1
f 695 694 759
usemtl 1
f 694 757 759
usemtl 1
f 378 381 787
usemtl 1
f 764 378 774
usemtl 1
f 774 378 787
usemtl 1
f 380 378 764
usemtl 1
f 380 379 378
usemtl 1
f 380 764 763
usemtl 1
f 681 686 683
usemtl 1
f 484 483 494
usemtl 1
f 599 534 687
usemtl 1
f 563 686 681
usemtl 1
f 661 681 680
usemtl 1
f 543 567 566
usemtl 1
f 661 484 681
usemtl 1
f 681 484 494
usemtl 1
f 681 494 563
usemtl 1
f 657 534 599
usemtl 1
f 686 563 599
usemtl 1
f 686 599 687
usemtl 1
f 567 533 569
usemtl 1
f 543 566 560
usemtl 1
f 538 533 567
usemtl 1
f 538 567 543
usemtl 1
f 560 566 561
usemtl 1
f 659 561 566
usemtl 1
f 530 528 538
usemtl 1
f 538 528 533
usemtl 1
f 536 530 538
usemtl 1
f 528 534 533
usemtl 1
f 710 528 527
usemtl 1
f 710 708 528
usemtl 1
f 708 534 528
usemtl 1
f 687 534 708
usemtl 1
f 687 708 707
usemtl 1
f 687 707 689
usemtl 1
f 773 632 771
usemtl 1
f 771 632 613
usemtl 1
f 773 789 632
usemtl 1
f 632 603 613
usemtl 1
f 604 603 632
usemtl 1
f 603 616 613
usemtl 1
f 666 665 584
usemtl 1
f 580 575 581
usemtl 1
f 581 666 584
usemtl 1
f 670 768 760
usemtl 1
f 579 575 580
usemtl 1
f 575 574 581
usemtl 1
f 574 573 581
usemtl 1
f 573 572 571
usemtl 1
f 573 571 581
usemtl 1
f 571 666 581
usemtl 1
f 570 790 571
usemtl 1
f 790 666 571
usemtl 1
f 650 649 790
usemtl 1
f 649 760 790
usemtl 1
f 760 666 790
usemtl 1
f 670 669 766
usemtl 1
f 653 760 649
usemtl 1
f 760 768 666
usemtl 1
f 670 766 768
usemtl 1
f 761 654 762
usemtl 1
f 654 651 740
usemtl 1
f 762 654 746
usemtl 1
f 654 740 746
usemtl 1
f 651 654 652
usemtl 1
f 743 747 746
usemtl 1
f 740 743 746
usemtl 1
f 740 739 743
usemtl 1
f 553 556 792
usemtl 1
f 552 592 438
usemtl 1
f 553 439 556
usemtl 1
f 438 439 553
usemtl 1
f 437 439 438
usemtl 1
f 552 438 553
usemtl 1
f 557 663 555
usemtl 1
f 663 791 555
usemtl 1
f 551 791 663
usemtl 1
f 785 412 411
usemtl 1
f 676 428 594
usemtl 1
f 451 428 676
usemtl 1
f 451 676 675
usemtl 1
f 518 428 451
usemtl 1
f 614 615 450
usemtl 1
f 615 602 450
usemtl 1
f 721 623 722
usemtl 1
f 601 446 629
usemtl 1
f 788 601 631
usemtl 1
f 698 446 788
usemtl 1
f 698 788 772
usemtl 1
f 698 772 770
usemtl 1
f 446 601 788
usemtl 1
f 602 623 721
usemtl 1
f 605 500 777
usemtl 1
f 697 446 698
usemtl 1
f 697 447 446
usemtl 1
f 624 629 627
usemtl 1
f 601 624 623
usemtl 1
f 601 629 624
usemtl 1
f 601 623 602
usemtl 1
f 478 477 721
usemtl 1
f 477 602 721
usemtl 1
f 500 605 503
usemtl 1
f 500 499 777
usemtl 1
f 499 673 777
usemtl 1
f 777 776 781
usemtl 1
f 517 496 518
usemtl 1
f 605 777 781
usemtl 1
f 477 515 450
usemtl 1
f 518 451 405
usemtl 1
f 478 781 780
usemtl 1
f 515 405 450
usemtl 1
f 605 478 721
usemtl 1
f 605 781 478
usemtl 1
f 450 602 477
usemtl 1
f 405 451 450
usemtl 1
f 406 405 515
usemtl 1
f 496 428 518
usemtl 1
f 495 429 496
usemtl 1
f 429 428 496
usemtl 1
f 785 413 412
usemtl 1
f 663 676 551
usemtl 1
f 785 594 413
usemtl 1
f 594 428 413
usemtl 1
f 551 676 596
usemtl 1
f 596 676 594
usemtl 1
f 576 551 596
usemtl 1
f 791 551 550
usemtl 1
f 522 794 524
usemtl 1
f 492 794 522
usemtl 1
f 636 732 546
usemtl 1
f 507 794 492
usemtl 1
f 513 755 754
usemtl 1
f 491 507 492
usemtl 1
f 510 588 794
usemtl 1
f 508 507 491
usemtl 1
f 507 510 794
usemtl 1
f 755 716 715
usemtl 1
f 472 547 546
usemtl 1
f 640 636 634
usemtl 1
f 487 754 488
usemtl 1
f 640 754 487
usemtl 1
f 732 636 639
usemtl 1
f 636 640 639
usemtl 1
f 470 472 732
usemtl 1
f 470 732 731
usemtl 1
f 443 620 619
usemtl 1
f 622 513 640
usemtl 1
f 445 443 442
usemtl 1
f 472 546 732
usemtl 1
f 640 634 622
usemtl 1
f 620 443 622
usemtl 1
f 443 513 622
usemtl 1
f 513 754 640
usemtl 1
f 514 443 445
usemtl 1
f 716 755 513
usemtl 1
f 514 513 443
usemtl 1
f 589 510 715
usemtl 1
f 718 715 510
usemtl 1
f 718 755 715
usemtl 1
f 589 712 591
usemtl 1
f 712 589 715
usemtl 1
f 588 510 589
usemtl 1
f 609 612 765
usemtl 1
f 548 384 377
usemtl 1
f 376 476 452
usemtl 1
f 376 452 377
usemtl 1
f 452 549 377
usemtl 1
f 549 548 377
usemtl 1
f 461 775 548
usemtl 1
f 548 540 461
usemtl 1
f 775 461 609
usemtl 1
f 540 462 461
usemtl 1
f 461 608 609
usemtl 1
f 775 609 765
usemtl 1
f 384 775 786
usemtl 1
f 384 548 775
usemtl 1
f 699 394 393
usemtl 1
f 382 374 383
usemtl 1
f 720 719 382
usemtl 1
f 382 392 374
usemtl 1
f 458 583 455
usemtl 1
f 382 719 466
usemtl 1
f 374 392 375
usemtl 1
f 382 466 392
usemtl 1
f 392 391 375
usemtl 1
f 386 389 703
usemtl 1
f 390 394 699
usemtl 1
f 468 448 699
usemtl 1
f 393 463 386
usemtl 1
f 699 386 703
usemtl 1
f 502 668 767
usemtl 1
f 385 389 386
usemtl 1
f 403 498 744
usemtl 1
f 475 395 453
usemtl 1
f 504 448 501
usemtl 1
f 498 727 430
usemtl 1
f 454 458 455
usemtl 1
f 585 583 582
usemtl 1
f 783 480 479
usemtl 1
f 674 672 671
usemtl 1
f 767 668 667
usemtl 1
f 767 667 769
usemtl 1
f 498 497 520
usemtl 1
f 498 403 402
usemtl 1
f 744 498 745
usemtl 1
f 671 745 674
usemtl 1
f 402 727 498
usemtl 1
f 742 741 403
usemtl 1
f 464 728 402
usemtl 1
f 742 403 744
usemtl 1
f 727 402 728
usemtl 1
f 430 727 397
usemtl 1
f 498 782 779
usemtl 1
f 672 674 767
usemtl 1
f 407 520 519
usemtl 1
f 408 407 519
usemtl 1
f 674 502 767
usemtl 1
f 583 585 502
usemtl 1
f 516 480 783
usemtl 1
f 502 448 455
usemtl 1
f 501 448 502
usemtl 1
f 520 783 782
usemtl 1
f 504 724 723
usemtl 1
f 407 783 520
usemtl 1
f 407 516 783
usemtl 1
f 520 782 498
usemtl 1
f 502 455 583
usemtl 1
f 498 779 674
usemtl 1
f 668 502 585
usemtl 1
f 498 674 745
usemtl 1
f 779 778 674
usemtl 1
f 628 504 723
usemtl 1
f 699 396 395
usemtl 1
f 606 724 504
usemtl 1
f 628 723 626
usemtl 1
f 449 504 628
usemtl 1
f 628 626 625
usemtl 1
f 630 449 628
usemtl 1
f 468 699 703
usemtl 1
f 391 390 699
usemtl 1
f 455 448 468
usemtl 1
f 504 449 448
usemtl 1
f 386 699 393
usemtl 1
f 699 475 391
usemtl 1
f 391 475 375
usemtl 1
f 699 395 475
o NL.IMBAG.Pand.0861100000370702-7
usemtl 0
f 795 796 797
usemtl 0
f 798 799 800
usemtl 0
f 801 802 803
usemtl 0
f 804 795 805
usemtl 0
f 806 807 808
usemtl 0
f 802 807 806
usemtl 0
f 809 810 811
usemtl 0
f 812 807 801
usemtl 0
f 807 802 801
usemtl 0
f 804 813 795
usemtl 0
f 812 801 814
usemtl 0
f 804 815 813
usemtl 0
f 816 796 817
usemtl 0
f 796 813 817
usemtl 0
f 795 813 796
usemtl 0
f 818 819 820
usemtl 0
f 821 822 809
usemtl 0
f 819 796 820
usemtl 0
f 799 823 797
usemtl 0
f 799 819 824
usemtl 0
f 799 797 819
usemtl 0
f 798 823 799
usemtl 0
f 819 797 796
usemtl 0
f 797 825 826
usemtl 0
f 825 827 826
usemtl 0
f 797 814 795
usemtl 0
f 826 814 797
usemtl 0
f 812 814 826
usemtl 0
f 826 828 829
usemtl 0
f 822 828 826
usemtl 0
f 812 826 829
usemtl 0
f 821 828 822
usemtl 0
f 830 810 809
usemtl 0
f 809 811 821
usemtl 0
f 811 831 821
usemtl 0
f 811 810 832
usemtl 2
f 833 834 828
usemtl 2
f 833 835 834
usemtl 2
f 821 833 828
usemtl 2
f 836 837 808
usemtl 2
f 807 836 808
usemtl 2
f 837 838 806
usemtl 2
f 808 837 806
usemtl 2
f 838 839 802
usemtl 2
f 806 838 802
usemtl 2
f 840 841 842
usemtl 2
f 843 840 842
usemtl 2
f 844 840 843
usemtl 2
f 845 844 843
usemtl 2
f 846 847 822
usemtl 2
f 826 846 822
usemtl 2
f 834 848 829
usemtl 2
f 828 834 829
usemtl 2
f 849 850 831
usemtl 2
f 811 849 831
usemtl 2
f 850 833 821
usemtl 2
f 831 850 821
usemtl 2
f 851 852 853
usemtl 2
f 854 851 853
usemtl 2
f 841 851 854
usemtl 2
f 842 841 854
usemtl 2
f 855 856 830
usemtl 2
f 809 855 830
usemtl 2
f 857 835 833
usemtl 2
f 858 857 833
usemtl 2
f 847 855 809
usemtl 2
f 822 847 809
usemtl 2
f 859 846 826
usemtl 2
f 827 859 826
usemtl 2
f 860 861 818
usemtl 2
f 820 860 818
usemtl 2
f 862 859 827
usemtl 2
f 862 863 859
usemtl 2
f 825 862 827
usemtl 2
f 864 865 797
usemtl 2
f 823 864 797
usemtl 2
f 866 867 798
usemtl 2
f 800 866 798
usemtl 2
f 867 864 823
usemtl 2
f 798 867 823
usemtl 2
f 868 866 800
usemtl 2
f 799 868 800
usemtl 2
f 869 868 799
usemtl 2
f 824 869 799
usemtl 2
f 870 869 824
usemtl 2
f 819 870 824
usemtl 2
f 861 870 819
usemtl 2
f 818 861 819
usemtl 2
f 871 872 816
usemtl 2
f 817 871 816
usemtl 2
f 872 873 796
usemtl 2
f 816 872 796
usemtl 2
f 873 860 820
usemtl 2
f 796 873 820
usemtl 2
f 874 871 817
usemtl 2
f 813 874 817
usemtl 2
f 875 874 813
usemtl 2
f 815 875 813
usemtl 2
f 804 875 815
usemtl 2
f 804 876 875
usemtl 2
f 839 877 803
usemtl 2
f 802 839 803
usemtl 2
f 805 876 804
usemtl 2
f 805 878 876
usemtl 2
f 845 836 807
usemtl 2
f 812 845 807
usemtl 2
f 879 878 805
usemtl 2
f 795 879 805
usemtl 2
f 880 879 795
usemtl 2
f 814 880 795
usemtl 2
f 877 881 801
usemtl 2
f 803 877 801
usemtl 2
f 856 882 883
usemtl 2
f 830 856 883
usemtl 2
f 810 830 883
usemtl 2
f 883 884 832
usemtl 2
f 810 883 832
usemtl 2
f 884 849 811
usemtl 2
f 832 884 811
usemtl 2
f 885 886 887
usemtl 2
f 888 885 887
usemtl 2
f 882 885 888
usemtl 2
f 883 882 888
usemtl 2
f 886 889 890
usemtl 2
f 887 886 890
usemtl 2
f 889 857 858
usemtl 2
f 890 889 858
usemtl 2
f 848 844 845
usemtl 2
f 829 848 845
usemtl 2
f 812 829 845
usemtl 2
f 881 880 814
usemtl 2
f 801 881 814
usemtl 2
f 852 863 862
usemtl 2
f 853 852 862
usemtl 2
f 865 862 825
usemtl 2
f 797 865 825
usemtl 1
f 833 850 858
usemtl 1
f 887 890 849
usemtl 1
f 858 850 890
usemtl 1
f 850 849 890
usemtl 1
f 888 849 884
usemtl 1
f 887 849 888
usemtl 1
f 883 888 884
usemtl 1
f 851 848 852
usemtl 1
f 846 863 852
usemtl 1
f 847 835 857
usemtl 1
f 846 859 863
usemtl 1
f 889 886 857
usemtl 1
f 841 840 844
usemtl 1
f 841 844 851
usemtl 1
f 844 848 851
usemtl 1
f 848 834 852
usemtl 1
f 855 847 857
usemtl 1
f 855 882 856
usemtl 1
f 885 882 886
usemtl 1
f 886 882 855
usemtl 1
f 886 855 857
usemtl 1
f 834 847 852
usemtl 1
f 834 835 847
usemtl 1
f 847 846 852
usemtl 1
f 868 867 866
usemtl 1
f 853 862 865
usemtl 1
f 837 836 838
usemtl 1
f 870 861 860
usemtl 1
f 864 867 868
usemtl 1
f 864 868 865
usemtl 1
f 868 869 870
usemtl 1
f 868 870 865
usemtl 1
f 873 870 860
usemtl 1
f 865 870 873
usemtl 1
f 871 873 872
usemtl 1
f 874 873 871
usemtl 1
f 879 873 874
usemtl 1
f 876 874 875
usemtl 1
f 879 874 876
usemtl 1
f 879 876 878
usemtl 1
f 865 873 879
usemtl 1
f 865 879 880
usemtl 1
f 865 880 842
usemtl 1
f 836 839 838
usemtl 1
f 877 839 881
usemtl 1
f 836 881 839
usemtl 1
f 843 881 836
usemtl 1
f 842 881 843
usemtl 1
f 845 843 836
usemtl 1
f 865 842 853
usemtl 1
f 880 881 842
usemtl 1
f 853 842 854
o NL.IMBAG.Pand.0861100000371444-8
usemtl 1
f 891 892 893
usemtl 1
f 894 895 896
usemtl 1
f 897 898 899
usemtl 1
f 900 894 896
usemtl 1
f 897 894 900
usemtl 1
f 901 902 903
usemtl 1
f 904 905 906
usemtl 1
f 907 908 909
usemtl 1
f 910 911 912
usemtl 1
f 913 914 915
usemtl 1
f 916 910 917
usemtl 1
f 918 914 913
usemtl 1
f 919 920 921
usemtl 1
f 922 923 924
usemtl 1
f 924 925 926
usemtl 1
f 925 927 926
usemtl 1
f 922 924 926
usemtl 1
f 909 928 907
usemtl 1
f 926 927 929
usemtl 1
f 930 929 931
usemtl 1
f 925 908 907
usemtl 1
f 929 927 932
usemtl 1
f 925 907 927
usemtl 1
f 913 933 930
usemtl 1
f 931 934 906
usemtl 1
f 935 936 937
usemtl 1
f 938 906 934
usemtl 1
f 939 940 941
usemtl 1
f 935 941 942
usemtl 1
f 941 943 944
usemtl 1
f 941 944 942
usemtl 1
f 945 936 935
usemtl 1
f 946 935 947
usemtl 1
f 945 935 946
usemtl 1
f 935 937 948
usemtl 1
f 935 948 941
usemtl 1
f 948 949 941
usemtl 1
f 950 919 951
usemtl 1
f 930 952 953
usemtl 1
f 954 955 949
usemtl 1
f 954 949 948
usemtl 1
f 949 939 941
usemtl 1
f 905 939 949
usemtl 1
f 905 949 906
usemtl 1
f 949 952 906
usemtl 1
f 952 931 906
usemtl 1
f 930 931 952
usemtl 1
f 956 957 958
usemtl 1
f 959 960 892
usemtl 1
f 960 961 893
usemtl 1
f 962 961 960
usemtl 1
f 921 951 919
usemtl 1
f 930 921 918
usemtl 1
f 963 911 910
usemtl 1
f 930 951 921
usemtl 1
f 929 930 933
usemtl 1
f 963 910 958
usemtl 1
f 964 965 926
usemtl 1
f 933 964 929
usemtl 1
f 918 913 930
usemtl 1
f 966 967 964
usemtl 1
f 958 916 956
usemtl 1
f 965 957 926
usemtl 1
f 929 964 926
usemtl 1
f 933 966 964
usemtl 1
f 958 957 965
usemtl 1
f 910 916 958
usemtl 1
f 958 968 963
usemtl 1
f 891 969 963
usemtl 1
f 970 960 959
usemtl 1
f 960 893 892
usemtl 1
f 971 892 891
usemtl 1
f 893 972 973
usemtl 1
f 893 961 974
usemtl 1
f 975 972 893
usemtl 1
f 975 893 976
usemtl 1
f 972 977 973
usemtl 1
f 902 978 979
usemtl 1
f 980 977 972
usemtl 1
f 969 901 911
usemtl 1
f 981 982 977
usemtl 1
f 983 901 969
usemtl 1
f 891 973 969
usemtl 1
f 984 902 983
usemtl 1
f 893 973 891
usemtl 1
f 977 982 973
usemtl 1
f 963 969 911
usemtl 1
f 902 901 983
usemtl 1
f 979 985 898
usemtl 1
f 986 987 979
usemtl 1
f 979 987 988
usemtl 1
f 979 988 985
usemtl 1
f 902 898 903
usemtl 1
f 902 979 898
usemtl 1
f 903 897 900
usemtl 1
f 903 898 897
usemtl 2
f 895 989 990
usemtl 2
f 895 894 989
usemtl 2
f 896 990 991
usemtl 2
f 896 895 990
usemtl 2
f 900 991 992
usemtl 2
f 900 896 991
usemtl 2
f 903 992 993
usemtl 2
f 903 900 992
usemtl 2
f 901 993 994
usemtl 2
f 901 903 993
usemtl 2
f 911 994 995
usemtl 2
f 911 901 994
usemtl 2
f 912 995 996
usemtl 2
f 912 911 995
usemtl 2
f 910 996 997
usemtl 2
f 910 912 996
usemtl 2
f 917 997 998
usemtl 2
f 917 910 997
usemtl 2
f 916 998 999
usemtl 2
f 916 917 998
usemtl 2
f 956 999 1000
usemtl 2
f 956 916 999
usemtl 2
f 957 1000 1001
usemtl 2
f 957 956 1000
usemtl 2
f 926 1001 1002
usemtl 2
f 926 957 1001
usemtl 2
f 922 1002 1003
usemtl 2
f 922 926 1002
usemtl 2
f 923 1003 1004
usemtl 2
f 923 922 1003
usemtl 2
f 924 1004 1005
usemtl 2
f 924 923 1004
usemtl 2
f 925 1005 1006
usemtl 2
f 925 924 1005
usemtl 2
f 908 1006 1007
usemtl 2
f 908 925 1006
usemtl 2
f 909 1007 1008
usemtl 2
f 909 908 1007
usemtl 2
f 928 1008 1009
usemtl 2
f 928 909 1008
usemtl 2
f 907 1009 1010
usemtl 2
f 907 928 1009
usemtl 2
f 927 1010 1011
usemtl 2
f 927 907 1010
usemtl 2
f 932 1011 1012
usemtl 2
f 932 927 1011
usemtl 2
f 929 1012 1013
usemtl 2
f 929 932 1012
usemtl 2
f 931 1013 1014
usemtl 2
f 931 929 1013
usemtl 2
f 934 1014 1015
usemtl 2
f 934 931 1014
usemtl 2
f 938 1015 1016
usemtl 2
f 938 934 1015
usemtl 2
f 906 1016 1017
usemtl 2
f 906 938 1016
usemtl 2
f 904 1017 1018
usemtl 2
f 904 906 1017
usemtl 2
f 905 1018 1019
usemtl 2
f 905 904 1018
usemtl 2
f 939 1019 1020
usemtl 2
f 939 905 1019
usemtl 2
f 940 1020 1021
usemtl 2
f 940 939 1020
usemtl 2
f 941 1021 1022
usemtl 2
f 941 940 1021
usemtl 2
f 943 1022 1023
usemtl 2
f 943 941 1022
usemtl 2
f 944 1023 1024
usemtl 2
f 944 943 1023
usemtl 2
f 944 1024 1025
usemtl 2
f 942 944 1025
usemtl 2
f 935 1025 1026
usemtl 2
f 935 942 1025
usemtl 2
f 947 1026 1027
usemtl 2
f 947 935 1026
usemtl 2
f 946 1027 1028
usemtl 2
f 946 947 1027
usemtl 2
f 945 1028 1029
usemtl 2
f 945 946 1028
usemtl 2
f 936 1029 1030
usemtl 2
f 936 945 1029
usemtl 2
f 937 1030 1031
usemtl 2
f 937 936 1030
usemtl 2
f 948 1031 1032
usemtl 2
f 948 937 1031
usemtl 2
f 954 1032 1033
usemtl 2
f 954 948 1032
usemtl 2
f 954 1033 1034
usemtl 2
f 955 954 1034
usemtl 2
f 949 1034 1035
usemtl 2
f 949 955 1034
usemtl 2
f 952 1035 1036
usemtl 2
f 952 949 1035
usemtl 2
f 953 1036 1037
usemtl 2
f 953 952 1036
usemtl 2
f 930 1037 1038
usemtl 2
f 930 953 1037
usemtl 2
f 951 1038 1039
usemtl 2
f 951 930 1038
usemtl 2
f 950 1039 1040
usemtl 2
f 950 951 1039
usemtl 2
f 919 1040 1041
usemtl 2
f 919 950 1040
usemtl 2
f 920 1041 1042
usemtl 2
f 920 919 1041
usemtl 2
f 921 1042 1043
usemtl 2
f 921 920 1042
usemtl 2
f 918 1043 1044
usemtl 2
f 918 921 1043
usemtl 2
f 914 1044 1045
usemtl 2
f 914 918 1044
usemtl 2
f 915 1045 1046
usemtl 2
f 915 914 1045
usemtl 2
f 913 1046 1047
usemtl 2
f 913 915 1046
usemtl 2
f 933 1047 1048
usemtl 2
f 933 913 1047
usemtl 2
f 966 1048 1049
usemtl 2
f 966 933 1048
usemtl 2
f 967 1049 1050
usemtl 2
f 967 966 1049
usemtl 2
f 964 1050 1051
usemtl 2
f 964 967 1050
usemtl 2
f 965 1051 1052
usemtl 2
f 965 964 1051
usemtl 2
f 958 1052 1053
usemtl 2
f 958 965 1052
usemtl 2
f 968 1053 1054
usemtl 2
f 968 958 1053
usemtl 2
f 963 1054 1055
usemtl 2
f 963 968 1054
usemtl 2
f 891 1055 1056
usemtl 2
f 891 963 1055
usemtl 2
f 971 1056 1057
usemtl 2
f 971 891 1056
usemtl 2
f 892 1057 1058
usemtl 2
f 892 971 1057
usemtl 2
f 959 1058 1059
usemtl 2
f 959 892 1058
usemtl 2
f 970 1059 1060
usemtl 2
f 970 959 1059
usemtl 2
f 960 1060 1061
usemtl 2
f 960 970 1060
usemtl 2
f 962 1061 1062
usemtl 2
f 962 960 1061
usemtl 2
f 961 1062 1063
usemtl 2
f 961 962 1062
usemtl 2
f 974 1063 1064
usemtl 2
f 974 961 1063
usemtl 2
f 893 1064 1065
usemtl 2
f 893 974 1064
usemtl 2
f 976 1065 1066
usemtl 2
f 976 893 1065
usemtl 2
f 975 1066 1067
usemtl 2
f 975 976 1066
usemtl 2
f 972 1067 1068
usemtl 2
f 972 975 1067
usemtl 2
f 980 1068 1069
usemtl 2
f 980 972 1068
usemtl 2
f 977 1069 1070
usemtl 2
f 977 980 1069
usemtl 2
f 981 1070 1071
usemtl 2
f 981 977 1070
usemtl 2
f 982 1071 1072
usemtl 2
f 982 981 1071
usemtl 2
f 973 1072 1073
usemtl 2
f 973 982 1072
usemtl 2
f 969 1073 1074
usemtl 2
f 969 973 1073
usemtl 2
f 983 1074 1075
usemtl 2
f 983 969 1074
usemtl 2
f 984 1075 1076
usemtl 2
f 984 983 1075
usemtl 2
f 902 1076 1077
usemtl 2
f 902 984 1076
usemtl 2
f 978 1077 1078
usemtl 2
f 978 902 1077
usemtl 2
f 979 1078 1079
usemtl 2
f 979 978 1078
usemtl 2
f 986 1079 1080
usemtl 2
f 986 979 1079
usemtl 2
f 987 1080 1081
usemtl 2
f 987 986 1080
usemtl 2
f 988 1081 1082
usemtl 2
f 988 987 1081
usemtl 2
f 985 1082 1083
usemtl 2
f 985 988 1082
usemtl 2
f 898 1083 1084
usemtl 2
f 898 985 1083
usemtl 2
f 899 1084 1085
usemtl 2
f 899 898 1084
usemtl 2
f 897 1085 1086
usemtl 2
f 897 899 1085
usemtl 2
f 894 1086 989
usemtl 2
f 894 897 1086
usemtl 2
f 1087 1088 1089
usemtl 2
f 1087 1090 1088
usemtl 2
f 1091 1089 1092
usemtl 2
f 1091 1087 1089
usemtl 2
f 1093 1092 1094
usemtl 2
f 1093 1091 1092
usemtl 2
f 1095 1094 1096
usemtl 2
f 1095 1093 1094
usemtl 2
f 1090 1096 1088
usemtl 2
f 1090 1095 1096
usemtl 0
f 993 1077 994
usemtl 0
f 1079 1082 1081
usemtl 0
f 1053 1001 1000
usemtl 0
f 991 989 992
usemtl 0
f 1085 1084 1086
usemtl 0
f 1083 1082 1079
usemtl 0
f 1077 1076 1075
usemtl 0
f 990 989 991
usemtl 0
f 1081 1080 1079
usemtl 0
f 1083 1079 1084
usemtl 0
f 1070 1069 1068
usemtl 0
f 1079 1078 1077
usemtl 0
f 1079 1077 1084
usemtl 0
f 1053 997 1055
usemtl 0
f 1066 1065 1067
usemtl 0
f 1055 1074 1056
usemtl 0
f 1072 1071 1070
usemtl 0
f 1072 1070 1073
usemtl 0
f 1063 1062 1061
usemtl 0
f 1070 1068 1073
usemtl 0
f 1065 1068 1067
usemtl 0
f 1073 1068 1065
usemtl 0
f 1059 1058 1061
usemtl 0
f 1065 1064 1063
usemtl 0
f 1065 1063 1061
usemtl 0
f 1006 1011 1010
usemtl 0
f 1058 1065 1061
usemtl 0
f 1038 1048 1047
usemtl 0
f 1061 1060 1059
usemtl 0
f 1056 1058 1057
usemtl 0
f 1056 1065 1058
usemtl 0
f 1073 1056 1074
usemtl 0
f 1073 1065 1056
usemtl 0
f 1053 1055 1054
usemtl 0
f 1053 1000 999
usemtl 0
f 1051 1002 1052
usemtl 0
f 1005 1002 1006
usemtl 0
f 1014 1013 1038
usemtl 0
f 1050 1049 1051
usemtl 0
f 1049 1048 1051
usemtl 0
f 1038 1044 1043
usemtl 0
f 1047 1044 1038
usemtl 0
f 1046 1045 1047
usemtl 0
f 1043 1039 1038
usemtl 0
f 1045 1044 1047
usemtl 0
f 1017 1035 1019
usemtl 0
f 1042 1041 1043
usemtl 0
f 1041 1040 1039
usemtl 0
f 1041 1039 1043
usemtl 0
f 1015 1014 1017
usemtl 0
f 1038 1037 1036
usemtl 0
f 1014 1036 1017
usemtl 0
f 1035 1032 1022
usemtl 0
f 1034 1033 1035
usemtl 0
f 1033 1032 1035
usemtl 0
f 1026 1031 1030
usemtl 0
f 1028 1026 1029
usemtl 0
f 1026 1030 1029
usemtl 0
f 1026 1028 1027
usemtl 0
f 1032 1031 1026
usemtl 0
f 1032 1026 1022
usemtl 0
f 1022 1025 1024
usemtl 0
f 1026 1025 1022
usemtl 0
f 1024 1023 1022
usemtl 0
f 1020 1022 1021
usemtl 0
f 1035 1022 1020
usemtl 0
f 1035 1020 1019
usemtl 0
f 1036 1035 1017
usemtl 0
f 1019 1018 1017
usemtl 0
f 1014 1038 1036
usemtl 0
f 1017 1016 1015
usemtl 0
f 1051 1048 1013
usemtl 0
f 1013 1048 1038
usemtl 0
f 1051 1013 1002
usemtl 0
f 1013 1012 1011
usemtl 0
f 1013 1011 1002
usemtl 0
f 1006 1010 1007
usemtl 0
f 1009 1008 1010
usemtl 0
f 1008 1007 1010
usemtl 0
f 1003 1002 1005
usemtl 0
f 1002 1011 1006
usemtl 0
f 1002 1001 1052
usemtl 0
f 1005 1004 1003
usemtl 0
f 1001 1053 1052
usemtl 0
f 1074 995 994
usemtl 0
f 1053 999 997
usemtl 0
f 1055 997 995
usemtl 0
f 999 998 997
usemtl 0
f 1075 1074 994
usemtl 0
f 1055 995 1074
usemtl 0
f 997 996 995
usemtl 0
f 1075 994 1077
usemtl 0
f 1084 1077 993
usemtl 0
f 1086 992 989
usemtl 0
f 993 1086 1084
usemtl 0
f 993 992 1086
o NL.IMBAG.Pand.0861100000371564-9
usemtl 0
f 1097 1098 1099
usemtl 0
f 1100 1101 1102
usemtl 0
f 1103 1104 1105
usemtl 0
f 1097 1106 1102
usemtl 0
f 1107 1108 1109
usemtl 0
f 1098 1110 1099
usemtl 0
f 1106 1099 1111
usemtl 0
f 1112 1113 1114
usemtl 0
f 1106 1111 1115
usemtl 0
f 1116 1117 1118
usemtl 0
f 1119 1120 1121
usemtl 0
f 1122 1123 1124
usemtl 0
f 1125 1108 1107
usemtl 0
f 1126 1127 1128
usemtl 0
f 1123 1107 1129
usemtl 0
f 1123 1125 1107
usemtl 0
f 1123 1129 1124
usemtl 0
f 1119 1130 1131
usemtl 0
f 1132 1133 1131
usemtl 0
f 1134 1135 1132
usemtl 0
f 1136 1127 1126
usemtl 0
f 1137 1138 1139
usemtl 0
f 1135 1126 1132
usemtl 0
f 1135 1136 1126
usemtl 0
f 1134 1132 1140
usemtl 0
f 1121 1120 1141
usemtl 0
f 1142 1117 1116
usemtl 0
f 1143 1144 1133
usemtl 0
f 1145 1138 1137
usemtl 0
f 1146 1147 1148
usemtl 0
f 1144 1137 1133
usemtl 0
f 1144 1145 1137
usemtl 0
f 1132 1131 1140
usemtl 0
f 1149 1121 1141
usemtl 0
f 1137 1131 1133
usemtl 0
f 1147 1121 1149
usemtl 0
f 1146 1150 1151
usemtl 0
f 1152 1153 1149
usemtl 0
f 1152 1149 1141
usemtl 0
f 1146 1148 1154
usemtl 0
f 1121 1147 1146
usemtl 0
f 1155 1156 1157
usemtl 0
f 1158 1159 1156
usemtl 0
f 1160 1158 1155
usemtl 0
f 1161 1162 1163
usemtl 0
f 1158 1156 1155
usemtl 0
f 1155 1157 1154
usemtl 0
f 1157 1164 1154
usemtl 0
f 1164 1150 1154
usemtl 0
f 1165 1142 1166
usemtl 0
f 1150 1146 1154
usemtl 0
f 1119 1121 1130
usemtl 0
f 1113 1116 1114
usemtl 0
f 1167 1166 1168
usemtl 0
f 1166 1142 1116
usemtl 0
f 1118 1117 1130
usemtl 0
f 1169 1142 1170
usemtl 0
f 1168 1116 1113
usemtl 0
f 1142 1165 1171
usemtl 0
f 1172 1171 1165
usemtl 0
f 1168 1166 1116
usemtl 0
f 1140 1173 1174
usemtl 0
f 1175 1176 1169
usemtl 0
f 1175 1169 1170
usemtl 0
f 1177 1178 1179
usemtl 0
f 1180 1181 1182
usemtl 0
f 1176 1183 1169
usemtl 0
f 1176 1184 1183
usemtl 0
f 1185 1186 1181
usemtl 0
f 1170 1142 1171
usemtl 0
f 1117 1187 1130
usemtl 0
f 1187 1188 1130
usemtl 0
f 1188 1131 1130
usemtl 0
f 1140 1131 1188
usemtl 0
f 1140 1188 1173
usemtl 0
f 1178 1177 1174
usemtl 0
f 1189 1179 1178
usemtl 0
f 1177 1190 1180
usemtl 0
f 1190 1181 1180
usemtl 0
f 1174 1177 1140
usemtl 0
f 1129 1180 1191
usemtl 0
f 1192 1193 1185
usemtl 0
f 1186 1185 1193
usemtl 0
f 1104 1124 1194
usemtl 0
f 1195 1196 1191
usemtl 0
f 1181 1186 1182
usemtl 0
f 1140 1180 1129
usemtl 0
f 1140 1177 1180
usemtl 0
f 1129 1191 1197
usemtl 0
f 1198 1197 1196
usemtl 0
f 1198 1196 1199
usemtl 0
f 1197 1191 1196
usemtl 0
f 1124 1197 1194
usemtl 0
f 1124 1129 1197
usemtl 0
f 1200 1201 1202
usemtl 0
f 1202 1104 1194
usemtl 0
f 1104 1202 1105
usemtl 0
f 1200 1202 1194
usemtl 0
f 1111 1104 1103
usemtl 0
f 1161 1103 1162
usemtl 0
f 1203 1103 1161
usemtl 0
f 1203 1161 1204
usemtl 0
f 1205 1115 1203
usemtl 0
f 1205 1203 1206
usemtl 0
f 1115 1103 1203
usemtl 0
f 1207 1205 1208
usemtl 0
f 1115 1205 1207
usemtl 0
f 1097 1099 1106
usemtl 0
f 1111 1103 1115
usemtl 0
f 1100 1102 1106
usemtl 2
f 1209 1210 1149
usemtl 2
f 1153 1209 1149
usemtl 2
f 1211 1209 1153
usemtl 2
f 1152 1211 1153
usemtl 2
f 1212 1213 1214
usemtl 2
f 1215 1212 1214
usemtl 2
f 1216 1217 1160
usemtl 2
f 1155 1216 1160
usemtl 2
f 1218 1219 1139
usemtl 2
f 1138 1218 1139
usemtl 2
f 1220 1218 1138
usemtl 2
f 1145 1220 1138
usemtl 2
f 1219 1221 1137
usemtl 2
f 1139 1219 1137
usemtl 2
f 1222 1223 1144
usemtl 2
f 1143 1222 1144
usemtl 2
f 1224 1222 1143
usemtl 2
f 1133 1224 1143
usemtl 2
f 1225 1226 1128
usemtl 2
f 1127 1225 1128
usemtl 2
f 1223 1220 1145
usemtl 2
f 1144 1223 1145
usemtl 2
f 1227 1228 1229
usemtl 2
f 1230 1227 1229
usemtl 2
f 1231 1227 1230
usemtl 2
f 1232 1231 1230
usemtl 2
f 1233 1234 1134
usemtl 2
f 1140 1233 1134
usemtl 2
f 1235 1236 1136
usemtl 2
f 1135 1235 1136
usemtl 2
f 1226 1237 1126
usemtl 2
f 1128 1226 1126
usemtl 2
f 1237 1238 1132
usemtl 2
f 1126 1237 1132
usemtl 2
f 1236 1225 1127
usemtl 2
f 1136 1236 1127
usemtl 2
f 1234 1235 1135
usemtl 2
f 1134 1234 1135
usemtl 2
f 1239 1240 1109
usemtl 2
f 1108 1239 1109
usemtl 2
f 1241 1242 1125
usemtl 2
f 1123 1241 1125
usemtl 2
f 1243 1233 1140
usemtl 2
f 1129 1243 1140
usemtl 2
f 1240 1244 1107
usemtl 2
f 1109 1240 1107
usemtl 2
f 1244 1243 1129
usemtl 2
f 1107 1244 1129
usemtl 2
f 1242 1239 1108
usemtl 2
f 1125 1242 1108
usemtl 2
f 1245 1241 1123
usemtl 2
f 1122 1245 1123
usemtl 2
f 1246 1247 1110
usemtl 2
f 1098 1246 1110
usemtl 2
f 1248 1245 1122
usemtl 2
f 1124 1248 1122
usemtl 2
f 1249 1250 1205
usemtl 2
f 1206 1249 1205
usemtl 2
f 1247 1251 1099
usemtl 2
f 1110 1247 1099
usemtl 2
f 1252 1253 1101
usemtl 2
f 1100 1252 1101
usemtl 2
f 1254 1255 1207
usemtl 2
f 1208 1254 1207
usemtl 2
f 1250 1254 1208
usemtl 2
f 1205 1250 1208
usemtl 2
f 1256 1257 1258
usemtl 2
f 1259 1256 1258
usemtl 2
f 1260 1261 1262
usemtl 2
f 1263 1260 1262
usemtl 2
f 1264 1265 1202
usemtl 2
f 1201 1264 1202
usemtl 2
f 1266 1256 1259
usemtl 2
f 1111 1266 1259
usemtl 2
f 1104 1111 1259
usemtl 2
f 1267 1268 1194
usemtl 2
f 1197 1267 1194
usemtl 2
f 1269 1270 1191
usemtl 2
f 1180 1269 1191
usemtl 2
f 1271 1264 1201
usemtl 2
f 1200 1271 1201
usemtl 2
f 1272 1273 1117
usemtl 2
f 1142 1272 1117
usemtl 2
f 1274 1275 1165
usemtl 2
f 1166 1274 1165
usemtl 2
f 1276 1277 1278
usemtl 2
f 1279 1276 1278
usemtl 2
f 1280 1274 1166
usemtl 2
f 1167 1280 1166
usemtl 2
f 1281 1282 1114
usemtl 2
f 1116 1281 1114
usemtl 2
f 1283 1284 1113
usemtl 2
f 1112 1283 1113
usemtl 2
f 1282 1283 1112
usemtl 2
f 1114 1282 1112
usemtl 2
f 1285 1286 1287
usemtl 2
f 1288 1285 1287
usemtl 2
f 1289 1290 1146
usemtl 2
f 1151 1289 1146
usemtl 2
f 1291 1289 1151
usemtl 2
f 1150 1291 1151
usemtl 2
f 1292 1291 1150
usemtl 2
f 1164 1292 1150
usemtl 2
f 1293 1292 1164
usemtl 2
f 1157 1293 1164
usemtl 2
f 1294 1293 1157
usemtl 2
f 1156 1294 1157
usemtl 2
f 1295 1296 1297
usemtl 2
f 1298 1295 1297
usemtl 2
f 1228 1299 1300
usemtl 2
f 1229 1228 1300
usemtl 2
f 1301 1302 1303
usemtl 2
f 1304 1301 1303
usemtl 2
f 1305 1306 1307
usemtl 2
f 1308 1305 1307
usemtl 2
f 1306 1276 1279
usemtl 2
f 1307 1306 1279
usemtl 2
f 1299 1309 1310
usemtl 2
f 1300 1299 1310
usemtl 2
f 1311 1312 1313
usemtl 2
f 1314 1311 1313
usemtl 2
f 1315 1316 1317
usemtl 2
f 1318 1315 1317
usemtl 2
f 1316 1301 1304
usemtl 2
f 1317 1316 1304
usemtl 2
f 1286 1319 1320
usemtl 2
f 1287 1286 1320
usemtl 2
f 1321 1322 1323
usemtl 2
f 1321 1324 1322
usemtl 2
f 1325 1281 1116
usemtl 2
f 1118 1325 1116
usemtl 2
f 1296 1326 1327
usemtl 2
f 1297 1296 1327
usemtl 2
f 1328 1325 1118
usemtl 2
f 1328 1329 1325
usemtl 2
f 1130 1328 1118
usemtl 2
f 1330 1328 1130
usemtl 2
f 1121 1330 1130
usemtl 2
f 1331 1332 1333
usemtl 2
f 1334 1331 1333
usemtl 2
f 1335 1336 1183
usemtl 2
f 1184 1335 1183
usemtl 2
f 1308 1280 1167
usemtl 2
f 1168 1308 1167
usemtl 2
f 1284 1305 1308
usemtl 2
f 1113 1284 1308
usemtl 2
f 1168 1113 1308
usemtl 2
f 1337 1338 1339
usemtl 2
f 1340 1337 1339
usemtl 2
f 1341 1337 1340
usemtl 2
f 1342 1341 1340
usemtl 2
f 1343 1344 1345
usemtl 2
f 1346 1343 1345
usemtl 2
f 1338 1343 1346
usemtl 2
f 1339 1338 1346
usemtl 2
f 1347 1329 1328
usemtl 2
f 1348 1347 1328
usemtl 2
f 1348 1349 1350
usemtl 2
f 1351 1348 1350
usemtl 2
f 1352 1353 1354
usemtl 2
f 1355 1352 1354
usemtl 2
f 1312 1356 1357
usemtl 2
f 1313 1312 1357
usemtl 2
f 1358 1313 1357
usemtl 2
f 1344 1347 1348
usemtl 2
f 1345 1344 1348
usemtl 2
f 1351 1345 1348
usemtl 2
f 1359 1360 1361
usemtl 2
f 1362 1359 1361
usemtl 2
f 1363 1359 1362
usemtl 2
f 1364 1363 1362
usemtl 2
f 1360 1285 1288
usemtl 2
f 1361 1360 1288
usemtl 2
f 1365 1303 1171
usemtl 2
f 1172 1365 1171
usemtl 2
f 1275 1365 1172
usemtl 2
f 1165 1275 1172
usemtl 2
f 1333 1366 1192
usemtl 2
f 1333 1332 1366
usemtl 2
f 1185 1333 1192
usemtl 2
f 1367 1368 1203
usemtl 2
f 1204 1367 1203
usemtl 2
f 1368 1249 1206
usemtl 2
f 1203 1368 1206
usemtl 2
f 1369 1370 1161
usemtl 2
f 1163 1369 1161
usemtl 2
f 1371 1369 1163
usemtl 2
f 1162 1371 1163
usemtl 2
f 1370 1367 1204
usemtl 2
f 1161 1370 1204
usemtl 2
f 1290 1330 1121
usemtl 2
f 1146 1290 1121
usemtl 2
f 1372 1373 1374
usemtl 2
f 1375 1372 1374
usemtl 2
f 1376 1377 1378
usemtl 2
f 1379 1376 1378
usemtl 2
f 1379 1380 1148
usemtl 2
f 1147 1379 1148
usemtl 2
f 1210 1376 1379
usemtl 2
f 1149 1210 1379
usemtl 2
f 1147 1149 1379
usemtl 2
f 1381 1382 1190
usemtl 2
f 1177 1381 1190
usemtl 2
f 1213 1383 1382
usemtl 2
f 1213 1384 1383
usemtl 2
f 1214 1213 1382
usemtl 2
f 1382 1385 1181
usemtl 2
f 1382 1383 1385
usemtl 2
f 1190 1382 1181
usemtl 2
f 1385 1333 1185
usemtl 2
f 1181 1385 1185
usemtl 2
f 1386 1294 1156
usemtl 2
f 1159 1386 1156
usemtl 2
f 1387 1386 1159
usemtl 2
f 1158 1387 1159
usemtl 2
f 1217 1387 1158
usemtl 2
f 1160 1217 1158
usemtl 2
f 1388 1389 1390
usemtl 2
f 1391 1388 1390
usemtl 2
f 1392 1393 1394
usemtl 2
f 1186 1392 1394
usemtl 2
f 1182 1186 1394
usemtl 2
f 1395 1396 1397
usemtl 2
f 1398 1395 1397
usemtl 2
f 1399 1400 1401
usemtl 2
f 1402 1399 1401
usemtl 2
f 1400 1403 1404
usemtl 2
f 1401 1400 1404
usemtl 2
f 1405 1406 1189
usemtl 2
f 1178 1405 1189
usemtl 2
f 1406 1407 1179
usemtl 2
f 1189 1406 1179
usemtl 2
f 1221 1408 1131
usemtl 2
f 1137 1221 1131
usemtl 2
f 1409 1410 1411
usemtl 2
f 1412 1409 1411
usemtl 2
f 1407 1381 1177
usemtl 2
f 1179 1407 1177
usemtl 2
f 1413 1295 1298
usemtl 2
f 1414 1413 1298
usemtl 2
f 1415 1416 1231
usemtl 2
f 1415 1417 1416
usemtl 2
f 1232 1418 1231
usemtl 2
f 1418 1415 1231
usemtl 2
f 1419 1417 1415
usemtl 2
f 1420 1419 1415
usemtl 2
f 1421 1422 1403
usemtl 2
f 1423 1421 1403
usemtl 2
f 1424 1421 1423
usemtl 2
f 1425 1424 1423
usemtl 2
f 1426 1211 1152
usemtl 2
f 1141 1426 1152
usemtl 2
f 1377 1372 1375
usemtl 2
f 1377 1427 1372
usemtl 2
f 1378 1377 1375
usemtl 2
f 1373 1428 1380
usemtl 2
f 1374 1373 1380
usemtl 2
f 1380 1429 1154
usemtl 2
f 1380 1428 1429
usemtl 2
f 1148 1380 1154
usemtl 2
f 1429 1216 1155
usemtl 2
f 1154 1429 1155
usemtl 2
f 1366 1430 1193
usemtl 2
f 1192 1366 1193
usemtl 2
f 1394 1269 1180
usemtl 2
f 1182 1394 1180
usemtl 2
f 1258 1431 1103
usemtl 2
f 1258 1257 1431
usemtl 2
f 1105 1258 1103
usemtl 2
f 1431 1371 1162
usemtl 2
f 1103 1431 1162
usemtl 2
f 1265 1258 1105
usemtl 2
f 1202 1265 1105
usemtl 2
f 1259 1248 1124
usemtl 2
f 1104 1259 1124
usemtl 2
f 1432 1433 1434
usemtl 2
f 1435 1432 1434
usemtl 2
f 1436 1435 1434
usemtl 2
f 1433 1437 1438
usemtl 2
f 1434 1433 1438
usemtl 2
f 1439 1440 1441
usemtl 2
f 1442 1439 1441
usemtl 2
f 1437 1443 1444
usemtl 2
f 1438 1437 1444
usemtl 2
f 1440 1432 1435
usemtl 2
f 1441 1440 1435
usemtl 2
f 1434 1445 1446
usemtl 2
f 1436 1434 1446
usemtl 2
f 1393 1447 1448
usemtl 2
f 1394 1393 1448
usemtl 2
f 1447 1399 1402
usemtl 2
f 1448 1447 1402
usemtl 2
f 1449 1450 1196
usemtl 2
f 1195 1449 1196
usemtl 2
f 1270 1449 1195
usemtl 2
f 1191 1270 1195
usemtl 2
f 1451 1267 1197
usemtl 2
f 1198 1451 1197
usemtl 2
f 1450 1452 1199
usemtl 2
f 1196 1450 1199
usemtl 2
f 1453 1341 1342
usemtl 2
f 1454 1453 1342
usemtl 2
f 1455 1453 1454
usemtl 2
f 1456 1455 1454
usemtl 2
f 1457 1409 1412
usemtl 2
f 1458 1457 1412
usemtl 2
f 1459 1405 1178
usemtl 2
f 1174 1459 1178
usemtl 2
f 1460 1461 1462
usemtl 2
f 1463 1460 1462
usemtl 2
f 1464 1460 1463
usemtl 2
f 1465 1464 1463
usemtl 2
f 1466 1464 1465
usemtl 2
f 1115 1466 1465
usemtl 2
f 1106 1115 1465
usemtl 2
f 1309 1413 1414
usemtl 2
f 1310 1309 1414
usemtl 2
f 1467 1468 1469
usemtl 2
f 1470 1467 1469
usemtl 2
f 1471 1467 1470
usemtl 2
f 1472 1471 1470
usemtl 2
f 1473 1471 1472
usemtl 2
f 1474 1473 1472
usemtl 2
f 1475 1476 1188
usemtl 2
f 1187 1475 1188
usemtl 2
f 1476 1457 1458
usemtl 2
f 1188 1476 1458
usemtl 2
f 1173 1188 1458
usemtl 2
f 1458 1459 1174
usemtl 2
f 1173 1458 1174
usemtl 2
f 1477 1478 1479
usemtl 2
f 1480 1477 1479
usemtl 2
f 1481 1477 1480
usemtl 2
f 1482 1481 1480
usemtl 2
f 1483 1439 1442
usemtl 2
f 1484 1483 1442
usemtl 2
f 1485 1486 1487
usemtl 2
f 1488 1485 1487
usemtl 2
f 1416 1315 1318
usemtl 2
f 1231 1416 1318
usemtl 2
f 1268 1271 1200
usemtl 2
f 1194 1268 1200
usemtl 2
f 1489 1490 1491
usemtl 2
f 1492 1489 1491
usemtl 2
f 1408 1489 1492
usemtl 2
f 1131 1408 1492
usemtl 2
f 1119 1131 1492
usemtl 2
f 1493 1494 1495
usemtl 2
f 1496 1493 1495
usemtl 2
f 1319 1493 1496
usemtl 2
f 1320 1319 1496
usemtl 2
f 1490 1311 1314
usemtl 2
f 1491 1490 1314
usemtl 2
f 1277 1497 1498
usemtl 2
f 1278 1277 1498
usemtl 2
f 1497 1499 1500
usemtl 2
f 1498 1497 1500
usemtl 2
f 1499 1501 1502
usemtl 2
f 1500 1499 1502
usemtl 2
f 1501 1455 1456
usemtl 2
f 1502 1501 1456
usemtl 2
f 1503 1504 1097
usemtl 2
f 1503 1505 1504
usemtl 2
f 1102 1503 1097
usemtl 2
f 1504 1246 1098
usemtl 2
f 1097 1504 1098
usemtl 2
f 1465 1252 1100
usemtl 2
f 1106 1465 1100
usemtl 2
f 1251 1266 1111
usemtl 2
f 1099 1251 1111
usemtl 2
f 1255 1466 1115
usemtl 2
f 1207 1255 1115
usemtl 2
f 1478 1506 1507
usemtl 2
f 1479 1478 1507
usemtl 2
f 1506 1483 1484
usemtl 2
f 1507 1506 1484
usemtl 2
f 1508 1505 1503
usemtl 2
f 1509 1508 1503
usemtl 2
f 1253 1503 1102
usemtl 2
f 1101 1253 1102
usemtl 2
f 1510 1508 1509
usemtl 2
f 1511 1510 1509
usemtl 2
f 1461 1510 1511
usemtl 2
f 1462 1461 1511
usemtl 2
f 1512 1513 1514
usemtl 2
f 1515 1512 1514
usemtl 2
f 1513 1331 1334
usemtl 2
f 1514 1513 1334
usemtl 2
f 1516 1517 1518
usemtl 2
f 1519 1516 1518
usemtl 2
f 1517 1520 1521
usemtl 2
f 1518 1517 1521
usemtl 2
f 1356 1427 1377
usemtl 2
f 1357 1356 1377
usemtl 2
f 1522 1523 1524
usemtl 2
f 1525 1522 1524
usemtl 2
f 1526 1522 1525
usemtl 2
f 1527 1526 1525
usemtl 2
f 1336 1528 1169
usemtl 2
f 1183 1336 1169
usemtl 2
f 1529 1530 1176
usemtl 2
f 1175 1529 1176
usemtl 2
f 1530 1335 1184
usemtl 2
f 1176 1530 1184
usemtl 2
f 1303 1531 1170
usemtl 2
f 1303 1302 1531
usemtl 2
f 1171 1303 1170
usemtl 2
f 1531 1529 1175
usemtl 2
f 1170 1531 1175
usemtl 2
f 1532 1415 1418
usemtl 2
f 1532 1533 1415
usemtl 2
f 1534 1532 1418
usemtl 2
f 1535 1532 1534
usemtl 2
f 1536 1535 1534
usemtl 2
f 1486 1535 1536
usemtl 2
f 1487 1486 1536
usemtl 2
f 1389 1533 1532
usemtl 2
f 1390 1389 1532
usemtl 2
f 1537 1538 1539
usemtl 2
f 1475 1537 1539
usemtl 2
f 1540 1419 1420
usemtl 2
f 1541 1540 1420
usemtl 2
f 1538 1540 1541
usemtl 2
f 1539 1538 1541
usemtl 2
f 1273 1537 1475
usemtl 2
f 1117 1273 1475
usemtl 2
f 1187 1117 1475
usemtl 2
f 1542 1260 1263
usemtl 2
f 1542 1543 1260
usemtl 2
f 1261 1544 1545
usemtl 2
f 1262 1261 1545
usemtl 2
f 1544 1546 1547
usemtl 2
f 1545 1544 1547
usemtl 2
f 1523 1543 1542
usemtl 2
f 1524 1523 1542
usemtl 2
f 1548 1426 1141
usemtl 2
f 1548 1549 1426
usemtl 2
f 1120 1548 1141
usemtl 2
f 1550 1549 1548
usemtl 2
f 1551 1550 1548
usemtl 2
f 1468 1485 1488
usemtl 2
f 1469 1468 1488
usemtl 2
f 1357 1552 1553
usemtl 2
f 1358 1357 1553
usemtl 2
f 1552 1550 1551
usemtl 2
f 1553 1552 1551
usemtl 2
f 1492 1548 1120
usemtl 2
f 1119 1492 1120
usemtl 2
f 1554 1395 1398
usemtl 2
f 1555 1554 1398
usemtl 2
f 1556 1554 1555
usemtl 2
f 1557 1556 1555
usemtl 2
f 1558 1559 1560
usemtl 2
f 1561 1558 1560
usemtl 2
f 1562 1512 1515
usemtl 2
f 1563 1562 1515
usemtl 2
f 1444 1564 1565
usemtl 2
f 1444 1443 1564
usemtl 2
f 1566 1444 1565
usemtl 2
f 1564 1212 1215
usemtl 2
f 1565 1564 1215
usemtl 2
f 1445 1444 1566
usemtl 2
f 1446 1445 1566
usemtl 2
f 1567 1568 1569
usemtl 2
f 1570 1567 1569
usemtl 2
f 1494 1567 1570
usemtl 2
f 1495 1494 1570
usemtl 2
f 1568 1571 1572
usemtl 2
f 1569 1568 1572
usemtl 2
f 1573 1574 1575
usemtl 2
f 1576 1573 1575
usemtl 2
f 1577 1556 1557
usemtl 2
f 1578 1577 1557
usemtl 2
f 1322 1577 1578
usemtl 2
f 1323 1322 1578
usemtl 2
f 1579 1481 1482
usemtl 2
f 1580 1579 1482
usemtl 2
f 1410 1579 1580
usemtl 2
f 1411 1410 1580
usemtl 2
f 1452 1451 1198
usemtl 2
f 1199 1452 1198
usemtl 2
f 1581 1582 1583
usemtl 2
f 1584 1581 1583
usemtl 2
f 1582 1424 1425
usemtl 2
f 1583 1582 1425
usemtl 2
f 1430 1585 1392
usemtl 2
f 1193 1430 1392
usemtl 2
f 1186 1193 1392
usemtl 2
f 1585 1581 1584
usemtl 2
f 1392 1585 1584
usemtl 2
f 1546 1526 1527
usemtl 2
f 1547 1546 1527
usemtl 2
f 1520 1384 1213
usemtl 2
f 1521 1520 1213
usemtl 2
f 1396 1586 1587
usemtl 2
f 1397 1396 1587
usemtl 2
f 1586 1388 1391
usemtl 2
f 1587 1586 1391
usemtl 2
f 1238 1224 1133
usemtl 2
f 1132 1238 1133
usemtl 2
f 1588 1352 1355
usemtl 2
f 1589 1588 1355
usemtl 2
f 1590 1588 1589
usemtl 2
f 1591 1590 1589
usemtl 2
f 1349 1590 1591
usemtl 2
f 1350 1349 1591
usemtl 2
f 1326 1473 1474
usemtl 2
f 1327 1326 1474
usemtl 2
f 1353 1592 1593
usemtl 2
f 1354 1353 1593
usemtl 2
f 1592 1363 1364
usemtl 2
f 1593 1592 1364
usemtl 2
f 1594 1573 1576
usemtl 2
f 1595 1594 1576
usemtl 2
f 1574 1596 1597
usemtl 2
f 1575 1574 1597
usemtl 2
f 1596 1324 1321
usemtl 2
f 1597 1596 1321
usemtl 2
f 1598 1516 1519
usemtl 2
f 1599 1598 1519
usemtl 2
f 1559 1562 1563
usemtl 2
f 1560 1559 1563
usemtl 2
f 1422 1558 1561
usemtl 2
f 1403 1422 1561
usemtl 2
f 1600 1404 1403
usemtl 2
f 1600 1403 1561
usemtl 2
f 1571 1594 1595
usemtl 2
f 1572 1571 1595
usemtl 2
f 1561 1598 1599
usemtl 2
f 1600 1561 1599
usemtl 2
f 1528 1272 1142
usemtl 2
f 1169 1528 1142
usemtl 1
f 1379 1378 1380
usemtl 1
f 1378 1375 1374
usemtl 1
f 1380 1378 1374
usemtl 1
f 1306 1284 1282
usemtl 1
f 1497 1277 1282
usemtl 1
f 1344 1338 1281
usemtl 1
f 1499 1497 1501
usemtl 1
f 1277 1306 1282
usemtl 1
f 1306 1305 1284
usemtl 1
f 1276 1306 1277
usemtl 1
f 1282 1284 1283
usemtl 1
f 1501 1497 1282
usemtl 1
f 1501 1282 1281
usemtl 1
f 1501 1281 1455
usemtl 1
f 1281 1325 1347
usemtl 1
f 1325 1329 1347
usemtl 1
f 1338 1344 1343
usemtl 1
f 1281 1347 1344
usemtl 1
f 1337 1281 1338
usemtl 1
f 1455 1337 1453
usemtl 1
f 1455 1281 1337
usemtl 1
f 1337 1341 1453
usemtl 1
f 1509 1462 1511
usemtl 1
f 1503 1253 1509
usemtl 1
f 1465 1462 1252
usemtl 1
f 1253 1462 1509
usemtl 1
f 1252 1462 1253
usemtl 1
f 1465 1463 1462
usemtl 1
f 1460 1510 1461
usemtl 1
f 1266 1466 1431
usemtl 1
f 1250 1368 1466
usemtl 1
f 1464 1266 1251
usemtl 1
f 1371 1431 1370
usemtl 1
f 1254 1250 1255
usemtl 1
f 1250 1466 1255
usemtl 1
f 1249 1368 1250
usemtl 1
f 1368 1367 1370
usemtl 1
f 1431 1368 1370
usemtl 1
f 1370 1369 1371
usemtl 1
f 1466 1368 1431
usemtl 1
f 1266 1431 1256
usemtl 1
f 1431 1257 1256
usemtl 1
f 1460 1464 1251
usemtl 1
f 1460 1251 1510
usemtl 1
f 1251 1246 1504
usemtl 1
f 1464 1466 1266
usemtl 1
f 1247 1246 1251
usemtl 1
f 1504 1508 1510
usemtl 1
f 1505 1508 1504
usemtl 1
f 1251 1504 1510
usemtl 1
f 1357 1550 1552
usemtl 1
f 1377 1550 1357
usemtl 1
f 1376 1210 1377
usemtl 1
f 1426 1549 1550
usemtl 1
f 1209 1211 1210
usemtl 1
f 1377 1210 1550
usemtl 1
f 1210 1426 1550
usemtl 1
f 1210 1211 1426
usemtl 1
f 1553 1548 1492
usemtl 1
f 1314 1313 1491
usemtl 1
f 1491 1358 1553
usemtl 1
f 1553 1551 1548
usemtl 1
f 1313 1358 1491
usemtl 1
f 1491 1553 1492
usemtl 1
f 1434 1444 1445
usemtl 1
f 1434 1438 1444
usemtl 1
f 1381 1407 1405
usemtl 1
f 1412 1411 1580
usemtl 1
f 1381 1442 1446
usemtl 1
f 1480 1412 1580
usemtl 1
f 1482 1480 1580
usemtl 1
f 1381 1214 1382
usemtl 1
f 1446 1214 1381
usemtl 1
f 1507 1484 1479
usemtl 1
f 1484 1442 1381
usemtl 1
f 1566 1215 1446
usemtl 1
f 1441 1435 1442
usemtl 1
f 1435 1436 1442
usemtl 1
f 1436 1446 1442
usemtl 1
f 1565 1215 1566
usemtl 1
f 1215 1214 1446
usemtl 1
f 1381 1405 1459
usemtl 1
f 1406 1405 1407
usemtl 1
f 1381 1459 1484
usemtl 1
f 1459 1479 1484
usemtl 1
f 1480 1459 1458
usemtl 1
f 1480 1479 1459
usemtl 1
f 1480 1458 1412
usemtl 1
f 1447 1392 1584
usemtl 1
f 1425 1403 1447
usemtl 1
f 1583 1425 1584
usemtl 1
f 1423 1403 1425
usemtl 1
f 1403 1399 1447
usemtl 1
f 1400 1399 1403
usemtl 1
f 1447 1393 1392
usemtl 1
f 1425 1447 1584
usemtl 1
f 1535 1486 1391
usemtl 1
f 1576 1572 1595
usemtl 1
f 1575 1321 1576
usemtl 1
f 1576 1569 1572
usemtl 1
f 1362 1287 1496
usemtl 1
f 1398 1587 1391
usemtl 1
f 1575 1597 1321
usemtl 1
f 1486 1578 1391
usemtl 1
f 1473 1321 1486
usemtl 1
f 1555 1398 1391
usemtl 1
f 1323 1578 1321
usemtl 1
f 1557 1555 1578
usemtl 1
f 1326 1351 1350
usemtl 1
f 1288 1362 1361
usemtl 1
f 1397 1587 1398
usemtl 1
f 1555 1391 1578
usemtl 1
f 1535 1390 1532
usemtl 1
f 1321 1578 1486
usemtl 1
f 1228 1318 1304
usemtl 1
f 1391 1390 1535
usemtl 1
f 1576 1321 1473
usemtl 1
f 1467 1485 1468
usemtl 1
f 1486 1485 1467
usemtl 1
f 1278 1498 1500
usemtl 1
f 1486 1467 1473
usemtl 1
f 1467 1471 1473
usemtl 1
f 1576 1473 1569
usemtl 1
f 1589 1326 1350
usemtl 1
f 1275 1304 1303
usemtl 1
f 1295 1413 1296
usemtl 1
f 1309 1299 1346
usemtl 1
f 1228 1304 1500
usemtl 1
f 1227 1231 1228
usemtl 1
f 1231 1318 1228
usemtl 1
f 1317 1304 1318
usemtl 1
f 1275 1303 1365
usemtl 1
f 1279 1278 1500
usemtl 1
f 1274 1304 1275
usemtl 1
f 1307 1279 1308
usemtl 1
f 1274 1280 1308
usemtl 1
f 1279 1274 1308
usemtl 1
f 1500 1502 1456
usemtl 1
f 1279 1500 1274
usemtl 1
f 1500 1456 1454
usemtl 1
f 1454 1342 1299
usemtl 1
f 1228 1500 1299
usemtl 1
f 1304 1274 1500
usemtl 1
f 1340 1339 1342
usemtl 1
f 1346 1413 1309
usemtl 1
f 1500 1454 1299
usemtl 1
f 1342 1339 1346
usemtl 1
f 1345 1413 1346
usemtl 1
f 1296 1413 1345
usemtl 1
f 1342 1346 1299
usemtl 1
f 1296 1345 1351
usemtl 1
f 1296 1351 1326
usemtl 1
f 1589 1350 1591
usemtl 1
f 1473 1589 1355
usemtl 1
f 1473 1326 1589
usemtl 1
f 1473 1355 1593
usemtl 1
f 1473 1593 1569
usemtl 1
f 1355 1354 1593
usemtl 1
f 1496 1364 1362
usemtl 1
f 1287 1362 1288
usemtl 1
f 1287 1320 1496
usemtl 1
f 1496 1569 1593
usemtl 1
f 1364 1496 1593
usemtl 1
f 1495 1569 1496
usemtl 1
f 1495 1570 1569
usemtl 1
f 1559 1558 1422
usemtl 1
f 1582 1512 1562
usemtl 1
f 1421 1559 1422
usemtl 1
f 1582 1421 1424
usemtl 1
f 1430 1366 1582
usemtl 1
f 1430 1582 1581
usemtl 1
f 1430 1581 1585
usemtl 1
f 1512 1331 1513
usemtl 1
f 1366 1331 1512
usemtl 1
f 1366 1332 1331
usemtl 1
f 1582 1366 1512
usemtl 1
f 1421 1562 1559
usemtl 1
f 1421 1582 1562
usemtl 1
f 1516 1598 1561
usemtl 1
f 1563 1516 1560
usemtl 1
f 1560 1516 1561
usemtl 1
f 1385 1520 1514
usemtl 1
f 1515 1516 1563
usemtl 1
f 1514 1516 1515
usemtl 1
f 1514 1520 1516
usemtl 1
f 1333 1514 1334
usemtl 1
f 1385 1514 1333
usemtl 1
f 1520 1517 1516
usemtl 1
f 1384 1385 1383
usemtl 1
f 1384 1520 1385
usemtl 1
f 1212 1269 1401
usemtl 1
f 1402 1269 1394
usemtl 1
f 1450 1267 1451
usemtl 1
f 1401 1518 1212
usemtl 1
f 1599 1519 1518
usemtl 1
f 1518 1521 1213
usemtl 1
f 1233 1212 1564
usemtl 1
f 1518 1213 1212
usemtl 1
f 1408 1490 1489
usemtl 1
f 1564 1443 1437
usemtl 1
f 1440 1437 1432
usemtl 1
f 1410 1233 1440
usemtl 1
f 1437 1433 1432
usemtl 1
f 1506 1440 1483
usemtl 1
f 1440 1439 1483
usemtl 1
f 1410 1440 1506
usemtl 1
f 1481 1410 1506
usemtl 1
f 1481 1478 1477
usemtl 1
f 1410 1481 1579
usemtl 1
f 1506 1478 1481
usemtl 1
f 1409 1233 1410
usemtl 1
f 1586 1409 1388
usemtl 1
f 1409 1457 1476
usemtl 1
f 1541 1476 1539
usemtl 1
f 1476 1475 1539
usemtl 1
f 1389 1541 1415
usemtl 1
f 1388 1476 1541
usemtl 1
f 1541 1420 1415
usemtl 1
f 1388 1541 1389
usemtl 1
f 1533 1389 1415
usemtl 1
f 1373 1290 1291
usemtl 1
f 1409 1476 1388
usemtl 1
f 1286 1311 1319
usemtl 1
f 1386 1387 1294
usemtl 1
f 1396 1395 1556
usemtl 1
f 1556 1395 1554
usemtl 1
f 1396 1556 1322
usemtl 1
f 1556 1577 1322
usemtl 1
f 1596 1322 1324
usemtl 1
f 1396 1322 1596
usemtl 1
f 1594 1574 1573
usemtl 1
f 1396 1596 1574
usemtl 1
f 1571 1574 1594
usemtl 1
f 1319 1571 1567
usemtl 1
f 1311 1574 1571
usemtl 1
f 1493 1319 1494
usemtl 1
f 1571 1568 1567
usemtl 1
f 1319 1567 1494
usemtl 1
f 1429 1373 1291
usemtl 1
f 1311 1571 1319
usemtl 1
f 1408 1586 1396
usemtl 1
f 1330 1285 1360
usemtl 1
f 1330 1360 1363
usemtl 1
f 1352 1330 1353
usemtl 1
f 1360 1359 1363
usemtl 1
f 1363 1592 1353
usemtl 1
f 1328 1330 1352
usemtl 1
f 1328 1352 1590
usemtl 1
f 1352 1588 1590
usemtl 1
f 1328 1590 1349
usemtl 1
f 1330 1363 1353
usemtl 1
f 1349 1348 1328
usemtl 1
f 1291 1292 1429
usemtl 1
f 1372 1285 1330
usemtl 1
f 1292 1293 1429
usemtl 1
f 1290 1289 1291
usemtl 1
f 1224 1586 1408
usemtl 1
f 1221 1220 1223
usemtl 1
f 1238 1586 1224
usemtl 1
f 1216 1387 1217
usemtl 1
f 1216 1294 1387
usemtl 1
f 1428 1373 1429
usemtl 1
f 1294 1216 1293
usemtl 1
f 1372 1312 1285
usemtl 1
f 1216 1429 1293
usemtl 1
f 1427 1356 1312
usemtl 1
f 1372 1290 1373
usemtl 1
f 1290 1372 1330
usemtl 1
f 1286 1312 1311
usemtl 1
f 1312 1372 1427
usemtl 1
f 1286 1285 1312
usemtl 1
f 1574 1311 1396
usemtl 1
f 1408 1311 1490
usemtl 1
f 1396 1311 1408
usemtl 1
f 1223 1222 1224
usemtl 1
f 1409 1586 1238
usemtl 1
f 1218 1220 1221
usemtl 1
f 1409 1238 1233
usemtl 1
f 1221 1219 1218
usemtl 1
f 1221 1223 1224
usemtl 1
f 1440 1233 1437
usemtl 1
f 1221 1224 1408
usemtl 1
f 1236 1235 1237
usemtl 1
f 1235 1234 1238
usemtl 1
f 1236 1237 1225
usemtl 1
f 1237 1226 1225
usemtl 1
f 1235 1238 1237
usemtl 1
f 1233 1564 1437
usemtl 1
f 1243 1212 1233
usemtl 1
f 1234 1233 1238
usemtl 1
f 1268 1267 1248
usemtl 1
f 1450 1451 1452
usemtl 1
f 1241 1244 1242
usemtl 1
f 1244 1240 1239
usemtl 1
f 1244 1239 1242
usemtl 1
f 1243 1244 1241
usemtl 1
f 1248 1241 1245
usemtl 1
f 1258 1265 1259
usemtl 1
f 1243 1241 1248
usemtl 1
f 1265 1268 1259
usemtl 1
f 1264 1271 1265
usemtl 1
f 1268 1248 1259
usemtl 1
f 1271 1268 1265
usemtl 1
f 1599 1401 1600
usemtl 1
f 1248 1267 1243
usemtl 1
f 1401 1404 1600
usemtl 1
f 1270 1450 1449
usemtl 1
f 1270 1267 1450
usemtl 1
f 1270 1243 1267
usemtl 1
f 1269 1243 1270
usemtl 1
f 1212 1243 1269
usemtl 1
f 1394 1448 1402
usemtl 1
f 1401 1269 1402
usemtl 1
f 1599 1518 1401
usemtl 1
f 1528 1529 1531
usemtl 1
f 1528 1530 1529
usemtl 1
f 1528 1531 1301
usemtl 1
f 1336 1530 1528
usemtl 1
f 1336 1335 1530
usemtl 1
f 1531 1302 1301
usemtl 1
f 1528 1301 1316
usemtl 1
f 1528 1316 1272
usemtl 1
f 1316 1315 1416
usemtl 1
f 1316 1416 1272
usemtl 1
f 1419 1273 1272
usemtl 1
f 1540 1538 1419
usemtl 1
f 1416 1419 1272
usemtl 1
f 1416 1417 1419
usemtl 1
f 1538 1273 1419
usemtl 1
f 1537 1273 1538
o NL.IMBAG.Pand.0861100000421525-10
usemtl 0
f 1601 1602 1603
usemtl 0
f 1601 1604 1602
usemtl 2
f 1605 1606 1603
usemtl 2
f 1602 1605 1603
usemtl 2
f 1606 1607 1601
usemtl 2
f 1603 1606 1601
usemtl 2
f 1608 1605 1602
usemtl 2
f 1604 1608 1602
usemtl 2
f 1607 1608 1604
usemtl 2
f 1601 1607 1604
usemtl 1
f 1605 1608 1607
usemtl 1
f 1606 1605 1607
o NL.IMBAG.Pand.0861100000427735-11
usemtl 0
f 1609 1610 1611
usemtl 0
f 1612 1613 1614
usemtl 0
f 1611 1612 1614
usemtl 0
f 1611 1614 1615
usemtl 0
f 1614 1616 1615
usemtl 0
f 1611 1615 1609
usemtl 2
f 1617 1618 1613
usemtl 2
f 1612 1617 1613
usemtl 2
f 1619 1620 1615
usemtl 2
f 1616 1619 1615
usemtl 2
f 1614 1619 1616
usemtl 2
f 1614 1621 1619
usemtl 2
f 1622 1623 1611
usemtl 2
f 1610 1622 1611
usemtl 2
f 1624 1622 1610
usemtl 2
f 1609 1624 1610
usemtl 2
f 1620 1624 1609
usemtl 2
f 1615 1620 1609
usemtl 2
f 1623 1617 1612
usemtl 2
f 1611 1623 1612
usemtl 2
f 1618 1621 1614
usemtl 2
f 1613 1618 1614
usemtl 1
f 1623 1621 1617
usemtl 1
f 1617 1621 1618
usemtl 1
f 1624 1623 1622
usemtl 1
f 1624 1620 1623
usemtl 1
f 1620 1621 1623
usemtl 1
f 1619 1621 1620
o NL.IMBAG.Pand.0861100000369255-12
usemtl 0
f 1625 1626 1627
usemtl 0
f 1628 1629 1627
usemtl 0
f 1630 1628 1627
usemtl 0
f 1627 1629 1631
usemtl 0
f 1632 1633 1634
usemtl 0
f 1635 1633 1632
usemtl 0
f 1633 1631 1634
usemtl 0
f 1625 1633 1636
usemtl 0
f 1627 1631 1633
usemtl 0
f 1626 1625 1637
usemtl 0
f 1627 1633 1625
usemtl 2
f 1638 1639 1632
usemtl 2
f 1634 1638 1632
usemtl 2
f 1640 1638 1634
usemtl 2
f 1631 1640 1634
usemtl 2
f 1641 1640 1631
usemtl 2
f 1629 1641 1631
usemtl 2
f 1642 1643 1625
usemtl 2
f 1636 1642 1625
usemtl 2
f 1644 1645 1633
usemtl 2
f 1635 1644 1633
usemtl 2
f 1639 1644 1635
usemtl 2
f 1632 1639 1635
usemtl 2
f 1645 1642 1636
usemtl 2
f 1633 1645 1636
usemtl 2
f 1646 1647 1628
usemtl 2
f 1630 1646 1628
usemtl 2
f 1648 1649 1626
usemtl 2
f 1637 1648 1626
usemtl 2
f 1643 1648 1637
usemtl 2
f 1625 1643 1637
usemtl 2
f 1650 1646 1630
usemtl 2
f 1627 1650 1630
usemtl 2
f 1647 1641 1629
usemtl 2
f 1628 1647 1629
usemtl 2
f 1649 1650 1627
usemtl 2
f 1626 1649 1627
usemtl 1
f 1648 1643 1649
usemtl 1
f 1643 1650 1649
usemtl 1
f 1644 1639 1645
usemtl 1
f 1642 1645 1643
usemtl 1
f 1645 1650 1643
usemtl 1
f 1645 1639 1638
usemtl 1
f 1645 1638 1640
usemtl 1
f 1645 1640 1650
usemtl 1
f 1641 1647 1650
usemtl 1
f 1647 1646 1650
usemtl 1
f 1640 1641 1650
o NL.IMBAG.Pand.0861100000425963-13
usemtl 0
f 1651 1652 1653
usemtl 0
f 1651 1654 1652
usemtl 2
f 1655 1656 1652
usemtl 2
f 1654 1655 1652
usemtl 2
f 1657 1655 1654
usemtl 2
f 1651 1657 1654
usemtl 2
f 1658 1657 1651
usemtl 2
f 1653 1658 1651
usemtl 2
f 1656 1658 1653
usemtl 2
f 1652 1656 1653
usemtl 1
f 1657 1658 1656
usemtl 1
f 1655 1657 1656
o NL.IMBAG.Pand.0861100000421004-14
usemtl 0
f 1659 1660 1661
usemtl 0
f 1660 1662 1661
usemtl 0
f 1663 1664 1665
usemtl 0
f 1662 1664 1661
usemtl 0
f 1665 1664 1662
usemtl 0
f 1663 1666 1664
usemtl 2
f 1667 1668 1664
usemtl 2
f 1666 1667 1664
usemtl 2
f 1669 1667 1666
usemtl 2
f 1663 1669 1666
usemtl 2
f 1670 1671 1659
usemtl 2
f 1661 1670 1659
usemtl 2
f 1672 1673 1674
usemtl 2
f 1675 1672 1674
usemtl 2
f 1676 1677 1678
usemtl 2
f 1679 1676 1678
usemtl 2
f 1680 1681 1682
usemtl 2
f 1683 1680 1682
usemtl 2
f 1684 1680 1683
usemtl 2
f 1685 1684 1683
usemtl 2
f 1686 1687 1688
usemtl 2
f 1689 1686 1688
usemtl 2
f 1687 1672 1675
usemtl 2
f 1688 1687 1675
usemtl 2
f 1690 1686 1689
usemtl 2
f 1691 1690 1689
usemtl 2
f 1692 1690 1691
usemtl 2
f 1693 1692 1691
usemtl 2
f 1671 1694 1695
usemtl 2
f 1659 1671 1695
usemtl 2
f 1660 1659 1695
usemtl 2
f 1694 1692 1693
usemtl 2
f 1695 1694 1693
usemtl 2
f 1696 1697 1698
usemtl 2
f 1699 1696 1698
usemtl 2
f 1697 1700 1701
usemtl 2
f 1698 1697 1701
usemtl 2
f 1681 1702 1703
usemtl 2
f 1682 1681 1703
usemtl 2
f 1700 1704 1705
usemtl 2
f 1701 1700 1705
usemtl 2
f 1704 1706 1707
usemtl 2
f 1705 1704 1707
usemtl 2
f 1708 1684 1685
usemtl 2
f 1709 1708 1685
usemtl 2
f 1677 1708 1709
usemtl 2
f 1678 1677 1709
usemtl 2
f 1710 1711 1712
usemtl 2
f 1713 1710 1712
usemtl 2
f 1714 1710 1713
usemtl 2
f 1715 1714 1713
usemtl 2
f 1702 1716 1717
usemtl 2
f 1703 1702 1717
usemtl 2
f 1695 1707 1662
usemtl 2
f 1660 1695 1662
usemtl 2
f 1716 1696 1699
usemtl 2
f 1717 1716 1699
usemtl 2
f 1707 1718 1665
usemtl 2
f 1707 1706 1718
usemtl 2
f 1662 1707 1665
usemtl 2
f 1718 1669 1663
usemtl 2
f 1665 1718 1663
usemtl 2
f 1673 1719 1720
usemtl 2
f 1674 1673 1720
usemtl 2
f 1721 1676 1679
usemtl 2
f 1722 1721 1679
usemtl 2
f 1711 1721 1722
usemtl 2
f 1712 1711 1722
usemtl 2
f 1723 1714 1715
usemtl 2
f 1724 1723 1715
usemtl 2
f 1720 1723 1724
usemtl 2
f 1720 1719 1723
usemtl 2
f 1668 1670 1661
usemtl 2
f 1664 1668 1661
usemtl 1
f 1689 1688 1693
usemtl 1
f 1715 1720 1724
usemtl 1
f 1712 1679 1678
usemtl 1
f 1715 1674 1720
usemtl 1
f 1688 1675 1698
usemtl 1
f 1713 1712 1715
usemtl 1
f 1675 1674 1698
usemtl 1
f 1712 1722 1679
usemtl 1
f 1715 1712 1678
usemtl 1
f 1715 1678 1709
usemtl 1
f 1715 1709 1674
usemtl 1
f 1709 1685 1683
usemtl 1
f 1709 1683 1682
usemtl 1
f 1717 1682 1703
usemtl 1
f 1701 1695 1688
usemtl 1
f 1709 1717 1699
usemtl 1
f 1709 1682 1717
usemtl 1
f 1709 1699 1674
usemtl 1
f 1699 1698 1674
usemtl 1
f 1705 1707 1701
usemtl 1
f 1707 1695 1701
usemtl 1
f 1689 1693 1691
usemtl 1
f 1688 1695 1693
usemtl 1
f 1698 1701 1688
usemtl 1
f 1696 1700 1697
usemtl 1
f 1680 1718 1681
usemtl 1
f 1667 1669 1668
usemtl 1
f 1702 1700 1696
usemtl 1
f 1696 1716 1702
usemtl 1
f 1721 1711 1669
usemtl 1
f 1687 1686 1672
usemtl 1
f 1719 1672 1710
usemtl 1
f 1681 1704 1702
usemtl 1
f 1704 1700 1702
usemtl 1
f 1706 1681 1718
usemtl 1
f 1706 1704 1681
usemtl 1
f 1684 1718 1680
usemtl 1
f 1677 1718 1684
usemtl 1
f 1677 1684 1708
usemtl 1
f 1676 1718 1677
usemtl 1
f 1718 1676 1669
usemtl 1
f 1676 1721 1669
usemtl 1
f 1668 1669 1711
usemtl 1
f 1723 1710 1714
usemtl 1
f 1668 1711 1710
usemtl 1
f 1719 1710 1723
usemtl 1
f 1672 1719 1673
usemtl 1
f 1668 1710 1672
usemtl 1
f 1686 1668 1672
usemtl 1
f 1690 1668 1686
usemtl 1
f 1670 1668 1690
usemtl 1
f 1670 1692 1671
usemtl 1
f 1670 1690 1692
usemtl 1
f 1692 1694 1671
o NL.IMBAG.Pand.0861100000371673-15
usemtl 0
f 1725 1726 1727
usemtl 0
f 1728 1729 1730
usemtl 0
f 1731 1732 1730
usemtl 0
f 1730 1732 1733
usemtl 0
f 1734 1733 1725
usemtl 0
f 1734 1725 1735
usemtl 0
f 1733 1726 1725
usemtl 0
f 1730 1734 1728
usemtl 0
f 1730 1733 1734
usemtl 0
f 1734 1736 1728
usemtl 2
f 1737 1738 1727
usemtl 2
f 1726 1737 1727
usemtl 2
f 1739 1740 1736
usemtl 2
f 1734 1739 1736
usemtl 2
f 1741 1739 1734
usemtl 2
f 1735 1741 1734
usemtl 2
f 1742 1737 1726
usemtl 2
f 1733 1742 1726
usemtl 2
f 1738 1743 1725
usemtl 2
f 1727 1738 1725
usemtl 2
f 1744 1742 1733
usemtl 2
f 1732 1744 1733
usemtl 2
f 1745 1744 1732
usemtl 2
f 1731 1745 1732
usemtl 2
f 1743 1741 1735
usemtl 2
f 1725 1743 1735
usemtl 2
f 1746 1747 1729
usemtl 2
f 1728 1746 1729
usemtl 2
f 1740 1746 1728
usemtl 2
f 1736 1740 1728
usemtl 2
f 1748 1745 1731
usemtl 2
f 1730 1748 1731
usemtl 2
f 1747 1748 1730
usemtl 2
f 1729 1747 1730
usemtl 1
f 1740 1739 1746
usemtl 1
f 1746 1748 1747
usemtl 1
f 1739 1748 1746
usemtl 1
f 1743 1737 1742
usemtl 1
f 1741 1743 1739
usemtl 1
f 1742 1748 1739
usemtl 1
f 1738 1737 1743
usemtl 1
f 1744 1748 1742
usemtl 1
f 1743 1742 1739
usemtl 1
f 1745 1748 1744
o NL.IMBAG.Pand.0861100000368971-16
usemtl 0
f 1749 1750 1751
usemtl 0
f 1752 1753 1754
usemtl 0
f 1755 1751 1756
usemtl 0
f 1755 1756 1757
usemtl 0
f 1758 1751 1755
usemtl 0
f 1759 1756 1751
usemtl 0
f 1760 1758 1761
usemtl 0
f 1754 1749 1758
usemtl 0
f 1749 1751 1758
usemtl 0
f 1754 1760 1752
usemtl 0
f 1754 1758 1760
usemtl 0
f 1760 1762 1752
usemtl 2
f 1763 1764 1759
usemtl 2
f 1751 1763 1759
usemtl 2
f 1765 1766 1762
usemtl 2
f 1760 1765 1762
usemtl 2
f 1766 1767 1752
usemtl 2
f 1762 1766 1752
usemtl 2
f 1767 1768 1753
usemtl 2
f 1752 1767 1753
usemtl 2
f 1769 1770 1761
usemtl 2
f 1758 1769 1761
usemtl 2
f 1770 1765 1760
usemtl 2
f 1761 1770 1760
usemtl 2
f 1771 1772 1757
usemtl 2
f 1756 1771 1757
usemtl 2
f 1773 1769 1758
usemtl 2
f 1773 1774 1769
usemtl 2
f 1755 1773 1758
usemtl 2
f 1775 1774 1773
usemtl 2
f 1776 1775 1773
usemtl 2
f 1772 1773 1755
usemtl 2
f 1757 1772 1755
usemtl 2
f 1764 1771 1756
usemtl 2
f 1759 1764 1756
usemtl 2
f 1777 1763 1751
usemtl 2
f 1750 1777 1751
usemtl 2
f 1778 1779 1780
usemtl 2
f 1781 1778 1780
usemtl 2
f 1779 1782 1783
usemtl 2
f 1780 1779 1783
usemtl 2
f 1781 1777 1750
usemtl 2
f 1749 1781 1750
usemtl 2
f 1784 1778 1781
usemtl 2
f 1754 1784 1781
usemtl 2
f 1749 1754 1781
usemtl 2
f 1768 1784 1754
usemtl 2
f 1753 1768 1754
usemtl 2
f 1782 1775 1776
usemtl 2
f 1783 1782 1776
usemtl 1
f 1763 1783 1776
usemtl 1
f 1771 1764 1763
usemtl 1
f 1773 1772 1776
usemtl 1
f 1772 1771 1776
usemtl 1
f 1783 1763 1780
usemtl 1
f 1771 1763 1776
usemtl 1
f 1763 1777 1780
usemtl 1
f 1777 1781 1780
usemtl 1
f 1765 1767 1766
usemtl 1
f 1769 1775 1782
usemtl 1
f 1784 1765 1782
usemtl 1
f 1779 1778 1782
usemtl 1
f 1778 1784 1782
usemtl 1
f 1768 1767 1784
usemtl 1
f 1769 1765 1770
usemtl 1
f 1784 1767 1765
usemtl 1
f 1765 1769 1782
usemtl 1
f 1774 1775 1769
o NL.IMBAG.Pand.0861100000368563-17
usemtl 0
f 1785 1786 1787
usemtl 0
f 1788 1789 1790
usemtl 0
f 1785 1791 1786
usemtl 0
f 1789 1792 1790
usemtl 0
f 1790 1793 1791
usemtl 0
f 1791 1794 1786
usemtl 0
f 1788 1790 1785
usemtl 0
f 1790 1791 1785
usemtl 2
f 1795 1796 1787
usemtl 2
f 1786 1795 1787
usemtl 2
f 1796 1797 1785
usemtl 2
f 1787 1796 1785
usemtl 2
f 1798 1795 1786
usemtl 2
f 1794 1798 1786
usemtl 2
f 1799 1798 1794
usemtl 2
f 1791 1799 1794
usemtl 2
f 1800 1801 1789
usemtl 2
f 1788 1800 1789
usemtl 2
f 1802 1803 1790
usemtl 2
f 1792 1802 1790
usemtl 2
f 1801 1802 1792
usemtl 2
f 1789 1801 1792
usemtl 2
f 1797 1800 1788
usemtl 2
f 1785 1797 1788
usemtl 2
f 1804 1799 1791
usemtl 2
f 1793 1804 1791
usemtl 2
f 1803 1804 1793
usemtl 2
f 1790 1803 1793
usemtl 1
f 1799 1804 1803
usemtl 1
f 1800 1797 1803
usemtl 1
f 1802 1801 1803
usemtl 1
f 1801 1800 1803
usemtl 1
f 1803 1797 1799
usemtl 1
f 1797 1796 1795
usemtl 1
f 1797 1795 1799
usemtl 1
f 1795 1798 1799
o NL.IMBAG.Pand.0861100000371584-18
usemtl 0
f 1805 1806 1807
usemtl 0
f 1808 1805 1807
usemtl 0
f 1809 1808 1807
usemtl 0
f 1810 1811 1812
usemtl 0
f 1813 1814 1808
usemtl 0
f 1814 1805 1808
usemtl 0
f 1812 1811 1814
usemtl 0
f 1815 1816 1812
usemtl 0
f 1815 1812 1817
usemtl 0
f 1816 1810 1812
usemtl 0
f 1810 1818 1811
usemtl 0
f 1814 1811 1805
usemtl 0
f 1819 1820 1821
usemtl 0
f 1819 1822 1805
usemtl 0
f 1822 1823 1805
usemtl 0
f 1811 1819 1805
usemtl 0
f 1811 1820 1819
usemtl 0
f 1824 1823 1822
usemtl 2
f 1825 1826 1827
usemtl 2
f 1813 1825 1827
usemtl 2
f 1814 1813 1827
usemtl 2
f 1827 1828 1812
usemtl 2
f 1814 1827 1812
usemtl 2
f 1826 1829 1830
usemtl 2
f 1827 1826 1830
usemtl 2
f 1831 1825 1813
usemtl 2
f 1808 1831 1813
usemtl 2
f 1832 1831 1808
usemtl 2
f 1809 1832 1808
usemtl 2
f 1833 1832 1809
usemtl 2
f 1833 1834 1832
usemtl 2
f 1807 1833 1809
usemtl 2
f 1835 1836 1806
usemtl 2
f 1805 1835 1806
usemtl 2
f 1837 1835 1805
usemtl 2
f 1823 1837 1805
usemtl 2
f 1838 1839 1824
usemtl 2
f 1822 1838 1824
usemtl 2
f 1839 1837 1823
usemtl 2
f 1824 1839 1823
usemtl 2
f 1840 1838 1822
usemtl 2
f 1819 1840 1822
usemtl 2
f 1829 1841 1842
usemtl 2
f 1830 1829 1842
usemtl 2
f 1843 1840 1819
usemtl 2
f 1821 1843 1819
usemtl 2
f 1844 1843 1821
usemtl 2
f 1820 1844 1821
usemtl 2
f 1845 1844 1820
usemtl 2
f 1811 1845 1820
usemtl 2
f 1846 1847 1818
usemtl 2
f 1810 1846 1818
usemtl 2
f 1847 1845 1811
usemtl 2
f 1818 1847 1811
usemtl 2
f 1848 1846 1810
usemtl 2
f 1816 1848 1810
usemtl 2
f 1849 1848 1816
usemtl 2
f 1815 1849 1816
usemtl 2
f 1828 1850 1817
usemtl 2
f 1812 1828 1817
usemtl 2
f 1850 1849 1815
usemtl 2
f 1817 1850 1815
usemtl 2
f 1836 1833 1807
usemtl 2
f 1806 1836 1807
usemtl 2
f 1851 1834 1833
usemtl 2
f 1852 1851 1833
usemtl 2
f 1841 1851 1852
usemtl 2
f 1842 1841 1852
usemtl 1
f 1831 1851 1841
usemtl 1
f 1826 1825 1841
usemtl 1
f 1829 1826 1841
usemtl 1
f 1851 1831 1834
usemtl 1
f 1841 1825 1831
usemtl 1
f 1831 1832 1834
usemtl 1
f 1838 1837 1839
usemtl 1
f 1830 1842 1852
usemtl 1
f 1827 1830 1828
usemtl 1
f 1828 1830 1849
usemtl 1
f 1833 1836 1835
usemtl 1
f 1833 1835 1852
usemtl 1
f 1852 1838 1840
usemtl 1
f 1835 1838 1852
usemtl 1
f 1835 1837 1838
usemtl 1
f 1845 1840 1844
usemtl 1
f 1840 1843 1844
usemtl 1
f 1852 1840 1845
usemtl 1
f 1852 1845 1830
usemtl 1
f 1845 1847 1846
usemtl 1
f 1845 1846 1830
usemtl 1
f 1846 1848 1830
usemtl 1
f 1848 1849 1830
usemtl 1
f 1850 1828 1849
o NL.IMBAG.Pand.0861100000370693-19
usemtl 1
f 1853 1854 1855
usemtl 1
f 1856 1857 1858
usemtl 1
f 1859 1860 1861
usemtl 1
f 1862 1863 1861
usemtl 1
f 1856 1864 1865
usemtl 1
f 1866 1867 1868
usemtl 1
f 1869 1870 1871
usemtl 1
f 1870 1866 1868
usemtl 1
f 1872 1859 1873
usemtl 1
f 1871 1868 1872
usemtl 1
f 1871 1870 1868
usemtl 1
f 1853 1872 1854
usemtl 1
f 1853 1871 1872
usemtl 1
f 1861 1874 1875
usemtl 1
f 1872 1876 1859
usemtl 1
f 1875 1877 1878
usemtl 1
f 1859 1861 1873
usemtl 1
f 1879 1880 1877
usemtl 1
f 1877 1881 1878
usemtl 1
f 1882 1879 1874
usemtl 1
f 1883 1880 1879
usemtl 1
f 1879 1877 1874
usemtl 1
f 1884 1881 1877
usemtl 1
f 1874 1877 1875
usemtl 1
f 1862 1875 1885
usemtl 1
f 1886 1873 1863
usemtl 1
f 1875 1862 1861
usemtl 1
f 1887 1888 1889
usemtl 1
f 1888 1863 1889
usemtl 1
f 1890 1891 1886
usemtl 1
f 1892 1863 1888
usemtl 1
f 1893 1891 1890
usemtl 1
f 1892 1894 1890
usemtl 1
f 1891 1895 1886
usemtl 1
f 1891 1893 1896
usemtl 1
f 1886 1863 1892
usemtl 1
f 1890 1886 1892
usemtl 1
f 1873 1854 1872
usemtl 1
f 1897 1873 1886
usemtl 1
f 1854 1873 1898
usemtl 1
f 1897 1899 1900
usemtl 1
f 1863 1873 1861
usemtl 1
f 1897 1900 1873
usemtl 1
f 1873 1901 1898
usemtl 1
f 1901 1902 1898
usemtl 1
f 1865 1864 1903
usemtl 1
f 1858 1902 1864
usemtl 1
f 1865 1903 1904
usemtl 1
f 1903 1905 1904
usemtl 1
f 1858 1898 1902
usemtl 1
f 1857 1906 1907
usemtl 1
f 1906 1857 1856
usemtl 1
f 1856 1858 1864
usemtl 1
f 1857 1908 1858
usemtl 2
f 1854 1909 1910
usemtl 2
f 1854 1898 1909
usemtl 2
f 1855 1910 1911
usemtl 2
f 1855 1854 1910
usemtl 2
f 1853 1911 1912
usemtl 2
f 1853 1855 1911
usemtl 2
f 1871 1912 1913
usemtl 2
f 1871 1853 1912
usemtl 2
f 1869 1913 1914
usemtl 2
f 1869 1871 1913
usemtl 2
f 1870 1914 1915
usemtl 2
f 1870 1869 1914
usemtl 2
f 1866 1915 1916
usemtl 2
f 1866 1870 1915
usemtl 2
f 1867 1916 1917
usemtl 2
f 1867 1866 1916
usemtl 2
f 1868 1917 1918
usemtl 2
f 1868 1867 1917
usemtl 2
f 1872 1918 1919
usemtl 2
f 1872 1868 1918
usemtl 2
f 1876 1919 1920
usemtl 2
f 1876 1872 1919
usemtl 2
f 1859 1920 1921
usemtl 2
f 1859 1876 1920
usemtl 2
f 1860 1921 1922
usemtl 2
f 1860 1859 1921
usemtl 2
f 1861 1922 1923
usemtl 2
f 1861 1860 1922
usemtl 2
f 1874 1923 1924
usemtl 2
f 1874 1861 1923
usemtl 2
f 1882 1924 1925
usemtl 2
f 1882 1874 1924
usemtl 2
f 1879 1925 1926
usemtl 2
f 1879 1882 1925
usemtl 2
f 1883 1926 1927
usemtl 2
f 1883 1879 1926
usemtl 2
f 1880 1927 1928
usemtl 2
f 1880 1883 1927
usemtl 2
f 1877 1928 1929
usemtl 2
f 1877 1880 1928
usemtl 2
f 1884 1929 1930
usemtl 2
f 1884 1877 1929
usemtl 2
f 1881 1930 1931
usemtl 2
f 1881 1884 1930
usemtl 2
f 1878 1931 1932
usemtl 2
f 1878 1881 1931
usemtl 2
f 1875 1932 1933
usemtl 2
f 1875 1878 1932
usemtl 2
f 1885 1933 1934
usemtl 2
f 1885 1875 1933
usemtl 2
f 1862 1934 1935
usemtl 2
f 1862 1885 1934
usemtl 2
f 1863 1935 1936
usemtl 2
f 1863 1862 1935
usemtl 2
f 1889 1936 1937
usemtl 2
f 1889 1863 1936
usemtl 2
f 1887 1937 1938
usemtl 2
f 1887 1889 1937
usemtl 2
f 1888 1938 1939
usemtl 2
f 1888 1887 1938
usemtl 2
f 1892 1939 1940
usemtl 2
f 1892 1888 1939
usemtl 2
f 1894 1940 1941
usemtl 2
f 1894 1892 1940
usemtl 2
f 1890 1941 1942
usemtl 2
f 1890 1894 1941
usemtl 2
f 1893 1942 1943
usemtl 2
f 1893 1890 1942
usemtl 2
f 1896 1943 1944
usemtl 2
f 1896 1893 1943
usemtl 2
f 1891 1944 1945
usemtl 2
f 1891 1896 1944
usemtl 2
f 1895 1945 1946
usemtl 2
f 1895 1891 1945
usemtl 2
f 1886 1946 1947
usemtl 2
f 1886 1895 1946
usemtl 2
f 1897 1947 1948
usemtl 2
f 1897 1886 1947
usemtl 2
f 1899 1948 1949
usemtl 2
f 1899 1897 1948
usemtl 2
f 1900 1949 1950
usemtl 2
f 1900 1899 1949
usemtl 2
f 1873 1950 1951
usemtl 2
f 1873 1900 1950
usemtl 2
f 1901 1951 1952
usemtl 2
f 1901 1873 1951
usemtl 2
f 1902 1952 1953
usemtl 2
f 1902 1901 1952
usemtl 2
f 1864 1953 1954
usemtl 2
f 1864 1902 1953
usemtl 2
f 1903 1954 1955
usemtl 2
f 1903 1864 1954
usemtl 2
f 1905 1955 1956
usemtl 2
f 1905 1903 1955
usemtl 2
f 1904 1956 1957
usemtl 2
f 1904 1905 1956
usemtl 2
f 1865 1957 1958
usemtl 2
f 1865 1904 1957
usemtl 2
f 1856 1958 1959
usemtl 2
f 1856 1865 1958
usemtl 2
f 1906 1959 1960
usemtl 2
f 1906 1856 1959
usemtl 2
f 1907 1960 1961
usemtl 2
f 1907 1906 1960
usemtl 2
f 1857 1961 1962
usemtl 2
f 1857 1907 1961
usemtl 2
f 1908 1962 1963
usemtl 2
f 1908 1857 1962
usemtl 2
f 1858 1963 1964
usemtl 2
f 1858 1908 1963
usemtl 2
f 1898 1964 1909
usemtl 2
f 1898 1858 1964
usemtl 0
f 1959 1958 1954
usemtl 0
f 1955 1958 1957
usemtl 0
f 1962 1960 1959
usemtl 0
f 1951 1909 1952
usemtl 0
f 1963 1962 1964
usemtl 0
f 1961 1960 1962
usemtl 0
f 1962 1959 1964
usemtl 0
f 1933 1923 1935
usemtl 0
f 1932 1931 1929
usemtl 0
f 1954 1958 1955
usemtl 0
f 1956 1955 1957
usemtl 0
f 1954 1964 1959
usemtl 0
f 1953 1952 1909
usemtl 0
f 1964 1953 1909
usemtl 0
f 1954 1953 1964
usemtl 0
f 1909 1951 1910
usemtl 0
f 1942 1945 1943
usemtl 0
f 1950 1948 1951
usemtl 0
f 1950 1949 1948
usemtl 0
f 1948 1947 1951
usemtl 0
f 1946 1945 1947
usemtl 0
f 1947 1945 1942
usemtl 0
f 1940 1939 1936
usemtl 0
f 1944 1943 1945
usemtl 0
f 1940 1942 1941
usemtl 0
f 1947 1936 1951
usemtl 0
f 1947 1942 1940
usemtl 0
f 1947 1940 1936
usemtl 0
f 1931 1930 1929
usemtl 0
f 1938 1937 1939
usemtl 0
f 1937 1936 1939
usemtl 0
f 1929 1926 1924
usemtl 0
f 1934 1933 1935
usemtl 0
f 1926 1928 1927
usemtl 0
f 1923 1951 1936
usemtl 0
f 1922 1921 1923
usemtl 0
f 1932 1929 1933
usemtl 0
f 1913 1918 1915
usemtl 0
f 1924 1926 1925
usemtl 0
f 1929 1928 1926
usemtl 0
f 1933 1924 1923
usemtl 0
f 1933 1929 1924
usemtl 0
f 1935 1923 1936
usemtl 0
f 1951 1923 1921
usemtl 0
f 1919 1921 1920
usemtl 0
f 1919 1951 1921
usemtl 0
f 1913 1915 1914
usemtl 0
f 1917 1916 1918
usemtl 0
f 1918 1916 1915
usemtl 0
f 1912 1919 1913
usemtl 0
f 1919 1918 1913
usemtl 0
f 1911 1910 1912
usemtl 0
f 1912 1910 1919
usemtl 0
f 1919 1910 1951
o NL.IMBAG.Pand.0861100000369203-20
usemtl 0
f 1965 1966 1967
usemtl 0
f 1968 1966 1965
usemtl 0
f 1969 1970 1968
usemtl 0
f 1971 1969 1968
usemtl 0
f 1968 1970 1966
usemtl 0
f 1970 1972 1966
usemtl 0
f 1973 1974 1970
usemtl 0
f 1975 1974 1973
usemtl 0
f 1975 1973 1976
usemtl 0
f 1974 1972 1970
usemtl 0
f 1977 1972 1974
usemtl 0
f 1978 1979 1980
usemtl 0
f 1981 1982 1983
usemtl 0
f 1982 1977 1983
usemtl 0
f 1978 1977 1982
usemtl 0
f 1978 1980 1984
usemtl 0
f 1979 1978 1985
usemtl 0
f 1978 1984 1972
usemtl 0
f 1986 1987 1980
usemtl 0
f 1988 1987 1986
usemtl 0
f 1988 1986 1989
usemtl 0
f 1987 1984 1980
usemtl 0
f 1990 1984 1987
usemtl 0
f 1972 1991 1966
usemtl 0
f 1992 1991 1972
usemtl 0
f 1978 1972 1977
usemtl 2
f 1993 1994 1987
usemtl 2
f 1988 1993 1987
usemtl 2
f 1995 1993 1988
usemtl 2
f 1989 1995 1988
usemtl 2
f 1996 1995 1989
usemtl 2
f 1986 1996 1989
usemtl 2
f 1997 1996 1986
usemtl 2
f 1980 1997 1986
usemtl 2
f 1998 1999 1984
usemtl 2
f 1990 1998 1984
usemtl 2
f 1994 1998 1990
usemtl 2
f 1987 1994 1990
usemtl 2
f 2000 1997 1980
usemtl 2
f 1979 2000 1980
usemtl 2
f 2001 2002 1985
usemtl 2
f 1978 2001 1985
usemtl 2
f 2003 2001 1978
usemtl 2
f 1982 2003 1978
usemtl 2
f 2004 2003 1982
usemtl 2
f 1981 2004 1982
usemtl 2
f 2005 2006 1977
usemtl 2
f 1974 2005 1977
usemtl 2
f 2002 2000 1979
usemtl 2
f 1985 2002 1979
usemtl 2
f 2007 2004 1981
usemtl 2
f 1983 2007 1981
usemtl 2
f 2006 2007 1983
usemtl 2
f 1977 2006 1983
usemtl 2
f 2008 2005 1974
usemtl 2
f 1975 2008 1974
usemtl 2
f 2009 2010 1991
usemtl 2
f 1992 2009 1991
usemtl 2
f 2011 2009 1992
usemtl 2
f 1972 2011 1992
usemtl 2
f 2012 2013 1973
usemtl 2
f 1970 2012 1973
usemtl 2
f 2014 2012 1970
usemtl 2
f 1969 2014 1970
usemtl 2
f 2015 2008 1975
usemtl 2
f 1976 2015 1975
usemtl 2
f 2013 2015 1976
usemtl 2
f 1973 2013 1976
usemtl 2
f 2016 2014 1969
usemtl 2
f 1971 2016 1969
usemtl 2
f 2017 2018 1968
usemtl 2
f 1965 2017 1968
usemtl 2
f 1999 2011 1972
usemtl 2
f 1984 1999 1972
usemtl 2
f 2019 2020 1967
usemtl 2
f 1966 2019 1967
usemtl 2
f 2020 2017 1965
usemtl 2
f 1967 2020 1965
usemtl 2
f 2018 2016 1971
usemtl 2
f 1968 2018 1971
usemtl 2
f 2010 2019 1966
usemtl 2
f 1991 2010 1966
usemtl 1
f 2009 2011 2010
usemtl 1
f 2011 2019 2010
usemtl 1
f 1999 1997 2001
usemtl 1
f 1999 1998 1994
usemtl 1
f 1993 1995 1996
usemtl 1
f 1996 1994 1993
usemtl 1
f 2001 1997 2000
usemtl 1
f 2001 2000 2002
usemtl 1
f 1999 1994 1997
usemtl 1
f 1997 1994 1996
usemtl 1
f 2006 2001 2003
usemtl 1
f 2011 2006 2005
usemtl 1
f 2003 2004 2007
usemtl 1
f 2011 1999 2001
usemtl 1
f 2018 2014 2016
usemtl 1
f 2018 2017 2019
usemtl 1
f 2007 2006 2003
usemtl 1
f 2011 2001 2006
usemtl 1
f 2011 2005 2012
usemtl 1
f 2013 2008 2015
usemtl 1
f 2005 2013 2012
usemtl 1
f 2005 2008 2013
usemtl 1
f 2011 2012 2019
usemtl 1
f 2018 2012 2014
usemtl 1
f 2017 2020 2019
usemtl 1
f 2019 2012 2018
o NL.IMBAG.Pand.0861100000365630-21
usemtl 0
f 2021 2022 2023
usemtl 0
f 2024 2021 2023
usemtl 0
f 2025 2021 2026
usemtl 0
f 2027 2022 2021
usemtl 0
f 2027 2021 2025
usemtl 2
f 2028 2029 2021
usemtl 2
f 2024 2028 2021
usemtl 2
f 2029 2030 2026
usemtl 2
f 2021 2029 2026
usemtl 2
f 2031 2032 2023
usemtl 2
f 2022 2031 2023
usemtl 2
f 2032 2028 2024
usemtl 2
f 2023 2032 2024
usemtl 2
f 2033 2031 2022
usemtl 2
f 2027 2033 2022
usemtl 2
f 2034 2033 2027
usemtl 2
f 2025 2034 2027
usemtl 2
f 2030 2034 2025
usemtl 2
f 2026 2030 2025
usemtl 1
f 2029 2034 2030
usemtl 1
f 2028 2032 2029
usemtl 1
f 2029 2033 2034
usemtl 1
f 2031 2033 2029
usemtl 1
f 2032 2031 2029
o NL.IMBAG.Pand.0861100000368561-22
usemtl 0
f 2035 2036 2037
usemtl 0
f 2038 2036 2035
usemtl 0
f 2039 2036 2038
usemtl 0
f 2040 2041 2038
usemtl 0
f 2042 2043 2040
usemtl 0
f 2042 2040 2044
usemtl 0
f 2043 2045 2041
usemtl 0
f 2043 2041 2040
usemtl 0
f 2046 2041 2045
usemtl 0
f 2041 2047 2038
usemtl 0
f 2047 2048 2038
usemtl 0
f 2049 2050 2036
usemtl 0
f 2051 2052 2048
usemtl 0
f 2051 2048 2053
usemtl 0
f 2048 2039 2038
usemtl 0
f 2048 2052 2039
usemtl 0
f 2039 2049 2036
usemtl 2
f 2054 2055 2044
usemtl 2
f 2040 2054 2044
usemtl 2
f 2055 2056 2042
usemtl 2
f 2044 2055 2042
usemtl 2
f 2056 2057 2043
usemtl 2
f 2042 2056 2043
usemtl 2
f 2058 2059 2037
usemtl 2
f 2036 2058 2037
usemtl 2
f 2060 2061 2039
usemtl 2
f 2052 2060 2039
usemtl 2
f 2059 2062 2035
usemtl 2
f 2037 2059 2035
usemtl 2
f 2063 2058 2036
usemtl 2
f 2050 2063 2036
usemtl 2
f 2064 2063 2050
usemtl 2
f 2049 2064 2050
usemtl 2
f 2062 2065 2038
usemtl 2
f 2035 2062 2038
usemtl 2
f 2061 2064 2049
usemtl 2
f 2039 2061 2049
usemtl 2
f 2065 2054 2040
usemtl 2
f 2038 2065 2040
usemtl 2
f 2066 2060 2052
usemtl 2
f 2051 2066 2052
usemtl 2
f 2067 2066 2051
usemtl 2
f 2053 2067 2051
usemtl 2
f 2068 2067 2053
usemtl 2
f 2048 2068 2053
usemtl 2
f 2057 2069 2045
usemtl 2
f 2043 2057 2045
usemtl 2
f 2070 2071 2047
usemtl 2
f 2041 2070 2047
usemtl 2
f 2072 2070 2041
usemtl 2
f 2046 2072 2041
usemtl 2
f 2069 2072 2046
usemtl 2
f 2045 2069 2046
usemtl 2
f 2071 2068 2048
usemtl 2
f 2047 2071 2048
usemtl 1
f 2070 2057 2054
usemtl 1
f 2072 2069 2070
usemtl 1
f 2066 2068 2060
usemtl 1
f 2069 2057 2070
usemtl 1
f 2057 2056 2054
usemtl 1
f 2056 2055 2054
usemtl 1
f 2070 2065 2071
usemtl 1
f 2065 2068 2071
usemtl 1
f 2070 2054 2065
usemtl 1
f 2062 2059 2058
usemtl 1
f 2058 2063 2064
usemtl 1
f 2061 2068 2065
usemtl 1
f 2062 2058 2065
usemtl 1
f 2060 2068 2061
usemtl 1
f 2058 2064 2061
usemtl 1
f 2058 2061 2065
usemtl 1
f 2066 2067 2068
o NL.IMBAG.Pand.0861100000365379-23
usemtl 0
f 2073 2074 2075
usemtl 0
f 2076 2077 2075
usemtl 0
f 2078 2076 2075
usemtl 0
f 2079 2080 2076
usemtl 0
f 2080 2081 2082
usemtl 0
f 2077 2082 2083
usemtl 0
f 2076 2080 2082
usemtl 0
f 2075 2077 2073
usemtl 0
f 2076 2082 2077
usemtl 0
f 2077 2084 2073
usemtl 0
f 2077 2085 2084
usemtl 0
f 2084 2086 2073
usemtl 2
f 2087 2088 2081
usemtl 2
f 2080 2087 2081
usemtl 2
f 2089 2090 2079
usemtl 2
f 2076 2089 2079
usemtl 2
f 2090 2087 2080
usemtl 2
f 2079 2090 2080
usemtl 2
f 2091 2092 2074
usemtl 2
f 2073 2091 2074
usemtl 2
f 2088 2093 2082
usemtl 2
f 2081 2088 2082
usemtl 2
f 2094 2089 2076
usemtl 2
f 2078 2094 2076
usemtl 2
f 2095 2094 2078
usemtl 2
f 2075 2095 2078
usemtl 2
f 2096 2091 2073
usemtl 2
f 2086 2096 2073
usemtl 2
f 2084 2096 2086
usemtl 2
f 2084 2097 2096
usemtl 2
f 2098 2097 2084
usemtl 2
f 2085 2098 2084
usemtl 2
f 2099 2098 2085
usemtl 2
f 2077 2099 2085
usemtl 2
f 2100 2099 2077
usemtl 2
f 2083 2100 2077
usemtl 2
f 2093 2100 2083
usemtl 2
f 2082 2093 2083
usemtl 2
f 2092 2095 2075
usemtl 2
f 2074 2092 2075
usemtl 1
f 2091 2095 2092
usemtl 1
f 2096 2097 2091
usemtl 1
f 2089 2099 2093
usemtl 1
f 2097 2099 2091
usemtl 1
f 2097 2098 2099
usemtl 1
f 2091 2099 2095
usemtl 1
f 2099 2089 2095
usemtl 1
f 2100 2093 2099
usemtl 1
f 2089 2087 2090
usemtl 1
f 2088 2087 2093
usemtl 1
f 2093 2087 2089
usemtl 1
f 2094 2095 2089
o NL.IMBAG.Pand.0861100000374406-24
usemtl 0
f 2101 2102 2103
usemtl 0
f 2104 2101 2105
usemtl 0
f 2101 2103 2105
usemtl 0
f 2101 2106 2102
usemtl 0
f 2107 2108 2105
usemtl 0
f 2109 2110 2107
usemtl 0
f 2111 2108 2107
usemtl 0
f 2103 2107 2105
usemtl 0
f 2103 2109 2107
usemtl 0
f 2112 2113 2114
usemtl 0
f 2115 2107 2113
usemtl 0
f 2112 2114 2116
usemtl 0
f 2117 2118 2119
usemtl 0
f 2119 2118 2112
usemtl 0
f 2118 2120 2112
usemtl 0
f 2120 2113 2112
usemtl 0
f 2121 2122 2123
usemtl 0
f 2122 2124 2120
usemtl 0
f 2122 2120 2123
usemtl 0
f 2115 2113 2124
usemtl 0
f 2124 2113 2120
usemtl 0
f 2111 2107 2115
usemtl 0
f 2111 2115 2125
usemtl 2
f 2126 2127 2125
usemtl 2
f 2115 2126 2125
usemtl 2
f 2128 2129 2109
usemtl 2
f 2103 2128 2109
usemtl 2
f 2130 2131 2132
usemtl 2
f 2133 2130 2132
usemtl 2
f 2131 2134 2135
usemtl 2
f 2132 2131 2135
usemtl 2
f 2136 2130 2133
usemtl 2
f 2137 2136 2133
usemtl 2
f 2138 2139 2104
usemtl 2
f 2138 2140 2139
usemtl 2
f 2105 2138 2104
usemtl 2
f 2141 2142 2113
usemtl 2
f 2107 2141 2113
usemtl 2
f 2143 2141 2107
usemtl 2
f 2110 2143 2107
usemtl 2
f 2129 2143 2110
usemtl 2
f 2109 2129 2110
usemtl 2
f 2144 2145 2102
usemtl 2
f 2106 2144 2102
usemtl 2
f 2146 2144 2106
usemtl 2
f 2101 2146 2106
usemtl 2
f 2145 2128 2103
usemtl 2
f 2102 2145 2103
usemtl 2
f 2139 2146 2101
usemtl 2
f 2104 2139 2101
usemtl 2
f 2147 2148 2119
usemtl 2
f 2112 2147 2119
usemtl 2
f 2148 2149 2117
usemtl 2
f 2119 2148 2117
usemtl 2
f 2150 2151 2120
usemtl 2
f 2118 2150 2120
usemtl 2
f 2149 2150 2118
usemtl 2
f 2117 2149 2118
usemtl 2
f 2152 2153 2121
usemtl 2
f 2123 2152 2121
usemtl 2
f 2151 2152 2123
usemtl 2
f 2120 2151 2123
usemtl 2
f 2153 2154 2122
usemtl 2
f 2121 2153 2122
usemtl 2
f 2155 2126 2115
usemtl 2
f 2124 2155 2115
usemtl 2
f 2154 2155 2124
usemtl 2
f 2122 2154 2124
usemtl 2
f 2142 2156 2114
usemtl 2
f 2113 2142 2114
usemtl 2
f 2157 2147 2112
usemtl 2
f 2116 2157 2112
usemtl 2
f 2156 2157 2116
usemtl 2
f 2114 2156 2116
usemtl 2
f 2158 2159 2160
usemtl 2
f 2161 2158 2160
usemtl 2
f 2127 2162 2111
usemtl 2
f 2125 2127 2111
usemtl 2
f 2162 2158 2161
usemtl 2
f 2111 2162 2161
usemtl 2
f 2108 2111 2161
usemtl 2
f 2161 2138 2105
usemtl 2
f 2108 2161 2105
usemtl 2
f 2134 2140 2138
usemtl 2
f 2135 2134 2138
usemtl 2
f 2163 2136 2137
usemtl 2
f 2164 2163 2137
usemtl 2
f 2159 2163 2164
usemtl 2
f 2160 2159 2164
usemtl 1
f 2137 2160 2164
usemtl 1
f 2133 2135 2137
usemtl 1
f 2135 2160 2137
usemtl 1
f 2135 2161 2160
usemtl 1
f 2132 2135 2133
usemtl 1
f 2135 2138 2161
usemtl 1
f 2158 2162 2159
usemtl 1
f 2162 2127 2126
usemtl 1
f 2130 2142 2141
usemtl 1
f 2154 2151 2155
usemtl 1
f 2126 2163 2159
usemtl 1
f 2155 2163 2126
usemtl 1
f 2162 2126 2159
usemtl 1
f 2154 2152 2151
usemtl 1
f 2153 2152 2154
usemtl 1
f 2151 2150 2147
usemtl 1
f 2151 2147 2163
usemtl 1
f 2155 2151 2163
usemtl 1
f 2149 2148 2150
usemtl 1
f 2148 2147 2150
usemtl 1
f 2147 2136 2163
usemtl 1
f 2157 2156 2147
usemtl 1
f 2142 2136 2147
usemtl 1
f 2142 2130 2136
usemtl 1
f 2156 2142 2147
usemtl 1
f 2130 2128 2131
usemtl 1
f 2129 2141 2143
usemtl 1
f 2128 2140 2131
usemtl 1
f 2145 2144 2146
usemtl 1
f 2146 2140 2128
usemtl 1
f 2145 2146 2128
usemtl 1
f 2139 2140 2146
usemtl 1
f 2131 2140 2134
usemtl 1
f 2130 2129 2128
usemtl 1
f 2141 2129 2130
o NL.IMBAG.Pand.0861100000369136-25
usemtl 0
f 2165 2166 2167
usemtl 0
f 2165 2168 2166
usemtl 2
f 2169 2170 2167
usemtl 2
f 2166 2169 2167
usemtl 2
f 2170 2171 2165
usemtl 2
f 2167 2170 2165
usemtl 2
f 2172 2169 2166
usemtl 2
f 2168 2172 2166
usemtl 2
f 2171 2172 2168
usemtl 2
f 2165 2171 2168
usemtl 1
f 2169 2172 2171
usemtl 1
f 2170 2169 2171
o NL.IMBAG.Pand.0861100000374394-26
usemtl 0
f 2173 2174 2175
usemtl 0
f 2176 2173 2175
usemtl 2
f 2177 2178 2175
usemtl 2
f 2174 2177 2175
usemtl 2
f 2178 2179 2176
usemtl 2
f 2175 2178 2176
usemtl 2
f 2180 2177 2174
usemtl 2
f 2173 2180 2174
usemtl 2
f 2179 2180 2173
usemtl 2
f 2176 2179 2173
usemtl 1
f 2178 2180 2179
usemtl 1
f 2178 2177 2180
o NL.IMBAG.Pand.0861100000375466-27
usemtl 1
f 2181 2182 2183
usemtl 1
f 2184 2185 2186
usemtl 1
f 2187 2188 2182
usemtl 1
f 2189 2190 2191
usemtl 1
f 2192 2193 2187
usemtl 1
f 2194 2195 2196
usemtl 1
f 2192 2187 2197
usemtl 1
f 2188 2198 2182
usemtl 1
f 2187 2182 2181
usemtl 1
f 2199 2200 2198
usemtl 1
f 2199 2198 2188
usemtl 1
f 2201 2202 2182
usemtl 1
f 2197 2187 2181
usemtl 1
f 2203 2204 2202
usemtl 1
f 2203 2202 2201
usemtl 1
f 2202 2205 2182
usemtl 1
f 2201 2182 2198
usemtl 1
f 2206 2183 2182
usemtl 1
f 2207 2208 2206
usemtl 1
f 2207 2206 2182
usemtl 1
f 2197 2181 2209
usemtl 1
f 2197 2209 2186
usemtl 1
f 2210 2211 2183
usemtl 1
f 2211 2181 2183
usemtl 1
f 2212 2213 2214
usemtl 1
f 2181 2215 2209
usemtl 1
f 2216 2217 2215
usemtl 1
f 2217 2209 2215
usemtl 1
f 2218 2219 2220
usemtl 1
f 2191 2221 2189
usemtl 1
f 2219 2222 2223
usemtl 1
f 2224 2213 2212
usemtl 1
f 2225 2222 2219
usemtl 1
f 2219 2223 2220
usemtl 1
f 2226 2213 2224
usemtl 1
f 2212 2227 2224
usemtl 1
f 2228 2229 2212
usemtl 1
f 2228 2212 2230
usemtl 1
f 2231 2232 2233
usemtl 1
f 2212 2214 2231
usemtl 1
f 2224 2234 2226
usemtl 1
f 2235 2236 2237
usemtl 1
f 2212 2231 2230
usemtl 1
f 2214 2232 2231
usemtl 1
f 2231 2221 2191
usemtl 1
f 2238 2239 2240
usemtl 1
f 2230 2231 2191
usemtl 1
f 2221 2241 2189
usemtl 1
f 2241 2221 2242
usemtl 1
f 2191 2190 2243
usemtl 1
f 2191 2243 2244
usemtl 1
f 2190 2245 2243
usemtl 1
f 2223 2230 2191
usemtl 1
f 2243 2245 2246
usemtl 1
f 2191 2247 2220
usemtl 1
f 2223 2191 2220
usemtl 1
f 2248 2249 2247
usemtl 1
f 2247 2249 2250
usemtl 1
f 2238 2251 2239
usemtl 1
f 2252 2253 2254
usemtl 1
f 2255 2248 2247
usemtl 1
f 2238 2240 2256
usemtl 1
f 2257 2252 2258
usemtl 1
f 2259 2239 2260
usemtl 1
f 2261 2262 2263
usemtl 1
f 2264 2261 2259
usemtl 1
f 2258 2237 2257
usemtl 1
f 2262 2265 2263
usemtl 1
f 2258 2266 2267
usemtl 1
f 2263 2268 2237
usemtl 1
f 2269 2270 2235
usemtl 1
f 2269 2235 2268
usemtl 1
f 2235 2237 2268
usemtl 1
f 2271 2272 2273
usemtl 1
f 2254 2258 2252
usemtl 1
f 2267 2263 2237
usemtl 1
f 2274 2275 2276
usemtl 1
f 2266 2271 2273
usemtl 1
f 2258 2277 2271
usemtl 1
f 2239 2259 2278
usemtl 1
f 2239 2251 2260
usemtl 1
f 2258 2271 2266
usemtl 1
f 2261 2267 2279
usemtl 1
f 2261 2263 2267
usemtl 1
f 2258 2267 2237
usemtl 1
f 2266 2280 2267
usemtl 1
f 2261 2279 2278
usemtl 1
f 2261 2278 2259
usemtl 1
f 2279 2281 2278
usemtl 1
f 2256 2282 2283
usemtl 1
f 2284 2240 2285
usemtl 1
f 2282 2275 2283
usemtl 1
f 2282 2240 2284
usemtl 1
f 2275 2274 2283
usemtl 1
f 2276 2275 2286
usemtl 1
f 2274 2287 2283
usemtl 1
f 2287 2288 2283
usemtl 1
f 2287 2274 2289
usemtl 1
f 2238 2256 2290
usemtl 1
f 2288 2287 2291
usemtl 1
f 2290 2256 2292
usemtl 1
f 2240 2282 2256
usemtl 1
f 2220 2247 2250
usemtl 1
f 2250 2293 2220
usemtl 1
f 2293 2294 2220
usemtl 1
f 2249 2251 2250
usemtl 1
f 2250 2251 2238
usemtl 1
f 2295 2250 2296
usemtl 1
f 2294 2209 2220
usemtl 1
f 2297 2294 2298
usemtl 1
f 2295 2293 2250
usemtl 1
f 2299 2209 2300
usemtl 1
f 2301 2302 2303
usemtl 1
f 2294 2300 2209
usemtl 1
f 2294 2297 2300
usemtl 1
f 2209 2299 2302
usemtl 1
f 2302 2299 2303
usemtl 1
f 2304 2305 2306
usemtl 1
f 2307 2209 2302
usemtl 1
f 2305 2209 2307
usemtl 1
f 2308 2309 2310
usemtl 1
f 2311 2312 2313
usemtl 1
f 2209 2305 2312
usemtl 1
f 2307 2306 2305
usemtl 1
f 2309 2312 2311
usemtl 1
f 2310 2314 2315
usemtl 1
f 2316 2317 2318
usemtl 1
f 2309 2308 2312
usemtl 1
f 2317 2319 2320
usemtl 1
f 2321 2319 2317
usemtl 1
f 2319 2322 2320
usemtl 1
f 2318 2317 2323
usemtl 1
f 2312 2324 2209
usemtl 1
f 2323 2314 2310
usemtl 1
f 2325 2326 2327
usemtl 1
f 2322 2328 2320
usemtl 1
f 2329 2324 2330
usemtl 1
f 2317 2320 2314
usemtl 1
f 2317 2314 2323
usemtl 1
f 2315 2331 2310
usemtl 1
f 2323 2310 2309
usemtl 1
f 2312 2308 2324
usemtl 1
f 2326 2325 2194
usemtl 1
f 2332 2333 2334
usemtl 1
f 2335 2194 2336
usemtl 1
f 2335 2337 2194
usemtl 1
f 2337 2326 2194
usemtl 1
f 2325 2330 2195
usemtl 1
f 2194 2325 2195
usemtl 1
f 2330 2308 2195
usemtl 1
f 2338 2332 2209
usemtl 1
f 2330 2324 2308
usemtl 1
f 2324 2338 2209
usemtl 1
f 2209 2332 2339
usemtl 1
f 2338 2333 2332
usemtl 1
f 2209 2339 2186
usemtl 1
f 2339 2184 2186
usemtl 2
f 2185 2340 2341
usemtl 2
f 2185 2184 2340
usemtl 2
f 2186 2341 2342
usemtl 2
f 2186 2185 2341
usemtl 2
f 2197 2342 2343
usemtl 2
f 2197 2186 2342
usemtl 2
f 2192 2343 2344
usemtl 2
f 2192 2197 2343
usemtl 2
f 2193 2344 2345
usemtl 2
f 2193 2192 2344
usemtl 2
f 2187 2345 2346
usemtl 2
f 2187 2193 2345
usemtl 2
f 2188 2346 2347
usemtl 2
f 2188 2187 2346
usemtl 2
f 2199 2347 2348
usemtl 2
f 2199 2188 2347
usemtl 2
f 2200 2348 2349
usemtl 2
f 2200 2199 2348
usemtl 2
f 2198 2349 2350
usemtl 2
f 2198 2200 2349
usemtl 2
f 2201 2350 2351
usemtl 2
f 2201 2198 2350
usemtl 2
f 2203 2351 2352
usemtl 2
f 2203 2201 2351
usemtl 2
f 2204 2352 2353
usemtl 2
f 2204 2203 2352
usemtl 2
f 2202 2353 2354
usemtl 2
f 2202 2204 2353
usemtl 2
f 2205 2354 2355
usemtl 2
f 2205 2202 2354
usemtl 2
f 2182 2355 2356
usemtl 2
f 2182 2205 2355
usemtl 2
f 2207 2356 2357
usemtl 2
f 2207 2182 2356
usemtl 2
f 2208 2357 2358
usemtl 2
f 2208 2207 2357
usemtl 2
f 2206 2358 2359
usemtl 2
f 2206 2208 2358
usemtl 2
f 2183 2359 2360
usemtl 2
f 2183 2206 2359
usemtl 2
f 2210 2360 2361
usemtl 2
f 2210 2183 2360
usemtl 2
f 2211 2361 2362
usemtl 2
f 2211 2210 2361
usemtl 2
f 2181 2362 2363
usemtl 2
f 2181 2211 2362
usemtl 2
f 2215 2363 2364
usemtl 2
f 2215 2181 2363
usemtl 2
f 2216 2364 2365
usemtl 2
f 2216 2215 2364
usemtl 2
f 2217 2365 2366
usemtl 2
f 2217 2216 2365
usemtl 2
f 2209 2366 2367
usemtl 2
f 2209 2217 2366
usemtl 2
f 2220 2367 2368
usemtl 2
f 2220 2209 2367
usemtl 2
f 2218 2368 2369
usemtl 2
f 2218 2220 2368
usemtl 2
f 2219 2369 2370
usemtl 2
f 2219 2218 2369
usemtl 2
f 2225 2370 2371
usemtl 2
f 2225 2219 2370
usemtl 2
f 2222 2371 2372
usemtl 2
f 2222 2225 2371
usemtl 2
f 2223 2372 2373
usemtl 2
f 2223 2222 2372
usemtl 2
f 2230 2373 2374
usemtl 2
f 2230 2223 2373
usemtl 2
f 2228 2374 2375
usemtl 2
f 2228 2230 2374
usemtl 2
f 2229 2375 2376
usemtl 2
f 2229 2228 2375
usemtl 2
f 2212 2376 2377
usemtl 2
f 2212 2229 2376
usemtl 2
f 2227 2377 2378
usemtl 2
f 2227 2212 2377
usemtl 2
f 2224 2378 2379
usemtl 2
f 2224 2227 2378
usemtl 2
f 2234 2379 2380
usemtl 2
f 2234 2224 2379
usemtl 2
f 2226 2380 2381
usemtl 2
f 2226 2234 2380
usemtl 2
f 2213 2381 2382
usemtl 2
f 2213 2226 2381
usemtl 2
f 2214 2382 2383
usemtl 2
f 2214 2213 2382
usemtl 2
f 2232 2383 2384
usemtl 2
f 2232 2214 2383
usemtl 2
f 2233 2384 2385
usemtl 2
f 2233 2232 2384
usemtl 2
f 2231 2385 2386
usemtl 2
f 2231 2233 2385
usemtl 2
f 2221 2386 2387
usemtl 2
f 2221 2231 2386
usemtl 2
f 2242 2387 2388
usemtl 2
f 2242 2221 2387
usemtl 2
f 2241 2388 2389
usemtl 2
f 2241 2242 2388
usemtl 2
f 2189 2389 2390
usemtl 2
f 2189 2241 2389
usemtl 2
f 2190 2390 2391
usemtl 2
f 2190 2189 2390
usemtl 2
f 2245 2391 2392
usemtl 2
f 2245 2190 2391
usemtl 2
f 2246 2392 2393
usemtl 2
f 2246 2245 2392
usemtl 2
f 2243 2393 2394
usemtl 2
f 2243 2246 2393
usemtl 2
f 2244 2394 2395
usemtl 2
f 2244 2243 2394
usemtl 2
f 2191 2395 2396
usemtl 2
f 2191 2244 2395
usemtl 2
f 2247 2396 2397
usemtl 2
f 2247 2191 2396
usemtl 2
f 2255 2397 2398
usemtl 2
f 2255 2247 2397
usemtl 2
f 2248 2398 2399
usemtl 2
f 2248 2255 2398
usemtl 2
f 2249 2399 2400
usemtl 2
f 2249 2248 2399
usemtl 2
f 2251 2400 2401
usemtl 2
f 2251 2249 2400
usemtl 2
f 2260 2401 2402
usemtl 2
f 2260 2251 2401
usemtl 2
f 2259 2402 2403
usemtl 2
f 2259 2260 2402
usemtl 2
f 2264 2403 2404
usemtl 2
f 2264 2259 2403
usemtl 2
f 2261 2404 2405
usemtl 2
f 2261 2264 2404
usemtl 2
f 2262 2405 2406
usemtl 2
f 2262 2261 2405
usemtl 2
f 2265 2406 2407
usemtl 2
f 2265 2262 2406
usemtl 2
f 2263 2407 2408
usemtl 2
f 2263 2265 2407
usemtl 2
f 2268 2408 2409
usemtl 2
f 2268 2263 2408
usemtl 2
f 2269 2409 2410
usemtl 2
f 2269 2268 2409
usemtl 2
f 2270 2410 2411
usemtl 2
f 2270 2269 2410
usemtl 2
f 2235 2411 2412
usemtl 2
f 2235 2270 2411
usemtl 2
f 2236 2412 2413
usemtl 2
f 2236 2235 2412
usemtl 2
f 2237 2413 2414
usemtl 2
f 2237 2236 2413
usemtl 2
f 2257 2414 2415
usemtl 2
f 2257 2237 2414
usemtl 2
f 2252 2415 2416
usemtl 2
f 2252 2257 2415
usemtl 2
f 2253 2416 2417
usemtl 2
f 2253 2252 2416
usemtl 2
f 2254 2417 2418
usemtl 2
f 2254 2253 2417
usemtl 2
f 2258 2418 2419
usemtl 2
f 2258 2254 2418
usemtl 2
f 2277 2419 2420
usemtl 2
f 2277 2258 2419
usemtl 2
f 2271 2420 2421
usemtl 2
f 2271 2277 2420
usemtl 2
f 2272 2421 2422
usemtl 2
f 2272 2271 2421
usemtl 2
f 2273 2422 2423
usemtl 2
f 2273 2272 2422
usemtl 2
f 2266 2423 2424
usemtl 2
f 2266 2273 2423
usemtl 2
f 2280 2424 2425
usemtl 2
f 2280 2266 2424
usemtl 2
f 2267 2425 2426
usemtl 2
f 2267 2280 2425
usemtl 2
f 2279 2426 2427
usemtl 2
f 2279 2267 2426
usemtl 2
f 2281 2427 2428
usemtl 2
f 2281 2279 2427
usemtl 2
f 2278 2428 2429
usemtl 2
f 2278 2281 2428
usemtl 2
f 2239 2429 2430
usemtl 2
f 2239 2278 2429
usemtl 2
f 2240 2430 2431
usemtl 2
f 2240 2239 2430
usemtl 2
f 2285 2431 2432
usemtl 2
f 2285 2240 2431
usemtl 2
f 2284 2432 2433
usemtl 2
f 2284 2285 2432
usemtl 2
f 2282 2433 2434
usemtl 2
f 2282 2284 2433
usemtl 2
f 2275 2434 2435
usemtl 2
f 2275 2282 2434
usemtl 2
f 2286 2435 2436
usemtl 2
f 2286 2275 2435
usemtl 2
f 2276 2436 2437
usemtl 2
f 2276 2286 2436
usemtl 2
f 2274 2437 2438
usemtl 2
f 2274 2276 2437
usemtl 2
f 2289 2438 2439
usemtl 2
f 2289 2274 2438
usemtl 2
f 2287 2439 2440
usemtl 2
f 2287 2289 2439
usemtl 2
f 2291 2440 2441
usemtl 2
f 2291 2287 2440
usemtl 2
f 2288 2441 2442
usemtl 2
f 2288 2291 2441
usemtl 2
f 2283 2442 2443
usemtl 2
f 2283 2288 2442
usemtl 2
f 2256 2443 2444
usemtl 2
f 2256 2283 2443
usemtl 2
f 2292 2444 2445
usemtl 2
f 2292 2256 2444
usemtl 2
f 2290 2445 2446
usemtl 2
f 2290 2292 2445
usemtl 2
f 2238 2446 2447
usemtl 2
f 2238 2290 2446
usemtl 2
f 2250 2447 2448
usemtl 2
f 2250 2238 2447
usemtl 2
f 2296 2448 2449
usemtl 2
f 2296 2250 2448
usemtl 2
f 2295 2449 2450
usemtl 2
f 2295 2296 2449
usemtl 2
f 2293 2450 2451
usemtl 2
f 2293 2295 2450
usemtl 2
f 2294 2451 2452
usemtl 2
f 2294 2293 2451
usemtl 2
f 2298 2452 2453
usemtl 2
f 2298 2294 2452
usemtl 2
f 2297 2453 2454
usemtl 2
f 2297 2298 2453
usemtl 2
f 2300 2454 2455
usemtl 2
f 2300 2297 2454
usemtl 2
f 2299 2455 2456
usemtl 2
f 2299 2300 2455
usemtl 2
f 2303 2456 2457
usemtl 2
f 2303 2299 2456
usemtl 2
f 2301 2457 2458
usemtl 2
f 2301 2303 2457
usemtl 2
f 2302 2458 2459
usemtl 2
f 2302 2301 2458
usemtl 2
f 2307 2459 2460
usemtl 2
f 2307 2302 2459
usemtl 2
f 2306 2460 2461
usemtl 2
f 2306 2307 2460
usemtl 2
f 2304 2461 2462
usemtl 2
f 2304 2306 2461
usemtl 2
f 2305 2462 2463
usemtl 2
f 2305 2304 2462
usemtl 2
f 2312 2463 2464
usemtl 2
f 2312 2305 2463
usemtl 2
f 2313 2464 2465
usemtl 2
f 2313 2312 2464
usemtl 2
f 2311 2465 2466
usemtl 2
f 2311 2313 2465
usemtl 2
f 2309 2466 2467
usemtl 2
f 2309 2311 2466
usemtl 2
f 2323 2467 2468
usemtl 2
f 2323 2309 2467
usemtl 2
f 2318 2468 2469
usemtl 2
f 2318 2323 2468
usemtl 2
f 2316 2469 2470
usemtl 2
f 2316 2318 2469
usemtl 2
f 2317 2470 2471
usemtl 2
f 2317 2316 2470
usemtl 2
f 2321 2471 2472
usemtl 2
f 2321 2317 2471
usemtl 2
f 2319 2472 2473
usemtl 2
f 2319 2321 2472
usemtl 2
f 2322 2473 2474
usemtl 2
f 2322 2319 2473
usemtl 2
f 2328 2474 2475
usemtl 2
f 2328 2322 2474
usemtl 2
f 2320 2475 2476
usemtl 2
f 2320 2328 2475
usemtl 2
f 2314 2476 2477
usemtl 2
f 2314 2320 2476
usemtl 2
f 2315 2477 2478
usemtl 2
f 2315 2314 2477
usemtl 2
f 2331 2478 2479
usemtl 2
f 2331 2315 2478
usemtl 2
f 2310 2479 2480
usemtl 2
f 2310 2331 2479
usemtl 2
f 2308 2480 2481
usemtl 2
f 2308 2310 2480
usemtl 2
f 2195 2481 2482
usemtl 2
f 2195 2308 2481
usemtl 2
f 2196 2482 2483
usemtl 2
f 2196 2195 2482
usemtl 2
f 2194 2483 2484
usemtl 2
f 2194 2196 2483
usemtl 2
f 2336 2484 2485
usemtl 2
f 2336 2194 2484
usemtl 2
f 2335 2485 2486
usemtl 2
f 2335 2336 2485
usemtl 2
f 2337 2486 2487
usemtl 2
f 2337 2335 2486
usemtl 2
f 2326 2487 2488
usemtl 2
f 2326 2337 2487
usemtl 2
f 2327 2488 2489
usemtl 2
f 2327 2326 2488
usemtl 2
f 2325 2489 2490
usemtl 2
f 2325 2327 2489
usemtl 2
f 2330 2490 2491
usemtl 2
f 2330 2325 2490
usemtl 2
f 2329 2491 2492
usemtl 2
f 2329 2330 2491
usemtl 2
f 2324 2492 2493
usemtl 2
f 2324 2329 2492
usemtl 2
f 2338 2493 2494
usemtl 2
f 2338 2324 2493
usemtl 2
f 2333 2494 2495
usemtl 2
f 2333 2338 2494
usemtl 2
f 2334 2495 2496
usemtl 2
f 2334 2333 2495
usemtl 2
f 2332 2496 2497
usemtl 2
f 2332 2334 2496
usemtl 2
f 2339 2497 2498
usemtl 2
f 2339 2332 2497
usemtl 2
f 2184 2498 2340
usemtl 2
f 2184 2339 2498
usemtl 0
f 2481 2467 2464
usemtl 0
f 2342 2340 2498
usemtl 0
f 2480 2467 2481
usemtl 0
f 2409 2414 2412
usemtl 0
f 2496 2495 2497
usemtl 0
f 2495 2494 2497
usemtl 0
f 2468 2467 2480
usemtl 0
f 2491 2481 2493
usemtl 0
f 2484 2488 2487
usemtl 0
f 2492 2491 2493
usemtl 0
f 2490 2489 2488
usemtl 0
f 2485 2484 2486
usemtl 0
f 2484 2487 2486
usemtl 0
f 2367 2342 2498
usemtl 0
f 2484 2490 2488
usemtl 0
f 2491 2490 2482
usemtl 0
f 2482 2490 2484
usemtl 0
f 2483 2482 2484
usemtl 0
f 2476 2471 2477
usemtl 0
f 2469 2468 2471
usemtl 0
f 2482 2481 2491
usemtl 0
f 2480 2478 2477
usemtl 0
f 2480 2479 2478
usemtl 0
f 2473 2472 2471
usemtl 0
f 2473 2471 2476
usemtl 0
f 2476 2475 2474
usemtl 0
f 2471 2468 2477
usemtl 0
f 2476 2474 2473
usemtl 0
f 2493 2481 2464
usemtl 0
f 2468 2480 2477
usemtl 0
f 2471 2470 2469
usemtl 0
f 2493 2464 2367
usemtl 0
f 2367 2464 2463
usemtl 0
f 2464 2467 2466
usemtl 0
f 2464 2466 2465
usemtl 0
f 2460 2459 2367
usemtl 0
f 2463 2460 2367
usemtl 0
f 2460 2463 2461
usemtl 0
f 2463 2462 2461
usemtl 0
f 2367 2456 2455
usemtl 0
f 2452 2367 2455
usemtl 0
f 2456 2459 2457
usemtl 0
f 2459 2458 2457
usemtl 0
f 2374 2396 2386
usemtl 0
f 2370 2373 2372
usemtl 0
f 2452 2455 2454
usemtl 0
f 2452 2454 2453
usemtl 0
f 2401 2430 2402
usemtl 0
f 2396 2368 2397
usemtl 0
f 2448 2451 2450
usemtl 0
f 2448 2450 2449
usemtl 0
f 2444 2443 2434
usemtl 0
f 2447 2431 2430
usemtl 0
f 2443 2435 2434
usemtl 0
f 2444 2446 2445
usemtl 0
f 2438 2437 2435
usemtl 0
f 2447 2446 2444
usemtl 0
f 2438 2443 2440
usemtl 0
f 2440 2442 2441
usemtl 0
f 2438 2440 2439
usemtl 0
f 2443 2442 2440
usemtl 0
f 2436 2435 2437
usemtl 0
f 2438 2435 2443
usemtl 0
f 2444 2434 2431
usemtl 0
f 2434 2433 2431
usemtl 0
f 2432 2431 2433
usemtl 0
f 2444 2431 2447
usemtl 0
f 2447 2430 2401
usemtl 0
f 2411 2410 2412
usemtl 0
f 2448 2401 2400
usemtl 0
f 2410 2409 2412
usemtl 0
f 2408 2406 2405
usemtl 0
f 2429 2428 2427
usemtl 0
f 2408 2405 2426
usemtl 0
f 2426 2425 2424
usemtl 0
f 2421 2424 2423
usemtl 0
f 2421 2423 2422
usemtl 0
f 2420 2419 2421
usemtl 0
f 2419 2424 2421
usemtl 0
f 2414 2419 2415
usemtl 0
f 2426 2424 2419
usemtl 0
f 2416 2418 2417
usemtl 0
f 2419 2416 2415
usemtl 0
f 2419 2418 2416
usemtl 0
f 2426 2419 2414
usemtl 0
f 2412 2414 2413
usemtl 0
f 2414 2408 2426
usemtl 0
f 2368 2373 2370
usemtl 0
f 2397 2400 2399
usemtl 0
f 2408 2414 2409
usemtl 0
f 2405 2429 2427
usemtl 0
f 2406 2408 2407
usemtl 0
f 2403 2405 2404
usemtl 0
f 2375 2374 2377
usemtl 0
f 2426 2405 2427
usemtl 0
f 2429 2403 2430
usemtl 0
f 2429 2405 2403
usemtl 0
f 2448 2447 2401
usemtl 0
f 2430 2403 2402
usemtl 0
f 2397 2448 2400
usemtl 0
f 2368 2396 2373
usemtl 0
f 2399 2398 2397
usemtl 0
f 2391 2394 2392
usemtl 0
f 2374 2373 2396
usemtl 0
f 2395 2394 2396
usemtl 0
f 2391 2390 2396
usemtl 0
f 2394 2391 2396
usemtl 0
f 2394 2393 2392
usemtl 0
f 2390 2389 2387
usemtl 0
f 2387 2386 2396
usemtl 0
f 2390 2387 2396
usemtl 0
f 2387 2389 2388
usemtl 0
f 2384 2383 2386
usemtl 0
f 2386 2383 2377
usemtl 0
f 2383 2382 2377
usemtl 0
f 2386 2385 2384
usemtl 0
f 2381 2379 2382
usemtl 0
f 2382 2379 2377
usemtl 0
f 2379 2378 2377
usemtl 0
f 2379 2381 2380
usemtl 0
f 2386 2377 2374
usemtl 0
f 2368 2367 2452
usemtl 0
f 2376 2375 2377
usemtl 0
f 2372 2371 2370
usemtl 0
f 2368 2370 2369
usemtl 0
f 2459 2456 2367
usemtl 0
f 2494 2493 2367
usemtl 0
f 2367 2498 2497
usemtl 0
f 2368 2452 2451
usemtl 0
f 2367 2497 2494
usemtl 0
f 2448 2368 2451
usemtl 0
f 2448 2397 2368
usemtl 0
f 2367 2363 2343
usemtl 0
f 2366 2365 2364
usemtl 0
f 2356 2359 2357
usemtl 0
f 2367 2364 2363
usemtl 0
f 2367 2366 2364
usemtl 0
f 2360 2359 2356
usemtl 0
f 2362 2361 2360
usemtl 0
f 2362 2360 2363
usemtl 0
f 2358 2357 2359
usemtl 0
f 2346 2356 2347
usemtl 0
f 2363 2360 2356
usemtl 0
f 2353 2352 2354
usemtl 0
f 2351 2354 2352
usemtl 0
f 2356 2355 2354
usemtl 0
f 2342 2341 2340
usemtl 0
f 2356 2354 2351
usemtl 0
f 2356 2350 2347
usemtl 0
f 2356 2351 2350
usemtl 0
f 2350 2349 2348
usemtl 0
f 2350 2348 2347
usemtl 0
f 2363 2356 2346
usemtl 0
f 2346 2345 2344
usemtl 0
f 2367 2343 2342
usemtl 0
f 2363 2346 2343
usemtl 0
f 2344 2343 2346
o NL.IMBAG.Pand.0861100000370694-28
usemtl 0
f 2499 2500 2501
usemtl 0
f 2502 2503 2499
usemtl 0
f 2503 2500 2499
usemtl 0
f 2503 2504 2500
usemtl 0
f 2505 2506 2503
usemtl 0
f 2506 2504 2503
usemtl 2
f 2507 2508 2502
usemtl 2
f 2499 2507 2502
usemtl 2
f 2509 2510 2501
usemtl 2
f 2500 2509 2501
usemtl 2
f 2510 2507 2499
usemtl 2
f 2501 2510 2499
usemtl 2
f 2508 2511 2503
usemtl 2
f 2502 2508 2503
usemtl 2
f 2511 2512 2505
usemtl 2
f 2503 2511 2505
usemtl 2
f 2512 2513 2506
usemtl 2
f 2505 2512 2506
usemtl 2
f 2514 2509 2500
usemtl 2
f 2504 2514 2500
usemtl 2
f 2513 2514 2504
usemtl 2
f 2506 2513 2504
usemtl 1
f 2511 2514 2513
usemtl 1
f 2508 2507 2511
usemtl 1
f 2511 2509 2514
usemtl 1
f 2510 2509 2507
usemtl 1
f 2512 2511 2513
usemtl 1
f 2507 2509 2511
o NL.IMBAG.Pand.0861100000428609-29
usemtl 0
f 2515 2516 2517
usemtl 0
f 2518 2519 2520
usemtl 0
f 2515 2518 2520
usemtl 0
f 2515 2521 2516
usemtl 0
f 2522 2523 2516
usemtl 0
f 2515 2520 2521
usemtl 0
f 2524 2521 2520
usemtl 0
f 2521 2525 2516
usemtl 0
f 2523 2526 2516
usemtl 0
f 2525 2522 2516
usemtl 0
f 2527 2526 2523
usemtl 2
f 2528 2529 2526
usemtl 2
f 2527 2528 2526
usemtl 2
f 2530 2531 2532
usemtl 2
f 2533 2530 2532
usemtl 2
f 2534 2535 2536
usemtl 2
f 2537 2534 2536
usemtl 2
f 2538 2530 2533
usemtl 2
f 2539 2538 2533
usemtl 2
f 2540 2541 2542
usemtl 2
f 2543 2540 2542
usemtl 2
f 2541 2544 2545
usemtl 2
f 2542 2541 2545
usemtl 2
f 2546 2547 2548
usemtl 2
f 2549 2546 2548
usemtl 2
f 2550 2551 2518
usemtl 2
f 2515 2550 2518
usemtl 2
f 2552 2550 2515
usemtl 2
f 2517 2552 2515
usemtl 2
f 2553 2554 2555
usemtl 2
f 2556 2553 2555
usemtl 2
f 2557 2528 2527
usemtl 2
f 2523 2557 2527
usemtl 2
f 2558 2559 2560
usemtl 2
f 2561 2558 2560
usemtl 2
f 2562 2563 2564
usemtl 2
f 2565 2562 2564
usemtl 2
f 2566 2567 2568
usemtl 2
f 2569 2566 2568
usemtl 2
f 2559 2570 2571
usemtl 2
f 2560 2559 2571
usemtl 2
f 2570 2572 2573
usemtl 2
f 2571 2570 2573
usemtl 2
f 2572 2574 2575
usemtl 2
f 2573 2572 2575
usemtl 2
f 2576 2540 2543
usemtl 2
f 2577 2576 2543
usemtl 2
f 2578 2579 2580
usemtl 2
f 2581 2578 2580
usemtl 2
f 2567 2582 2583
usemtl 2
f 2568 2567 2583
usemtl 2
f 2547 2584 2585
usemtl 2
f 2548 2547 2585
usemtl 2
f 2544 2586 2587
usemtl 2
f 2545 2544 2587
usemtl 2
f 2584 2588 2589
usemtl 2
f 2585 2584 2589
usemtl 2
f 2590 2562 2565
usemtl 2
f 2591 2590 2565
usemtl 2
f 2592 2593 2594
usemtl 2
f 2595 2592 2594
usemtl 2
f 2596 2566 2569
usemtl 2
f 2597 2596 2569
usemtl 2
f 2598 2599 2600
usemtl 2
f 2601 2598 2600
usemtl 2
f 2593 2602 2603
usemtl 2
f 2594 2593 2603
usemtl 2
f 2602 2604 2605
usemtl 2
f 2603 2602 2605
usemtl 2
f 2582 2606 2607
usemtl 2
f 2583 2582 2607
usemtl 2
f 2606 2558 2561
usemtl 2
f 2607 2606 2561
usemtl 2
f 2608 2609 2610
usemtl 2
f 2611 2608 2610
usemtl 2
f 2612 2613 2521
usemtl 2
f 2524 2612 2521
usemtl 2
f 2614 2615 2616
usemtl 2
f 2617 2614 2616
usemtl 2
f 2618 2614 2617
usemtl 2
f 2619 2618 2617
usemtl 2
f 2615 2620 2621
usemtl 2
f 2616 2615 2621
usemtl 2
f 2619 2612 2524
usemtl 2
f 2520 2619 2524
usemtl 2
f 2622 2618 2619
usemtl 2
f 2519 2622 2619
usemtl 2
f 2520 2519 2619
usemtl 2
f 2551 2622 2519
usemtl 2
f 2518 2551 2519
usemtl 2
f 2623 2624 2625
usemtl 2
f 2626 2623 2625
usemtl 2
f 2624 2592 2595
usemtl 2
f 2625 2624 2595
usemtl 2
f 2604 2553 2556
usemtl 2
f 2605 2604 2556
usemtl 2
f 2563 2596 2597
usemtl 2
f 2564 2563 2597
usemtl 2
f 2613 2627 2525
usemtl 2
f 2521 2613 2525
usemtl 2
f 2529 2628 2516
usemtl 2
f 2526 2529 2516
usemtl 2
f 2574 2576 2577
usemtl 2
f 2575 2574 2577
usemtl 2
f 2629 2630 2631
usemtl 2
f 2632 2629 2631
usemtl 2
f 2633 2629 2632
usemtl 2
f 2634 2633 2632
usemtl 2
f 2630 2534 2537
usemtl 2
f 2631 2630 2537
usemtl 2
f 2635 2598 2601
usemtl 2
f 2636 2635 2601
usemtl 2
f 2637 2635 2636
usemtl 2
f 2638 2637 2636
usemtl 2
f 2555 2639 2640
usemtl 2
f 2555 2554 2639
usemtl 2
f 2641 2642 2643
usemtl 2
f 2644 2641 2643
usemtl 2
f 2642 2645 2646
usemtl 2
f 2643 2642 2646
usemtl 2
f 2647 2648 2649
usemtl 2
f 2650 2647 2649
usemtl 2
f 2531 2647 2650
usemtl 2
f 2532 2531 2650
usemtl 2
f 2620 2641 2644
usemtl 2
f 2621 2620 2644
usemtl 2
f 2627 2651 2522
usemtl 2
f 2627 2652 2651
usemtl 2
f 2525 2627 2522
usemtl 2
f 2651 2557 2523
usemtl 2
f 2522 2651 2523
usemtl 2
f 2648 2653 2654
usemtl 2
f 2649 2648 2654
usemtl 2
f 2645 2655 2656
usemtl 2
f 2646 2645 2656
usemtl 2
f 2639 2637 2638
usemtl 2
f 2640 2639 2638
usemtl 2
f 2653 2657 2658
usemtl 2
f 2654 2653 2658
usemtl 2
f 2579 2546 2549
usemtl 2
f 2580 2579 2549
usemtl 2
f 2659 2578 2581
usemtl 2
f 2660 2659 2581
usemtl 2
f 2586 2659 2660
usemtl 2
f 2587 2586 2660
usemtl 2
f 2628 2552 2517
usemtl 2
f 2516 2628 2517
usemtl 2
f 2536 2661 2662
usemtl 2
f 2536 2535 2661
usemtl 2
f 2661 2538 2539
usemtl 2
f 2662 2661 2539
usemtl 2
f 2663 2664 2665
usemtl 2
f 2666 2663 2665
usemtl 2
f 2667 2663 2666
usemtl 2
f 2668 2667 2666
usemtl 2
f 2669 2667 2668
usemtl 2
f 2670 2669 2668
usemtl 2
f 2657 2669 2670
usemtl 2
f 2658 2657 2670
usemtl 2
f 2664 2608 2611
usemtl 2
f 2665 2664 2611
usemtl 2
f 2609 2590 2591
usemtl 2
f 2610 2609 2591
usemtl 2
f 2588 2671 2672
usemtl 2
f 2589 2588 2672
usemtl 2
f 2671 2633 2634
usemtl 2
f 2672 2671 2634
usemtl 2
f 2599 2652 2627
usemtl 2
f 2600 2599 2627
usemtl 2
f 2655 2623 2626
usemtl 2
f 2656 2655 2626
usemtl 1
f 2625 2656 2626
usemtl 1
f 2595 2555 2625
usemtl 1
f 2617 2612 2619
usemtl 1
f 2613 2656 2600
usemtl 1
f 2594 2605 2595
usemtl 1
f 2603 2605 2594
usemtl 1
f 2605 2555 2595
usemtl 1
f 2556 2555 2605
usemtl 1
f 2555 2640 2625
usemtl 1
f 2640 2636 2601
usemtl 1
f 2638 2636 2640
usemtl 1
f 2640 2601 2625
usemtl 1
f 2601 2656 2625
usemtl 1
f 2600 2656 2601
usemtl 1
f 2627 2613 2600
usemtl 1
f 2613 2612 2643
usemtl 1
f 2643 2646 2656
usemtl 1
f 2616 2612 2617
usemtl 1
f 2644 2643 2616
usemtl 1
f 2644 2616 2621
usemtl 1
f 2613 2643 2656
usemtl 1
f 2612 2616 2643
usemtl 1
f 2567 2566 2578
usemtl 1
f 2630 2633 2671
usemtl 1
f 2546 2579 2578
usemtl 1
f 2558 2606 2559
usemtl 1
f 2584 2547 2546
usemtl 1
f 2584 2546 2588
usemtl 1
f 2567 2559 2606
usemtl 1
f 2530 2590 2647
usemtl 1
f 2567 2540 2576
usemtl 1
f 2576 2574 2567
usemtl 1
f 2586 2544 2659
usemtl 1
f 2544 2541 2567
usemtl 1
f 2574 2570 2567
usemtl 1
f 2572 2570 2574
usemtl 1
f 2570 2559 2567
usemtl 1
f 2659 2544 2567
usemtl 1
f 2567 2606 2582
usemtl 1
f 2659 2567 2578
usemtl 1
f 2578 2566 2546
usemtl 1
f 2566 2588 2546
usemtl 1
f 2664 2663 2667
usemtl 1
f 2541 2540 2567
usemtl 1
f 2671 2588 2563
usemtl 1
f 2563 2588 2566
usemtl 1
f 2566 2596 2563
usemtl 1
f 2630 2563 2562
usemtl 1
f 2647 2667 2648
usemtl 1
f 2630 2562 2535
usemtl 1
f 2590 2667 2647
usemtl 1
f 2609 2608 2590
usemtl 1
f 2608 2664 2590
usemtl 1
f 2669 2657 2667
usemtl 1
f 2664 2667 2590
usemtl 1
f 2657 2653 2667
usemtl 1
f 2653 2648 2667
usemtl 1
f 2530 2647 2531
usemtl 1
f 2562 2590 2530
usemtl 1
f 2562 2530 2538
usemtl 1
f 2535 2538 2661
usemtl 1
f 2630 2535 2534
usemtl 1
f 2562 2538 2535
usemtl 1
f 2633 2630 2629
usemtl 1
f 2671 2563 2630
usemtl 1
f 2645 2623 2655
usemtl 1
f 2641 2623 2645
usemtl 1
f 2528 2557 2599
usemtl 1
f 2550 2623 2551
usemtl 1
f 2641 2645 2642
usemtl 1
f 2620 2623 2641
usemtl 1
f 2614 2623 2620
usemtl 1
f 2614 2620 2615
usemtl 1
f 2618 2623 2614
usemtl 1
f 2622 2623 2618
usemtl 1
f 2551 2623 2622
usemtl 1
f 2602 2593 2553
usemtl 1
f 2602 2553 2604
usemtl 1
f 2554 2637 2639
usemtl 1
f 2599 2529 2528
usemtl 1
f 2599 2635 2529
usemtl 1
f 2651 2599 2557
usemtl 1
f 2652 2599 2651
usemtl 1
f 2598 2635 2599
usemtl 1
f 2635 2628 2529
usemtl 1
f 2637 2628 2635
usemtl 1
f 2554 2552 2628
usemtl 1
f 2553 2552 2554
usemtl 1
f 2637 2554 2628
usemtl 1
f 2592 2624 2623
usemtl 1
f 2592 2623 2593
usemtl 1
f 2593 2552 2553
usemtl 1
f 2550 2593 2623
usemtl 1
f 2550 2552 2593
o NL.IMBAG.Pand.0861100000366264-30
usemtl 0
f 2673 2674 2675
usemtl 0
f 2676 2675 2677
usemtl 0
f 2676 2673 2675
usemtl 0
f 2675 2678 2677
usemtl 0
f 2678 2679 2677
usemtl 0
f 2680 2679 2678
usemtl 0
f 2681 2679 2680
usemtl 0
f 2682 2683 2684
usemtl 0
f 2685 2686 2687
usemtl 0
f 2688 2686 2685
usemtl 0
f 2685 2687 2682
usemtl 0
f 2687 2683 2682
usemtl 0
f 2682 2684 2681
usemtl 0
f 2684 2679 2681
usemtl 2
f 2689 2690 2687
usemtl 2
f 2686 2689 2687
usemtl 2
f 2691 2692 2685
usemtl 2
f 2682 2691 2685
usemtl 2
f 2692 2693 2688
usemtl 2
f 2685 2692 2688
usemtl 2
f 2693 2689 2686
usemtl 2
f 2688 2693 2686
usemtl 2
f 2694 2695 2684
usemtl 2
f 2683 2694 2684
usemtl 2
f 2695 2696 2679
usemtl 2
f 2684 2695 2679
usemtl 2
f 2690 2694 2683
usemtl 2
f 2687 2690 2683
usemtl 2
f 2697 2698 2699
usemtl 2
f 2700 2697 2699
usemtl 2
f 2701 2691 2682
usemtl 2
f 2681 2701 2682
usemtl 2
f 2702 2701 2681
usemtl 2
f 2680 2702 2681
usemtl 2
f 2703 2702 2680
usemtl 2
f 2678 2703 2680
usemtl 2
f 2704 2705 2676
usemtl 2
f 2677 2704 2676
usemtl 2
f 2706 2703 2678
usemtl 2
f 2675 2706 2678
usemtl 2
f 2707 2706 2675
usemtl 2
f 2674 2707 2675
usemtl 2
f 2708 2707 2674
usemtl 2
f 2673 2708 2674
usemtl 2
f 2705 2708 2673
usemtl 2
f 2676 2705 2673
usemtl 2
f 2696 2704 2677
usemtl 2
f 2679 2696 2677
usemtl 2
f 2698 2709 2710
usemtl 2
f 2699 2698 2710
usemtl 2
f 2709 2697 2700
usemtl 2
f 2710 2709 2700
usemtl 1
f 2691 2694 2690
usemtl 1
f 2691 2695 2694
usemtl 1
f 2692 2691 2690
usemtl 1
f 2692 2689 2693
usemtl 1
f 2690 2689 2692
usemtl 1
f 2701 2695 2691
usemtl 1
f 2696 2695 2701
usemtl 1
f 2696 2701 2702
usemtl 1
f 2696 2702 2703
usemtl 1
f 2696 2703 2704
usemtl 1
f 2703 2706 2704
usemtl 1
f 2706 2705 2704
usemtl 1
f 2707 2708 2706
usemtl 1
f 2708 2705 2706
o NL.IMBAG.Pand.0861100000371779-31
usemtl 0
f 2711 2712 2713
usemtl 0
f 2714 2713 2715
usemtl 0
f 2714 2716 2713
usemtl 0
f 2716 2711 2713
usemtl 0
f 2715 2717 2714
usemtl 0
f 2717 2718 2714
usemtl 0
f 2719 2720 2711
usemtl 0
f 2721 2720 2722
usemtl 0
f 2711 2720 2712
usemtl 0
f 2722 2720 2719
usemtl 0
f 2721 2722 2723
usemtl 0
f 2721 2723 2724
usemtl 0
f 2723 2725 2724
usemtl 0
f 2726 2725 2723
usemtl 2
f 2727 2728 2717
usemtl 2
f 2715 2727 2717
usemtl 2
f 2729 2730 2721
usemtl 2
f 2724 2729 2721
usemtl 2
f 2731 2729 2724
usemtl 2
f 2725 2731 2724
usemtl 2
f 2728 2732 2718
usemtl 2
f 2717 2728 2718
usemtl 2
f 2732 2733 2714
usemtl 2
f 2718 2732 2714
usemtl 2
f 2734 2731 2725
usemtl 2
f 2726 2734 2725
usemtl 2
f 2730 2735 2720
usemtl 2
f 2721 2730 2720
usemtl 2
f 2736 2734 2726
usemtl 2
f 2723 2736 2726
usemtl 2
f 2737 2738 2719
usemtl 2
f 2711 2737 2719
usemtl 2
f 2735 2739 2712
usemtl 2
f 2720 2735 2712
usemtl 2
f 2738 2740 2722
usemtl 2
f 2719 2738 2722
usemtl 2
f 2740 2736 2723
usemtl 2
f 2722 2740 2723
usemtl 2
f 2739 2741 2713
usemtl 2
f 2712 2739 2713
usemtl 2
f 2741 2727 2715
usemtl 2
f 2713 2741 2715
usemtl 2
f 2742 2737 2711
usemtl 2
f 2716 2742 2711
usemtl 2
f 2733 2742 2716
usemtl 2
f 2714 2733 2716
usemtl 2
f 2743 2744 2745
usemtl 2
f 2746 2743 2745
usemtl 2
f 2744 2747 2748
usemtl 2
f 2745 2744 2748
usemtl 2
f 2747 2743 2746
usemtl 2
f 2748 2747 2746
usemtl 1
f 2728 2727 2733
usemtl 1
f 2727 2741 2733
usemtl 1
f 2732 2728 2733
usemtl 1
f 2742 2733 2741
usemtl 1
f 2742 2741 2737
usemtl 1
f 2741 2739 2737
usemtl 1
f 2739 2735 2737
usemtl 1
f 2740 2730 2736
usemtl 1
f 2736 2729 2731
usemtl 1
f 2736 2731 2734
usemtl 1
f 2730 2729 2736
usemtl 1
f 2735 2730 2740
usemtl 1
f 2735 2738 2737
usemtl 1
f 2735 2740 2738
o NL.IMBAG.Pand.0861100000367309-32
usemtl 0
f 2749 2750 2751
usemtl 0
f 2751 2752 2753
usemtl 0
f 2750 2752 2751
usemtl 0
f 2754 2751 2755
usemtl 0
f 2749 2751 2754
usemtl 0
f 2750 2756 2752
usemtl 0
f 2757 2758 2750
usemtl 0
f 2758 2756 2750
usemtl 2
f 2759 2760 2758
usemtl 2
f 2757 2759 2758
usemtl 2
f 2761 2759 2757
usemtl 2
f 2750 2761 2757
usemtl 2
f 2762 2763 2753
usemtl 2
f 2752 2762 2753
usemtl 2
f 2763 2764 2751
usemtl 2
f 2753 2763 2751
usemtl 2
f 2765 2761 2750
usemtl 2
f 2749 2765 2750
usemtl 2
f 2766 2767 2754
usemtl 2
f 2755 2766 2754
usemtl 2
f 2764 2766 2755
usemtl 2
f 2751 2764 2755
usemtl 2
f 2767 2765 2749
usemtl 2
f 2754 2767 2749
usemtl 2
f 2768 2762 2752
usemtl 2
f 2756 2768 2752
usemtl 2
f 2760 2768 2756
usemtl 2
f 2758 2760 2756
usemtl 1
f 2761 2768 2760
usemtl 1
f 2761 2762 2768
usemtl 1
f 2759 2761 2760
usemtl 1
f 2765 2764 2761
usemtl 1
f 2764 2762 2761
usemtl 1
f 2764 2763 2762
usemtl 1
f 2767 2764 2765
usemtl 1
f 2767 2766 2764
o NL.IMBAG.Pand.0861100000367723-33
usemtl 0
f 2769 2770 2771
usemtl 0
f 2772 2769 2771
usemtl 2
f 2773 2774 2771
usemtl 2
f 2770 2773 2771
usemtl 2
f 2775 2773 2770
usemtl 2
f 2769 2775 2770
usemtl 2
f 2774 2776 2772
usemtl 2
f 2771 2774 2772
usemtl 2
f 2776 2775 2769
usemtl 2
f 2772 2776 2769
usemtl 1
f 2774 2775 2776
usemtl 1
f 2774 2773 2775
o NL.IMBAG.Pand.0861100000434996-34
usemtl 0
f 2777 2778 2779
usemtl 0
f 2780 2781 2778
usemtl 0
f 2778 2781 2782
usemtl 0
f 2779 2778 2782
usemtl 2
f 2783 2784 2782
usemtl 2
f 2781 2783 2782
usemtl 2
f 2785 2783 2781
usemtl 2
f 2780 2785 2781
usemtl 2
f 2786 2785 2780
usemtl 2
f 2778 2786 2780
usemtl 2
f 2787 2786 2778
usemtl 2
f 2777 2787 2778
usemtl 2
f 2788 2787 2777
usemtl 2
f 2779 2788 2777
usemtl 2
f 2784 2788 2779
usemtl 2
f 2782 2784 2779
usemtl 1
f 2786 2788 2784
usemtl 1
f 2786 2787 2788
usemtl 1
f 2783 2785 2786
usemtl 1
f 2783 2786 2784
o NL.IMBAG.Pand.0861100000364265-35
usemtl 1
f 2789 2790 2791
usemtl 1
f 2792 2793 2794
usemtl 1
f 2791 2795 2789
usemtl 1
f 2796 2797 2798
usemtl 1
f 2799 2800 2801
usemtl 1
f 2802 2803 2804
usemtl 1
f 2799 2801 2805
usemtl 1
f 2806 2795 2791
usemtl 1
f 2807 2808 2789
usemtl 1
f 2809 2810 2811
usemtl 1
f 2812 2807 2795
usemtl 1
f 2793 2813 2814
usemtl 1
f 2815 2816 2807
usemtl 1
f 2808 2817 2789
usemtl 1
f 2818 2810 2809
usemtl 1
f 2809 2811 2819
usemtl 1
f 2820 2821 2822
usemtl 1
f 2811 2813 2819
usemtl 1
f 2823 2824 2825
usemtl 1
f 2819 2793 2792
usemtl 1
f 2826 2827 2828
usemtl 1
f 2819 2813 2793
usemtl 1
f 2829 2830 2791
usemtl 1
f 2816 2792 2808
usemtl 1
f 2816 2819 2792
usemtl 1
f 2816 2808 2807
usemtl 1
f 2807 2789 2795
usemtl 1
f 2831 2832 2833
usemtl 1
f 2834 2790 2789
usemtl 1
f 2830 2835 2806
usemtl 1
f 2806 2836 2795
usemtl 1
f 2837 2806 2835
usemtl 1
f 2838 2839 2840
usemtl 1
f 2836 2801 2795
usemtl 1
f 2827 2841 2842
usemtl 1
f 2843 2841 2827
usemtl 1
f 2844 2840 2845
usemtl 1
f 2846 2827 2826
usemtl 1
f 2828 2842 2847
usemtl 1
f 2848 2849 2850
usemtl 1
f 2851 2828 2852
usemtl 1
f 2853 2854 2855
usemtl 1
f 2827 2842 2828
usemtl 1
f 2826 2851 2856
usemtl 1
f 2826 2828 2851
usemtl 1
f 2851 2857 2856
usemtl 1
f 2858 2859 2860
usemtl 1
f 2861 2862 2863
usemtl 1
f 2864 2862 2865
usemtl 1
f 2866 2867 2868
usemtl 1
f 2869 2864 2865
usemtl 1
f 2840 2858 2838
usemtl 1
f 2870 2871 2863
usemtl 1
f 2872 2873 2874
usemtl 1
f 2871 2875 2867
usemtl 1
f 2853 2876 2854
usemtl 1
f 2877 2878 2879
usemtl 1
f 2865 2862 2876
usemtl 1
f 2871 2867 2861
usemtl 1
f 2875 2868 2867
usemtl 1
f 2871 2861 2863
usemtl 1
f 2853 2855 2880
usemtl 1
f 2861 2876 2862
usemtl 1
f 2881 2882 2854
usemtl 1
f 2880 2855 2883
usemtl 1
f 2854 2882 2855
usemtl 1
f 2884 2885 2832
usemtl 1
f 2865 2853 2886
usemtl 1
f 2865 2876 2853
usemtl 1
f 2853 2887 2886
usemtl 1
f 2845 2877 2844
usemtl 1
f 2888 2889 2890
usemtl 1
f 2888 2891 2889
usemtl 1
f 2892 2893 2894
usemtl 1
f 2893 2895 2894
usemtl 1
f 2879 2895 2893
usemtl 1
f 2888 2890 2896
usemtl 1
f 2879 2893 2890
usemtl 1
f 2889 2879 2890
usemtl 1
f 2877 2889 2844
usemtl 1
f 2877 2879 2889
usemtl 1
f 2889 2897 2844
usemtl 1
f 2898 2899 2885
usemtl 1
f 2838 2858 2860
usemtl 1
f 2900 2901 2902
usemtl 1
f 2900 2903 2904
usemtl 1
f 2905 2858 2840
usemtl 1
f 2906 2859 2858
usemtl 1
f 2899 2907 2832
usemtl 1
f 2900 2904 2908
usemtl 1
f 2884 2909 2910
usemtl 1
f 2911 2838 2860
usemtl 1
f 2839 2845 2840
usemtl 1
f 2886 2887 2910
usemtl 1
f 2839 2910 2845
usemtl 1
f 2845 2910 2887
usemtl 1
f 2898 2912 2899
usemtl 1
f 2900 2902 2903
usemtl 1
f 2913 2914 2915
usemtl 1
f 2916 2903 2902
usemtl 1
f 2917 2904 2903
usemtl 1
f 2907 2899 2902
usemtl 1
f 2901 2907 2902
usemtl 1
f 2918 2901 2919
usemtl 1
f 2920 2901 2918
usemtl 1
f 2921 2856 2857
usemtl 1
f 2920 2907 2901
usemtl 1
f 2832 2885 2899
usemtl 1
f 2886 2921 2857
usemtl 1
f 2921 2922 2856
usemtl 1
f 2886 2909 2921
usemtl 1
f 2884 2832 2831
usemtl 1
f 2910 2885 2884
usemtl 1
f 2886 2910 2909
usemtl 1
f 2923 2922 2921
usemtl 1
f 2922 2835 2856
usemtl 1
f 2924 2837 2925
usemtl 1
f 2925 2922 2926
usemtl 1
f 2927 2928 2925
usemtl 1
f 2929 2930 2931
usemtl 1
f 2932 2931 2927
usemtl 1
f 2933 2934 2935
usemtl 1
f 2927 2936 2934
usemtl 1
f 2932 2934 2933
usemtl 1
f 2927 2934 2932
usemtl 1
f 2929 2931 2932
usemtl 1
f 2937 2938 2939
usemtl 1
f 2928 2927 2931
usemtl 1
f 2940 2928 2931
usemtl 1
f 2941 2837 2924
usemtl 1
f 2924 2925 2928
usemtl 1
f 2805 2801 2836
usemtl 1
f 2837 2922 2925
usemtl 1
f 2835 2922 2837
usemtl 1
f 2830 2806 2791
usemtl 1
f 2942 2943 2944
usemtl 1
f 2836 2945 2944
usemtl 1
f 2943 2836 2944
usemtl 1
f 2796 2946 2848
usemtl 1
f 2947 2948 2915
usemtl 1
f 2949 2914 2913
usemtl 1
f 2950 2951 2798
usemtl 1
f 2948 2913 2915
usemtl 1
f 2944 2913 2948
usemtl 1
f 2943 2942 2952
usemtl 1
f 2944 2948 2942
usemtl 1
f 2953 2797 2954
usemtl 1
f 2805 2943 2955
usemtl 1
f 2805 2836 2943
usemtl 1
f 2943 2956 2955
usemtl 1
f 2957 2796 2798
usemtl 1
f 2796 2848 2954
usemtl 1
f 2957 2951 2939
usemtl 1
f 2958 2953 2954
usemtl 1
f 2951 2937 2939
usemtl 1
f 2950 2959 2951
usemtl 1
f 2960 2961 2962
usemtl 1
f 2963 2938 2937
usemtl 1
f 2957 2939 2964
usemtl 1
f 2848 2956 2954
usemtl 1
f 2962 2965 2960
usemtl 1
f 2798 2951 2957
usemtl 1
f 2954 2797 2796
usemtl 1
f 2955 2956 2848
usemtl 1
f 2960 2966 2967
usemtl 1
f 2960 2849 2961
usemtl 1
f 2968 2969 2970
usemtl 1
f 2971 2972 2849
usemtl 1
f 2972 2961 2849
usemtl 1
f 2820 2966 2960
usemtl 1
f 2968 2970 2973
usemtl 1
f 2965 2973 2974
usemtl 1
f 2968 2965 2962
usemtl 1
f 2968 2973 2965
usemtl 1
f 2821 2820 2975
usemtl 1
f 2821 2975 2976
usemtl 1
f 2960 2967 2849
usemtl 1
f 2820 2960 2975
usemtl 1
f 2977 2822 2978
usemtl 1
f 2979 2980 2981
usemtl 1
f 2977 2820 2822
usemtl 1
f 2849 2967 2850
usemtl 1
f 2848 2850 2955
usemtl 1
f 2981 2967 2966
usemtl 1
f 2981 2980 2967
usemtl 1
f 2955 2850 2982
usemtl 1
f 2850 2825 2982
usemtl 1
f 2983 2803 2955
usemtl 1
f 2955 2982 2983
usemtl 1
f 2825 2824 2982
usemtl 1
f 2872 2803 2983
usemtl 1
f 2874 2804 2872
usemtl 1
f 2872 2804 2803
usemtl 2
f 2955 2984 2985
usemtl 2
f 2955 2803 2984
usemtl 2
f 2805 2985 2986
usemtl 2
f 2805 2955 2985
usemtl 2
f 2799 2986 2987
usemtl 2
f 2799 2805 2986
usemtl 2
f 2800 2987 2988
usemtl 2
f 2800 2799 2987
usemtl 2
f 2801 2988 2989
usemtl 2
f 2801 2800 2988
usemtl 2
f 2795 2989 2990
usemtl 2
f 2795 2801 2989
usemtl 2
f 2812 2990 2991
usemtl 2
f 2812 2795 2990
usemtl 2
f 2807 2991 2992
usemtl 2
f 2807 2812 2991
usemtl 2
f 2815 2992 2993
usemtl 2
f 2815 2807 2992
usemtl 2
f 2816 2993 2994
usemtl 2
f 2816 2815 2993
usemtl 2
f 2819 2994 2995
usemtl 2
f 2819 2816 2994
usemtl 2
f 2809 2995 2996
usemtl 2
f 2809 2819 2995
usemtl 2
f 2818 2996 2997
usemtl 2
f 2818 2809 2996
usemtl 2
f 2810 2997 2998
usemtl 2
f 2810 2818 2997
usemtl 2
f 2811 2998 2999
usemtl 2
f 2811 2810 2998
usemtl 2
f 2813 2999 3000
usemtl 2
f 2813 2811 2999
usemtl 2
f 2814 3000 3001
usemtl 2
f 2814 2813 3000
usemtl 2
f 2793 3001 3002
usemtl 2
f 2793 2814 3001
usemtl 2
f 2794 3002 3003
usemtl 2
f 2794 2793 3002
usemtl 2
f 2792 3003 3004
usemtl 2
f 2792 2794 3003
usemtl 2
f 2808 3004 3005
usemtl 2
f 2808 2792 3004
usemtl 2
f 2817 3005 3006
usemtl 2
f 2817 2808 3005
usemtl 2
f 2789 3006 3007
usemtl 2
f 2789 2817 3006
usemtl 2
f 2834 3007 3008
usemtl 2
f 2834 2789 3007
usemtl 2
f 2790 3008 3009
usemtl 2
f 2790 2834 3008
usemtl 2
f 2791 3009 3010
usemtl 2
f 2791 2790 3009
usemtl 2
f 2829 3010 3011
usemtl 2
f 2829 2791 3010
usemtl 2
f 2830 3011 3012
usemtl 2
f 2830 2829 3011
usemtl 2
f 2835 3012 3013
usemtl 2
f 2835 2830 3012
usemtl 2
f 2856 3013 3014
usemtl 2
f 2856 2835 3013
usemtl 2
f 2826 3014 3015
usemtl 2
f 2826 2856 3014
usemtl 2
f 2846 3015 3016
usemtl 2
f 2846 2826 3015
usemtl 2
f 2827 3016 3017
usemtl 2
f 2827 2846 3016
usemtl 2
f 2843 3017 3018
usemtl 2
f 2843 2827 3017
usemtl 2
f 2841 3018 3019
usemtl 2
f 2841 2843 3018
usemtl 2
f 2842 3019 3020
usemtl 2
f 2842 2841 3019
usemtl 2
f 2847 3020 3021
usemtl 2
f 2847 2842 3020
usemtl 2
f 2828 3021 3022
usemtl 2
f 2828 2847 3021
usemtl 2
f 2852 3022 3023
usemtl 2
f 2852 2828 3022
usemtl 2
f 2851 3023 3024
usemtl 2
f 2851 2852 3023
usemtl 2
f 2857 3024 3025
usemtl 2
f 2857 2851 3024
usemtl 2
f 2886 3025 3026
usemtl 2
f 2886 2857 3025
usemtl 2
f 2865 3026 3027
usemtl 2
f 2865 2886 3026
usemtl 2
f 2869 3027 3028
usemtl 2
f 2869 2865 3027
usemtl 2
f 2864 3028 3029
usemtl 2
f 2864 2869 3028
usemtl 2
f 2862 3029 3030
usemtl 2
f 2862 2864 3029
usemtl 2
f 2863 3030 3031
usemtl 2
f 2863 2862 3030
usemtl 2
f 2870 3031 3032
usemtl 2
f 2870 2863 3031
usemtl 2
f 2871 3032 3033
usemtl 2
f 2871 2870 3032
usemtl 2
f 2875 3033 3034
usemtl 2
f 2875 2871 3033
usemtl 2
f 2868 3034 3035
usemtl 2
f 2868 2875 3034
usemtl 2
f 2866 3035 3036
usemtl 2
f 2866 2868 3035
usemtl 2
f 2867 3036 3037
usemtl 2
f 2867 2866 3036
usemtl 2
f 2861 3037 3038
usemtl 2
f 2861 2867 3037
usemtl 2
f 2876 3038 3039
usemtl 2
f 2876 2861 3038
usemtl 2
f 2854 3039 3040
usemtl 2
f 2854 2876 3039
usemtl 2
f 2881 3040 3041
usemtl 2
f 2881 2854 3040
usemtl 2
f 2882 3041 3042
usemtl 2
f 2882 2881 3041
usemtl 2
f 2855 3042 3043
usemtl 2
f 2855 2882 3042
usemtl 2
f 2883 3043 3044
usemtl 2
f 2883 2855 3043
usemtl 2
f 2880 3044 3045
usemtl 2
f 2880 2883 3044
usemtl 2
f 2853 3045 3046
usemtl 2
f 2853 2880 3045
usemtl 2
f 2887 3046 3047
usemtl 2
f 2887 2853 3046
usemtl 2
f 2845 3047 3048
usemtl 2
f 2845 2887 3047
usemtl 2
f 2877 3048 3049
usemtl 2
f 2877 2845 3048
usemtl 2
f 2878 3049 3050
usemtl 2
f 2878 2877 3049
usemtl 2
f 2879 3050 3051
usemtl 2
f 2879 2878 3050
usemtl 2
f 2895 3051 3052
usemtl 2
f 2895 2879 3051
usemtl 2
f 2894 3052 3053
usemtl 2
f 2894 2895 3052
usemtl 2
f 2892 3053 3054
usemtl 2
f 2892 2894 3053
usemtl 2
f 2893 3054 3055
usemtl 2
f 2893 2892 3054
usemtl 2
f 2890 3055 3056
usemtl 2
f 2890 2893 3055
usemtl 2
f 2896 3056 3057
usemtl 2
f 2896 2890 3056
usemtl 2
f 2888 3057 3058
usemtl 2
f 2888 2896 3057
usemtl 2
f 2891 3058 3059
usemtl 2
f 2891 2888 3058
usemtl 2
f 2889 3059 3060
usemtl 2
f 2889 2891 3059
usemtl 2
f 2897 3060 3061
usemtl 2
f 2897 2889 3060
usemtl 2
f 2844 3061 3062
usemtl 2
f 2844 2897 3061
usemtl 2
f 2840 3062 3063
usemtl 2
f 2840 2844 3062
usemtl 2
f 2905 3063 3064
usemtl 2
f 2905 2840 3063
usemtl 2
f 2858 3064 3065
usemtl 2
f 2858 2905 3064
usemtl 2
f 2906 3065 3066
usemtl 2
f 2906 2858 3065
usemtl 2
f 2859 3066 3067
usemtl 2
f 2859 2906 3066
usemtl 2
f 2860 3067 3068
usemtl 2
f 2860 2859 3067
usemtl 2
f 2911 3068 3069
usemtl 2
f 2911 2860 3068
usemtl 2
f 2838 3069 3070
usemtl 2
f 2838 2911 3069
usemtl 2
f 2839 3070 3071
usemtl 2
f 2839 2838 3070
usemtl 2
f 2910 3071 3072
usemtl 2
f 2910 2839 3071
usemtl 2
f 2885 3072 3073
usemtl 2
f 2885 2910 3072
usemtl 2
f 2898 3073 3074
usemtl 2
f 2898 2885 3073
usemtl 2
f 2912 3074 3075
usemtl 2
f 2912 2898 3074
usemtl 2
f 2899 3075 3076
usemtl 2
f 2899 2912 3075
usemtl 2
f 2902 3076 3077
usemtl 2
f 2902 2899 3076
usemtl 2
f 2916 3077 3078
usemtl 2
f 2916 2902 3077
usemtl 2
f 2903 3078 3079
usemtl 2
f 2903 2916 3078
usemtl 2
f 2917 3079 3080
usemtl 2
f 2917 2903 3079
usemtl 2
f 2904 3080 3081
usemtl 2
f 2904 2917 3080
usemtl 2
f 2908 3081 3082
usemtl 2
f 2908 2904 3081
usemtl 2
f 2900 3082 3083
usemtl 2
f 2900 2908 3082
usemtl 2
f 2901 3083 3084
usemtl 2
f 2901 2900 3083
usemtl 2
f 2919 3084 3085
usemtl 2
f 2919 2901 3084
usemtl 2
f 2918 3085 3086
usemtl 2
f 2918 2919 3085
usemtl 2
f 2920 3086 3087
usemtl 2
f 2920 2918 3086
usemtl 2
f 2907 3087 3088
usemtl 2
f 2907 2920 3087
usemtl 2
f 2832 3088 3089
usemtl 2
f 2832 2907 3088
usemtl 2
f 2833 3089 3090
usemtl 2
f 2833 2832 3089
usemtl 2
f 2831 3090 3091
usemtl 2
f 2831 2833 3090
usemtl 2
f 2884 3091 3092
usemtl 2
f 2884 2831 3091
usemtl 2
f 2909 3092 3093
usemtl 2
f 2909 2884 3092
usemtl 2
f 2921 3093 3094
usemtl 2
f 2921 2909 3093
usemtl 2
f 2923 3094 3095
usemtl 2
f 2923 2921 3094
usemtl 2
f 2922 3095 3096
usemtl 2
f 2922 2923 3095
usemtl 2
f 2926 3096 3097
usemtl 2
f 2926 2922 3096
usemtl 2
f 2925 3097 3098
usemtl 2
f 2925 2926 3097
usemtl 2
f 2927 3098 3099
usemtl 2
f 2927 2925 3098
usemtl 2
f 2936 3099 3100
usemtl 2
f 2936 2927 3099
usemtl 2
f 2934 3100 3101
usemtl 2
f 2934 2936 3100
usemtl 2
f 2935 3101 3102
usemtl 2
f 2935 2934 3101
usemtl 2
f 2933 3102 3103
usemtl 2
f 2933 2935 3102
usemtl 2
f 2932 3103 3104
usemtl 2
f 2932 2933 3103
usemtl 2
f 2929 3104 3105
usemtl 2
f 2929 2932 3104
usemtl 2
f 2930 3105 3106
usemtl 2
f 2930 2929 3105
usemtl 2
f 2931 3106 3107
usemtl 2
f 2931 2930 3106
usemtl 2
f 2940 3107 3108
usemtl 2
f 2940 2931 3107
usemtl 2
f 2928 3108 3109
usemtl 2
f 2928 2940 3108
usemtl 2
f 2924 3109 3110
usemtl 2
f 2924 2928 3109
usemtl 2
f 2941 3110 3111
usemtl 2
f 2941 2924 3110
usemtl 2
f 2837 3111 3112
usemtl 2
f 2837 2941 3111
usemtl 2
f 2806 3112 3113
usemtl 2
f 2806 2837 3112
usemtl 2
f 2836 3113 3114
usemtl 2
f 2836 2806 3113
usemtl 2
f 2945 3114 3115
usemtl 2
f 2945 2836 3114
usemtl 2
f 2944 3115 3116
usemtl 2
f 2944 2945 3115
usemtl 2
f 2913 3116 3117
usemtl 2
f 2913 2944 3116
usemtl 2
f 2949 3117 3118
usemtl 2
f 2949 2913 3117
usemtl 2
f 2914 3118 3119
usemtl 2
f 2914 2949 3118
usemtl 2
f 2915 3119 3120
usemtl 2
f 2915 2914 3119
usemtl 2
f 2947 3120 3121
usemtl 2
f 2947 2915 3120
usemtl 2
f 2948 3121 3122
usemtl 2
f 2948 2947 3121
usemtl 2
f 2942 3122 3123
usemtl 2
f 2942 2948 3122
usemtl 2
f 2952 3123 3124
usemtl 2
f 2952 2942 3123
usemtl 2
f 2943 3124 3125
usemtl 2
f 2943 2952 3124
usemtl 2
f 2956 3125 3126
usemtl 2
f 2956 2943 3125
usemtl 2
f 2954 3126 3127
usemtl 2
f 2954 2956 3126
usemtl 2
f 2958 3127 3128
usemtl 2
f 2958 2954 3127
usemtl 2
f 2953 3128 3129
usemtl 2
f 2953 2958 3128
usemtl 2
f 2797 3129 3130
usemtl 2
f 2797 2953 3129
usemtl 2
f 2798 3130 3131
usemtl 2
f 2798 2797 3130
usemtl 2
f 2950 3131 3132
usemtl 2
f 2950 2798 3131
usemtl 2
f 2959 3132 3133
usemtl 2
f 2959 2950 3132
usemtl 2
f 2951 3133 3134
usemtl 2
f 2951 2959 3133
usemtl 2
f 2937 3134 3135
usemtl 2
f 2937 2951 3134
usemtl 2
f 2963 3135 3136
usemtl 2
f 2963 2937 3135
usemtl 2
f 2938 3136 3137
usemtl 2
f 2938 2963 3136
usemtl 2
f 2939 3137 3138
usemtl 2
f 2939 2938 3137
usemtl 2
f 2964 3138 3139
usemtl 2
f 2964 2939 3138
usemtl 2
f 2957 3139 3140
usemtl 2
f 2957 2964 3139
usemtl 2
f 2796 3140 3141
usemtl 2
f 2796 2957 3140
usemtl 2
f 2946 3141 3142
usemtl 2
f 2946 2796 3141
usemtl 2
f 2848 3142 3143
usemtl 2
f 2848 2946 3142
usemtl 2
f 2849 3143 3144
usemtl 2
f 2849 2848 3143
usemtl 2
f 2971 3144 3145
usemtl 2
f 2971 2849 3144
usemtl 2
f 2972 3145 3146
usemtl 2
f 2972 2971 3145
usemtl 2
f 2961 3146 3147
usemtl 2
f 2961 2972 3146
usemtl 2
f 2962 3147 3148
usemtl 2
f 2962 2961 3147
usemtl 2
f 2968 3148 3149
usemtl 2
f 2968 2962 3148
usemtl 2
f 2969 3149 3150
usemtl 2
f 2969 2968 3149
usemtl 2
f 2970 3150 3151
usemtl 2
f 2970 2969 3150
usemtl 2
f 2973 3151 3152
usemtl 2
f 2973 2970 3151
usemtl 2
f 2974 3152 3153
usemtl 2
f 2974 2973 3152
usemtl 2
f 2965 3153 3154
usemtl 2
f 2965 2974 3153
usemtl 2
f 2960 3154 3155
usemtl 2
f 2960 2965 3154
usemtl 2
f 2975 3155 3156
usemtl 2
f 2975 2960 3155
usemtl 2
f 2976 3156 3157
usemtl 2
f 2976 2975 3156
usemtl 2
f 2821 3157 3158
usemtl 2
f 2821 2976 3157
usemtl 2
f 2822 3158 3159
usemtl 2
f 2822 2821 3158
usemtl 2
f 2978 3159 3160
usemtl 2
f 2978 2822 3159
usemtl 2
f 2977 3160 3161
usemtl 2
f 2977 2978 3160
usemtl 2
f 2820 3161 3162
usemtl 2
f 2820 2977 3161
usemtl 2
f 2966 3162 3163
usemtl 2
f 2966 2820 3162
usemtl 2
f 2981 3163 3164
usemtl 2
f 2981 2966 3163
usemtl 2
f 2979 3164 3165
usemtl 2
f 2979 2981 3164
usemtl 2
f 2980 3165 3166
usemtl 2
f 2980 2979 3165
usemtl 2
f 2967 3166 3167
usemtl 2
f 2967 2980 3166
usemtl 2
f 2850 3167 3168
usemtl 2
f 2850 2967 3167
usemtl 2
f 2825 3168 3169
usemtl 2
f 2825 2850 3168
usemtl 2
f 2823 3169 3170
usemtl 2
f 2823 2825 3169
usemtl 2
f 2824 3170 3171
usemtl 2
f 2824 2823 3170
usemtl 2
f 2982 3171 3172
usemtl 2
f 2982 2824 3171
usemtl 2
f 2983 3172 3173
usemtl 2
f 2983 2982 3172
usemtl 2
f 2872 3173 3174
usemtl 2
f 2872 2983 3173
usemtl 2
f 2873 3174 3175
usemtl 2
f 2873 2872 3174
usemtl 2
f 2874 3175 3176
usemtl 2
f 2874 2873 3175
usemtl 2
f 2804 3176 3177
usemtl 2
f 2804 2874 3176
usemtl 2
f 2802 3177 3178
usemtl 2
f 2802 2804 3177
usemtl 2
f 2803 3178 2984
usemtl 2
f 2803 2802 3178
usemtl 2
f 3179 3180 3181
usemtl 2
f 3179 3182 3180
usemtl 2
f 3183 3181 3184
usemtl 2
f 3183 3179 3181
usemtl 2
f 3185 3184 3186
usemtl 2
f 3185 3183 3184
usemtl 2
f 3182 3186 3180
usemtl 2
f 3182 3185 3186
usemtl 2
f 3187 3188 3189
usemtl 2
f 3187 3190 3188
usemtl 2
f 3191 3189 3192
usemtl 2
f 3191 3187 3189
usemtl 2
f 3193 3192 3194
usemtl 2
f 3193 3191 3192
usemtl 2
f 3190 3194 3188
usemtl 2
f 3190 3193 3194
usemtl 2
f 3195 3196 3197
usemtl 2
f 3195 3198 3196
usemtl 2
f 3199 3197 3200
usemtl 2
f 3199 3195 3197
usemtl 2
f 3201 3200 3202
usemtl 2
f 3201 3199 3200
usemtl 2
f 3198 3202 3196
usemtl 2
f 3198 3201 3202
usemtl 2
f 3203 3204 3205
usemtl 2
f 3203 3206 3204
usemtl 2
f 3207 3205 3208
usemtl 2
f 3207 3203 3205
usemtl 2
f 3209 3208 3210
usemtl 2
f 3209 3207 3208
usemtl 2
f 3211 3210 3212
usemtl 2
f 3211 3209 3210
usemtl 2
f 3213 3212 3214
usemtl 2
f 3213 3211 3212
usemtl 2
f 3215 3214 3216
usemtl 2
f 3215 3213 3214
usemtl 2
f 3217 3216 3218
usemtl 2
f 3217 3215 3216
usemtl 2
f 3206 3218 3204
usemtl 2
f 3206 3217 3218
usemtl 2
f 3219 3220 3221
usemtl 2
f 3219 3222 3220
usemtl 2
f 3223 3221 3224
usemtl 2
f 3223 3219 3221
usemtl 2
f 3225 3224 3226
usemtl 2
f 3225 3223 3224
usemtl 2
f 3227 3226 3228
usemtl 2
f 3227 3225 3226
usemtl 2
f 3229 3228 3230
usemtl 2
f 3229 3227 3228
usemtl 2
f 3231 3230 3232
usemtl 2
f 3231 3229 3230
usemtl 2
f 3233 3232 3234
usemtl 2
f 3233 3231 3232
usemtl 2
f 3222 3234 3220
usemtl 2
f 3222 3233 3234
usemtl 2
f 3235 3236 3237
usemtl 2
f 3235 3238 3236
usemtl 2
f 3239 3237 3240
usemtl 2
f 3239 3235 3237
usemtl 2
f 3241 3240 3242
usemtl 2
f 3241 3239 3240
usemtl 2
f 3243 3242 3244
usemtl 2
f 3243 3241 3242
usemtl 2
f 3245 3244 3246
usemtl 2
f 3245 3243 3244
usemtl 2
f 3247 3246 3248
usemtl 2
f 3247 3245 3246
usemtl 2
f 3249 3248 3250
usemtl 2
f 3249 3247 3248
usemtl 2
f 3238 3250 3236
usemtl 2
f 3238 3249 3250
usemtl 2
f 3251 3252 3253
usemtl 2
f 3251 3254 3252
usemtl 2
f 3255 3253 3256
usemtl 2
f 3255 3251 3253
usemtl 2
f 3257 3256 3258
usemtl 2
f 3257 3255 3256
usemtl 2
f 3259 3258 3260
usemtl 2
f 3259 3257 3258
usemtl 2
f 3261 3260 3262
usemtl 2
f 3261 3259 3260
usemtl 2
f 3263 3262 3264
usemtl 2
f 3263 3261 3262
usemtl 2
f 3265 3264 3266
usemtl 2
f 3265 3263 3264
usemtl 2
f 3254 3266 3252
usemtl 2
f 3254 3265 3266
usemtl 2
f 3267 3268 3269
usemtl 2
f 3267 3270 3268
usemtl 2
f 3271 3269 3272
usemtl 2
f 3271 3267 3269
usemtl 2
f 3273 3272 3274
usemtl 2
f 3273 3271 3272
usemtl 2
f 3270 3274 3268
usemtl 2
f 3270 3273 3274
usemtl 2
f 3275 3276 3277
usemtl 2
f 3275 3278 3276
usemtl 2
f 3279 3277 3280
usemtl 2
f 3279 3275 3277
usemtl 2
f 3281 3280 3282
usemtl 2
f 3281 3279 3280
usemtl 2
f 3278 3282 3276
usemtl 2
f 3278 3281 3282
usemtl 2
f 3283 3284 3285
usemtl 2
f 3283 3286 3284
usemtl 2
f 3287 3285 3288
usemtl 2
f 3287 3283 3285
usemtl 2
f 3289 3288 3290
usemtl 2
f 3289 3287 3288
usemtl 2
f 3291 3290 3292
usemtl 2
f 3291 3289 3290
usemtl 2
f 3293 3292 3294
usemtl 2
f 3293 3291 3292
usemtl 2
f 3295 3294 3296
usemtl 2
f 3295 3293 3294
usemtl 2
f 3297 3296 3298
usemtl 2
f 3297 3295 3296
usemtl 2
f 3299 3298 3300
usemtl 2
f 3299 3297 3298
usemtl 2
f 3301 3300 3302
usemtl 2
f 3301 3299 3300
usemtl 2
f 3303 3302 3304
usemtl 2
f 3303 3301 3302
usemtl 2
f 3305 3304 3306
usemtl 2
f 3305 3303 3304
usemtl 2
f 3307 3306 3308
usemtl 2
f 3307 3305 3306
usemtl 2
f 3309 3308 3310
usemtl 2
f 3309 3307 3308
usemtl 2
f 3311 3310 3312
usemtl 2
f 3311 3309 3310
usemtl 2
f 3313 3312 3314
usemtl 2
f 3313 3311 3312
usemtl 2
f 3315 3314 3316
usemtl 2
f 3315 3313 3314
usemtl 2
f 3317 3316 3318
usemtl 2
f 3317 3315 3316
usemtl 2
f 3319 3318 3320
usemtl 2
f 3319 3317 3318
usemtl 2
f 3321 3320 3322
usemtl 2
f 3321 3319 3320
usemtl 2
f 3323 3322 3324
usemtl 2
f 3323 3321 3322
usemtl 2
f 3325 3324 3326
usemtl 2
f 3325 3323 3324
usemtl 2
f 3327 3326 3328
usemtl 2
f 3327 3325 3326
usemtl 2
f 3286 3328 3284
usemtl 2
f 3286 3327 3328
usemtl 2
f 3329 3330 3331
usemtl 2
f 3329 3332 3330
usemtl 2
f 3333 3331 3334
usemtl 2
f 3333 3329 3331
usemtl 2
f 3335 3334 3336
usemtl 2
f 3335 3333 3334
usemtl 2
f 3332 3336 3330
usemtl 2
f 3332 3335 3336
usemtl 2
f 3337 3338 3339
usemtl 2
f 3337 3340 3338
usemtl 2
f 3341 3339 3342
usemtl 2
f 3341 3337 3339
usemtl 2
f 3343 3342 3344
usemtl 2
f 3343 3341 3342
usemtl 2
f 3340 3344 3338
usemtl 2
f 3340 3343 3344
usemtl 2
f 3345 3346 3347
usemtl 2
f 3345 3348 3346
usemtl 2
f 3349 3347 3350
usemtl 2
f 3349 3345 3347
usemtl 2
f 3351 3350 3352
usemtl 2
f 3351 3349 3350
usemtl 2
f 3348 3352 3346
usemtl 2
f 3348 3351 3352
usemtl 2
f 3353 3354 3355
usemtl 2
f 3353 3356 3354
usemtl 2
f 3357 3355 3358
usemtl 2
f 3357 3353 3355
usemtl 2
f 3359 3358 3360
usemtl 2
f 3359 3357 3358
usemtl 2
f 3356 3360 3354
usemtl 2
f 3356 3359 3360
usemtl 2
f 3361 3362 3363
usemtl 2
f 3361 3364 3362
usemtl 2
f 3365 3363 3366
usemtl 2
f 3365 3361 3363
usemtl 2
f 3367 3366 3368
usemtl 2
f 3367 3365 3366
usemtl 2
f 3369 3368 3370
usemtl 2
f 3369 3367 3368
usemtl 2
f 3371 3370 3372
usemtl 2
f 3371 3369 3370
usemtl 2
f 3373 3372 3374
usemtl 2
f 3373 3371 3372
usemtl 2
f 3375 3374 3376
usemtl 2
f 3375 3373 3374
usemtl 2
f 3364 3376 3362
usemtl 2
f 3364 3375 3376
usemtl 2
f 3377 3378 3379
usemtl 2
f 3377 3380 3378
usemtl 2
f 3381 3379 3382
usemtl 2
f 3381 3377 3379
usemtl 2
f 3383 3382 3384
usemtl 2
f 3383 3381 3382
usemtl 2
f 3385 3384 3386
usemtl 2
f 3385 3383 3384
usemtl 2
f 3387 3386 3388
usemtl 2
f 3387 3385 3386
usemtl 2
f 3389 3388 3390
usemtl 2
f 3389 3387 3388
usemtl 2
f 3391 3390 3392
usemtl 2
f 3391 3389 3390
usemtl 2
f 3393 3392 3394
usemtl 2
f 3393 3391 3392
usemtl 2
f 3395 3394 3396
usemtl 2
f 3395 3393 3394
usemtl 2
f 3397 3396 3398
usemtl 2
f 3397 3395 3396
usemtl 2
f 3399 3398 3400
usemtl 2
f 3399 3397 3398
usemtl 2
f 3401 3400 3402
usemtl 2
f 3401 3399 3400
usemtl 2
f 3403 3402 3404
usemtl 2
f 3403 3401 3402
usemtl 2
f 3405 3404 3406
usemtl 2
f 3405 3403 3404
usemtl 2
f 3407 3406 3408
usemtl 2
f 3407 3405 3406
usemtl 2
f 3380 3408 3378
usemtl 2
f 3380 3407 3408
usemtl 0
f 3177 2984 3178
usemtl 0
f 3169 3171 3170
usemtl 0
f 3175 3174 3176
usemtl 0
f 3177 3176 3174
usemtl 0
f 3030 3027 3039
usemtl 0
f 3164 3166 3165
usemtl 0
f 2984 3174 3173
usemtl 0
f 2984 3177 3174
usemtl 0
f 2984 3173 2985
usemtl 0
f 3173 3172 2985
usemtl 0
f 3155 3162 3156
usemtl 0
f 3172 3169 3168
usemtl 0
f 3172 3171 3169
usemtl 0
f 3172 3168 2985
usemtl 0
f 3155 3167 3163
usemtl 0
f 3158 3157 3156
usemtl 0
f 3167 3164 3163
usemtl 0
f 3167 3166 3164
usemtl 0
f 3155 3163 3162
usemtl 0
f 3162 3161 3159
usemtl 0
f 3161 3160 3159
usemtl 0
f 3162 3159 3158
usemtl 0
f 3149 3152 3151
usemtl 0
f 3162 3158 3156
usemtl 0
f 3148 3147 3155
usemtl 0
f 3147 3144 3155
usemtl 0
f 3135 3134 3138
usemtl 0
f 3155 3154 3148
usemtl 0
f 3153 3152 3154
usemtl 0
f 3149 3151 3150
usemtl 0
f 3154 3152 3149
usemtl 0
f 3144 3167 3155
usemtl 0
f 3154 3149 3148
usemtl 0
f 3168 3167 3144
usemtl 0
f 3144 3146 3145
usemtl 0
f 3168 3144 3143
usemtl 0
f 3147 3146 3144
usemtl 0
f 3168 3143 2985
usemtl 0
f 3143 3142 3141
usemtl 0
f 3133 3132 3134
usemtl 0
f 3136 3135 3137
usemtl 0
f 3115 3114 3116
usemtl 0
f 3139 3138 3140
usemtl 0
f 3134 3140 3138
usemtl 0
f 3137 3135 3138
usemtl 0
f 3131 3141 3140
usemtl 0
f 3132 3131 3134
usemtl 0
f 3128 3127 3129
usemtl 0
f 3130 3141 3131
usemtl 0
f 3134 3131 3140
usemtl 0
f 3130 3129 3127
usemtl 0
f 2985 3126 3125
usemtl 0
f 3127 3143 3141
usemtl 0
f 3126 3143 3127
usemtl 0
f 3130 3127 3141
usemtl 0
f 2985 3143 3126
usemtl 0
f 3122 3116 3123
usemtl 0
f 3116 3122 3117
usemtl 0
f 3117 3119 3118
usemtl 0
f 3124 3123 3125
usemtl 0
f 3120 3119 3117
usemtl 0
f 3103 3102 3101
usemtl 0
f 3103 3101 3104
usemtl 0
f 3121 3120 3122
usemtl 0
f 3114 3125 3116
usemtl 0
f 3104 3101 3099
usemtl 0
f 3122 3120 3117
usemtl 0
f 3125 3123 3116
usemtl 0
f 2989 2986 3114
usemtl 0
f 3010 2990 3113
usemtl 0
f 3110 3109 3098
usemtl 0
f 3094 3026 3025
usemtl 0
f 3104 3107 3105
usemtl 0
f 3111 3110 3112
usemtl 0
f 3093 3092 3072
usemtl 0
f 3108 3107 3109
usemtl 0
f 3083 3077 3084
usemtl 0
f 3106 3105 3107
usemtl 0
f 3107 3104 3099
usemtl 0
f 3099 3098 3109
usemtl 0
f 3097 3096 3098
usemtl 0
f 3099 3101 3100
usemtl 0
f 3096 3112 3098
usemtl 0
f 3107 3099 3109
usemtl 0
f 3098 3112 3110
usemtl 0
f 3014 3013 3096
usemtl 0
f 3096 3095 3094
usemtl 0
f 3026 3046 3027
usemtl 0
f 3051 3056 3055
usemtl 0
f 3091 3089 3092
usemtl 0
f 3084 3088 3087
usemtl 0
f 3091 3090 3089
usemtl 0
f 3060 3056 3051
usemtl 0
f 3087 3086 3084
usemtl 0
f 3086 3085 3084
usemtl 0
f 3081 3080 3079
usemtl 0
f 3081 3083 3082
usemtl 0
f 3073 3076 3074
usemtl 0
f 3077 3076 3088
usemtl 0
f 3077 3079 3078
usemtl 0
f 3083 3081 3079
usemtl 0
f 3076 3089 3088
usemtl 0
f 3084 3077 3088
usemtl 0
f 3083 3079 3077
usemtl 0
f 3073 3089 3076
usemtl 0
f 3074 3076 3075
usemtl 0
f 3065 3067 3066
usemtl 0
f 3092 3073 3072
usemtl 0
f 3092 3089 3073
usemtl 0
f 3051 3055 3052
usemtl 0
f 3062 3061 3060
usemtl 0
f 3069 3068 3070
usemtl 0
f 3068 3067 3065
usemtl 0
f 3070 3065 3063
usemtl 0
f 3070 3068 3065
usemtl 0
f 3063 3065 3064
usemtl 0
f 3048 3063 3062
usemtl 0
f 3071 3070 3063
usemtl 0
f 3058 3057 3056
usemtl 0
f 3060 3059 3058
usemtl 0
f 3058 3056 3060
usemtl 0
f 3049 3060 3051
usemtl 0
f 3055 3054 3053
usemtl 0
f 3040 3043 3042
usemtl 0
f 3030 3039 3038
usemtl 0
f 3055 3053 3052
usemtl 0
f 3049 3062 3060
usemtl 0
f 3048 3062 3049
usemtl 0
f 3050 3049 3051
usemtl 0
f 3026 3047 3046
usemtl 0
f 3071 3063 3048
usemtl 0
f 3072 3047 3026
usemtl 0
f 3048 3072 3071
usemtl 0
f 3048 3047 3072
usemtl 0
f 3041 3040 3042
usemtl 0
f 3046 3045 3043
usemtl 0
f 3045 3044 3043
usemtl 0
f 2999 2995 3000
usemtl 0
f 3046 3040 3039
usemtl 0
f 3046 3043 3040
usemtl 0
f 3017 3022 3020
usemtl 0
f 3033 3037 3034
usemtl 0
f 3036 3035 3037
usemtl 0
f 3035 3034 3037
usemtl 0
f 3038 3037 3033
usemtl 0
f 3030 3038 3031
usemtl 0
f 3033 3031 3038
usemtl 0
f 3033 3032 3031
usemtl 0
f 3029 3028 3027
usemtl 0
f 3027 3046 3039
usemtl 0
f 3094 3093 3026
usemtl 0
f 3029 3027 3030
usemtl 0
f 3093 3072 3026
usemtl 0
f 3014 3025 3024
usemtl 0
f 3014 3094 3025
usemtl 0
f 3022 3024 3023
usemtl 0
f 3015 3014 3024
usemtl 0
f 3013 3012 3113
usemtl 0
f 3019 3017 3020
usemtl 0
f 3021 3020 3022
usemtl 0
f 3015 3022 3017
usemtl 0
f 3018 3017 3019
usemtl 0
f 3008 3007 3009
usemtl 0
f 3112 3096 3013
usemtl 0
f 3015 3017 3016
usemtl 0
f 3022 3015 3024
usemtl 0
f 3096 3094 3014
usemtl 0
f 3113 3112 3013
usemtl 0
f 3113 3012 3010
usemtl 0
f 2990 3010 3007
usemtl 0
f 3012 3011 3010
usemtl 0
f 3006 3005 3007
usemtl 0
f 2990 3007 2992
usemtl 0
f 3010 3009 3007
usemtl 0
f 2994 3005 3004
usemtl 0
f 2994 2992 3005
usemtl 0
f 2988 2987 2989
usemtl 0
f 2998 2997 2996
usemtl 0
f 3004 3003 3002
usemtl 0
f 3002 3001 3000
usemtl 0
f 2996 2995 2999
usemtl 0
f 2991 2990 2992
usemtl 0
f 3004 3002 2995
usemtl 0
f 2998 2996 2999
usemtl 0
f 2995 3002 3000
usemtl 0
f 2995 2994 3004
usemtl 0
f 2993 2992 2994
usemtl 0
f 3007 3005 2992
usemtl 0
f 2989 3114 2990
usemtl 0
f 3114 3113 2990
usemtl 0
f 2986 3125 3114
usemtl 0
f 2987 2986 2989
usemtl 0
f 2985 3125 2986
o NL.IMBAG.Pand.0861100000425672-36
usemtl 0
f 3409 3410 3411
usemtl 0
f 3410 3412 3411
usemtl 0
f 3413 3412 3414
usemtl 0
f 3415 3412 3410
usemtl 0
f 3416 3414 3415
usemtl 0
f 3416 3415 3417
usemtl 0
f 3414 3412 3415
usemtl 0
f 3413 3418 3412
usemtl 2
f 3419 3420 3416
usemtl 2
f 3417 3419 3416
usemtl 2
f 3421 3419 3417
usemtl 2
f 3415 3421 3417
usemtl 2
f 3420 3422 3414
usemtl 2
f 3416 3420 3414
usemtl 2
f 3423 3424 3425
usemtl 2
f 3426 3423 3425
usemtl 2
f 3427 3428 3409
usemtl 2
f 3411 3427 3409
usemtl 2
f 3429 3430 3431
usemtl 2
f 3432 3429 3431
usemtl 2
f 3424 3429 3432
usemtl 2
f 3425 3424 3432
usemtl 2
f 3422 3433 3413
usemtl 2
f 3414 3422 3413
usemtl 2
f 3433 3434 3418
usemtl 2
f 3413 3433 3418
usemtl 2
f 3428 3435 3410
usemtl 2
f 3409 3428 3410
usemtl 2
f 3435 3421 3415
usemtl 2
f 3410 3435 3415
usemtl 2
f 3430 3436 3437
usemtl 2
f 3431 3430 3437
usemtl 2
f 3436 3423 3426
usemtl 2
f 3437 3436 3426
usemtl 2
f 3434 3438 3412
usemtl 2
f 3418 3434 3412
usemtl 2
f 3438 3427 3411
usemtl 2
f 3412 3438 3411
usemtl 1
f 3431 3437 3426
usemtl 1
f 3432 3431 3425
usemtl 1
f 3425 3431 3426
usemtl 1
f 3435 3427 3438
usemtl 1
f 3433 3422 3438
usemtl 1
f 3435 3428 3427
usemtl 1
f 3434 3433 3438
usemtl 1
f 3421 3422 3420
usemtl 1
f 3421 3420 3419
usemtl 1
f 3438 3422 3421
usemtl 1
f 3421 3435 3438
o NL.IMBAG.Pand.0861100000372106-37
usemtl 0
f 3439 3440 3441
usemtl 0
f 3442 3443 3440
usemtl 0
f 3439 3442 3440
usemtl 0
f 3444 3443 3442
usemtl 0
f 3445 3446 3447
usemtl 0
f 3445 3447 3444
usemtl 0
f 3447 3443 3444
usemtl 2
f 3448 3449 3445
usemtl 2
f 3444 3448 3445
usemtl 2
f 3446 3450 3447
usemtl 2
f 3446 3451 3450
usemtl 2
f 3449 3451 3446
usemtl 2
f 3445 3449 3446
usemtl 2
f 3450 3452 3443
usemtl 2
f 3447 3450 3443
usemtl 2
f 3453 3448 3444
usemtl 2
f 3442 3453 3444
usemtl 2
f 3454 3453 3442
usemtl 2
f 3439 3454 3442
usemtl 2
f 3455 3456 3441
usemtl 2
f 3440 3455 3441
usemtl 2
f 3456 3454 3439
usemtl 2
f 3441 3456 3439
usemtl 2
f 3452 3455 3440
usemtl 2
f 3443 3452 3440
usemtl 1
f 3450 3449 3448
usemtl 1
f 3451 3449 3450
usemtl 1
f 3452 3450 3448
usemtl 1
f 3452 3448 3453
usemtl 1
f 3452 3453 3455
usemtl 1
f 3453 3454 3455
usemtl 1
f 3454 3456 3455
o NL.IMBAG.Pand.0861100000370312-38
usemtl 0
f 3457 3458 3459
usemtl 0
f 3458 3460 3461
usemtl 0
f 3459 3458 3461
usemtl 0
f 3462 3460 3458
usemtl 0
f 3460 3463 3461
usemtl 0
f 3463 3464 3461
usemtl 0
f 3465 3464 3463
usemtl 0
f 3466 3467 3465
usemtl 0
f 3468 3469 3470
usemtl 0
f 3471 3472 3469
usemtl 0
f 3473 3474 3475
usemtl 0
f 3475 3476 3477
usemtl 0
f 3478 3476 3474
usemtl 0
f 3479 3480 3481
usemtl 0
f 3482 3481 3483
usemtl 0
f 3484 3483 3485
usemtl 0
f 3484 3485 3486
usemtl 0
f 3485 3487 3486
usemtl 0
f 3488 3489 3490
usemtl 0
f 3488 3490 3487
usemtl 0
f 3488 3487 3491
usemtl 0
f 3487 3490 3486
usemtl 0
f 3489 3488 3492
usemtl 0
f 3482 3483 3484
usemtl 0
f 3479 3481 3482
usemtl 0
f 3493 3480 3479
usemtl 0
f 3494 3480 3493
usemtl 0
f 3494 3493 3495
usemtl 0
f 3494 3495 3496
usemtl 0
f 3494 3496 3497
usemtl 0
f 3496 3498 3499
usemtl 0
f 3499 3474 3497
usemtl 0
f 3478 3474 3499
usemtl 0
f 3496 3499 3497
usemtl 0
f 3476 3500 3501
usemtl 0
f 3476 3501 3477
usemtl 0
f 3502 3501 3500
usemtl 0
f 3503 3501 3502
usemtl 0
f 3474 3476 3475
usemtl 0
f 3472 3474 3473
usemtl 0
f 3504 3474 3472
usemtl 0
f 3504 3472 3471
usemtl 0
f 3471 3469 3468
usemtl 0
f 3468 3470 3505
usemtl 0
f 3468 3505 3466
usemtl 0
f 3505 3467 3466
usemtl 0
f 3467 3464 3465
usemtl 2
f 3506 3507 3500
usemtl 2
f 3476 3506 3500
usemtl 2
f 3507 3508 3502
usemtl 2
f 3500 3507 3502
usemtl 2
f 3509 3510 3488
usemtl 2
f 3491 3509 3488
usemtl 2
f 3510 3511 3492
usemtl 2
f 3488 3510 3492
usemtl 2
f 3512 3513 3478
usemtl 2
f 3499 3512 3478
usemtl 2
f 3508 3514 3503
usemtl 2
f 3502 3508 3503
usemtl 2
f 3515 3516 3485
usemtl 2
f 3483 3515 3485
usemtl 2
f 3517 3512 3499
usemtl 2
f 3498 3517 3499
usemtl 2
f 3518 3517 3498
usemtl 2
f 3496 3518 3498
usemtl 2
f 3519 3520 3495
usemtl 2
f 3493 3519 3495
usemtl 2
f 3520 3518 3496
usemtl 2
f 3495 3520 3496
usemtl 2
f 3521 3509 3491
usemtl 2
f 3487 3521 3491
usemtl 2
f 3522 3519 3493
usemtl 2
f 3479 3522 3493
usemtl 2
f 3490 3523 3486
usemtl 2
f 3490 3524 3523
usemtl 2
f 3525 3522 3479
usemtl 2
f 3482 3525 3479
usemtl 2
f 3526 3524 3490
usemtl 2
f 3489 3526 3490
usemtl 2
f 3527 3525 3482
usemtl 2
f 3484 3527 3482
usemtl 2
f 3523 3527 3484
usemtl 2
f 3486 3523 3484
usemtl 2
f 3516 3521 3487
usemtl 2
f 3485 3516 3487
usemtl 2
f 3528 3515 3483
usemtl 2
f 3481 3528 3483
usemtl 2
f 3529 3530 3497
usemtl 2
f 3474 3529 3497
usemtl 2
f 3531 3528 3481
usemtl 2
f 3480 3531 3481
usemtl 2
f 3513 3506 3476
usemtl 2
f 3478 3513 3476
usemtl 2
f 3532 3531 3480
usemtl 2
f 3494 3532 3480
usemtl 2
f 3533 3534 3469
usemtl 2
f 3472 3533 3469
usemtl 2
f 3530 3532 3494
usemtl 2
f 3497 3530 3494
usemtl 2
f 3535 3536 3505
usemtl 2
f 3470 3535 3505
usemtl 2
f 3537 3529 3474
usemtl 2
f 3504 3537 3474
usemtl 2
f 3538 3537 3504
usemtl 2
f 3471 3538 3504
usemtl 2
f 3539 3540 3466
usemtl 2
f 3465 3539 3466
usemtl 2
f 3541 3538 3471
usemtl 2
f 3468 3541 3471
usemtl 2
f 3542 3539 3465
usemtl 2
f 3463 3542 3465
usemtl 2
f 3540 3541 3468
usemtl 2
f 3466 3540 3468
usemtl 2
f 3543 3542 3463
usemtl 2
f 3460 3543 3463
usemtl 2
f 3544 3545 3459
usemtl 2
f 3461 3544 3459
usemtl 2
f 3511 3526 3489
usemtl 2
f 3492 3511 3489
usemtl 2
f 3546 3543 3460
usemtl 2
f 3462 3546 3460
usemtl 2
f 3514 3547 3501
usemtl 2
f 3503 3514 3501
usemtl 2
f 3548 3546 3462
usemtl 2
f 3458 3548 3462
usemtl 2
f 3549 3548 3458
usemtl 2
f 3457 3549 3458
usemtl 2
f 3545 3549 3457
usemtl 2
f 3459 3545 3457
usemtl 2
f 3534 3535 3470
usemtl 2
f 3469 3534 3470
usemtl 2
f 3550 3544 3461
usemtl 2
f 3464 3550 3461
usemtl 2
f 3551 3550 3464
usemtl 2
f 3467 3551 3464
usemtl 2
f 3536 3551 3467
usemtl 2
f 3505 3536 3467
usemtl 2
f 3552 3533 3472
usemtl 2
f 3473 3552 3472
usemtl 2
f 3553 3552 3473
usemtl 2
f 3475 3553 3473
usemtl 2
f 3554 3553 3475
usemtl 2
f 3477 3554 3475
usemtl 2
f 3547 3554 3477
usemtl 2
f 3501 3547 3477
usemtl 1
f 3508 3507 3547
usemtl 1
f 3547 3507 3506
usemtl 1
f 3514 3508 3547
usemtl 1
f 3547 3506 3554
usemtl 1
f 3506 3553 3554
usemtl 1
f 3529 3512 3530
usemtl 1
f 3532 3520 3519
usemtl 1
f 3518 3520 3532
usemtl 1
f 3518 3512 3517
usemtl 1
f 3527 3516 3515
usemtl 1
f 3524 3521 3523
usemtl 1
f 3509 3521 3510
usemtl 1
f 3521 3524 3510
usemtl 1
f 3524 3526 3510
usemtl 1
f 3526 3511 3510
usemtl 1
f 3527 3515 3525
usemtl 1
f 3513 3512 3529
usemtl 1
f 3523 3516 3527
usemtl 1
f 3523 3521 3516
usemtl 1
f 3537 3533 3529
usemtl 1
f 3525 3528 3522
usemtl 1
f 3525 3515 3528
usemtl 1
f 3528 3531 3522
usemtl 1
f 3531 3519 3522
usemtl 1
f 3532 3519 3531
usemtl 1
f 3530 3518 3532
usemtl 1
f 3512 3518 3530
usemtl 1
f 3506 3513 3529
usemtl 1
f 3506 3529 3553
usemtl 1
f 3534 3541 3535
usemtl 1
f 3536 3540 3551
usemtl 1
f 3551 3539 3550
usemtl 1
f 3550 3542 3544
usemtl 1
f 3544 3548 3545
usemtl 1
f 3543 3548 3544
usemtl 1
f 3542 3543 3544
usemtl 1
f 3548 3543 3546
usemtl 1
f 3539 3542 3550
usemtl 1
f 3545 3548 3549
usemtl 1
f 3540 3539 3551
usemtl 1
f 3541 3540 3536
usemtl 1
f 3541 3536 3535
usemtl 1
f 3538 3541 3534
usemtl 1
f 3538 3534 3533
usemtl 1
f 3538 3533 3537
usemtl 1
f 3533 3552 3529
usemtl 1
f 3552 3553 3529
o NL.IMBAG.Pand.0861100000363180-39
usemtl 0
f 3555 3556 3557
usemtl 0
f 3558 3559 3560
usemtl 0
f 3561 3562 3557
usemtl 0
f 3563 3555 3557
usemtl 0
f 3563 3557 3562
usemtl 0
f 3557 3558 3560
usemtl 0
f 3564 3559 3558
usemtl 0
f 3557 3560 3561
usemtl 0
f 3562 3561 3565
usemtl 0
f 3562 3565 3566
usemtl 2
f 3567 3568 3560
usemtl 2
f 3559 3567 3560
usemtl 2
f 3569 3570 3562
usemtl 2
f 3566 3569 3562
usemtl 2
f 3571 3569 3566
usemtl 2
f 3565 3571 3566
usemtl 2
f 3572 3573 3574
usemtl 2
f 3575 3572 3574
usemtl 2
f 3576 3577 3558
usemtl 2
f 3557 3576 3558
usemtl 2
f 3578 3571 3565
usemtl 2
f 3578 3579 3571
usemtl 2
f 3561 3578 3565
usemtl 2
f 3568 3578 3561
usemtl 2
f 3560 3568 3561
usemtl 2
f 3573 3580 3581
usemtl 2
f 3574 3573 3581
usemtl 2
f 3582 3567 3559
usemtl 2
f 3564 3582 3559
usemtl 2
f 3583 3572 3575
usemtl 2
f 3584 3583 3575
usemtl 2
f 3584 3585 3555
usemtl 2
f 3563 3584 3555
usemtl 2
f 3558 3582 3564
usemtl 2
f 3558 3577 3582
usemtl 2
f 3585 3586 3556
usemtl 2
f 3555 3585 3556
usemtl 2
f 3586 3576 3557
usemtl 2
f 3556 3586 3557
usemtl 2
f 3570 3583 3584
usemtl 2
f 3562 3570 3584
usemtl 2
f 3563 3562 3584
usemtl 2
f 3587 3588 3589
usemtl 2
f 3590 3587 3589
usemtl 2
f 3580 3587 3590
usemtl 2
f 3581 3580 3590
usemtl 2
f 3588 3579 3578
usemtl 2
f 3589 3588 3578
usemtl 1
f 3587 3579 3588
usemtl 1
f 3580 3573 3579
usemtl 1
f 3587 3580 3579
usemtl 1
f 3573 3571 3579
usemtl 1
f 3572 3583 3570
usemtl 1
f 3570 3571 3573
usemtl 1
f 3569 3571 3570
usemtl 1
f 3572 3570 3573
usemtl 1
f 3568 3589 3578
usemtl 1
f 3567 3589 3568
usemtl 1
f 3575 3585 3584
usemtl 1
f 3582 3577 3567
usemtl 1
f 3567 3577 3589
usemtl 1
f 3577 3576 3589
usemtl 1
f 3576 3586 3589
usemtl 1
f 3586 3585 3581
usemtl 1
f 3586 3581 3589
usemtl 1
f 3581 3575 3574
usemtl 1
f 3589 3581 3590
usemtl 1
f 3585 3575 3581
o NL.IMBAG.Pand.0861100000375927-40
usemtl 0
f 3591 3592 3593
usemtl 0
f 3594 3592 3591
usemtl 0
f 3595 3596 3594
usemtl 0
f 3594 3596 3592
usemtl 0
f 3595 3594 3597
usemtl 0
f 3596 3598 3599
usemtl 0
f 3596 3599 3592
usemtl 0
f 3599 3600 3592
usemtl 0
f 3601 3600 3599
usemtl 0
f 3602 3603 3592
usemtl 0
f 3600 3602 3592
usemtl 0
f 3600 3604 3602
usemtl 2
f 3605 3606 3599
usemtl 2
f 3598 3605 3599
usemtl 2
f 3607 3605 3598
usemtl 2
f 3596 3607 3598
usemtl 2
f 3606 3608 3601
usemtl 2
f 3599 3606 3601
usemtl 2
f 3609 3610 3597
usemtl 2
f 3594 3609 3597
usemtl 2
f 3611 3607 3596
usemtl 2
f 3595 3611 3596
usemtl 2
f 3610 3611 3595
usemtl 2
f 3597 3610 3595
usemtl 2
f 3612 3609 3594
usemtl 2
f 3591 3612 3594
usemtl 2
f 3613 3614 3593
usemtl 2
f 3592 3613 3593
usemtl 2
f 3614 3612 3591
usemtl 2
f 3593 3614 3591
usemtl 2
f 3615 3613 3592
usemtl 2
f 3603 3615 3592
usemtl 2
f 3616 3615 3603
usemtl 2
f 3602 3616 3603
usemtl 2
f 3608 3617 3600
usemtl 2
f 3601 3608 3600
usemtl 2
f 3618 3616 3602
usemtl 2
f 3604 3618 3602
usemtl 2
f 3617 3618 3604
usemtl 2
f 3600 3617 3604
usemtl 1
f 3616 3618 3617
usemtl 1
f 3606 3613 3617
usemtl 1
f 3608 3606 3617
usemtl 1
f 3613 3616 3617
usemtl 1
f 3605 3607 3606
usemtl 1
f 3607 3611 3609
usemtl 1
f 3611 3610 3609
usemtl 1
f 3609 3612 3613
usemtl 1
f 3612 3614 3613
usemtl 1
f 3607 3609 3613
usemtl 1
f 3607 3613 3606
usemtl 1
f 3613 3615 3616
o NL.IMBAG.Pand.0861100000373115-41
usemtl 0
f 3619 3620 3621
usemtl 0
f 3622 3619 3621
usemtl 0
f 3620 3623 3621
usemtl 0
f 3624 3620 3619
usemtl 0
f 3625 3620 3626
usemtl 0
f 3625 3623 3620
usemtl 0
f 3625 3626 3627
usemtl 0
f 3628 3629 3630
usemtl 0
f 3631 3632 3625
usemtl 0
f 3628 3630 3633
usemtl 0
f 3630 3625 3633
usemtl 0
f 3634 3631 3635
usemtl 0
f 3635 3631 3630
usemtl 0
f 3631 3625 3630
usemtl 0
f 3632 3636 3637
usemtl 0
f 3638 3637 3636
usemtl 0
f 3637 3623 3625
usemtl 0
f 3639 3623 3637
usemtl 0
f 3632 3637 3625
usemtl 0
f 3640 3637 3641
usemtl 0
f 3639 3637 3640
usemtl 0
f 3639 3640 3642
usemtl 2
f 3643 3644 3645
usemtl 2
f 3646 3643 3645
usemtl 2
f 3644 3647 3648
usemtl 2
f 3644 3649 3647
usemtl 2
f 3645 3644 3648
usemtl 2
f 3650 3651 3640
usemtl 2
f 3641 3650 3640
usemtl 2
f 3651 3652 3642
usemtl 2
f 3640 3651 3642
usemtl 2
f 3653 3654 3631
usemtl 2
f 3634 3653 3631
usemtl 2
f 3655 3653 3634
usemtl 2
f 3635 3655 3634
usemtl 2
f 3656 3657 3619
usemtl 2
f 3622 3656 3619
usemtl 2
f 3657 3658 3624
usemtl 2
f 3619 3657 3624
usemtl 2
f 3654 3659 3632
usemtl 2
f 3631 3654 3632
usemtl 2
f 3660 3661 3630
usemtl 2
f 3629 3660 3630
usemtl 2
f 3662 3660 3629
usemtl 2
f 3628 3662 3629
usemtl 2
f 3663 3643 3646
usemtl 2
f 3664 3663 3646
usemtl 2
f 3664 3662 3628
usemtl 2
f 3633 3664 3628
usemtl 2
f 3665 3663 3664
usemtl 2
f 3625 3665 3664
usemtl 2
f 3633 3625 3664
usemtl 2
f 3666 3665 3625
usemtl 2
f 3627 3666 3625
usemtl 2
f 3661 3655 3635
usemtl 2
f 3630 3661 3635
usemtl 2
f 3667 3656 3622
usemtl 2
f 3621 3667 3622
usemtl 2
f 3658 3668 3620
usemtl 2
f 3624 3658 3620
usemtl 2
f 3668 3669 3670
usemtl 2
f 3620 3668 3670
usemtl 2
f 3626 3620 3670
usemtl 2
f 3669 3649 3644
usemtl 2
f 3670 3669 3644
usemtl 2
f 3670 3666 3627
usemtl 2
f 3626 3670 3627
usemtl 2
f 3671 3650 3641
usemtl 2
f 3637 3671 3641
usemtl 2
f 3659 3672 3636
usemtl 2
f 3632 3659 3636
usemtl 2
f 3672 3673 3638
usemtl 2
f 3636 3672 3638
usemtl 2
f 3673 3671 3637
usemtl 2
f 3638 3673 3637
usemtl 2
f 3648 3667 3621
usemtl 2
f 3648 3647 3667
usemtl 2
f 3623 3648 3621
usemtl 2
f 3674 3648 3623
usemtl 2
f 3639 3674 3623
usemtl 2
f 3652 3674 3639
usemtl 2
f 3642 3652 3639
usemtl 1
f 3644 3666 3670
usemtl 1
f 3643 3665 3644
usemtl 1
f 3644 3665 3666
usemtl 1
f 3663 3665 3643
usemtl 1
f 3668 3667 3647
usemtl 1
f 3668 3657 3667
usemtl 1
f 3649 3669 3668
usemtl 1
f 3657 3656 3667
usemtl 1
f 3649 3668 3647
usemtl 1
f 3658 3657 3668
usemtl 1
f 3651 3674 3652
usemtl 1
f 3650 3671 3651
usemtl 1
f 3651 3671 3674
usemtl 1
f 3671 3645 3674
usemtl 1
f 3672 3659 3671
usemtl 1
f 3672 3671 3673
usemtl 1
f 3659 3654 3645
usemtl 1
f 3664 3646 3662
usemtl 1
f 3655 3661 3654
usemtl 1
f 3655 3654 3653
usemtl 1
f 3646 3661 3662
usemtl 1
f 3660 3662 3661
usemtl 1
f 3645 3648 3674
usemtl 1
f 3654 3646 3645
usemtl 1
f 3654 3661 3646
usemtl 1
f 3659 3645 3671
o NL.IMBAG.Pand.0861100000374749-42
usemtl 0
f 3675 3676 3677
usemtl 0
f 3678 3679 3680
usemtl 0
f 3675 3681 3676
usemtl 0
f 3680 3682 3683
usemtl 0
f 3683 3681 3675
usemtl 0
f 3678 3680 3683
usemtl 0
f 3684 3681 3683
usemtl 0
f 3678 3683 3675
usemtl 2
f 3685 3686 3681
usemtl 2
f 3684 3685 3681
usemtl 2
f 3687 3685 3684
usemtl 2
f 3683 3687 3684
usemtl 2
f 3688 3689 3677
usemtl 2
f 3676 3688 3677
usemtl 2
f 3689 3690 3675
usemtl 2
f 3677 3689 3675
usemtl 2
f 3686 3688 3676
usemtl 2
f 3681 3686 3676
usemtl 2
f 3691 3687 3683
usemtl 2
f 3682 3691 3683
usemtl 2
f 3690 3692 3678
usemtl 2
f 3675 3690 3678
usemtl 2
f 3693 3694 3680
usemtl 2
f 3679 3693 3680
usemtl 2
f 3692 3693 3679
usemtl 2
f 3678 3692 3679
usemtl 2
f 3694 3691 3682
usemtl 2
f 3680 3694 3682
usemtl 1
f 3690 3688 3686
usemtl 1
f 3687 3691 3694
usemtl 1
f 3693 3692 3694
usemtl 1
f 3685 3687 3686
usemtl 1
f 3694 3692 3687
usemtl 1
f 3692 3690 3687
usemtl 1
f 3689 3688 3690
usemtl 1
f 3690 3686 3687
o NL.IMBAG.Pand.0861100000363381-43
usemtl 0
f 3695 3696 3697
usemtl 0
f 3698 3699 3696
usemtl 0
f 3696 3699 3700
usemtl 0
f 3697 3696 3700
usemtl 0
f 3701 3702 3698
usemtl 0
f 3702 3699 3698
usemtl 2
f 3703 3704 3702
usemtl 2
f 3701 3703 3702
usemtl 2
f 3705 3703 3701
usemtl 2
f 3698 3705 3701
usemtl 2
f 3706 3705 3698
usemtl 2
f 3696 3706 3698
usemtl 2
f 3704 3707 3699
usemtl 2
f 3702 3704 3699
usemtl 2
f 3708 3706 3696
usemtl 2
f 3695 3708 3696
usemtl 2
f 3709 3710 3697
usemtl 2
f 3700 3709 3697
usemtl 2
f 3710 3708 3695
usemtl 2
f 3697 3710 3695
usemtl 2
f 3707 3709 3700
usemtl 2
f 3699 3707 3700
usemtl 1
f 3704 3703 3705
usemtl 1
f 3708 3710 3706
usemtl 1
f 3706 3710 3709
usemtl 1
f 3707 3705 3706
usemtl 1
f 3707 3704 3705
usemtl 1
f 3707 3706 3709
o NL.IMBAG.Pand.0861100000376319-44
usemtl 0
f 3711 3712 3713
usemtl 0
f 3714 3715 3716
usemtl 0
f 3714 3717 3718
usemtl 0
f 3715 3718 3719
usemtl 0
f 3720 3721 3711
usemtl 0
f 3720 3722 3721
usemtl 0
f 3723 3724 3725
usemtl 0
f 3723 3725 3726
usemtl 0
f 3723 3726 3718
usemtl 0
f 3726 3727 3718
usemtl 0
f 3727 3728 3729
usemtl 0
f 3728 3730 3729
usemtl 0
f 3727 3729 3718
usemtl 0
f 3731 3719 3732
usemtl 0
f 3733 3734 3732
usemtl 0
f 3735 3736 3733
usemtl 0
f 3736 3734 3733
usemtl 0
f 3719 3733 3732
usemtl 0
f 3737 3738 3739
usemtl 0
f 3740 3719 3731
usemtl 0
f 3719 3729 3733
usemtl 0
f 3718 3729 3719
usemtl 0
f 3714 3721 3717
usemtl 0
f 3714 3718 3715
usemtl 0
f 3711 3721 3737
usemtl 0
f 3737 3721 3714
usemtl 0
f 3712 3711 3737
usemtl 0
f 3741 3739 3742
usemtl 0
f 3712 3737 3739
usemtl 0
f 3741 3742 3743
usemtl 0
f 3712 3741 3744
usemtl 0
f 3712 3739 3741
usemtl 2
f 3745 3746 3728
usemtl 2
f 3727 3745 3728
usemtl 2
f 3747 3748 3720
usemtl 2
f 3711 3747 3720
usemtl 2
f 3749 3750 3724
usemtl 2
f 3723 3749 3724
usemtl 2
f 3751 3752 3721
usemtl 2
f 3722 3751 3721
usemtl 2
f 3752 3753 3717
usemtl 2
f 3721 3752 3717
usemtl 2
f 3754 3755 3713
usemtl 2
f 3712 3754 3713
usemtl 2
f 3755 3747 3711
usemtl 2
f 3713 3755 3711
usemtl 2
f 3756 3754 3712
usemtl 2
f 3744 3756 3712
usemtl 2
f 3757 3758 3742
usemtl 2
f 3739 3757 3742
usemtl 2
f 3759 3757 3739
usemtl 2
f 3738 3759 3739
usemtl 2
f 3760 3759 3738
usemtl 2
f 3737 3760 3738
usemtl 2
f 3761 3760 3737
usemtl 2
f 3714 3761 3737
usemtl 2
f 3762 3761 3714
usemtl 2
f 3716 3762 3714
usemtl 2
f 3758 3763 3743
usemtl 2
f 3742 3758 3743
usemtl 2
f 3764 3765 3766
usemtl 2
f 3767 3764 3766
usemtl 2
f 3768 3764 3767
usemtl 2
f 3769 3768 3767
usemtl 2
f 3770 3771 3740
usemtl 2
f 3731 3770 3740
usemtl 2
f 3772 3773 3735
usemtl 2
f 3733 3772 3735
usemtl 2
f 3774 3775 3732
usemtl 2
f 3734 3774 3732
usemtl 2
f 3775 3770 3731
usemtl 2
f 3732 3775 3731
usemtl 2
f 3736 3774 3734
usemtl 2
f 3736 3776 3774
usemtl 2
f 3773 3776 3736
usemtl 2
f 3735 3773 3736
usemtl 2
f 3777 3778 3779
usemtl 2
f 3780 3777 3779
usemtl 2
f 3781 3772 3733
usemtl 2
f 3729 3781 3733
usemtl 2
f 3782 3781 3729
usemtl 2
f 3730 3782 3729
usemtl 2
f 3783 3784 3785
usemtl 2
f 3786 3783 3785
usemtl 2
f 3750 3787 3725
usemtl 2
f 3724 3750 3725
usemtl 2
f 3787 3788 3726
usemtl 2
f 3725 3787 3726
usemtl 2
f 3746 3782 3730
usemtl 2
f 3728 3746 3730
usemtl 2
f 3788 3745 3727
usemtl 2
f 3726 3788 3727
usemtl 2
f 3789 3749 3723
usemtl 2
f 3718 3789 3723
usemtl 2
f 3778 3768 3769
usemtl 2
f 3779 3778 3769
usemtl 2
f 3786 3762 3716
usemtl 2
f 3715 3786 3716
usemtl 2
f 3748 3751 3722
usemtl 2
f 3720 3748 3722
usemtl 2
f 3790 3791 3753
usemtl 2
f 3792 3790 3753
usemtl 2
f 3771 3793 3719
usemtl 2
f 3740 3771 3719
usemtl 2
f 3793 3783 3786
usemtl 2
f 3719 3793 3786
usemtl 2
f 3715 3719 3786
usemtl 2
f 3784 3777 3780
usemtl 2
f 3785 3784 3780
usemtl 2
f 3763 3794 3741
usemtl 2
f 3743 3763 3741
usemtl 2
f 3794 3756 3744
usemtl 2
f 3741 3794 3744
usemtl 2
f 3795 3796 3797
usemtl 2
f 3798 3795 3797
usemtl 2
f 3796 3790 3792
usemtl 2
f 3797 3796 3792
usemtl 2
f 3753 3789 3718
usemtl 2
f 3753 3791 3789
usemtl 2
f 3717 3753 3718
usemtl 2
f 3765 3799 3800
usemtl 2
f 3766 3765 3800
usemtl 2
f 3799 3795 3798
usemtl 2
f 3800 3799 3798
usemtl 1
f 3766 3800 3798
usemtl 1
f 3794 3758 3757
usemtl 1
f 3752 3748 3798
usemtl 1
f 3754 3766 3747
usemtl 1
f 3752 3792 3753
usemtl 1
f 3798 3797 3792
usemtl 1
f 3747 3798 3748
usemtl 1
f 3798 3792 3752
usemtl 1
f 3752 3751 3748
usemtl 1
f 3766 3798 3747
usemtl 1
f 3754 3747 3755
usemtl 1
f 3794 3763 3758
usemtl 1
f 3756 3794 3754
usemtl 1
f 3760 3761 3769
usemtl 1
f 3754 3757 3760
usemtl 1
f 3754 3794 3757
usemtl 1
f 3769 3780 3779
usemtl 1
f 3754 3760 3766
usemtl 1
f 3757 3759 3760
usemtl 1
f 3785 3780 3769
usemtl 1
f 3785 3761 3786
usemtl 1
f 3786 3761 3762
usemtl 1
f 3760 3769 3766
usemtl 1
f 3761 3785 3769
usemtl 1
f 3769 3767 3766
usemtl 1
f 3775 3772 3793
usemtl 1
f 3796 3795 3799
usemtl 1
f 3765 3764 3799
usemtl 1
f 3789 3796 3778
usemtl 1
f 3799 3764 3778
usemtl 1
f 3764 3768 3778
usemtl 1
f 3799 3778 3796
usemtl 1
f 3775 3793 3770
usemtl 1
f 3784 3793 3777
usemtl 1
f 3774 3772 3775
usemtl 1
f 3783 3793 3784
usemtl 1
f 3749 3787 3750
usemtl 1
f 3771 3770 3793
usemtl 1
f 3776 3772 3774
usemtl 1
f 3773 3772 3776
usemtl 1
f 3772 3777 3793
usemtl 1
f 3778 3777 3781
usemtl 1
f 3781 3777 3772
usemtl 1
f 3778 3781 3745
usemtl 1
f 3781 3782 3746
usemtl 1
f 3781 3746 3745
usemtl 1
f 3778 3745 3789
usemtl 1
f 3745 3788 3789
usemtl 1
f 3788 3787 3749
usemtl 1
f 3788 3749 3789
usemtl 1
f 3790 3789 3791
usemtl 1
f 3796 3789 3790
o NL.IMBAG.Pand.0861100000360376-45
usemtl 0
f 3801 3802 3803
usemtl 0
f 3804 3805 3803
usemtl 0
f 3806 3801 3807
usemtl 0
f 3808 3804 3803
usemtl 0
f 3803 3805 3801
usemtl 0
f 3805 3807 3801
usemtl 2
f 3809 3810 3808
usemtl 2
f 3803 3809 3808
usemtl 2
f 3810 3811 3804
usemtl 2
f 3808 3810 3804
usemtl 2
f 3812 3813 3801
usemtl 2
f 3806 3812 3801
usemtl 2
f 3813 3814 3802
usemtl 2
f 3801 3813 3802
usemtl 2
f 3815 3816 3807
usemtl 2
f 3805 3815 3807
usemtl 2
f 3816 3812 3806
usemtl 2
f 3807 3816 3806
usemtl 2
f 3811 3815 3805
usemtl 2
f 3804 3811 3805
usemtl 2
f 3814 3809 3803
usemtl 2
f 3802 3814 3803
usemtl 1
f 3813 3809 3814
usemtl 1
f 3816 3815 3813
usemtl 1
f 3811 3809 3815
usemtl 1
f 3816 3813 3812
usemtl 1
f 3815 3809 3813
usemtl 1
f 3811 3810 3809
o NL.IMBAG.Pand.0861100000361223-46
usemtl 0
f 3817 3818 3819
usemtl 0
f 3819 3818 3820
usemtl 0
f 3821 3822 3823
usemtl 0
f 3824 3818 3817
usemtl 0
f 3825 3826 3821
usemtl 0
f 3823 3827 3821
usemtl 0
f 3828 3826 3825
usemtl 0
f 3829 3830 3831
usemtl 0
f 3821 3829 3825
usemtl 0
f 3821 3830 3829
usemtl 0
f 3832 3833 3828
usemtl 0
f 3833 3826 3828
usemtl 0
f 3828 3834 3835
usemtl 0
f 3828 3835 3832
usemtl 0
f 3826 3822 3821
usemtl 0
f 3822 3817 3823
usemtl 0
f 3836 3817 3822
usemtl 0
f 3837 3836 3822
usemtl 0
f 3824 3817 3836
usemtl 0
f 3838 3824 3839
usemtl 0
f 3824 3836 3839
usemtl 0
f 3840 3818 3824
usemtl 2
f 3841 3842 3820
usemtl 2
f 3818 3841 3820
usemtl 2
f 3842 3843 3819
usemtl 2
f 3820 3842 3819
usemtl 2
f 3844 3841 3818
usemtl 2
f 3840 3844 3818
usemtl 2
f 3845 3844 3840
usemtl 2
f 3824 3845 3840
usemtl 2
f 3846 3845 3824
usemtl 2
f 3838 3846 3824
usemtl 2
f 3847 3846 3838
usemtl 2
f 3839 3847 3838
usemtl 2
f 3848 3849 3837
usemtl 2
f 3822 3848 3837
usemtl 2
f 3849 3850 3836
usemtl 2
f 3837 3849 3836
usemtl 2
f 3850 3847 3839
usemtl 2
f 3836 3850 3839
usemtl 2
f 3851 3852 3823
usemtl 2
f 3817 3851 3823
usemtl 2
f 3853 3848 3822
usemtl 2
f 3826 3853 3822
usemtl 2
f 3854 3855 3835
usemtl 2
f 3834 3854 3835
usemtl 2
f 3856 3854 3834
usemtl 2
f 3828 3856 3834
usemtl 2
f 3857 3853 3826
usemtl 2
f 3833 3857 3826
usemtl 2
f 3855 3858 3832
usemtl 2
f 3835 3855 3832
usemtl 2
f 3858 3857 3833
usemtl 2
f 3832 3858 3833
usemtl 2
f 3859 3856 3828
usemtl 2
f 3825 3859 3828
usemtl 2
f 3860 3861 3830
usemtl 2
f 3821 3860 3830
usemtl 2
f 3862 3860 3821
usemtl 2
f 3827 3862 3821
usemtl 2
f 3843 3851 3817
usemtl 2
f 3819 3843 3817
usemtl 2
f 3852 3862 3827
usemtl 2
f 3823 3852 3827
usemtl 2
f 3863 3859 3825
usemtl 2
f 3829 3863 3825
usemtl 2
f 3864 3863 3829
usemtl 2
f 3831 3864 3829
usemtl 2
f 3861 3864 3831
usemtl 2
f 3830 3861 3831
usemtl 1
f 3863 3864 3861
usemtl 1
f 3856 3857 3858
usemtl 1
f 3860 3863 3861
usemtl 1
f 3856 3855 3854
usemtl 1
f 3859 3863 3860
usemtl 1
f 3852 3860 3862
usemtl 1
f 3848 3850 3849
usemtl 1
f 3845 3850 3851
usemtl 1
f 3842 3841 3843
usemtl 1
f 3841 3851 3843
usemtl 1
f 3844 3845 3841
usemtl 1
f 3845 3851 3841
usemtl 1
f 3846 3847 3845
usemtl 1
f 3847 3850 3845
usemtl 1
f 3851 3850 3848
usemtl 1
f 3851 3848 3852
usemtl 1
f 3848 3860 3852
usemtl 1
f 3853 3860 3848
usemtl 1
f 3859 3853 3856
usemtl 1
f 3858 3855 3856
usemtl 1
f 3860 3853 3859
usemtl 1
f 3853 3857 3856
o NL.IMBAG.Pand.0861100000363391-47
usemtl 0
f 3865 3866 3867
usemtl 0
f 3868 3869 3867
usemtl 0
f 3868 3870 3869
usemtl 0
f 3871 3872 3873
usemtl 0
f 3869 3874 3873
usemtl 0
f 3875 3874 3869
usemtl 0
f 3873 3865 3867
usemtl 0
f 3873 3872 3865
usemtl 0
f 3869 3873 3867
usemtl 0
f 3872 3876 3865
usemtl 0
f 3876 3877 3865
usemtl 2
f 3878 3879 3874
usemtl 2
f 3875 3878 3874
usemtl 2
f 3880 3878 3875
usemtl 2
f 3869 3880 3875
usemtl 2
f 3879 3881 3873
usemtl 2
f 3874 3879 3873
usemtl 2
f 3882 3883 3867
usemtl 2
f 3866 3882 3867
usemtl 2
f 3884 3882 3866
usemtl 2
f 3865 3884 3866
usemtl 2
f 3881 3885 3871
usemtl 2
f 3873 3881 3871
usemtl 2
f 3885 3886 3872
usemtl 2
f 3871 3885 3872
usemtl 2
f 3886 3887 3876
usemtl 2
f 3872 3886 3876
usemtl 2
f 3883 3888 3868
usemtl 2
f 3867 3883 3868
usemtl 2
f 3889 3880 3869
usemtl 2
f 3870 3889 3869
usemtl 2
f 3888 3889 3870
usemtl 2
f 3868 3888 3870
usemtl 2
f 3887 3890 3877
usemtl 2
f 3876 3887 3877
usemtl 2
f 3890 3884 3865
usemtl 2
f 3877 3890 3865
usemtl 1
f 3887 3884 3890
usemtl 1
f 3886 3884 3887
usemtl 1
f 3879 3880 3881
usemtl 1
f 3885 3881 3886
usemtl 1
f 3881 3884 3886
usemtl 1
f 3883 3880 3888
usemtl 1
f 3878 3880 3879
usemtl 1
f 3881 3880 3883
usemtl 1
f 3889 3888 3880
usemtl 1
f 3881 3883 3884
usemtl 1
f 3883 3882 3884
o NL.IMBAG.Pand.0861100000361222-48
usemtl 0
f 3891 3892 3893
usemtl 0
f 3894 3891 3893
usemtl 0
f 3892 3891 3895
usemtl 0
f 3891 3896 3895
usemtl 2
f 3897 3898 3891
usemtl 2
f 3894 3897 3891
usemtl 2
f 3898 3899 3896
usemtl 2
f 3891 3898 3896
usemtl 2
f 3900 3901 3893
usemtl 2
f 3892 3900 3893
usemtl 2
f 3901 3897 3894
usemtl 2
f 3893 3901 3894
usemtl 2
f 3902 3900 3892
usemtl 2
f 3895 3902 3892
usemtl 2
f 3899 3902 3895
usemtl 2
f 3896 3899 3895
usemtl 1
f 3898 3902 3899
usemtl 1
f 3901 3900 3898
usemtl 1
f 3898 3900 3902
usemtl 1
f 3897 3901 3898
o NL.IMBAG.Pand.0861100000363384-49
usemtl 0
f 3903 3904 3905
usemtl 0
f 3906 3903 3905
usemtl 0
f 3907 3906 3905
usemtl 0
f 3908 3909 3910
usemtl 0
f 3911 3912 3913
usemtl 0
f 3911 3913 3914
usemtl 0
f 3912 3909 3908
usemtl 0
f 3913 3912 3908
usemtl 0
f 3908 3915 3906
usemtl 0
f 3916 3917 3915
usemtl 0
f 3913 3908 3906
usemtl 0
f 3915 3917 3918
usemtl 0
f 3917 3919 3918
usemtl 0
f 3918 3920 3906
usemtl 0
f 3920 3921 3906
usemtl 0
f 3915 3918 3906
usemtl 0
f 3922 3923 3924
usemtl 0
f 3922 3924 3920
usemtl 0
f 3924 3921 3920
usemtl 0
f 3925 3921 3924
usemtl 0
f 3926 3927 3928
usemtl 0
f 3926 3928 3925
usemtl 0
f 3928 3921 3925
usemtl 0
f 3903 3929 3904
usemtl 0
f 3930 3931 3921
usemtl 0
f 3931 3932 3933
usemtl 0
f 3932 3934 3933
usemtl 0
f 3931 3933 3921
usemtl 0
f 3921 3903 3906
usemtl 0
f 3921 3933 3903
usemtl 0
f 3935 3903 3933
usemtl 2
f 3936 3937 3925
usemtl 2
f 3924 3936 3925
usemtl 2
f 3938 3939 3922
usemtl 2
f 3920 3938 3922
usemtl 2
f 3940 3938 3920
usemtl 2
f 3918 3940 3920
usemtl 2
f 3941 3940 3918
usemtl 2
f 3919 3941 3918
usemtl 2
f 3939 3942 3923
usemtl 2
f 3922 3939 3923
usemtl 2
f 3943 3944 3913
usemtl 2
f 3906 3943 3913
usemtl 2
f 3945 3946 3910
usemtl 2
f 3909 3945 3910
usemtl 2
f 3947 3945 3909
usemtl 2
f 3912 3947 3909
usemtl 2
f 3948 3949 3927
usemtl 2
f 3926 3948 3927
usemtl 2
f 3950 3951 3911
usemtl 2
f 3914 3950 3911
usemtl 2
f 3944 3950 3914
usemtl 2
f 3913 3944 3914
usemtl 2
f 3951 3947 3912
usemtl 2
f 3911 3951 3912
usemtl 2
f 3952 3943 3906
usemtl 2
f 3907 3952 3906
usemtl 2
f 3953 3952 3907
usemtl 2
f 3905 3953 3907
usemtl 2
f 3954 3955 3921
usemtl 2
f 3928 3954 3921
usemtl 2
f 3942 3936 3924
usemtl 2
f 3923 3942 3924
usemtl 2
f 3937 3948 3926
usemtl 2
f 3925 3937 3926
usemtl 2
f 3956 3957 3931
usemtl 2
f 3930 3956 3931
usemtl 2
f 3955 3956 3930
usemtl 2
f 3921 3955 3930
usemtl 2
f 3949 3954 3928
usemtl 2
f 3927 3949 3928
usemtl 2
f 3958 3959 3935
usemtl 2
f 3933 3958 3935
usemtl 2
f 3959 3960 3903
usemtl 2
f 3935 3959 3903
usemtl 2
f 3961 3958 3933
usemtl 2
f 3934 3961 3933
usemtl 2
f 3960 3962 3929
usemtl 2
f 3903 3960 3929
usemtl 2
f 3963 3941 3919
usemtl 2
f 3917 3963 3919
usemtl 2
f 3964 3965 3915
usemtl 2
f 3908 3964 3915
usemtl 2
f 3965 3966 3916
usemtl 2
f 3915 3965 3916
usemtl 2
f 3966 3963 3917
usemtl 2
f 3916 3966 3917
usemtl 2
f 3946 3964 3908
usemtl 2
f 3910 3946 3908
usemtl 2
f 3967 3961 3934
usemtl 2
f 3932 3967 3934
usemtl 2
f 3957 3967 3932
usemtl 2
f 3931 3957 3932
usemtl 2
f 3962 3968 3904
usemtl 2
f 3929 3962 3904
usemtl 2
f 3968 3953 3905
usemtl 2
f 3904 3968 3905
usemtl 1
f 3962 3960 3968
usemtl 1
f 3960 3943 3953
usemtl 1
f 3968 3960 3953
usemtl 1
f 3959 3958 3960
usemtl 1
f 3958 3967 3957
usemtl 1
f 3961 3967 3958
usemtl 1
f 3958 3957 3955
usemtl 1
f 3957 3956 3955
usemtl 1
f 3958 3955 3960
usemtl 1
f 3955 3936 3938
usemtl 1
f 3954 3949 3948
usemtl 1
f 3954 3948 3937
usemtl 1
f 3937 3936 3955
usemtl 1
f 3942 3939 3936
usemtl 1
f 3954 3937 3955
usemtl 1
f 3936 3939 3938
usemtl 1
f 3943 3952 3953
usemtl 1
f 3940 3965 3943
usemtl 1
f 3955 3938 3943
usemtl 1
f 3941 3963 3940
usemtl 1
f 3963 3966 3965
usemtl 1
f 3965 3964 3943
usemtl 1
f 3946 3945 3964
usemtl 1
f 3963 3965 3940
usemtl 1
f 3964 3944 3943
usemtl 1
f 3945 3947 3964
usemtl 1
f 3944 3951 3950
usemtl 1
f 3947 3951 3944
usemtl 1
f 3947 3944 3964
usemtl 1
f 3955 3943 3960
usemtl 1
f 3938 3940 3943
o NL.IMBAG.Pand.0861100000359313-50
usemtl 0
f 3969 3970 3971
usemtl 0
f 3972 3973 3971
usemtl 0
f 3974 3975 3972
usemtl 0
f 3974 3972 3971
usemtl 0
f 3972 3976 3973
usemtl 0
f 3969 3973 3977
usemtl 0
f 3970 3969 3978
usemtl 0
f 3971 3973 3969
usemtl 2
f 3979 3980 3969
usemtl 2
f 3977 3979 3969
usemtl 2
f 3981 3979 3977
usemtl 2
f 3973 3981 3977
usemtl 2
f 3982 3983 3970
usemtl 2
f 3978 3982 3970
usemtl 2
f 3980 3982 3978
usemtl 2
f 3969 3980 3978
usemtl 2
f 3984 3981 3973
usemtl 2
f 3976 3984 3973
usemtl 2
f 3985 3986 3975
usemtl 2
f 3974 3985 3975
usemtl 2
f 3971 3985 3974
usemtl 2
f 3971 3987 3985
usemtl 2
f 3988 3984 3976
usemtl 2
f 3972 3988 3976
usemtl 2
f 3986 3988 3972
usemtl 2
f 3975 3986 3972
usemtl 2
f 3983 3987 3971
usemtl 2
f 3970 3983 3971
usemtl 1
f 3982 3980 3983
usemtl 1
f 3980 3987 3983
usemtl 1
f 3985 3987 3988
usemtl 1
f 3981 3987 3980
usemtl 1
f 3981 3980 3979
usemtl 1
f 3988 3987 3981
usemtl 1
f 3986 3985 3988
usemtl 1
f 3984 3988 3981
o NL.IMBAG.Pand.0861100000425990-51
usemtl 0
f 3989 3990 3991
usemtl 0
f 3989 3992 3990
usemtl 2
f 3993 3994 3989
usemtl 2
f 3991 3993 3989
usemtl 2
f 3994 3995 3992
usemtl 2
f 3989 3994 3992
usemtl 2
f 3995 3996 3990
usemtl 2
f 3992 3995 3990
usemtl 2
f 3996 3993 3991
usemtl 2
f 3990 3996 3991
usemtl 1
f 3994 3993 3996
usemtl 1
f 3995 3994 3996
