# Created by Geoflow
# Generated by Geoflow
mtllib 9-572-288-LoD12-3D.obj.mtl
v 156600.10938 378985.71875 18.37000
v 156595.48438 378983.78125 18.37000
v 156593.98438 378987.37500 18.37000
v 156598.60938 378989.31250 18.37000
v 156595.48438 378983.78125 22.42800
v 156593.98438 378987.37500 22.42800
v 156600.10938 378985.71875 22.42800
v 156598.60938 378989.31250 22.42800
v 156646.39062 379115.40625 18.75600
v 156655.04688 379105.96875 18.75600
v 156650.87500 379104.28125 18.75600
v 156650.56250 379117.09375 18.75600
v 156655.04688 379105.96875 22.43600
v 156650.87500 379104.28125 22.43600
v 156650.56250 379117.09375 22.43600
v 156646.39062 379115.40625 22.43600
v 156833.78125 378898.21875 19.65200
v 156835.68750 378894.06250 19.65200
v 156814.87500 378883.78125 19.65200
v 156836.48438 378894.68750 19.65200
v 156817.56250 378880.34375 19.65200
v 156838.21875 378890.71875 19.65200
v 156820.42188 378877.15625 19.65200
v 156817.54688 378879.43750 19.65200
v 156817.10938 378880.00000 19.65200
v 156836.48438 378894.68750 22.94900
v 156835.68750 378894.06250 22.94900
v 156833.78125 378898.21875 22.94900
v 156817.54688 378879.43750 22.94900
v 156817.10938 378880.00000 22.94900
v 156838.21875 378890.71875 22.94900
v 156820.42188 378877.15625 22.94900
v 156814.87500 378883.78125 22.94900
v 156817.56250 378880.34375 22.94900
v 156817.09375 378903.84375 19.69000
v 156818.09375 378903.15625 19.69000
v 156818.95312 378902.28125 19.69000
v 156819.65625 378901.28125 19.69000
v 156820.48438 378899.00000 19.69000
v 156820.17188 378900.18750 19.69000
v 156820.48438 378896.56250 19.69000
v 156820.17188 378895.40625 19.69000
v 156820.59375 378897.78125 19.69000
v 156813.57812 378904.78125 19.69000
v 156819.65625 378894.28125 19.69000
v 156818.95312 378893.28125 19.69000
v 156817.09375 378891.71875 19.69000
v 156818.09375 378892.40625 19.69000
v 156813.57812 378890.78125 19.69000
v 156815.98438 378891.18750 19.69000
v 156814.79688 378890.87500 19.69000
v 156807.00000 378895.40625 19.69000
v 156812.35938 378890.87500 19.69000
v 156811.18750 378891.18750 19.69000
v 156810.07812 378891.71875 19.69000
v 156808.21875 378893.28125 19.69000
v 156809.07812 378892.40625 19.69000
v 156807.51562 378894.28125 19.69000
v 156808.21875 378902.28125 19.69000
v 156806.67188 378896.56250 19.69000
v 156806.57812 378897.78125 19.69000
v 156807.00000 378900.18750 19.69000
v 156807.51562 378901.28125 19.69000
v 156806.67188 378899.00000 19.69000
v 156810.07812 378903.84375 19.69000
v 156809.07812 378903.15625 19.69000
v 156811.18750 378904.37500 19.69000
v 156812.35938 378904.68750 19.69000
v 156814.79688 378904.68750 19.69000
v 156815.98438 378904.37500 19.69000
v 156809.07812 378903.15625 23.63400
v 156810.07812 378903.84375 23.63400
v 156811.18750 378904.37500 23.63400
v 156812.35938 378904.68750 23.63400
v 156813.57812 378904.78125 23.63400
v 156814.79688 378904.68750 23.63400
v 156807.51562 378894.28125 23.63400
v 156807.00000 378895.40625 23.63400
v 156808.21875 378893.28125 23.63400
v 156807.00000 378900.18750 23.63400
v 156807.51562 378901.28125 23.63400
v 156808.21875 378902.28125 23.63400
v 156806.67188 378896.56250 23.63400
v 156806.57812 378897.78125 23.63400
v 156806.67188 378899.00000 23.63400
v 156809.07812 378892.40625 23.63400
v 156811.18750 378891.18750 23.63400
v 156810.07812 378891.71875 23.63400
v 156812.35938 378890.87500 23.63400
v 156813.57812 378890.78125 23.63400
v 156814.79688 378890.87500 23.63400
v 156817.09375 378891.71875 23.63400
v 156815.98438 378891.18750 23.63400
v 156818.09375 378892.40625 23.63400
v 156818.09375 378903.15625 23.63400
v 156818.95312 378902.28125 23.63400
v 156818.95312 378893.28125 23.63400
v 156819.65625 378894.28125 23.63400
v 156820.17188 378895.40625 23.63400
v 156820.48438 378896.56250 23.63400
v 156820.59375 378897.78125 23.63400
v 156820.17188 378900.18750 23.63400
v 156820.48438 378899.00000 23.63400
v 156819.65625 378901.28125 23.63400
v 156817.09375 378903.84375 23.63400
v 156815.98438 378904.37500 23.63400
v 156809.23438 379375.12500 18.01700
v 156818.54688 379372.75000 18.01700
v 156811.71875 379369.65625 18.01700
v 156832.18750 379385.53125 18.01700
v 156825.12500 379375.71875 18.01700
v 156834.65625 379380.06250 18.01700
v 156819.76562 379370.06250 18.01700
v 156826.35938 379373.06250 18.01700
v 156832.18750 379385.53125 29.85400
v 156834.65625 379380.06250 29.85400
v 156825.12500 379375.71875 29.85400
v 156809.23438 379375.12500 29.85400
v 156826.35938 379373.06250 29.85400
v 156819.76562 379370.06250 29.85400
v 156811.71875 379369.65625 29.85400
v 156818.54688 379372.75000 29.85400
v 156818.54688 379372.75000 18.48900
v 156819.76562 379370.06250 18.48900
v 156811.71875 379369.65625 18.48900
v 156826.35938 379373.06250 18.48900
v 156874.50000 379324.96875 18.48900
v 156839.25000 379308.90625 18.48900
v 156825.12500 379375.71875 18.48900
v 156834.65625 379380.06250 18.48900
v 156832.18750 379385.53125 18.48900
v 156899.43750 379416.03125 18.48900
v 156916.82812 379377.68750 18.48900
v 156919.68750 379379.00000 18.48900
v 156927.00000 379362.87500 18.48900
v 156924.14062 379361.59375 18.48900
v 156929.42188 379349.93750 18.48900
v 156832.18750 379385.53125 29.60700
v 156899.43750 379416.03125 29.60700
v 156924.14062 379361.59375 29.60700
v 156929.42188 379349.93750 29.60700
v 156874.50000 379324.96875 29.60700
v 156927.00000 379362.87500 29.60700
v 156916.82812 379377.68750 29.60700
v 156919.68750 379379.00000 29.60700
v 156826.35938 379373.06250 29.60700
v 156825.12500 379375.71875 29.60700
v 156834.65625 379380.06250 29.60700
v 156839.25000 379308.90625 29.60700
v 156811.71875 379369.65625 29.60700
v 156819.76562 379370.06250 29.60700
v 156818.54688 379372.75000 29.60700
v 156698.75000 379376.06250 18.44100
v 156703.04688 379374.28125 18.44100
v 156699.71875 379373.18750 18.44100
v 156694.29688 379390.71875 18.44100
v 156712.85938 379344.87500 18.44100
v 156769.73438 379378.28125 18.44100
v 156776.01562 379358.31250 18.44100
v 156691.15625 379411.15625 18.44100
v 156691.04688 379411.50000 18.44100
v 156752.07812 379431.21875 18.44100
v 156691.93750 379396.56250 18.44100
v 156695.26562 379397.65625 18.44100
v 156693.92188 379390.59375 18.44100
v 156754.65625 379423.53125 18.44100
v 156690.79688 379411.03125 18.44100
v 156751.90625 379431.75000 18.44100
v 156753.65625 379431.75000 18.44100
v 156763.46875 379430.37500 18.44100
v 156756.67188 379437.28125 18.44100
v 156760.89062 379440.25000 18.44100
v 156761.60938 379438.68750 18.44100
v 156752.93750 379441.15625 18.44100
v 156753.53125 379441.37500 18.44100
v 156751.07812 379439.68750 18.44100
v 156760.75000 379440.43750 18.44100
v 156765.92188 379444.15625 18.44100
v 156766.62500 379442.59375 18.44100
v 156762.21875 379437.87500 18.44100
v 156767.78125 379440.12500 18.44100
v 156760.37500 379434.31250 18.44100
v 156767.06250 379441.65625 18.44100
v 156705.06250 379368.25000 18.44100
v 156805.06250 379351.50000 18.44100
v 156804.92188 379351.40625 18.44100
v 156805.32812 379351.87500 18.44100
v 156800.78125 379364.96875 18.44100
v 156800.62500 379364.90625 18.44100
v 156798.95312 379368.96875 18.44100
v 156806.09375 379352.87500 18.44100
v 156805.31250 379352.53125 18.44100
v 156805.37500 379352.03125 18.44100
v 156805.37500 379352.34375 18.44100
v 156805.39062 379352.18750 18.44100
v 156805.17188 379351.59375 18.44100
v 156805.26562 379351.71875 18.44100
v 156804.78125 379351.31250 18.44100
v 156804.62500 379351.28125 18.44100
v 156804.46875 379351.28125 18.44100
v 156804.00000 379351.40625 18.44100
v 156803.87500 379351.50000 18.44100
v 156804.31250 379351.28125 18.44100
v 156804.15625 379351.31250 18.44100
v 156803.45312 379351.68750 18.44100
v 156806.75000 379344.34375 18.44100
v 156786.37500 379335.09375 18.44100
v 156778.00000 379353.31250 18.44100
v 156803.76562 379351.59375 18.44100
v 156803.64062 379351.78125 18.44100
v 156713.14062 379332.90625 18.44100
v 156714.84375 379338.87500 18.44100
v 156711.53125 379337.71875 18.44100
v 156704.68750 379368.12500 18.44100
v 156703.45312 379362.34375 18.44100
v 156702.09375 379366.03125 18.44100
v 156709.75000 379343.84375 18.44100
v 156703.32812 379362.31250 18.44100
v 156701.71875 379367.12500 18.44100
v 156704.81250 379368.15625 18.44100
v 156760.89062 379440.25000 44.44200
v 156765.92188 379444.15625 44.44200
v 156760.75000 379440.43750 44.44200
v 156756.67188 379437.28125 44.44200
v 156766.62500 379442.59375 44.44200
v 156761.60938 379438.68750 44.44200
v 156751.90625 379431.75000 44.44200
v 156752.07812 379431.21875 44.44200
v 156753.65625 379431.75000 44.44200
v 156691.15625 379411.15625 44.44200
v 156691.04688 379411.50000 44.44200
v 156690.79688 379411.03125 44.44200
v 156703.04688 379374.28125 44.44200
v 156699.71875 379373.18750 44.44200
v 156698.75000 379376.06250 44.44200
v 156714.84375 379338.87500 44.44200
v 156712.85938 379344.87500 44.44200
v 156751.07812 379439.68750 44.44200
v 156705.06250 379368.25000 44.44200
v 156701.71875 379367.12500 44.44200
v 156704.68750 379368.12500 44.44200
v 156702.09375 379366.03125 44.44200
v 156703.32812 379362.31250 44.44200
v 156709.75000 379343.84375 44.44200
v 156711.53125 379337.71875 44.44200
v 156713.14062 379332.90625 44.44200
v 156776.01562 379358.31250 44.44200
v 156798.95312 379368.96875 44.44200
v 156806.75000 379344.34375 44.44200
v 156786.37500 379335.09375 44.44200
v 156803.45312 379351.68750 44.44200
v 156803.87500 379351.50000 44.44200
v 156803.76562 379351.59375 44.44200
v 156803.64062 379351.78125 44.44200
v 156778.00000 379353.31250 44.44200
v 156805.31250 379352.53125 44.44200
v 156805.37500 379352.34375 44.44200
v 156804.00000 379351.40625 44.44200
v 156804.15625 379351.31250 44.44200
v 156804.31250 379351.28125 44.44200
v 156804.46875 379351.28125 44.44200
v 156804.62500 379351.28125 44.44200
v 156804.78125 379351.31250 44.44200
v 156804.92188 379351.40625 44.44200
v 156805.06250 379351.50000 44.44200
v 156805.17188 379351.59375 44.44200
v 156805.26562 379351.71875 44.44200
v 156805.32812 379351.87500 44.44200
v 156805.37500 379352.03125 44.44200
v 156805.39062 379352.18750 44.44200
v 156806.09375 379352.87500 44.44200
v 156800.62500 379364.90625 44.44200
v 156800.78125 379364.96875 44.44200
v 156754.65625 379423.53125 44.44200
v 156769.73438 379378.28125 44.44200
v 156763.46875 379430.37500 44.44200
v 156762.21875 379437.87500 44.44200
v 156760.37500 379434.31250 44.44200
v 156767.78125 379440.12500 44.44200
v 156767.06250 379441.65625 44.44200
v 156695.26562 379397.65625 44.44200
v 156752.93750 379441.15625 44.44200
v 156704.81250 379368.15625 44.44200
v 156694.29688 379390.71875 44.44200
v 156691.93750 379396.56250 44.44200
v 156703.45312 379362.34375 44.44200
v 156693.92188 379390.59375 44.44200
v 156753.53125 379441.37500 44.44200
v 156772.64062 379381.31250 18.45500
v 156774.04688 379381.59375 18.45500
v 156772.87500 379380.75000 18.45500
v 156775.78125 379383.75000 18.45500
v 156780.39062 379377.75000 18.45500
v 156780.68750 379378.59375 18.45500
v 156780.68750 379378.28125 18.45500
v 156776.10938 379383.25000 18.45500
v 156774.56250 379380.43750 18.45500
v 156779.23438 379379.21875 18.45500
v 156776.15625 379383.28125 18.45500
v 156780.70312 379378.43750 18.45500
v 156779.60938 379379.37500 18.45500
v 156779.78125 379379.37500 18.45500
v 156779.45312 379379.31250 18.45500
v 156779.93750 379379.37500 18.45500
v 156780.09375 379379.31250 18.45500
v 156780.48438 379379.03125 18.45500
v 156780.23438 379379.25000 18.45500
v 156780.37500 379379.15625 18.45500
v 156780.57812 379378.90625 18.45500
v 156780.65625 379378.75000 18.45500
v 156780.48438 379377.84375 18.45500
v 156780.65625 379378.12500 18.45500
v 156780.57812 379377.96875 18.45500
v 156778.64062 379372.21875 18.45500
v 156782.40625 379375.15625 18.45500
v 156769.73438 379378.28125 18.45500
v 156779.90625 379369.43750 18.45500
v 156776.01562 379358.31250 18.45500
v 156798.95312 379368.96875 18.45500
v 156790.92188 379374.46875 18.45500
v 156791.34375 379375.21875 18.45500
v 156790.73438 379374.87500 18.45500
v 156795.12500 379377.31250 18.45500
v 156791.03125 379375.46875 18.45500
v 156779.90625 379369.43750 45.70300
v 156790.92188 379374.46875 45.70300
v 156774.04688 379381.59375 45.70300
v 156772.87500 379380.75000 45.70300
v 156772.64062 379381.31250 45.70300
v 156775.78125 379383.75000 45.70300
v 156774.56250 379380.43750 45.70300
v 156769.73438 379378.28125 45.70300
v 156778.64062 379372.21875 45.70300
v 156776.01562 379358.31250 45.70300
v 156795.12500 379377.31250 45.70300
v 156798.95312 379368.96875 45.70300
v 156790.73438 379374.87500 45.70300
v 156782.40625 379375.15625 45.70300
v 156780.57812 379378.90625 45.70300
v 156780.65625 379378.75000 45.70300
v 156780.39062 379377.75000 45.70300
v 156780.48438 379377.84375 45.70300
v 156780.65625 379378.12500 45.70300
v 156780.57812 379377.96875 45.70300
v 156780.68750 379378.28125 45.70300
v 156780.70312 379378.43750 45.70300
v 156780.68750 379378.59375 45.70300
v 156780.23438 379379.25000 45.70300
v 156780.37500 379379.15625 45.70300
v 156780.48438 379379.03125 45.70300
v 156780.09375 379379.31250 45.70300
v 156779.93750 379379.37500 45.70300
v 156779.78125 379379.37500 45.70300
v 156776.15625 379383.28125 45.70300
v 156779.60938 379379.37500 45.70300
v 156776.10938 379383.25000 45.70300
v 156779.23438 379379.21875 45.70300
v 156779.45312 379379.31250 45.70300
v 156791.34375 379375.21875 45.70300
v 156791.03125 379375.46875 45.70300
v 156716.64062 379279.93750 45.25800
v 156702.14062 379324.03125 45.25800
v 156644.45312 379339.90625 45.25800
v 156361.81250 379024.59375 45.25800
v 156357.98438 379032.96875 45.25800
v 156343.57812 379026.34375 45.25800
v 156377.98438 379032.03125 45.25800
v 156399.25000 379051.93750 45.25800
v 156374.07812 379040.34375 45.25800
v 156349.73438 379012.90625 45.25800
v 156619.07812 379196.65625 45.25800
v 156527.84375 379215.59375 45.25800
v 156641.81250 379147.06250 45.25800
v 156812.81250 379337.96875 45.25800
v 156812.03125 379337.62500 45.25800
v 156818.26562 379325.96875 45.25800
v 156876.03125 379321.78125 45.25800
v 156885.15625 379318.15625 45.25800
v 156880.78125 379327.81250 45.25800
v 156633.64062 379202.65625 45.25800
v 156633.29688 379203.15625 45.25800
v 156633.54688 379202.62500 45.25800
v 156740.28125 379280.37500 45.25800
v 156726.89062 379301.34375 45.25800
v 156737.07812 379278.90625 45.25800
v 156663.07812 379143.28125 45.25800
v 156660.98438 379142.34375 45.25800
v 156730.09375 379302.81250 45.25800
v 156715.43750 379326.59375 45.25800
v 156724.26562 379307.15625 45.25800
v 156727.45312 379308.59375 45.25800
v 156844.82812 379287.46875 45.25800
v 156843.15625 379291.15625 45.25800
v 156835.67188 379287.71875 45.25800
v 156832.68750 379294.34375 45.25800
v 156827.45312 379279.59375 45.25800
v 156829.56250 379300.84375 45.25800
v 156874.57812 379324.96875 45.25800
v 156820.09375 379314.62500 45.25800
v 156786.37500 379335.09375 45.25800
v 156817.67188 379319.93750 45.25800
v 156822.78125 379315.84375 45.25800
v 156742.92188 379274.56250 45.25800
v 156820.54688 379321.25000 45.25800
v 156810.98438 379338.09375 45.25800
v 156810.48438 379337.78125 45.25800
v 156810.40625 379337.65625 45.25800
v 156818.37500 379326.03125 45.25800
v 156811.92188 379337.78125 45.25800
v 156811.81250 379337.90625 45.25800
v 156811.65625 379338.00000 45.25800
v 156811.14062 379338.12500 45.25800
v 156811.51562 379338.09375 45.25800
v 156811.32812 379338.12500 45.25800
v 156810.59375 379337.90625 45.25800
v 156810.71875 379338.00000 45.25800
v 156810.82812 379338.06250 45.25800
v 156810.32812 379337.43750 45.25800
v 156810.35938 379336.87500 45.25800
v 156713.14062 379332.90625 45.25800
v 156778.00000 379353.31250 45.25800
v 156810.15625 379336.78125 45.25800
v 156806.75000 379344.34375 45.25800
v 156810.29688 379337.28125 45.25800
v 156810.29688 379337.09375 45.25800
v 156663.12500 379143.18750 45.25800
v 156850.75000 379228.18750 45.25800
v 156735.53125 379258.46875 45.25800
v 156703.75000 379324.78125 45.25800
v 156699.12500 379330.78125 45.25800
v 156685.15625 379349.40625 45.25800
v 156689.70312 379351.46875 45.25800
v 156718.65625 379275.50000 45.25800
v 156745.42188 379268.87500 45.25800
v 156747.75000 379263.81250 45.25800
v 156739.71875 379273.12500 45.25800
v 156742.28125 379267.40625 45.25800
v 156726.25000 379278.93750 45.25800
v 156622.35938 379225.93750 45.25800
v 156700.71875 379331.56250 45.25800
v 156721.20312 379282.00000 45.25800
v 156586.42188 379305.18750 45.25800
v 156603.78125 379266.90625 45.25800
v 156681.79688 379356.81250 45.25800
v 156580.09375 379319.18750 45.25800
v 156641.28125 379346.90625 45.25800
v 156596.71875 379271.31250 45.25800
v 156524.06250 379223.71875 45.25800
v 156382.15625 379158.59375 45.25800
v 156582.21875 379303.28125 45.25800
v 156595.28125 379270.65625 45.25800
v 156598.14062 379264.37500 45.25800
v 156608.50000 379219.65625 45.25800
v 156596.00000 379246.84375 45.25800
v 156363.31250 379130.09375 45.25800
v 156378.54688 379166.78125 45.25800
v 156352.35938 379154.78125 45.25800
v 156356.64062 379145.50000 45.25800
v 156361.81250 379024.59375 17.57500
v 156357.98438 379032.96875 17.57500
v 156343.57812 379026.34375 17.57500
v 156349.73438 379012.90625 17.57500
v 156641.81250 379147.06250 17.57500
v 156619.07812 379196.65625 17.57500
v 156633.29688 379203.15625 17.57500
v 156633.54688 379202.62500 17.57500
v 156633.64062 379202.65625 17.57500
v 156660.98438 379142.34375 17.57500
v 156663.07812 379143.28125 17.57500
v 156663.12500 379143.18750 17.57500
v 156850.75000 379228.18750 17.57500
v 156827.45312 379279.59375 17.57500
v 156844.82812 379287.46875 17.57500
v 156843.15625 379291.15625 17.57500
v 156835.67188 379287.71875 17.57500
v 156832.68750 379294.34375 17.57500
v 156885.15625 379318.15625 17.57500
v 156880.78125 379327.81250 17.57500
v 156874.57812 379324.96875 17.57500
v 156876.03125 379321.78125 17.57500
v 156829.56250 379300.84375 17.57500
v 156822.78125 379315.84375 17.57500
v 156820.09375 379314.62500 17.57500
v 156817.67188 379319.93750 17.57500
v 156820.54688 379321.25000 17.57500
v 156818.37500 379326.03125 17.57500
v 156818.26562 379325.96875 17.57500
v 156812.81250 379337.96875 17.57500
v 156812.03125 379337.62500 17.57500
v 156811.92188 379337.78125 17.57500
v 156811.81250 379337.90625 17.57500
v 156811.65625 379338.00000 17.57500
v 156811.51562 379338.09375 17.57500
v 156811.32812 379338.12500 17.57500
v 156811.14062 379338.12500 17.57500
v 156810.98438 379338.09375 17.57500
v 156810.82812 379338.06250 17.57500
v 156810.71875 379338.00000 17.57500
v 156810.59375 379337.90625 17.57500
v 156810.48438 379337.78125 17.57500
v 156810.40625 379337.65625 17.57500
v 156810.32812 379337.43750 17.57500
v 156810.29688 379337.28125 17.57500
v 156810.29688 379337.09375 17.57500
v 156810.35938 379336.87500 17.57500
v 156810.15625 379336.78125 17.57500
v 156806.75000 379344.34375 17.57500
v 156786.37500 379335.09375 17.57500
v 156778.00000 379353.31250 17.57500
v 156713.14062 379332.90625 17.57500
v 156715.43750 379326.59375 17.57500
v 156724.26562 379307.15625 17.57500
v 156727.45312 379308.59375 17.57500
v 156730.09375 379302.81250 17.57500
v 156726.89062 379301.34375 17.57500
v 156737.07812 379278.90625 17.57500
v 156740.28125 379280.37500 17.57500
v 156742.92188 379274.56250 17.57500
v 156739.71875 379273.12500 17.57500
v 156742.28125 379267.40625 17.57500
v 156745.42188 379268.87500 17.57500
v 156747.75000 379263.81250 17.57500
v 156735.53125 379258.46875 17.57500
v 156726.25000 379278.93750 17.57500
v 156718.65625 379275.50000 17.57500
v 156716.64062 379279.93750 17.57500
v 156721.20312 379282.00000 17.57500
v 156702.14062 379324.03125 17.57500
v 156703.75000 379324.78125 17.57500
v 156700.71875 379331.56250 17.57500
v 156699.12500 379330.78125 17.57500
v 156689.70312 379351.46875 17.57500
v 156685.15625 379349.40625 17.57500
v 156681.79688 379356.81250 17.57500
v 156644.45312 379339.90625 17.57500
v 156641.28125 379346.90625 17.57500
v 156580.09375 379319.18750 17.57500
v 156586.42188 379305.18750 17.57500
v 156582.21875 379303.28125 17.57500
v 156596.71875 379271.31250 17.57500
v 156595.28125 379270.65625 17.57500
v 156598.14062 379264.37500 17.57500
v 156603.78125 379266.90625 17.57500
v 156622.35938 379225.93750 17.57500
v 156608.50000 379219.65625 17.57500
v 156596.00000 379246.84375 17.57500
v 156527.84375 379215.59375 17.57500
v 156524.06250 379223.71875 17.57500
v 156382.15625 379158.59375 17.57500
v 156378.54688 379166.78125 17.57500
v 156352.35938 379154.78125 17.57500
v 156356.64062 379145.50000 17.57500
v 156363.31250 379130.09375 17.57500
v 156399.25000 379051.93750 17.57500
v 156374.07812 379040.34375 17.57500
v 156377.98438 379032.03125 17.57500
v 156615.75000 379203.84375 45.25800
v 156627.39062 379209.21875 17.57500
v 156615.75000 379203.84375 17.57500
v 156627.39062 379209.21875 45.25800
v 156611.59375 379212.90625 45.25800
v 156611.59375 379212.90625 17.57500
v 156625.12500 379219.03125 45.25800
v 156625.12500 379219.03125 17.57500
v 156629.21875 379210.00000 45.25800
v 156629.21875 379210.00000 17.57500
v 157066.62500 379392.84375 18.03500
v 157037.28125 379406.96875 18.03500
v 157044.18750 379410.09375 18.03500
v 157048.51562 379339.53125 18.03500
v 157014.76562 379324.18750 18.03500
v 156990.60938 379345.18750 18.03500
v 157097.75000 379350.65625 18.03500
v 157096.34375 379353.75000 18.03500
v 157097.23438 379354.15625 18.03500
v 157017.32812 379469.21875 18.03500
v 157029.40625 379474.93750 18.03500
v 157076.54688 379400.03125 18.03500
v 157088.43750 379405.81250 18.03500
v 157089.59375 379403.25000 18.03500
v 157140.68750 379378.00000 18.03500
v 157139.29688 379381.09375 18.03500
v 157140.18750 379381.50000 18.03500
v 157076.42188 379400.00000 18.03500
v 157077.43750 379397.75000 18.03500
v 157139.04688 379421.65625 18.03500
v 157138.90625 379420.96875 18.03500
v 157137.62500 379423.81250 18.03500
v 157076.40625 379400.34375 18.03500
v 157144.89062 379379.90625 18.03500
v 157157.32812 379380.31250 18.03500
v 157146.81250 379375.56250 18.03500
v 157088.46875 379434.50000 18.03500
v 157100.59375 379440.00000 18.03500
v 157112.56250 379413.71875 18.03500
v 157100.42188 379408.15625 18.03500
v 157123.37500 379418.59375 18.03500
v 157137.98438 379423.96875 18.03500
v 157120.35938 379425.21875 18.03500
v 157133.60938 379431.25000 18.03500
v 157133.64062 379431.18750 18.03500
v 157134.15625 379431.40625 18.03500
v 157128.59375 379407.09375 18.03500
v 157143.50000 379423.06250 18.03500
v 157050.40625 379332.90625 18.03500
v 157051.31250 379333.34375 18.03500
v 157051.81250 379329.81250 18.03500
v 157143.25000 379423.56250 18.03500
v 157094.79688 379391.81250 18.03500
v 157082.64062 379386.31250 18.03500
v 157109.57812 379359.25000 18.03500
v 157106.39062 379357.81250 18.03500
v 157107.57812 379355.12500 18.03500
v 157048.85938 379371.03125 18.03500
v 157063.64062 379338.40625 18.03500
v 157004.50000 379312.06250 18.03500
v 157005.45312 379312.50000 18.03500
v 157005.90625 379309.00000 18.03500
v 157060.43750 379336.96875 18.03500
v 157061.65625 379334.28125 18.03500
v 157014.54688 379316.12500 18.03500
v 157015.78125 379313.46875 18.03500
v 156979.54688 379340.21875 18.03500
v 156980.57812 379337.93750 18.03500
v 156967.98438 379334.93750 18.03500
v 157017.75000 379317.59375 18.03500
v 157017.32812 379397.90625 18.03500
v 156947.43750 379379.40625 18.03500
v 157008.79688 379398.34375 18.03500
v 156950.76562 379372.03125 18.03500
v 156956.84375 379329.87500 18.03500
v 156962.70312 379345.75000 18.03500
v 156971.67188 379297.18750 18.03500
v 156964.17188 379290.03125 18.03500
v 156962.90625 379292.71875 18.03500
v 156969.00000 379332.68750 18.03500
v 156951.89062 379340.84375 18.03500
v 156950.73438 379343.37500 18.03500
v 156936.96875 379337.12500 18.03500
v 156973.87500 379294.65625 18.03500
v 156973.96875 379294.46875 18.03500
v 156972.57812 379297.59375 18.03500
v 156958.09375 379290.53125 18.03500
v 157005.46875 379405.71875 18.03500
v 156937.62500 379433.28125 18.03500
v 156938.78125 379430.71875 18.03500
v 156925.50000 379427.78125 18.03500
v 156983.53125 379454.09375 18.03500
v 156971.60938 379448.43750 18.03500
v 156971.40625 379448.59375 18.03500
v 156954.62500 379435.84375 18.03500
v 156962.28125 379439.31250 18.03500
v 156953.84375 379437.56250 18.03500
v 157014.70312 379403.68750 18.03500
v 156972.56250 379446.06250 18.03500
v 156961.50000 379441.03125 18.03500
v 156971.76562 379447.81250 18.03500
v 156971.51562 379448.37500 18.03500
v 157010.43750 379394.78125 18.03500
v 157034.62500 379412.84375 18.03500
v 157014.67188 379403.75000 18.03500
v 156969.00000 379332.68750 30.67100
v 156967.98438 379334.93750 30.67100
v 156990.60938 379345.18750 30.67100
v 156979.54688 379340.21875 30.67100
v 156980.57812 379337.93750 30.67100
v 156971.67188 379297.18750 30.67100
v 156972.57812 379297.59375 30.67100
v 156973.87500 379294.65625 30.67100
v 157100.42188 379408.15625 30.67100
v 157088.46875 379434.50000 30.67100
v 157005.90625 379309.00000 30.67100
v 157004.50000 379312.06250 30.67100
v 157015.78125 379313.46875 30.67100
v 157005.45312 379312.50000 30.67100
v 156973.96875 379294.46875 30.67100
v 157017.75000 379317.59375 30.67100
v 157014.54688 379316.12500 30.67100
v 157014.76562 379324.18750 30.67100
v 157051.81250 379329.81250 30.67100
v 157050.40625 379332.90625 30.67100
v 157048.51562 379339.53125 30.67100
v 157060.43750 379336.96875 30.67100
v 157061.65625 379334.28125 30.67100
v 157051.31250 379333.34375 30.67100
v 157063.64062 379338.40625 30.67100
v 157106.39062 379357.81250 30.67100
v 157107.57812 379355.12500 30.67100
v 157082.64062 379386.31250 30.67100
v 157048.85938 379371.03125 30.67100
v 157096.34375 379353.75000 30.67100
v 157097.23438 379354.15625 30.67100
v 157097.75000 379350.65625 30.67100
v 157109.57812 379359.25000 30.67100
v 157140.68750 379378.00000 30.67100
v 157139.29688 379381.09375 30.67100
v 157094.79688 379391.81250 30.67100
v 157137.98438 379423.96875 30.67100
v 157139.04688 379421.65625 30.67100
v 157137.62500 379423.81250 30.67100
v 157140.18750 379381.50000 30.67100
v 157128.59375 379407.09375 30.67100
v 157144.89062 379379.90625 30.67100
v 157157.32812 379380.31250 30.67100
v 157146.81250 379375.56250 30.67100
v 156969.23438 379383.12500 30.67100
v 156988.76562 379392.00000 30.67100
v 156988.76562 379392.00000 18.03500
v 156969.23438 379383.12500 18.03500
v 157143.25000 379423.56250 30.67100
v 157143.50000 379423.06250 30.67100
v 157076.40625 379400.34375 30.67100
v 157088.43750 379405.81250 30.67100
v 157076.54688 379400.03125 30.67100
v 157089.59375 379403.25000 30.67100
v 157134.15625 379431.40625 30.67100
v 157133.64062 379431.18750 30.67100
v 157029.40625 379474.93750 30.67100
v 157066.62500 379392.84375 30.67100
v 157037.28125 379406.96875 30.67100
v 157044.18750 379410.09375 30.67100
v 157112.56250 379413.71875 30.67100
v 157123.37500 379418.59375 30.67100
v 157120.35938 379425.21875 30.67100
v 157133.60938 379431.25000 30.67100
v 156962.70312 379345.75000 30.67100
v 156950.76562 379372.03125 30.67100
v 157077.43750 379397.75000 30.67100
v 157100.59375 379440.00000 30.67100
v 156971.76562 379447.81250 30.67100
v 156971.60938 379448.43750 30.67100
v 156979.12500 379396.40625 30.67100
v 156975.75000 379403.87500 30.67100
v 156975.75000 379403.87500 18.03500
v 156979.12500 379396.40625 18.03500
v 156992.32812 379402.40625 30.67100
v 156992.32812 379402.40625 18.03500
v 157076.42188 379400.00000 30.67100
v 157034.62500 379412.84375 30.67100
v 157010.43750 379394.78125 30.67100
v 157017.32812 379397.90625 30.67100
v 156964.64062 379382.90625 30.67100
v 156964.28125 379382.71875 30.67100
v 156964.28125 379382.71875 18.03500
v 156964.64062 379382.90625 18.03500
v 156967.64062 379375.31250 30.67100
v 156967.64062 379375.31250 18.03500
v 157005.46875 379405.71875 30.67100
v 157008.79688 379398.34375 30.67100
v 156954.62500 379435.84375 30.67100
v 156962.28125 379439.31250 30.67100
v 157014.70312 379403.68750 30.67100
v 156983.53125 379454.09375 30.67100
v 156971.40625 379448.59375 30.67100
v 156961.50000 379441.03125 30.67100
v 156972.56250 379446.06250 30.67100
v 156998.28125 379389.25000 30.67100
v 156998.28125 379389.25000 18.03500
v 156971.84375 379391.21875 30.67100
v 156962.73438 379387.09375 30.67100
v 156962.73438 379387.09375 18.03500
v 156971.84375 379391.21875 18.03500
v 156967.75000 379400.25000 30.67100
v 156967.75000 379400.25000 18.03500
v 156953.84375 379437.56250 30.67100
v 156938.78125 379430.71875 30.67100
v 156947.43750 379379.40625 30.67100
v 156925.50000 379427.78125 30.67100
v 156937.62500 379433.28125 30.67100
v 156951.89062 379340.84375 30.67100
v 156956.84375 379329.87500 30.67100
v 156950.73438 379343.37500 30.67100
v 156936.96875 379337.12500 30.67100
v 156958.09375 379290.53125 30.67100
v 156962.90625 379292.71875 30.67100
v 156964.17188 379290.03125 30.67100
v 156971.45312 379377.06250 30.67100
v 156971.45312 379377.06250 18.03500
v 157138.90625 379420.96875 30.67100
v 156991.42188 379386.12500 30.67100
v 156991.42188 379386.12500 18.03500
v 156968.84375 379382.84375 30.67100
v 156968.84375 379382.84375 18.03500
v 156971.51562 379448.37500 30.67100
v 157014.67188 379403.75000 30.67100
v 156969.26562 379383.03125 30.67100
v 156969.26562 379383.03125 18.03500
v 157098.64062 379432.56250 18.03500
v 157098.64062 379432.93750 30.67100
v 157098.64062 379432.93750 18.03500
v 157098.64062 379432.56250 30.67100
v 157097.28125 379431.96875 30.67100
v 157097.96875 379429.40625 30.67100
v 157097.96875 379429.40625 18.03500
v 157097.28125 379431.96875 18.03500
v 157098.68750 379428.71875 30.67100
v 157099.75000 379430.28125 30.67100
v 157099.75000 379430.28125 18.03500
v 157098.68750 379428.71875 18.03500
v 157093.09375 379432.31250 30.67100
v 157095.03125 379430.46875 30.67100
v 157095.03125 379430.46875 18.03500
v 157093.09375 379432.31250 18.03500
v 157017.32812 379469.21875 30.67100
v 156832.56250 379595.62500 18.32700
v 156815.50000 379597.62500 18.32700
v 156825.18750 379605.15625 18.32700
v 156822.85938 379588.09375 18.32700
v 156815.50000 379597.62500 24.50500
v 156825.18750 379605.15625 24.50500
v 156832.56250 379595.62500 24.50500
v 156822.85938 379588.09375 24.50500
v 156589.51562 379387.37500 19.01300
v 156586.81250 379395.50000 19.01300
v 156586.95312 379395.53125 19.01300
v 156586.90625 379395.68750 19.01300
v 156596.84375 379399.00000 19.01300
v 156596.92188 379398.75000 19.01300
v 156599.65625 379390.78125 19.01300
v 156596.98438 379398.75000 19.01300
v 156586.90625 379395.68750 24.36500
v 156596.84375 379399.00000 24.36500
v 156596.98438 379398.75000 24.36500
v 156599.65625 379390.78125 24.36500
v 156596.92188 379398.75000 24.36500
v 156586.81250 379395.50000 24.36500
v 156586.95312 379395.53125 24.36500
v 156589.51562 379387.37500 24.36500
v 156588.81250 379436.43750 18.74300
v 156581.20312 379404.00000 18.74300
v 156569.53125 379439.46875 18.74300
v 156565.31250 379445.78125 18.74300
v 156565.37500 379445.81250 18.74300
v 156567.75000 379438.43750 18.74300
v 156565.31250 379446.00000 18.74300
v 156596.07812 379458.43750 18.74300
v 156594.98438 379454.34375 18.74300
v 156594.50000 379463.15625 18.74300
v 156597.01562 379455.56250 18.74300
v 156599.85938 379440.12500 18.74300
v 156597.78125 379409.53125 18.74300
v 156594.50000 379463.15625 26.22100
v 156596.07812 379458.43750 26.22100
v 156565.31250 379446.00000 26.22100
v 156565.37500 379445.81250 26.22100
v 156599.85938 379440.12500 26.22100
v 156588.81250 379436.43750 26.22100
v 156597.01562 379455.56250 26.22100
v 156594.98438 379454.34375 26.22100
v 156567.75000 379438.43750 26.22100
v 156565.31250 379445.78125 26.22100
v 156597.78125 379409.53125 26.22100
v 156581.20312 379404.00000 26.22100
v 156569.53125 379439.46875 26.22100
v 156825.95312 379604.15625 18.28300
v 156843.01562 379602.18750 18.28300
v 156833.32812 379594.65625 18.28300
v 156835.64062 379611.68750 18.28300
v 156835.64062 379611.68750 25.74800
v 156843.01562 379602.18750 25.74800
v 156825.95312 379604.15625 25.74800
v 156833.32812 379594.65625 25.74800
v 156746.85938 379548.68750 18.20100
v 156747.50000 379547.84375 18.20100
v 156738.57812 379542.18750 18.20100
v 156757.42188 379555.62500 18.20100
v 156766.39062 379544.21875 18.20100
v 156748.06250 379530.00000 18.20100
v 156766.39062 379544.21875 30.35500
v 156748.06250 379530.00000 30.35500
v 156757.42188 379555.62500 30.35500
v 156747.50000 379547.84375 30.35500
v 156746.85938 379548.68750 30.35500
v 156738.57812 379542.18750 30.35500
v 156662.93750 379885.28125 18.96600
v 156689.45312 379870.25000 18.96600
v 156662.46875 379884.37500 18.96600
v 156665.06250 379905.78125 18.96600
v 156704.29688 379885.46875 18.96600
v 156704.20312 379885.28125 18.96600
v 156704.26562 379885.21875 18.96600
v 156695.70312 379868.71875 18.96600
v 156690.12500 379871.56250 18.96600
v 156663.01562 379885.71875 18.96600
v 156662.81250 379885.31250 18.96600
v 156656.34375 379888.96875 18.96600
v 156689.45312 379870.25000 23.80500
v 156662.46875 379884.37500 23.80500
v 156663.01562 379885.71875 23.80500
v 156656.34375 379888.96875 23.80500
v 156662.81250 379885.31250 23.80500
v 156690.12500 379871.56250 23.80500
v 156662.93750 379885.28125 23.80500
v 156695.70312 379868.71875 23.80500
v 156704.26562 379885.21875 23.80500
v 156665.06250 379905.78125 23.80500
v 156704.29688 379885.46875 23.80500
v 156704.20312 379885.28125 23.80500
v 156600.67188 379821.78125 19.25200
v 156599.10938 379814.81250 19.25200
v 156596.60938 379816.87500 19.25200
v 156604.76562 379827.34375 19.25200
v 156607.23438 379825.37500 19.25200
v 156603.46875 379820.65625 19.25200
v 156604.93750 379814.90625 19.25200
v 156600.54688 379821.87500 19.25200
v 156607.17188 379817.78125 19.25200
v 156607.85938 379812.62500 19.25200
v 156601.29688 379804.46875 19.25200
v 156594.87500 379809.62500 19.25200
v 156607.23438 379825.37500 27.14400
v 156603.46875 379820.65625 27.14400
v 156600.54688 379821.87500 27.14400
v 156604.76562 379827.34375 27.14400
v 156600.67188 379821.78125 27.14400
v 156599.10938 379814.81250 27.14400
v 156596.60938 379816.87500 27.14400
v 156594.87500 379809.62500 27.14400
v 156604.93750 379814.90625 27.14400
v 156607.85938 379812.62500 27.14400
v 156601.29688 379804.46875 27.14400
v 156607.17188 379817.78125 27.14400
v 156673.85938 379852.56250 18.89300
v 156656.62500 379880.37500 18.89300
v 156681.59375 379867.37500 18.89300
v 156685.56250 379846.50000 18.89300
v 156671.98438 379820.28125 18.89300
v 156659.65625 379828.06250 18.89300
v 156636.45312 379840.34375 18.89300
v 156659.07812 379826.96875 18.89300
v 156636.37500 379840.18750 18.89300
v 156635.95312 379840.59375 18.89300
v 156656.62500 379880.37500 24.31300
v 156681.59375 379867.37500 24.31300
v 156673.85938 379852.56250 24.31300
v 156635.95312 379840.59375 24.31300
v 156636.45312 379840.34375 24.31300
v 156685.56250 379846.50000 24.31300
v 156671.98438 379820.28125 24.31300
v 156659.07812 379826.96875 24.31300
v 156659.65625 379828.06250 24.31300
v 156636.37500 379840.18750 24.31300
v 156626.12500 379787.56250 18.99300
v 156624.29688 379787.56250 18.99300
v 156623.07812 379818.15625 18.99300
v 156652.20312 379795.65625 18.99300
v 156665.65625 379815.21875 18.99300
v 156666.95312 379814.15625 18.99300
v 156625.31250 379786.53125 18.99300
v 156649.67188 379786.03125 18.99300
v 156648.48438 379786.93750 18.99300
v 156655.35938 379793.12500 18.99300
v 156646.42188 379784.31250 18.99300
v 156640.40625 379776.25000 18.99300
v 156646.62500 379784.15625 18.99300
v 156608.62500 379800.03125 18.99300
v 156624.18750 379787.43750 18.99300
v 156667.25000 379818.46875 18.99300
v 156616.07812 379823.65625 18.99300
v 156624.54688 379839.96875 18.99300
v 156608.62500 379800.03125 25.65800
v 156623.07812 379818.15625 25.65800
v 156624.29688 379787.56250 25.65800
v 156616.07812 379823.65625 25.65800
v 156626.12500 379787.56250 25.65800
v 156625.31250 379786.53125 25.65800
v 156624.18750 379787.43750 25.65800
v 156640.40625 379776.25000 25.65800
v 156646.42188 379784.31250 25.65800
v 156646.62500 379784.15625 25.65800
v 156648.48438 379786.93750 25.65800
v 156649.67188 379786.03125 25.65800
v 156655.35938 379793.12500 25.65800
v 156652.20312 379795.65625 25.65800
v 156665.65625 379815.21875 25.65800
v 156666.95312 379814.15625 25.65800
v 156667.25000 379818.46875 25.65800
v 156624.54688 379839.96875 25.65800
v 156746.06250 379909.31250 25.82600
v 156763.20312 379900.43750 25.82600
v 156746.20312 379909.56250 25.82600
v 156751.76562 379913.06250 25.82600
v 156757.45312 379910.12500 25.82600
v 156772.06250 379933.40625 25.82600
v 156694.20312 379802.06250 25.82600
v 156693.67188 379801.03125 25.82600
v 156727.35938 379756.18750 25.82600
v 156810.62500 379728.96875 25.82600
v 156815.75000 379738.93750 25.82600
v 156762.15625 379940.34375 25.82600
v 156748.31250 379914.84375 25.82600
v 156744.79688 379908.12500 25.82600
v 156745.07812 379908.00000 25.82600
v 156745.21875 379908.25000 25.82600
v 156745.98438 379909.71875 25.82600
v 156745.70312 379909.84375 25.82600
v 156745.84375 379909.43750 25.82600
v 156745.45312 379908.15625 25.82600
v 156778.50000 379842.93750 25.82600
v 156687.71875 379726.37500 25.82600
v 156724.25000 379632.31250 25.82600
v 156691.23438 379803.59375 25.82600
v 156668.42188 379668.03125 25.82600
v 156690.87500 379610.59375 25.82600
v 156659.37500 379736.37500 25.82600
v 156629.37500 379720.09375 25.82600
v 156657.59375 379599.43750 25.82600
v 156672.62500 379746.31250 25.82600
v 156656.37500 379740.34375 25.82600
v 156628.39062 379638.00000 25.82600
v 156818.43750 379718.62500 25.82600
v 156842.67188 379753.75000 25.82600
v 156831.57812 379731.15625 25.82600
v 156831.07812 379731.43750 25.82600
v 156831.37500 379730.81250 25.82600
v 156841.14062 379749.43750 25.82600
v 156842.98438 379753.06250 25.82600
v 156840.18750 379749.09375 25.82600
v 156842.18750 379748.93750 25.82600
v 156840.76562 379748.81250 25.82600
v 156843.18750 379753.53125 25.82600
v 156844.03125 379752.50000 25.82600
v 156865.68750 379798.18750 25.82600
v 156778.31250 379930.25000 25.82600
v 156866.23438 379797.90625 25.82600
v 156866.42188 379798.28125 25.82600
v 156837.54688 379957.46875 25.82600
v 156785.15625 379984.68750 25.82600
v 156761.95312 379940.46875 25.82600
v 156761.82812 379940.90625 25.82600
v 156762.10938 379940.75000 25.82600
v 156749.15625 379908.03125 25.82600
v 156754.78125 379905.00000 25.82600
v 156759.65625 379908.96875 25.82600
v 156778.31250 379930.25000 18.89200
v 156763.20312 379900.43750 18.89200
v 156746.20312 379909.56250 18.89200
v 156746.06250 379909.31250 18.89200
v 156745.84375 379909.43750 18.89200
v 156745.98438 379909.71875 18.89200
v 156745.70312 379909.84375 18.89200
v 156744.79688 379908.12500 18.89200
v 156745.07812 379908.00000 18.89200
v 156745.21875 379908.25000 18.89200
v 156745.45312 379908.15625 18.89200
v 156691.23438 379803.59375 18.89200
v 156694.20312 379802.06250 18.89200
v 156693.67188 379801.03125 18.89200
v 156727.35938 379756.18750 18.89200
v 156687.71875 379726.37500 18.89200
v 156672.62500 379746.31250 18.89200
v 156659.37500 379736.37500 18.89200
v 156656.37500 379740.34375 18.89200
v 156629.37500 379720.09375 18.89200
v 156668.42188 379668.03125 18.89200
v 156628.39062 379638.00000 18.89200
v 156657.59375 379599.43750 18.89200
v 156690.87500 379610.59375 18.89200
v 156724.25000 379632.31250 18.89200
v 156818.43750 379718.62500 18.89200
v 156810.62500 379728.96875 18.89200
v 156815.75000 379738.93750 18.89200
v 156831.37500 379730.81250 18.89200
v 156831.57812 379731.15625 18.89200
v 156831.07812 379731.43750 18.89200
v 156840.18750 379749.09375 18.89200
v 156840.76562 379748.81250 18.89200
v 156841.14062 379749.43750 18.89200
v 156842.18750 379748.93750 18.89200
v 156844.03125 379752.50000 18.89200
v 156842.98438 379753.06250 18.89200
v 156843.18750 379753.53125 18.89200
v 156842.67188 379753.75000 18.89200
v 156865.68750 379798.18750 18.89200
v 156866.23438 379797.90625 18.89200
v 156866.42188 379798.28125 18.89200
v 156778.50000 379842.93750 18.89200
v 156837.54688 379957.46875 18.89200
v 156785.15625 379984.68750 18.89200
v 156762.15625 379940.34375 18.89200
v 156761.95312 379940.46875 18.89200
v 156762.10938 379940.75000 18.89200
v 156761.82812 379940.90625 18.89200
v 156748.31250 379914.84375 18.89200
v 156751.76562 379913.06250 18.89200
v 156749.15625 379908.03125 18.89200
v 156754.78125 379905.00000 18.89200
v 156757.45312 379910.12500 18.89200
v 156759.65625 379908.96875 18.89200
v 156772.06250 379933.40625 18.89200
v 156574.93750 379673.53125 18.94400
v 156575.29688 379673.46875 18.94400
v 156575.09375 379673.31250 18.94400
v 156575.18750 379673.71875 18.94400
v 156578.51562 379676.53125 18.94400
v 156578.59375 379676.43750 18.94400
v 156575.03125 379673.93750 18.94400
v 156609.28125 379654.90625 18.94400
v 156587.42188 379683.06250 18.94400
v 156588.17188 379683.12500 18.94400
v 156587.40625 379684.12500 18.94400
v 156586.90625 379683.75000 18.94400
v 156593.17188 379686.87500 18.94400
v 156602.95312 379699.93750 18.94400
v 156606.57812 379702.90625 18.94400
v 156606.70312 379702.75000 18.94400
v 156590.51562 379691.40625 18.94400
v 156590.92188 379690.84375 18.94400
v 156590.06250 379691.09375 18.94400
v 156646.54688 379682.90625 18.94400
v 156602.82812 379700.09375 18.94400
v 156618.35938 379711.53125 18.94400
v 156625.29688 379710.96875 18.94400
v 156622.39062 379714.84375 18.94400
v 156618.21875 379711.68750 18.94400
v 156625.37500 379711.03125 18.94400
v 156611.15625 379625.90625 18.94400
v 156623.87500 379635.46875 18.94400
v 156622.39062 379714.84375 26.41500
v 156625.29688 379710.96875 26.41500
v 156618.21875 379711.68750 26.41500
v 156618.35938 379711.53125 26.41500
v 156606.70312 379702.75000 26.41500
v 156625.37500 379711.03125 26.41500
v 156646.54688 379682.90625 26.41500
v 156606.57812 379702.90625 26.41500
v 156602.95312 379699.93750 26.41500
v 156602.82812 379700.09375 26.41500
v 156590.92188 379690.84375 26.41500
v 156590.51562 379691.40625 26.41500
v 156588.17188 379683.12500 26.41500
v 156593.17188 379686.87500 26.41500
v 156590.06250 379691.09375 26.41500
v 156587.40625 379684.12500 26.41500
v 156623.87500 379635.46875 26.41500
v 156611.15625 379625.90625 26.41500
v 156609.28125 379654.90625 26.41500
v 156578.59375 379676.43750 26.41500
v 156587.42188 379683.06250 26.41500
v 156578.51562 379676.53125 26.41500
v 156586.90625 379683.75000 26.41500
v 156575.03125 379673.93750 26.41500
v 156574.93750 379673.53125 26.41500
v 156575.18750 379673.71875 26.41500
v 156575.29688 379673.46875 26.41500
v 156575.09375 379673.31250 26.41500
v 156593.12500 379857.18750 19.58200
v 156590.03125 379850.18750 19.58200
v 156584.87500 379854.21875 19.58200
v 156588.68750 379860.06250 19.58200
v 156607.00000 379863.37500 19.58200
v 156601.50000 379867.78125 19.58200
v 156593.93750 379847.06250 19.58200
v 156588.68750 379860.06250 23.81100
v 156593.12500 379857.18750 23.81100
v 156601.50000 379867.78125 23.81100
v 156590.03125 379850.18750 23.81100
v 156584.87500 379854.21875 23.81100
v 156593.93750 379847.06250 23.81100
v 156607.00000 379863.37500 23.81100
v 156614.15625 379819.84375 19.25000
v 156616.07812 379823.65625 19.25000
v 156616.15625 379823.62500 19.25000
v 156604.76562 379827.34375 19.25000
v 156622.53125 379841.50000 19.25000
v 156600.54688 379821.87500 19.25000
v 156586.03125 379823.53125 19.25000
v 156596.60938 379816.87500 19.25000
v 156596.48438 379816.96875 19.25000
v 156600.67188 379821.78125 19.25000
v 156595.42188 379815.62500 19.25000
v 156585.85938 379823.31250 19.25000
v 156585.84375 379823.68750 19.25000
v 156618.73438 379864.53125 19.25000
v 156624.43750 379840.00000 19.25000
v 156624.54688 379839.96875 19.25000
v 156624.81250 379875.56250 19.25000
v 156635.59375 379866.09375 19.25000
v 156617.17188 379865.84375 19.25000
v 156600.54688 379821.87500 25.53900
v 156600.67188 379821.78125 25.53900
v 156596.60938 379816.87500 25.53900
v 156596.48438 379816.96875 25.53900
v 156616.07812 379823.65625 25.53900
v 156616.15625 379823.62500 25.53900
v 156635.59375 379866.09375 25.53900
v 156622.53125 379841.50000 25.53900
v 156614.15625 379819.84375 25.53900
v 156624.54688 379839.96875 25.53900
v 156624.43750 379840.00000 25.53900
v 156604.76562 379827.34375 25.53900
v 156624.81250 379875.56250 25.53900
v 156617.17188 379865.84375 25.53900
v 156618.73438 379864.53125 25.53900
v 156595.42188 379815.62500 25.53900
v 156586.03125 379823.53125 25.53900
v 156585.84375 379823.68750 25.53900
v 156585.85938 379823.31250 25.53900
v 157071.54688 379407.25000 18.20100
v 157068.78125 379413.43750 18.20100
v 157069.06250 379413.56250 18.20100
v 157074.75000 379416.21875 18.20100
v 157075.64062 379414.65625 18.20100
v 157069.01562 379413.62500 18.20100
v 157071.71875 379422.90625 18.20100
v 157074.43750 379424.15625 18.20100
v 157078.18750 379415.90625 18.20100
v 157078.07812 379415.87500 18.20100
v 157078.10938 379415.78125 18.20100
v 157076.87500 379409.84375 18.20100
v 157077.64062 379410.18750 18.20100
v 157076.89062 379409.71875 18.20100
v 157074.43750 379424.15625 21.67500
v 157078.18750 379415.90625 21.67500
v 157074.75000 379416.21875 21.67500
v 157071.71875 379422.90625 21.67500
v 157071.54688 379407.25000 21.67500
v 157068.78125 379413.43750 21.67500
v 157078.07812 379415.87500 21.67500
v 157069.01562 379413.62500 21.67500
v 157069.06250 379413.56250 21.67500
v 157076.89062 379409.71875 21.67500
v 157076.87500 379409.84375 21.67500
v 157077.64062 379410.18750 21.67500
v 157075.64062 379414.65625 21.67500
v 157078.10938 379415.78125 21.67500
v 157070.14062 379474.40625 19.07200
v 157070.29688 379474.46875 19.07200
v 157079.34375 379454.09375 19.07200
v 157080.84375 379484.09375 19.07200
v 157064.60938 379487.00000 19.07200
v 157067.65625 379513.15625 19.07200
v 157091.39062 379459.62500 19.07200
v 157091.15625 379459.40625 19.07200
v 157091.10938 379459.50000 19.07200
v 157081.17188 379483.37500 19.07200
v 157081.04688 379483.75000 19.07200
v 157091.84375 379459.84375 19.07200
v 157091.43750 379459.53125 19.07200
v 157066.78125 379512.75000 19.07200
v 157057.62500 379502.40625 19.07200
v 157064.45312 379486.90625 19.07200
v 157057.45312 379502.37500 19.07200
v 157061.48438 379510.37500 19.07200
v 157055.25000 379507.62500 19.07200
v 157061.45312 379510.46875 19.07200
v 157066.75000 379512.84375 19.07200
v 157067.21875 379512.96875 19.07200
v 157067.17188 379513.06250 19.07200
v 157066.75000 379512.84375 98.58300
v 157067.17188 379513.06250 98.58300
v 157091.15625 379459.40625 98.58300
v 157091.10938 379459.50000 98.58300
v 157070.29688 379474.46875 98.58300
v 157064.60938 379487.00000 98.58300
v 157079.34375 379454.09375 98.58300
v 157070.14062 379474.40625 98.58300
v 157064.45312 379486.90625 98.58300
v 157067.21875 379512.96875 98.58300
v 157057.45312 379502.37500 98.58300
v 157091.43750 379459.53125 98.58300
v 157091.39062 379459.62500 98.58300
v 157091.84375 379459.84375 98.58300
v 157081.04688 379483.75000 98.58300
v 157081.17188 379483.37500 98.58300
v 157057.62500 379502.40625 98.58300
v 157055.25000 379507.62500 98.58300
v 157061.45312 379510.46875 98.58300
v 157061.48438 379510.37500 98.58300
v 157066.78125 379512.75000 98.58300
v 157067.65625 379513.15625 98.58300
v 157080.84375 379484.09375 98.58300
v 157051.35938 379426.53125 18.12000
v 157017.25000 379469.40625 18.12000
v 157029.40625 379474.93750 18.12000
v 157039.23438 379421.00000 18.12000
v 157017.25000 379469.40625 40.58000
v 157029.40625 379474.93750 40.58000
v 157051.35938 379426.53125 40.58000
v 157039.23438 379421.00000 40.58000
v 156993.31250 379400.21875 18.12400
v 156971.40625 379448.59375 18.12400
v 156983.53125 379454.09375 18.12400
v 157005.46875 379405.71875 18.12400
v 156971.40625 379448.59375 40.58900
v 156983.53125 379454.09375 40.58900
v 157005.46875 379405.71875 40.58900
v 156993.31250 379400.21875 40.58900
v 156822.40625 379413.03125 27.75000
v 156816.14062 379410.18750 27.75000
v 156822.48438 379411.37500 27.75000
v 156761.60938 379438.68750 27.75000
v 156762.21875 379437.87500 27.75000
v 156767.06250 379441.65625 27.75000
v 156773.06250 379428.43750 27.75000
v 156774.62500 379424.90625 27.75000
v 156948.39062 379560.46875 27.75000
v 156946.12500 379563.37500 27.75000
v 156917.64062 379560.40625 27.75000
v 156760.37500 379434.31250 27.75000
v 156768.04688 379424.50000 27.75000
v 156739.43750 379462.06250 27.75000
v 156742.67188 379462.37500 27.75000
v 156741.59375 379463.75000 27.75000
v 156767.78125 379440.12500 27.75000
v 156779.95312 379413.25000 27.75000
v 156768.67188 379420.28125 27.75000
v 156776.34375 379410.43750 27.75000
v 156781.53125 379409.71875 27.75000
v 156786.81250 379398.06250 27.75000
v 156775.56250 379405.06250 27.75000
v 156783.21875 379395.25000 27.75000
v 156787.26562 379397.06250 27.75000
v 156817.32812 379409.03125 27.75000
v 156817.20312 379407.84375 27.75000
v 156817.75000 379408.09375 27.75000
v 156850.95312 379450.56250 27.75000
v 156822.90625 379410.43750 27.75000
v 156823.45312 379410.68750 27.75000
v 156955.23438 379497.93750 27.75000
v 156968.32812 379534.93750 27.75000
v 156966.01562 379537.87500 27.75000
v 156864.60938 379432.09375 27.75000
v 156868.56250 379427.03125 27.75000
v 156869.06250 379427.43750 27.75000
v 156902.29688 379466.40625 27.75000
v 156907.81250 379470.71875 27.75000
v 156897.98438 379471.90625 27.75000
v 156956.06250 379550.65625 27.75000
v 156921.71875 379474.06250 27.75000
v 156916.71875 379480.43750 27.75000
v 156976.00000 379525.09375 27.75000
v 156911.46875 379466.03125 27.75000
v 156974.04688 379539.37500 27.75000
v 156986.20312 379512.00000 27.75000
v 156951.15625 379475.78125 27.75000
v 156964.43750 379486.15625 27.75000
v 156939.43750 379490.75000 27.75000
v 156958.35938 379547.68750 27.75000
v 156970.28125 379541.18750 27.75000
v 156962.62500 379551.03125 27.75000
v 156981.73438 379529.56250 27.75000
v 156970.21875 379606.50000 27.75000
v 156976.07812 379611.09375 27.75000
v 156937.95312 379618.50000 27.75000
v 156855.43750 379592.31250 27.75000
v 156898.98438 379584.25000 27.75000
v 156896.65625 379587.21875 27.75000
v 156952.67188 379563.78125 27.75000
v 156960.31250 379553.96875 27.75000
v 156939.53125 379571.81250 27.75000
v 156936.78125 379575.34375 27.75000
v 156950.39062 379566.71875 27.75000
v 156943.79688 379575.15625 27.75000
v 156916.60938 379561.71875 27.75000
v 156913.20312 379574.84375 27.75000
v 156908.93750 379571.53125 27.75000
v 156826.96875 379570.06250 27.75000
v 156906.64062 379574.46875 27.75000
v 156934.09375 379622.25000 27.75000
v 156933.73438 379623.65625 27.75000
v 156933.26562 379623.75000 27.75000
v 156920.85938 379565.03125 27.75000
v 156865.25000 379599.96875 27.75000
v 156937.21875 379621.62500 27.75000
v 156934.37500 379619.18750 27.75000
v 156917.32812 379582.90625 27.75000
v 156910.89062 379577.78125 27.75000
v 156928.03125 379584.09375 27.75000
v 156928.70312 379583.21875 27.75000
v 156947.20312 379598.87500 27.75000
v 156920.81250 379578.43750 27.75000
v 156948.50000 379598.62500 27.75000
v 156925.84375 379607.81250 27.75000
v 156928.26562 379607.15625 27.75000
v 156952.10938 379602.68750 27.75000
v 156970.31250 379599.12500 27.75000
v 156971.43750 379604.93750 27.75000
v 156900.34375 379620.12500 27.75000
v 156898.67188 379618.90625 27.75000
v 156897.65625 379613.34375 27.75000
v 156879.00000 379609.81250 27.75000
v 156886.67188 379600.00000 27.75000
v 156883.29688 379613.15625 27.75000
v 156895.09375 379626.84375 27.75000
v 156916.95312 379598.28125 27.75000
v 156923.56250 379603.46875 27.75000
v 156925.79688 379607.62500 27.75000
v 156910.98438 379605.90625 27.75000
v 156888.96875 379597.06250 27.75000
v 156868.21875 379602.28125 27.75000
v 156893.28125 379600.40625 27.75000
v 156900.95312 379590.59375 27.75000
v 156890.96875 379603.37500 27.75000
v 156878.01562 379609.93750 27.75000
v 156864.85938 379606.56250 27.75000
v 156878.57812 379610.37500 27.75000
v 156852.07812 379596.62500 27.75000
v 156874.67188 379614.25000 27.75000
v 156861.90625 379604.28125 27.75000
v 156817.12500 379562.40625 27.75000
v 156814.18750 379560.09375 27.75000
v 156813.76562 379566.71875 27.75000
v 156823.59375 379574.40625 27.75000
v 156799.92188 379558.12500 27.75000
v 156809.75000 379565.81250 27.75000
v 156801.42188 379550.12500 27.75000
v 156804.35938 379552.43750 27.75000
v 156786.28125 379549.28125 27.75000
v 156791.59375 379542.46875 27.75000
v 156796.10938 379556.93750 27.75000
v 156774.37500 379538.25000 27.75000
v 156778.79688 379532.56250 27.75000
v 156784.18750 379545.90625 27.75000
v 156788.67188 379540.18750 27.75000
v 156753.76562 379471.00000 27.75000
v 156766.06250 379522.56250 27.75000
v 156752.17188 379474.50000 27.75000
v 156760.50000 379529.68750 27.75000
v 156775.85938 379530.28125 27.75000
v 156770.32812 379537.34375 27.75000
v 156746.85938 379486.15625 27.75000
v 156741.96875 379482.31250 27.75000
v 156748.79688 379518.31250 27.75000
v 156753.20312 379512.62500 27.75000
v 156758.65625 379525.93750 27.75000
v 156739.93750 379501.37500 27.75000
v 156745.25000 379489.68750 27.75000
v 156739.64062 379502.03125 27.75000
v 156735.46875 379497.84375 27.75000
v 156763.09375 379520.25000 27.75000
v 156759.04688 379459.31250 27.75000
v 156744.21875 379460.40625 27.75000
v 156744.87500 379455.28125 27.75000
v 156746.95312 379456.90625 27.75000
v 156743.14062 379488.06250 27.75000
v 156755.43750 379456.53125 27.75000
v 156749.31250 379464.40625 27.75000
v 156749.64062 379472.53125 27.75000
v 156765.92188 379444.15625 27.75000
v 156753.26562 379450.09375 27.75000
v 156760.89062 379440.25000 27.75000
v 156686.56250 379424.31250 27.75000
v 156680.90625 379438.46875 27.75000
v 156747.56250 379448.65625 27.75000
v 156760.64062 379455.84375 27.75000
v 156766.62500 379442.59375 27.75000
v 156761.60938 379438.68750 18.19800
v 156762.21875 379437.87500 18.19800
v 156767.06250 379441.65625 18.19800
v 156767.78125 379440.12500 18.19800
v 156760.37500 379434.31250 18.19800
v 156768.04688 379424.50000 18.19800
v 156773.06250 379428.43750 18.19800
v 156774.62500 379424.90625 18.19800
v 156768.67188 379420.28125 18.19800
v 156776.34375 379410.43750 18.19800
v 156779.95312 379413.25000 18.19800
v 156781.53125 379409.71875 18.19800
v 156775.56250 379405.06250 18.19800
v 156783.21875 379395.25000 18.19800
v 156786.81250 379398.06250 18.19800
v 156787.26562 379397.06250 18.19800
v 156816.14062 379410.18750 18.19800
v 156817.20312 379407.84375 18.19800
v 156817.75000 379408.09375 18.19800
v 156817.32812 379409.03125 18.19800
v 156822.48438 379411.37500 18.19800
v 156822.90625 379410.43750 18.19800
v 156823.45312 379410.68750 18.19800
v 156822.40625 379413.03125 18.19800
v 156864.60938 379432.09375 18.19800
v 156868.56250 379427.03125 18.19800
v 156869.06250 379427.43750 18.19800
v 156850.95312 379450.56250 18.19800
v 156897.98438 379471.90625 18.19800
v 156902.29688 379466.40625 18.19800
v 156907.81250 379470.71875 18.19800
v 156911.46875 379466.03125 18.19800
v 156921.71875 379474.06250 18.19800
v 156916.71875 379480.43750 18.19800
v 156939.43750 379490.75000 18.19800
v 156951.15625 379475.78125 18.19800
v 156964.43750 379486.15625 18.19800
v 156955.23438 379497.93750 18.19800
v 156986.20312 379512.00000 18.19800
v 156976.00000 379525.09375 18.19800
v 156981.73438 379529.56250 18.19800
v 156974.04688 379539.37500 18.19800
v 156968.32812 379534.93750 18.19800
v 156966.01562 379537.87500 18.19800
v 156970.28125 379541.18750 18.19800
v 156962.62500 379551.03125 18.19800
v 156958.35938 379547.68750 18.19800
v 156956.06250 379550.65625 18.19800
v 156960.31250 379553.96875 18.19800
v 156952.67188 379563.78125 18.19800
v 156948.39062 379560.46875 18.19800
v 156946.12500 379563.37500 18.19800
v 156950.39062 379566.71875 18.19800
v 156943.79688 379575.15625 18.19800
v 156939.53125 379571.81250 18.19800
v 156936.78125 379575.34375 18.19800
v 156917.64062 379560.40625 18.19800
v 156916.60938 379561.71875 18.19800
v 156920.85938 379565.03125 18.19800
v 156913.20312 379574.84375 18.19800
v 156908.93750 379571.53125 18.19800
v 156906.64062 379574.46875 18.19800
v 156910.89062 379577.78125 18.19800
v 156917.32812 379582.90625 18.19800
v 156920.81250 379578.43750 18.19800
v 156928.03125 379584.09375 18.19800
v 156928.70312 379583.21875 18.19800
v 156948.50000 379598.62500 18.19800
v 156947.20312 379598.87500 18.19800
v 156952.10938 379602.68750 18.19800
v 156970.31250 379599.12500 18.19800
v 156971.43750 379604.93750 18.19800
v 156970.21875 379606.50000 18.19800
v 156976.07812 379611.09375 18.19800
v 156937.95312 379618.50000 18.19800
v 156937.21875 379621.62500 18.19800
v 156934.09375 379622.25000 18.19800
v 156933.73438 379623.65625 18.19800
v 156933.26562 379623.75000 18.19800
v 156934.37500 379619.18750 18.19800
v 156895.09375 379626.84375 18.19800
v 156900.34375 379620.12500 18.19800
v 156898.67188 379618.90625 18.19800
v 156897.65625 379613.34375 18.19800
v 156925.84375 379607.81250 18.19800
v 156925.79688 379607.62500 18.19800
v 156928.26562 379607.15625 18.19800
v 156923.56250 379603.46875 18.19800
v 156910.98438 379605.90625 18.19800
v 156916.95312 379598.28125 18.19800
v 156898.98438 379584.25000 18.19800
v 156896.65625 379587.21875 18.19800
v 156900.95312 379590.59375 18.19800
v 156893.28125 379600.40625 18.19800
v 156888.96875 379597.06250 18.19800
v 156886.67188 379600.00000 18.19800
v 156890.96875 379603.37500 18.19800
v 156883.29688 379613.15625 18.19800
v 156879.00000 379609.81250 18.19800
v 156878.57812 379610.37500 18.19800
v 156878.01562 379609.93750 18.19800
v 156874.67188 379614.25000 18.19800
v 156864.85938 379606.56250 18.19800
v 156868.21875 379602.28125 18.19800
v 156865.25000 379599.96875 18.19800
v 156861.90625 379604.28125 18.19800
v 156852.07812 379596.62500 18.19800
v 156855.43750 379592.31250 18.19800
v 156826.96875 379570.06250 18.19800
v 156823.59375 379574.40625 18.19800
v 156813.76562 379566.71875 18.19800
v 156817.12500 379562.40625 18.19800
v 156814.18750 379560.09375 18.19800
v 156809.75000 379565.81250 18.19800
v 156799.92188 379558.12500 18.19800
v 156804.35938 379552.43750 18.19800
v 156801.42188 379550.12500 18.19800
v 156796.10938 379556.93750 18.19800
v 156786.28125 379549.28125 18.19800
v 156791.59375 379542.46875 18.19800
v 156788.67188 379540.18750 18.19800
v 156784.18750 379545.90625 18.19800
v 156774.37500 379538.25000 18.19800
v 156778.79688 379532.56250 18.19800
v 156775.85938 379530.28125 18.19800
v 156770.32812 379537.34375 18.19800
v 156760.50000 379529.68750 18.19800
v 156766.06250 379522.56250 18.19800
v 156763.09375 379520.25000 18.19800
v 156758.65625 379525.93750 18.19800
v 156748.79688 379518.31250 18.19800
v 156753.20312 379512.62500 18.19800
v 156739.64062 379502.03125 18.19800
v 156739.93750 379501.37500 18.19800
v 156735.46875 379497.84375 18.19800
v 156743.14062 379488.06250 18.19800
v 156745.25000 379489.68750 18.19800
v 156746.85938 379486.15625 18.19800
v 156741.96875 379482.31250 18.19800
v 156749.64062 379472.53125 18.19800
v 156752.17188 379474.50000 18.19800
v 156753.76562 379471.00000 18.19800
v 156742.67188 379462.37500 18.19800
v 156741.59375 379463.75000 18.19800
v 156739.43750 379462.06250 18.19800
v 156680.90625 379438.46875 18.19800
v 156686.56250 379424.31250 18.19800
v 156747.56250 379448.65625 18.19800
v 156744.87500 379455.28125 18.19800
v 156746.95312 379456.90625 18.19800
v 156744.21875 379460.40625 18.19800
v 156749.31250 379464.40625 18.19800
v 156755.43750 379456.53125 18.19800
v 156759.04688 379459.31250 18.19800
v 156760.64062 379455.84375 18.19800
v 156753.26562 379450.09375 18.19800
v 156760.89062 379440.25000 18.19800
v 156765.92188 379444.15625 18.19800
v 156766.62500 379442.59375 18.19800
v 157082.62500 379454.84375 17.91600
v 157091.37500 379436.37500 17.91600
v 157091.07812 379436.18750 17.91600
v 157085.65625 379456.28125 17.91600
v 157093.96875 379438.00000 17.91600
v 157091.57812 379435.90625 17.91600
v 157094.15625 379438.12500 17.91600
v 157094.54688 379437.25000 17.91600
v 157082.62500 379454.84375 30.14300
v 157085.65625 379456.28125 30.14300
v 157091.37500 379436.37500 30.14300
v 157091.07812 379436.18750 30.14300
v 157093.96875 379438.00000 30.14300
v 157094.15625 379438.12500 30.14300
v 157094.54688 379437.25000 30.14300
v 157091.57812 379435.90625 30.14300
v 156969.71875 379557.34375 18.23900
v 156969.42188 379557.46875 18.23900
v 156959.14062 379570.53125 18.23900
v 157050.03125 379549.03125 18.23900
v 157049.93750 379548.93750 18.23900
v 157004.82812 379606.46875 18.23900
v 157004.31250 379513.09375 18.23900
v 156975.89062 379549.25000 18.23900
v 157011.25000 379518.56250 18.23900
v 157050.40625 379548.34375 18.23900
v 157011.73438 379517.93750 18.23900
v 156971.73438 379555.50000 18.23900
v 157004.82812 379606.46875 59.32200
v 157050.03125 379549.03125 59.32200
v 157004.31250 379513.09375 59.32200
v 156975.89062 379549.25000 59.32200
v 157049.93750 379548.93750 59.32200
v 157011.25000 379518.56250 59.32200
v 157011.73438 379517.93750 59.32200
v 157050.40625 379548.34375 59.32200
v 156971.73438 379555.50000 59.32200
v 156969.42188 379557.46875 59.32200
v 156959.14062 379570.53125 59.32200
v 156969.71875 379557.34375 59.32200
v 157103.51562 379773.46875 19.09400
v 157095.51562 379764.25000 19.09400
v 157093.89062 379765.43750 19.09400
v 157099.93750 379776.09375 19.09400
v 157095.93750 379777.84375 19.09400
v 157092.12500 379766.18750 19.09400
v 157091.70312 379778.78125 19.09400
v 157090.20312 379766.59375 19.09400
v 157088.26562 379766.65625 19.09400
v 157086.35938 379766.34375 19.09400
v 157083.07812 379778.12500 19.09400
v 157087.34375 379778.87500 19.09400
v 157084.54688 379765.62500 19.09400
v 157075.26562 379774.18750 19.09400
v 157079.04688 379776.59375 19.09400
v 157082.89062 379764.56250 19.09400
v 157075.26562 379774.18750 23.07500
v 157079.04688 379776.59375 23.07500
v 157086.35938 379766.34375 23.07500
v 157084.54688 379765.62500 23.07500
v 157082.89062 379764.56250 23.07500
v 157083.07812 379778.12500 23.07500
v 157087.34375 379778.87500 23.07500
v 157091.70312 379778.78125 23.07500
v 157085.85938 379775.25000 23.07500
v 157086.84375 379775.06250 23.07500
v 157086.84375 379775.06250 19.09400
v 157085.85938 379775.25000 19.09400
v 157088.26562 379766.65625 23.07500
v 157090.20312 379766.59375 23.07500
v 157092.12500 379766.18750 23.07500
v 157095.93750 379777.84375 23.07500
v 157099.93750 379776.09375 23.07500
v 157093.89062 379765.43750 23.07500
v 157095.51562 379764.25000 23.07500
v 157103.51562 379773.46875 23.07500
v 157087.29688 379775.62500 23.07500
v 157087.29688 379775.62500 19.09400
v 157076.46875 379757.50000 19.07900
v 157064.82812 379761.31250 19.07900
v 157066.59375 379765.25000 19.07900
v 157078.37500 379760.84375 19.07900
v 157069.09375 379768.81250 19.07900
v 157077.25000 379759.21875 19.07900
v 157072.31250 379771.87500 19.07900
v 157079.84375 379762.21875 19.07900
v 157076.07812 379755.56250 19.07900
v 157063.87500 379757.06250 19.07900
v 157063.76562 379752.75000 19.07900
v 157075.98438 379753.65625 19.07900
v 157076.31250 379751.75000 19.07900
v 157064.46875 379748.43750 19.07900
v 157066.10938 379744.34375 19.07900
v 157077.04688 379749.81250 19.07900
v 157069.09375 379768.81250 23.07000
v 157072.31250 379771.87500 23.07000
v 157064.46875 379748.43750 23.07000
v 157063.76562 379752.75000 23.07000
v 157066.10938 379744.34375 23.07000
v 157079.84375 379762.21875 23.07000
v 157078.37500 379760.84375 23.07000
v 157077.04688 379749.81250 23.07000
v 157063.87500 379757.06250 23.07000
v 157076.31250 379751.75000 23.07000
v 157076.46875 379757.50000 23.07000
v 157076.07812 379755.56250 23.07000
v 157064.82812 379761.31250 23.07000
v 157075.98438 379753.65625 23.07000
v 157066.59375 379765.25000 23.07000
v 157077.25000 379759.21875 23.07000
v 157073.21875 379752.25000 23.07000
v 157073.03125 379752.71875 23.07000
v 157073.03125 379752.71875 19.07900
v 157073.21875 379752.25000 19.07900
v 157072.93750 379752.40625 23.07000
v 157072.93750 379752.40625 19.07900
v 157036.26562 379685.18750 19.64500
v 157041.06250 379688.87500 19.64500
v 157046.32812 379680.59375 19.64500
v 157051.53125 379685.62500 19.64500
v 157052.01562 379685.00000 19.64500
v 157050.51562 379666.93750 19.64500
v 157054.46875 379670.06250 19.64500
v 157051.79688 379685.90625 19.64500
v 157037.48438 379693.56250 19.64500
v 157042.70312 379697.59375 19.64500
v 157037.48438 379693.56250 22.82200
v 157042.70312 379697.59375 22.82200
v 157041.06250 379688.87500 22.82200
v 157051.53125 379685.62500 22.82200
v 157052.01562 379685.00000 22.82200
v 157046.32812 379680.59375 22.82200
v 157036.26562 379685.18750 22.82200
v 157054.46875 379670.06250 22.82200
v 157050.51562 379666.93750 22.82200
v 157051.79688 379685.90625 22.82200
v 157061.51562 379689.50000 19.59300
v 157056.71875 379685.75000 19.59300
v 157045.65625 379699.90625 19.59300
v 157050.45312 379703.65625 19.59300
v 157056.71875 379685.75000 24.39900
v 157045.65625 379699.90625 24.39900
v 157061.51562 379689.50000 24.39900
v 157050.45312 379703.65625 24.39900
v 157271.00000 379518.50000 18.83700
v 157271.12500 379518.59375 18.83700
v 157274.03125 379514.59375 18.83700
v 157271.01562 379518.71875 18.83700
v 157296.14062 379538.28125 18.83700
v 157299.28125 379534.25000 18.83700
v 157296.14062 379538.28125 21.35500
v 157299.28125 379534.25000 21.35500
v 157271.01562 379518.71875 21.35500
v 157271.12500 379518.59375 21.35500
v 157271.00000 379518.50000 21.35500
v 157274.03125 379514.59375 21.35500
v 157179.26562 379686.03125 32.40200
v 157175.01562 379686.15625 32.40200
v 157176.67188 379684.03125 32.40200
v 157214.23438 379703.31250 32.40200
v 157218.09375 379706.46875 32.40200
v 157214.17188 379703.40625 32.40200
v 157218.90625 379680.75000 32.40200
v 157180.14062 379553.37500 32.40200
v 157161.40625 379577.46875 32.40200
v 157158.76562 379575.40625 32.40200
v 157244.79688 379660.68750 32.40200
v 157230.82812 379678.62500 32.40200
v 157224.45312 379673.65625 32.40200
v 157256.65625 379664.12500 32.40200
v 157257.62500 379663.50000 32.40200
v 157259.14062 379668.09375 32.40200
v 157237.28125 379654.84375 32.40200
v 157168.75000 379644.31250 32.40200
v 157215.42188 379696.46875 32.40200
v 157211.67188 379701.28125 32.40200
v 157224.90625 379697.68750 32.40200
v 157228.21875 379688.53125 32.40200
v 157235.54688 379694.21875 32.40200
v 157224.35938 379685.03125 32.40200
v 157218.81250 379715.75000 32.40200
v 157213.85938 379711.90625 32.40200
v 157218.03125 379698.53125 32.40200
v 157215.64062 379701.56250 32.40200
v 157206.81250 379707.53125 32.40200
v 157222.53125 379695.84375 32.40200
v 157219.54688 379704.59375 32.40200
v 157313.53125 379598.43750 32.40200
v 157325.53125 379583.06250 32.40200
v 157327.14062 379584.31250 32.40200
v 157292.15625 379630.06250 32.40200
v 157294.64062 379634.03125 32.40200
v 157290.37500 379631.15625 32.40200
v 157157.07812 379682.78125 32.40200
v 157208.54688 379716.71875 32.40200
v 157199.10938 379728.93750 32.40200
v 157161.56250 379672.25000 32.40200
v 157162.57812 379670.96875 32.40200
v 157133.18750 379684.96875 32.40200
v 157076.92188 379643.40625 32.40200
v 157078.00000 379641.96875 32.40200
v 157177.59375 379688.18750 32.40200
v 157160.20312 379669.09375 32.40200
v 157174.53125 379636.75000 32.40200
v 157166.37500 379642.46875 32.40200
v 157108.50000 379716.59375 32.40200
v 157110.87500 379718.43750 32.40200
v 157100.51562 379732.12500 32.40200
v 157218.50000 379724.21875 32.40200
v 157208.89062 379736.65625 32.40200
v 157208.64062 379716.59375 32.40200
v 157106.93750 379737.12500 32.40200
v 157117.62500 379723.68750 32.40200
v 157159.92188 379679.12500 32.40200
v 157199.00000 379729.06250 32.40200
v 157221.48438 379576.75000 32.40200
v 157225.84375 379571.15625 32.40200
v 157288.87500 379630.00000 32.40200
v 157153.26562 379687.68750 32.40200
v 157150.46875 379691.28125 32.40200
v 157133.51562 379708.21875 32.40200
v 157186.62500 379743.65625 32.40200
v 157182.87500 379748.46875 32.40200
v 157152.37500 379679.15625 32.40200
v 157148.56250 379684.03125 32.40200
v 157096.73438 379731.81250 32.40200
v 157057.60938 379709.25000 32.40200
v 157075.43750 379686.43750 32.40200
v 157192.18750 379746.09375 32.40200
v 157189.57812 379739.87500 32.40200
v 157194.23438 379743.50000 32.40200
v 157194.85938 379733.06250 32.40200
v 157143.26562 379695.75000 32.40200
v 157180.21875 379751.71875 32.40200
v 157184.96875 379755.40625 32.40200
v 157167.18750 379768.50000 32.40200
v 157144.67188 379693.93750 32.40200
v 157199.78125 379736.40625 32.40200
v 157205.48438 379740.84375 32.40200
v 157272.25000 379654.37500 32.40200
v 157274.01562 379653.28125 32.40200
v 157276.50000 379657.25000 32.40200
v 157177.59375 379776.56250 32.40200
v 157187.53125 379742.46875 32.40200
v 157120.03125 379725.53125 32.40200
v 157122.12500 379722.84375 32.40200
v 157132.25000 379730.75000 32.40200
v 157132.10938 379710.03125 32.40200
v 157190.26562 379746.46875 32.40200
v 157186.56250 379751.28125 32.40200
v 157182.31250 379749.18750 32.40200
v 157131.78125 379686.78125 32.40200
v 157122.03125 379699.28125 32.40200
v 157140.87500 379693.90625 32.40200
v 157131.12500 379706.37500 32.40200
v 157139.57812 379773.21875 32.40200
v 157108.17188 379740.75000 32.40200
v 157134.71875 379732.65625 32.40200
v 157104.31250 379745.68750 32.40200
v 157148.67188 379739.75000 32.40200
v 157136.57812 379730.28125 32.40200
v 157152.48438 379734.87500 32.40200
v 157137.92188 379723.50000 32.40200
v 157157.42188 379750.37500 32.40200
v 157105.65625 379738.78125 32.40200
v 157120.62500 379701.06250 32.40200
v 157066.25000 379657.03125 32.40200
v 157057.15625 379644.81250 32.40200
v 157060.84375 379640.06250 32.40200
v 157065.29688 379656.71875 32.40200
v 157060.54688 379657.93750 32.40200
v 157042.93750 379653.75000 32.40200
v 157099.21875 379733.78125 32.40200
v 157092.87500 379736.78125 32.40200
v 157074.68750 379641.65625 32.40200
v 157046.93750 379641.46875 32.40200
v 157134.15625 379688.62500 32.40200
v 157124.40625 379701.12500 32.40200
v 157110.59375 379713.90625 32.40200
v 157065.45312 379658.06250 32.40200
v 157173.06250 379620.78125 32.40200
v 157126.92188 379598.65625 32.40200
v 157141.89062 379579.31250 32.40200
v 157064.50000 379659.21875 32.40200
v 157060.09375 379659.31250 32.40200
v 157057.78125 379621.25000 32.40200
v 157049.81250 379631.46875 32.40200
v 157078.18750 379637.18750 32.40200
v 157139.73438 379681.46875 32.40200
v 157140.37500 379673.12500 32.40200
v 157136.07812 379678.62500 32.40200
v 157117.54688 379601.53125 32.40200
v 157113.17188 379638.62500 32.40200
v 157106.79688 379646.75000 32.40200
v 157112.60938 379638.18750 32.40200
v 157114.26562 379605.75000 32.40200
v 157086.40625 379629.00000 32.40200
v 157096.50000 379615.71875 32.40200
v 157101.03125 379619.93750 32.40200
v 157094.45312 379635.18750 32.40200
v 157093.64062 379636.21875 32.40200
v 157102.46875 379641.53125 32.40200
v 157101.71875 379642.53125 32.40200
v 157107.14062 379645.18750 32.40200
v 157124.35938 379556.06250 32.40200
v 157114.01562 379549.37500 32.40200
v 157141.34375 379514.28125 32.40200
v 157112.85938 379604.65625 32.40200
v 157167.37500 379641.18750 32.40200
v 157181.00000 379616.62500 32.40200
v 157190.48438 379616.37500 32.40200
v 157176.00000 379623.03125 32.40200
v 157168.81250 379632.25000 32.40200
v 157184.39062 379547.90625 32.40200
v 157181.45312 379609.93750 32.40200
v 157178.04688 379614.34375 32.40200
v 157166.48438 379629.28125 32.40200
v 157154.45312 379580.93750 32.40200
v 157131.01562 379559.59375 32.40200
v 157184.70312 379611.84375 32.40200
v 157157.06250 379583.06250 32.40200
v 157191.73438 379609.87500 32.40200
v 157240.76562 379650.34375 32.40200
v 157194.10938 379611.71875 32.40200
v 157177.48438 379551.31250 32.40200
v 157191.62500 379610.03125 32.40200
v 157129.53125 379561.50000 32.40200
v 157248.93750 379555.03125 32.40200
v 157228.14062 379568.21875 32.40200
v 157233.40625 379561.46875 32.40200
v 157123.67188 379556.90625 32.40200
v 157181.79688 379545.78125 32.40200
v 157239.95312 379547.96875 32.40200
v 157307.01562 379606.75000 32.40200
v 157295.39062 379621.65625 32.40200
v 157172.28125 379513.87500 32.40200
v 157150.18750 379496.56250 32.40200
v 157174.68750 379465.28125 32.40200
v 157220.12500 379566.68750 32.40200
v 157222.42188 379563.75000 32.40200
v 157196.79688 379482.59375 32.40200
v 157255.40625 379528.25000 32.40200
v 157264.42188 379535.28125 32.40200
v 157325.59375 379583.00000 32.40200
v 157330.92188 379587.56250 32.40200
v 157328.39062 379583.56250 32.40200
v 157310.29688 379606.81250 32.40200
v 157312.76562 379610.78125 32.40200
v 157308.51562 379607.93750 32.40200
v 157277.25000 379644.87500 32.40200
v 157270.75000 379653.21875 32.40200
v 157257.62500 379663.50000 18.94700
v 157240.76562 379650.34375 18.94700
v 157237.28125 379654.84375 18.94700
v 157244.79688 379660.68750 18.94700
v 157230.82812 379678.62500 18.94700
v 157224.45312 379673.65625 18.94700
v 157218.90625 379680.75000 18.94700
v 157224.35938 379685.03125 18.94700
v 157215.42188 379696.46875 18.94700
v 157218.03125 379698.53125 18.94700
v 157215.64062 379701.56250 18.94700
v 157219.54688 379704.59375 18.94700
v 157224.90625 379697.68750 18.94700
v 157222.53125 379695.84375 18.94700
v 157228.21875 379688.53125 18.94700
v 157235.54688 379694.21875 18.94700
v 157218.81250 379715.75000 18.94700
v 157213.85938 379711.90625 18.94700
v 157218.09375 379706.46875 18.94700
v 157214.17188 379703.40625 18.94700
v 157214.23438 379703.31250 18.94700
v 157211.67188 379701.28125 18.94700
v 157206.81250 379707.53125 18.94700
v 157179.26562 379686.03125 18.94700
v 157177.59375 379688.18750 18.94700
v 157175.01562 379686.15625 18.94700
v 157176.67188 379684.03125 18.94700
v 157161.56250 379672.25000 18.94700
v 157162.57812 379670.96875 18.94700
v 157160.20312 379669.09375 18.94700
v 157152.37500 379679.15625 18.94700
v 157157.07812 379682.78125 18.94700
v 157159.92188 379679.12500 18.94700
v 157208.54688 379716.71875 18.94700
v 157208.64062 379716.59375 18.94700
v 157218.50000 379724.21875 18.94700
v 157208.89062 379736.65625 18.94700
v 157199.00000 379729.06250 18.94700
v 157199.10938 379728.93750 18.94700
v 157150.46875 379691.28125 18.94700
v 157153.26562 379687.68750 18.94700
v 157148.56250 379684.03125 18.94700
v 157140.87500 379693.90625 18.94700
v 157143.26562 379695.75000 18.94700
v 157144.67188 379693.93750 18.94700
v 157194.85938 379733.06250 18.94700
v 157189.57812 379739.87500 18.94700
v 157194.23438 379743.50000 18.94700
v 157199.78125 379736.40625 18.94700
v 157205.48438 379740.84375 18.94700
v 157177.59375 379776.56250 18.94700
v 157167.18750 379768.50000 18.94700
v 157180.21875 379751.71875 18.94700
v 157184.96875 379755.40625 18.94700
v 157192.18750 379746.09375 18.94700
v 157187.53125 379742.46875 18.94700
v 157186.62500 379743.65625 18.94700
v 157190.26562 379746.46875 18.94700
v 157186.56250 379751.28125 18.94700
v 157182.87500 379748.46875 18.94700
v 157182.31250 379749.18750 18.94700
v 157132.10938 379710.03125 18.94700
v 157133.51562 379708.21875 18.94700
v 157131.12500 379706.37500 18.94700
v 157117.62500 379723.68750 18.94700
v 157120.03125 379725.53125 18.94700
v 157122.12500 379722.84375 18.94700
v 157132.25000 379730.75000 18.94700
v 157137.92188 379723.50000 18.94700
v 157152.48438 379734.87500 18.94700
v 157148.67188 379739.75000 18.94700
v 157136.57812 379730.28125 18.94700
v 157134.71875 379732.65625 18.94700
v 157157.42188 379750.37500 18.94700
v 157139.57812 379773.21875 18.94700
v 157104.31250 379745.68750 18.94700
v 157108.17188 379740.75000 18.94700
v 157105.65625 379738.78125 18.94700
v 157106.93750 379737.12500 18.94700
v 157100.51562 379732.12500 18.94700
v 157099.21875 379733.78125 18.94700
v 157096.73438 379731.81250 18.94700
v 157092.87500 379736.78125 18.94700
v 157057.60938 379709.25000 18.94700
v 157075.43750 379686.43750 18.94700
v 157110.59375 379713.90625 18.94700
v 157108.50000 379716.59375 18.94700
v 157110.87500 379718.43750 18.94700
v 157124.40625 379701.12500 18.94700
v 157122.03125 379699.28125 18.94700
v 157120.62500 379701.06250 18.94700
v 157065.45312 379658.06250 18.94700
v 157066.25000 379657.03125 18.94700
v 157065.29688 379656.71875 18.94700
v 157064.50000 379659.21875 18.94700
v 157060.54688 379657.93750 18.94700
v 157060.09375 379659.31250 18.94700
v 157042.93750 379653.75000 18.94700
v 157046.93750 379641.46875 18.94700
v 157057.15625 379644.81250 18.94700
v 157060.84375 379640.06250 18.94700
v 157049.81250 379631.46875 18.94700
v 157057.78125 379621.25000 18.94700
v 157078.18750 379637.18750 18.94700
v 157074.68750 379641.65625 18.94700
v 157076.92188 379643.40625 18.94700
v 157078.00000 379641.96875 18.94700
v 157133.18750 379684.96875 18.94700
v 157131.78125 379686.78125 18.94700
v 157134.15625 379688.62500 18.94700
v 157139.73438 379681.46875 18.94700
v 157136.07812 379678.62500 18.94700
v 157140.37500 379673.12500 18.94700
v 157106.79688 379646.75000 18.94700
v 157113.17188 379638.62500 18.94700
v 157112.60938 379638.18750 18.94700
v 157107.14062 379645.18750 18.94700
v 157102.46875 379641.53125 18.94700
v 157101.71875 379642.53125 18.94700
v 157093.64062 379636.21875 18.94700
v 157094.45312 379635.18750 18.94700
v 157086.40625 379629.00000 18.94700
v 157096.50000 379615.71875 18.94700
v 157101.03125 379619.93750 18.94700
v 157112.85938 379604.65625 18.94700
v 157114.26562 379605.75000 18.94700
v 157117.54688 379601.53125 18.94700
v 157167.37500 379641.18750 18.94700
v 157166.37500 379642.46875 18.94700
v 157168.75000 379644.31250 18.94700
v 157174.53125 379636.75000 18.94700
v 157168.81250 379632.25000 18.94700
v 157176.00000 379623.03125 18.94700
v 157173.06250 379620.78125 18.94700
v 157166.48438 379629.28125 18.94700
v 157126.92188 379598.65625 18.94700
v 157141.89062 379579.31250 18.94700
v 157181.45312 379609.93750 18.94700
v 157178.04688 379614.34375 18.94700
v 157181.00000 379616.62500 18.94700
v 157184.70312 379611.84375 18.94700
v 157190.48438 379616.37500 18.94700
v 157194.10938 379611.71875 18.94700
v 157191.73438 379609.87500 18.94700
v 157191.62500 379610.03125 18.94700
v 157157.06250 379583.06250 18.94700
v 157161.40625 379577.46875 18.94700
v 157158.76562 379575.40625 18.94700
v 157154.45312 379580.93750 18.94700
v 157129.53125 379561.50000 18.94700
v 157131.01562 379559.59375 18.94700
v 157124.35938 379556.06250 18.94700
v 157123.67188 379556.90625 18.94700
v 157114.01562 379549.37500 18.94700
v 157141.34375 379514.28125 18.94700
v 157181.79688 379545.78125 18.94700
v 157177.48438 379551.31250 18.94700
v 157180.14062 379553.37500 18.94700
v 157184.39062 379547.90625 18.94700
v 157221.48438 379576.75000 18.94700
v 157225.84375 379571.15625 18.94700
v 157220.12500 379566.68750 18.94700
v 157222.42188 379563.75000 18.94700
v 157228.14062 379568.21875 18.94700
v 157233.40625 379561.46875 18.94700
v 157172.28125 379513.87500 18.94700
v 157150.18750 379496.56250 18.94700
v 157174.68750 379465.28125 18.94700
v 157196.79688 379482.59375 18.94700
v 157255.40625 379528.25000 18.94700
v 157239.95312 379547.96875 18.94700
v 157248.93750 379555.03125 18.94700
v 157264.42188 379535.28125 18.94700
v 157325.59375 379583.00000 18.94700
v 157325.53125 379583.06250 18.94700
v 157327.14062 379584.31250 18.94700
v 157328.39062 379583.56250 18.94700
v 157330.92188 379587.56250 18.94700
v 157313.53125 379598.43750 18.94700
v 157307.01562 379606.75000 18.94700
v 157308.51562 379607.93750 18.94700
v 157310.29688 379606.81250 18.94700
v 157312.76562 379610.78125 18.94700
v 157295.39062 379621.65625 18.94700
v 157288.87500 379630.00000 18.94700
v 157290.37500 379631.15625 18.94700
v 157292.15625 379630.06250 18.94700
v 157294.64062 379634.03125 18.94700
v 157277.25000 379644.87500 18.94700
v 157270.75000 379653.21875 18.94700
v 157272.25000 379654.37500 18.94700
v 157274.01562 379653.28125 18.94700
v 157276.50000 379657.25000 18.94700
v 157259.14062 379668.09375 18.94700
v 157256.65625 379664.12500 18.94700
v 157177.57812 379678.34375 32.40200
v 157182.04688 379672.62500 18.94700
v 157177.57812 379678.34375 18.94700
v 157182.04688 379672.62500 32.40200
v 157181.75000 379681.59375 32.40200
v 157181.75000 379681.59375 18.94700
v 157186.21875 379675.87500 32.40200
v 157186.21875 379675.87500 18.94700
v 157129.65625 379551.84375 32.40200
v 157137.09375 379542.28125 18.94700
v 157129.65625 379551.84375 18.94700
v 157137.09375 379542.28125 32.40200
v 157138.90625 379557.75000 32.40200
v 157138.90625 379557.75000 18.94700
v 157145.70312 379549.00000 32.40200
v 157145.70312 379549.00000 18.94700
v 157139.43750 379539.28125 32.40200
v 157146.85938 379529.75000 18.94700
v 157139.43750 379539.28125 18.94700
v 157146.85938 379529.75000 32.40200
v 157148.04688 379545.96875 32.40200
v 157148.04688 379545.96875 18.94700
v 157154.84375 379537.25000 32.40200
v 157154.84375 379537.25000 18.94700
v 157160.67188 379572.96875 32.40200
v 157175.57812 379553.75000 18.94700
v 157160.67188 379572.96875 18.94700
v 157175.57812 379553.75000 32.40200
v 157163.31250 379575.03125 32.40200
v 157163.31250 379575.03125 18.94700
v 157166.00000 379571.56250 32.40200
v 157166.00000 379571.56250 18.94700
v 157180.28125 379582.75000 32.40200
v 157180.28125 379582.75000 18.94700
v 157189.82812 379570.53125 32.40200
v 157189.82812 379570.53125 18.94700
v 157175.46875 379559.40625 32.40200
v 157175.46875 379559.40625 18.94700
v 157178.25000 379555.81250 32.40200
v 157178.25000 379555.81250 18.94700
v 157198.71875 379577.37500 32.40200
v 157210.09375 379586.31250 18.94700
v 157198.71875 379577.37500 18.94700
v 157210.09375 379586.31250 32.40200
v 157188.93750 379589.81250 32.40200
v 157188.93750 379589.81250 18.94700
v 157200.26562 379598.71875 32.40200
v 157200.26562 379598.71875 18.94700
v 157199.26562 379599.96875 32.40200
v 157199.26562 379599.96875 18.94700
v 157201.85938 379602.03125 32.40200
v 157201.85938 379602.03125 18.94700
v 157213.81250 379586.81250 32.40200
v 157213.81250 379586.81250 18.94700
v 157211.28125 379584.81250 32.40200
v 157211.28125 379584.81250 18.94700
v 157221.48438 379594.81250 32.40200
v 157232.92188 379603.59375 18.94700
v 157221.48438 379594.81250 18.94700
v 157232.92188 379603.59375 32.40200
v 157222.50000 379593.46875 32.40200
v 157222.50000 379593.46875 18.94700
v 157219.92188 379591.50000 32.40200
v 157219.92188 379591.50000 18.94700
v 157208.42188 379606.46875 32.40200
v 157208.42188 379606.46875 18.94700
v 157211.01562 379608.46875 32.40200
v 157211.01562 379608.46875 18.94700
v 157211.96875 379607.21875 32.40200
v 157211.96875 379607.21875 18.94700
v 157223.39062 379616.00000 32.40200
v 157223.39062 379616.00000 18.94700
v 157232.34375 379623.31250 32.40200
v 157241.84375 379611.12500 18.94700
v 157232.34375 379623.31250 18.94700
v 157241.84375 379611.12500 32.40200
v 157246.39062 379634.25000 32.40200
v 157246.39062 379634.25000 18.94700
v 157247.21875 379633.21875 32.40200
v 157247.21875 379633.21875 18.94700
v 157244.57812 379631.15625 32.40200
v 157244.57812 379631.15625 18.94700
v 157248.28125 379626.40625 32.40200
v 157248.28125 379626.40625 18.94700
v 157250.92188 379628.46875 32.40200
v 157250.92188 379628.46875 18.94700
v 157255.89062 379622.09375 32.40200
v 157255.89062 379622.09375 18.94700
v 157251.68750 379637.62500 32.40200
v 157259.59375 379627.50000 18.94700
v 157251.68750 379637.62500 18.94700
v 157259.59375 379627.50000 32.40200
v 157262.34375 379645.96875 32.40200
v 157262.34375 379645.96875 18.94700
v 157270.25000 379635.84375 32.40200
v 157270.25000 379635.84375 18.94700
v 157269.84375 379614.40625 32.40200
v 157277.75000 379604.31250 18.94700
v 157269.84375 379614.40625 18.94700
v 157277.75000 379604.31250 32.40200
v 157280.50000 379622.75000 32.40200
v 157280.50000 379622.75000 18.94700
v 157288.42188 379612.62500 32.40200
v 157288.42188 379612.62500 18.94700
v 157228.00000 379581.90625 32.40200
v 157235.93750 379571.75000 18.94700
v 157228.00000 379581.90625 18.94700
v 157235.93750 379571.75000 32.40200
v 157237.64062 379589.43750 32.40200
v 157237.64062 379589.43750 18.94700
v 157239.04688 379587.65625 32.40200
v 157239.04688 379587.65625 18.94700
v 157259.09375 379603.31250 32.40200
v 157259.09375 379603.31250 18.94700
v 157257.71875 379605.06250 32.40200
v 157257.71875 379605.06250 18.94700
v 157264.73438 379610.50000 32.40200
v 157264.73438 379610.50000 18.94700
v 157272.64062 379600.37500 32.40200
v 157272.64062 379600.37500 18.94700
v 157269.90625 379598.25000 32.40200
v 157269.90625 379598.25000 18.94700
v 157269.64062 379598.59375 32.40200
v 157269.64062 379598.59375 18.94700
v 157267.62500 379597.56250 32.40200
v 157267.62500 379597.56250 18.94700
v 157265.64062 379596.46875 32.40200
v 157265.64062 379596.46875 18.94700
v 157263.70312 379595.28125 32.40200
v 157263.70312 379595.28125 18.94700
v 157261.81250 379594.06250 32.40200
v 157261.81250 379594.06250 18.94700
v 157259.95312 379592.75000 32.40200
v 157259.95312 379592.75000 18.94700
v 157258.14062 379591.40625 32.40200
v 157258.14062 379591.40625 18.94700
v 157256.39062 379589.96875 32.40200
v 157256.39062 379589.96875 18.94700
v 157254.67188 379588.50000 32.40200
v 157254.67188 379588.50000 18.94700
v 157253.01562 379586.93750 32.40200
v 157253.01562 379586.93750 18.94700
v 157251.42188 379585.34375 32.40200
v 157251.42188 379585.34375 18.94700
v 157249.87500 379583.68750 32.40200
v 157249.87500 379583.68750 18.94700
v 157248.37500 379582.00000 32.40200
v 157248.37500 379582.00000 18.94700
v 157248.64062 379581.65625 32.40200
v 157248.64062 379581.65625 18.94700
v 157288.01562 379591.18750 32.40200
v 157295.92188 379581.09375 18.94700
v 157288.01562 379591.18750 18.94700
v 157295.92188 379581.09375 32.40200
v 157298.67188 379599.53125 32.40200
v 157298.67188 379599.53125 18.94700
v 157306.57812 379589.43750 32.40200
v 157306.57812 379589.43750 18.94700
v 157282.29688 379570.40625 32.40200
v 157292.95312 379578.75000 18.94700
v 157282.29688 379570.40625 18.94700
v 157292.95312 379578.75000 32.40200
v 157274.39062 379580.53125 32.40200
v 157274.39062 379580.53125 18.94700
v 157285.04688 379588.84375 32.40200
v 157285.04688 379588.84375 18.94700
v 157263.39062 379555.62500 32.40200
v 157273.51562 379563.53125 18.94700
v 157263.39062 379555.62500 18.94700
v 157273.51562 379563.53125 32.40200
v 157252.84375 379569.12500 32.40200
v 157252.84375 379569.12500 18.94700
v 157262.95312 379577.03125 32.40200
v 157262.95312 379577.03125 18.94700
v 157208.10938 379511.56250 32.40200
v 157226.28125 379525.71875 18.94700
v 157208.10938 379511.56250 18.94700
v 157226.28125 379525.71875 32.40200
v 157201.17188 379520.50000 32.40200
v 157201.17188 379520.50000 18.94700
v 157219.31250 379534.62500 32.40200
v 157219.31250 379534.62500 18.94700
v 157213.73438 379676.71875 32.40200
v 157179.14062 379649.78125 18.94700
v 157213.73438 379676.71875 18.94700
v 157179.14062 379649.78125 32.40200
v 157219.28125 379669.59375 32.40200
v 157219.28125 379669.59375 18.94700
v 157184.53125 379642.50000 32.40200
v 157184.53125 379642.50000 18.94700
v 157185.65625 379641.03125 32.40200
v 157185.65625 379641.03125 18.94700
v 157183.43750 379639.31250 32.40200
v 157183.43750 379639.31250 18.94700
v 157175.78125 379649.15625 32.40200
v 157175.78125 379649.15625 18.94700
v 157178.17188 379651.00000 32.40200
v 157178.17188 379651.00000 18.94700
v 157195.15625 379624.31250 32.40200
v 157200.87500 379616.96875 18.94700
v 157195.15625 379624.31250 18.94700
v 157200.87500 379616.96875 32.40200
v 157197.35938 379626.03125 32.40200
v 157197.35938 379626.03125 18.94700
v 157198.50000 379624.59375 32.40200
v 157198.50000 379624.59375 18.94700
v 157233.25000 379651.68750 32.40200
v 157233.25000 379651.68750 18.94700
v 157237.73438 379645.96875 32.40200
v 157237.73438 379645.96875 18.94700
v 157217.59375 379630.28125 32.40200
v 157217.59375 379630.28125 18.94700
v 157217.23438 379630.71875 32.40200
v 157217.23438 379630.71875 18.94700
v 157214.40625 379628.53125 32.40200
v 157214.40625 379628.53125 18.94700
v 157214.78125 379628.06250 32.40200
v 157214.78125 379628.06250 18.94700
v 157209.07812 379623.62500 32.40200
v 157209.07812 379623.62500 18.94700
v 157208.71875 379624.09375 32.40200
v 157208.71875 379624.09375 18.94700
v 157205.89062 379621.90625 32.40200
v 157205.89062 379621.90625 18.94700
v 157206.26562 379621.40625 32.40200
v 157206.26562 379621.40625 18.94700
v 157203.15625 379618.96875 32.40200
v 157203.15625 379618.96875 18.94700
v 157203.25000 379618.84375 32.40200
v 157203.25000 379618.84375 18.94700
v 157325.98438 379879.56250 18.85600
v 157301.12500 379904.90625 18.85600
v 157345.87500 379945.43750 18.85600
v 157382.96875 379904.46875 18.85600
v 157345.75000 379871.37500 18.85600
v 157342.70312 379874.75000 18.85600
v 157335.28125 379868.00000 18.85600
v 157329.20312 379876.00000 18.85600
v 157328.56250 379875.43750 18.85600
v 157324.92188 379878.59375 18.85600
v 157301.12500 379904.90625 28.41800
v 157345.87500 379945.43750 28.41800
v 157324.92188 379878.59375 28.41800
v 157325.98438 379879.56250 28.41800
v 157329.20312 379876.00000 28.41800
v 157328.56250 379875.43750 28.41800
v 157335.28125 379868.00000 28.41800
v 157345.75000 379871.37500 28.41800
v 157342.70312 379874.75000 28.41800
v 157382.96875 379904.46875 28.41800
v 157358.23438 379615.43750 19.04900
v 157357.59375 379620.59375 19.04900
v 157360.17188 379619.84375 19.04900
v 157355.57812 379616.50000 19.04900
v 157352.14062 379621.62500 19.04900
v 157350.50000 379617.90625 19.04900
v 157346.20312 379618.43750 19.04900
v 157346.46875 379621.81250 19.04900
v 157346.60938 379621.81250 19.04900
v 157350.50000 379617.90625 22.95300
v 157346.20312 379618.43750 22.95300
v 157346.60938 379621.81250 22.95300
v 157346.46875 379621.81250 22.95300
v 157352.14062 379621.62500 22.95300
v 157355.57812 379616.50000 22.95300
v 157358.23438 379615.43750 22.95300
v 157357.59375 379620.59375 22.95300
v 157360.17188 379619.84375 22.95300
v 157378.45312 379581.12500 19.03100
v 157378.46875 379581.59375 19.03100
v 157385.40625 379580.62500 19.03100
v 157376.28125 379584.34375 19.03100
v 157385.59375 379584.28125 19.03100
v 157376.20312 379581.75000 19.03100
v 157376.12500 379587.15625 19.03100
v 157385.17188 379589.81250 19.03100
v 157375.71875 379589.96875 19.03100
v 157375.07812 379592.71875 19.03100
v 157383.95312 379595.18750 19.03100
v 157374.18750 379595.37500 19.03100
v 157382.03125 379600.15625 19.03100
v 157382.54688 379599.00000 19.03100
v 157373.06250 379597.90625 19.03100
v 157379.29688 379605.03125 19.03100
v 157375.87500 379609.46875 19.03100
v 157370.54688 379602.28125 19.03100
v 157375.09375 379610.31250 19.03100
v 157366.29688 379610.28125 19.03100
v 157372.10938 379613.06250 19.03100
v 157364.64062 379608.87500 19.03100
v 157357.20312 379599.31250 19.03100
v 157366.14062 379596.56250 19.03100
v 157365.09375 379594.12500 19.03100
v 157355.62500 379594.84375 19.03100
v 157364.35938 379591.59375 19.03100
v 157355.25000 379593.21875 19.03100
v 157363.95312 379588.96875 19.03100
v 157354.73438 379589.78125 19.03100
v 157363.89062 379586.21875 19.03100
v 157361.96875 379583.34375 19.03100
v 157355.21875 379581.65625 19.03100
v 157354.73438 379584.96875 19.03100
v 157364.23438 379583.78125 19.03100
v 157362.04688 379582.90625 19.03100
v 157358.82812 379602.40625 19.03100
v 157367.51562 379598.84375 19.03100
v 157360.18750 379604.43750 19.03100
v 157361.67188 379606.37500 19.03100
v 157369.17188 379600.93750 19.03100
v 157362.48438 379607.34375 19.03100
v 157362.78125 379607.09375 19.03100
v 157364.71875 379611.53125 19.03100
v 157367.46875 379616.37500 19.03100
v 157363.06250 379612.71875 19.03100
v 157366.09375 379617.18750 19.03100
v 157371.73438 379600.46875 19.03100
v 157383.28125 379597.18750 19.03100
v 157366.29688 379610.28125 26.40700
v 157364.71875 379611.53125 26.40700
v 157363.06250 379612.71875 26.40700
v 157364.23438 379583.78125 26.40700
v 157361.96875 379583.34375 26.40700
v 157362.04688 379582.90625 26.40700
v 157362.78125 379607.09375 26.40700
v 157364.64062 379608.87500 26.40700
v 157366.09375 379617.18750 26.40700
v 157364.35938 379591.59375 26.40700
v 157363.95312 379588.96875 26.40700
v 157362.48438 379607.34375 26.40700
v 157361.67188 379606.37500 26.40700
v 157358.82812 379602.40625 26.40700
v 157360.18750 379604.43750 26.40700
v 157363.89062 379586.21875 26.40700
v 157357.20312 379599.31250 26.40700
v 157354.73438 379589.78125 26.40700
v 157354.73438 379584.96875 26.40700
v 157355.62500 379594.84375 26.40700
v 157355.21875 379581.65625 26.40700
v 157355.25000 379593.21875 26.40700
v 157365.09375 379594.12500 26.40700
v 157370.54688 379602.28125 26.40700
v 157369.17188 379600.93750 26.40700
v 157366.14062 379596.56250 26.40700
v 157367.51562 379598.84375 26.40700
v 157379.29688 379605.03125 26.40700
v 157382.03125 379600.15625 26.40700
v 157382.54688 379599.00000 26.40700
v 157383.28125 379597.18750 26.40700
v 157371.73438 379600.46875 26.40700
v 157373.06250 379597.90625 26.40700
v 157375.71875 379589.96875 26.40700
v 157375.07812 379592.71875 26.40700
v 157374.18750 379595.37500 26.40700
v 157376.12500 379587.15625 26.40700
v 157376.28125 379584.34375 26.40700
v 157385.59375 379584.28125 26.40700
v 157385.40625 379580.62500 26.40700
v 157376.20312 379581.75000 26.40700
v 157367.46875 379616.37500 26.40700
v 157378.46875 379581.59375 26.40700
v 157378.45312 379581.12500 26.40700
v 157385.17188 379589.81250 26.40700
v 157383.95312 379595.18750 26.40700
v 157375.87500 379609.46875 26.40700
v 157375.09375 379610.31250 26.40700
v 157372.10938 379613.06250 26.40700
v 157574.70312 379838.75000 18.90200
v 157574.70312 379838.93750 18.90200
v 157575.20312 379839.43750 18.90200
v 157576.62500 379822.53125 18.90200
v 157569.46875 379829.93750 18.90200
v 157571.68750 379832.09375 18.90200
v 157584.32812 379830.00000 18.90200
v 157569.82812 379834.03125 18.90200
v 157574.26562 379838.50000 18.90200
v 157574.37500 379838.40625 18.90200
v 157574.70312 379838.93750 25.81100
v 157574.70312 379838.75000 25.81100
v 157575.20312 379839.43750 25.81100
v 157584.32812 379830.00000 25.81100
v 157569.46875 379829.93750 25.81100
v 157571.68750 379832.09375 25.81100
v 157576.62500 379822.53125 25.81100
v 157569.82812 379834.03125 25.81100
v 157574.26562 379838.50000 25.81100
v 157574.37500 379838.40625 25.81100
v 157386.67188 379838.53125 19.34000
v 157392.56250 379848.68750 19.34000
v 157394.96875 379846.00000 19.34000
v 157378.82812 379847.21875 19.34000
v 157375.39062 379850.15625 19.34000
v 157375.81250 379850.56250 19.34000
v 157378.39062 379846.84375 19.34000
v 157371.54688 379855.31250 19.34000
v 157374.73438 379858.21875 19.34000
v 157394.31250 379883.90625 19.34000
v 157370.71875 379862.65625 19.34000
v 157410.76562 379865.21875 19.34000
v 157410.84375 379865.15625 19.34000
v 157410.95312 379865.37500 19.34000
v 157371.54688 379855.31250 26.49900
v 157374.73438 379858.21875 26.49900
v 157375.81250 379850.56250 26.49900
v 157370.71875 379862.65625 26.49900
v 157378.82812 379847.21875 26.49900
v 157378.39062 379846.84375 26.49900
v 157375.39062 379850.15625 26.49900
v 157386.67188 379838.53125 26.49900
v 157392.56250 379848.68750 26.49900
v 157394.96875 379846.00000 26.49900
v 157410.84375 379865.15625 26.49900
v 157410.76562 379865.21875 26.49900
v 157394.31250 379883.90625 26.49900
v 157410.95312 379865.37500 26.49900
v 157553.09375 379723.84375 18.95500
v 157576.31250 379741.56250 18.95500
v 157577.82812 379740.00000 18.95500
v 157559.21875 379691.37500 18.95500
v 157548.03125 379707.50000 18.95500
v 157553.51562 379713.06250 18.95500
v 157547.98438 379707.43750 18.95500
v 157547.96875 379707.59375 18.95500
v 157572.21875 379703.96875 18.95500
v 157547.92188 379718.75000 18.95500
v 157566.67188 379746.71875 18.95500
v 157546.64062 379730.46875 18.95500
v 157564.42188 379749.03125 18.95500
v 157570.21875 379750.18750 18.95500
v 157577.43750 379742.65625 18.95500
v 157578.39062 379740.56250 18.95500
v 157583.39062 379735.09375 18.95500
v 157573.79688 379704.03125 18.95500
v 157584.35938 379735.96875 18.95500
v 157593.50000 379724.59375 18.95500
v 157593.65625 379724.75000 18.95500
v 157594.09375 379724.03125 18.95500
v 157553.51562 379713.06250 25.06200
v 157547.92188 379718.75000 25.06200
v 157553.09375 379723.84375 25.06200
v 157546.64062 379730.46875 25.06200
v 157583.39062 379735.09375 25.06200
v 157593.65625 379724.75000 25.06200
v 157593.50000 379724.59375 25.06200
v 157594.09375 379724.03125 25.06200
v 157577.43750 379742.65625 25.06200
v 157576.31250 379741.56250 25.06200
v 157570.21875 379750.18750 25.06200
v 157547.98438 379707.43750 25.06200
v 157548.03125 379707.50000 25.06200
v 157547.96875 379707.59375 25.06200
v 157577.82812 379740.00000 25.06200
v 157578.39062 379740.56250 25.06200
v 157564.42188 379749.03125 25.06200
v 157566.67188 379746.71875 25.06200
v 157584.35938 379735.96875 25.06200
v 157559.21875 379691.37500 25.06200
v 157572.21875 379703.96875 25.06200
v 157573.79688 379704.03125 25.06200
v 157564.06250 379901.90625 18.71900
v 157563.10938 379919.34375 18.71900
v 157572.18750 379909.90625 18.71900
v 157591.60938 379873.56250 18.71900
v 157579.76562 379862.06250 18.71900
v 157579.73438 379862.09375 18.71900
v 157521.68750 379879.09375 18.71900
v 157579.67188 379862.03125 18.71900
v 157560.39062 379881.87500 18.71900
v 157539.12500 379861.15625 18.71900
v 157539.12500 379861.15625 25.57500
v 157521.68750 379879.09375 25.57500
v 157560.39062 379881.87500 25.57500
v 157563.10938 379919.34375 25.57500
v 157572.18750 379909.90625 25.57500
v 157564.06250 379901.90625 25.57500
v 157579.67188 379862.03125 25.57500
v 157591.60938 379873.56250 25.57500
v 157579.76562 379862.06250 25.57500
v 157579.73438 379862.09375 25.57500
v 157537.45312 379826.71875 18.64600
v 157512.81250 379802.78125 18.64600
v 157520.01562 379844.62500 18.64600
v 157516.20312 379799.31250 18.64600
v 157506.25000 379789.18750 18.64600
v 157485.20312 379810.81250 18.64600
v 157518.42188 379801.46875 18.64600
v 157518.67188 379801.21875 18.64600
v 157518.42188 379801.46875 23.80100
v 157518.67188 379801.21875 23.80100
v 157516.20312 379799.31250 23.80100
v 157512.81250 379802.78125 23.80100
v 157506.25000 379789.18750 23.80100
v 157537.45312 379826.71875 23.80100
v 157485.20312 379810.81250 23.80100
v 157520.01562 379844.62500 23.80100
v 157458.39062 379848.65625 18.54800
v 157444.64062 379853.21875 18.54800
v 157468.06250 379857.90625 18.54800
v 157483.81250 379877.50000 18.54800
v 157483.84375 379875.75000 18.54800
v 157480.12500 379879.56250 18.54800
v 157465.45312 379848.75000 18.54800
v 157466.67188 379847.46875 18.54800
v 157463.68750 379844.71875 18.54800
v 157468.60938 379876.12500 18.54800
v 157471.17188 379860.90625 18.54800
v 157471.35938 379854.50000 18.54800
v 157468.53125 379876.40625 18.54800
v 157488.40625 379871.03125 18.54800
v 157474.57812 379858.09375 18.54800
v 157472.45312 379872.12500 18.54800
v 157463.78125 379844.65625 18.54800
v 157479.75000 379853.28125 18.54800
v 157478.65625 379853.21875 18.54800
v 157462.95312 379843.96875 18.54800
v 157453.62500 379844.00000 18.54800
v 157468.68750 379876.18750 18.54800
v 157471.92188 379860.50000 18.54800
v 157481.82812 379879.53125 18.54800
v 157484.79688 379874.78125 18.54800
v 157488.45312 379872.75000 18.54800
v 157486.48438 379874.71875 18.54800
v 157489.37500 379870.03125 18.54800
v 157493.06250 379867.87500 18.54800
v 157493.06250 379866.21875 18.54800
v 157491.06250 379869.96875 18.54800
v 157474.35938 379857.62500 18.54800
v 157471.79688 379860.28125 18.54800
v 157484.79688 379874.78125 25.63500
v 157486.48438 379874.71875 25.63500
v 157444.64062 379853.21875 25.63500
v 157468.53125 379876.40625 25.63500
v 157480.12500 379879.56250 25.63500
v 157481.82812 379879.53125 25.63500
v 157472.45312 379872.12500 25.63500
v 157458.39062 379848.65625 25.63500
v 157453.62500 379844.00000 25.63500
v 157471.17188 379860.90625 25.63500
v 157468.06250 379857.90625 25.63500
v 157462.95312 379843.96875 25.63500
v 157465.45312 379848.75000 25.63500
v 157466.67188 379847.46875 25.63500
v 157471.35938 379854.50000 25.63500
v 157471.79688 379860.28125 25.63500
v 157463.78125 379844.65625 25.63500
v 157478.65625 379853.21875 25.63500
v 157474.35938 379857.62500 25.63500
v 157468.60938 379876.12500 25.63500
v 157489.37500 379870.03125 25.63500
v 157491.06250 379869.96875 25.63500
v 157493.06250 379866.21875 25.63500
v 157479.75000 379853.28125 25.63500
v 157493.06250 379867.87500 25.63500
v 157488.40625 379871.03125 25.63500
v 157488.45312 379872.75000 25.63500
v 157471.92188 379860.50000 25.63500
v 157483.81250 379877.50000 25.63500
v 157483.84375 379875.75000 25.63500
v 157468.68750 379876.18750 25.63500
v 157474.57812 379858.09375 25.63500
v 157463.68750 379844.71875 25.63500
v 157409.03125 379847.03125 19.14500
v 157411.10938 379844.96875 19.14500
v 157407.78125 379841.62500 19.14500
v 157406.31250 379835.93750 19.14500
v 157400.40625 379841.78125 19.14500
v 157410.73438 379848.75000 19.14500
v 157409.01562 379850.46875 19.14500
v 157409.87500 379839.53125 19.14500
v 157407.78125 379841.62500 21.78100
v 157409.87500 379839.53125 21.78100
v 157406.31250 379835.93750 21.78100
v 157410.73438 379848.75000 21.78100
v 157409.03125 379847.03125 21.78100
v 157411.10938 379844.96875 21.78100
v 157400.40625 379841.78125 21.78100
v 157409.01562 379850.46875 21.78100
v 157499.70312 379779.40625 19.10800
v 157503.06250 379767.87500 19.10800
v 157492.35938 379772.21875 19.10800
v 157499.73438 379764.62500 19.10800
v 157482.45312 379795.90625 19.10800
v 157506.18750 379789.15625 19.10800
v 157495.59375 379783.59375 19.10800
v 157506.48438 379768.25000 19.10800
v 157475.78125 379800.37500 19.10800
v 157485.46875 379811.06250 19.10800
v 157495.03125 379783.03125 19.10800
v 157474.68750 379801.50000 19.10800
v 157481.40625 379795.12500 19.10800
v 157481.26562 379794.75000 19.10800
v 157481.12500 379794.90625 19.10800
v 157478.01562 379818.21875 19.10800
v 157481.96875 379814.68750 19.10800
v 157469.95312 379796.84375 19.10800
v 157463.87500 379804.50000 19.10800
v 157512.20312 379776.62500 19.10800
v 157515.45312 379779.84375 19.10800
v 157507.46875 379767.21875 19.10800
v 157514.57812 379774.15625 19.10800
v 157506.09375 379767.84375 19.10800
v 157503.06250 379767.87500 25.29200
v 157499.73438 379764.62500 25.29200
v 157492.35938 379772.21875 25.29200
v 157506.09375 379767.84375 25.29200
v 157506.48438 379768.25000 25.29200
v 157507.46875 379767.21875 25.29200
v 157514.57812 379774.15625 25.29200
v 157506.18750 379789.15625 25.29200
v 157515.45312 379779.84375 25.29200
v 157512.20312 379776.62500 25.29200
v 157499.70312 379779.40625 25.29200
v 157495.59375 379783.59375 25.29200
v 157485.46875 379811.06250 25.29200
v 157469.95312 379796.84375 25.29200
v 157463.87500 379804.50000 25.29200
v 157474.68750 379801.50000 25.29200
v 157481.96875 379814.68750 25.29200
v 157478.01562 379818.21875 25.29200
v 157475.78125 379800.37500 25.29200
v 157482.45312 379795.90625 25.29200
v 157481.26562 379794.75000 25.29200
v 157495.03125 379783.03125 25.29200
v 157481.40625 379795.12500 25.29200
v 157481.12500 379794.90625 25.29200
v 157515.68750 379847.59375 18.68000
v 157515.78125 379847.53125 18.68000
v 157481.96875 379814.68750 18.68000
v 157481.68750 379814.43750 18.68000
v 157464.93750 379831.84375 18.68000
v 157464.84375 379831.75000 18.68000
v 157503.76562 379859.59375 18.68000
v 157503.89062 379859.46875 18.68000
v 157500.65625 379856.53125 18.68000
v 157495.62500 379861.78125 18.68000
v 157464.84375 379831.93750 18.68000
v 157504.10938 379859.65625 18.68000
v 157515.76562 379847.65625 18.68000
v 157464.84375 379831.93750 24.58500
v 157495.62500 379861.78125 24.58500
v 157464.93750 379831.84375 24.58500
v 157500.65625 379856.53125 24.58500
v 157515.78125 379847.53125 24.58500
v 157481.96875 379814.68750 24.58500
v 157515.68750 379847.59375 24.58500
v 157503.76562 379859.59375 24.58500
v 157503.89062 379859.46875 24.58500
v 157504.10938 379859.65625 24.58500
v 157481.68750 379814.43750 24.58500
v 157464.84375 379831.75000 24.58500
v 157515.76562 379847.65625 24.58500
v 157518.67188 379801.21875 18.75900
v 157520.35938 379774.81250 18.75900
v 157515.45312 379779.84375 18.75900
v 157506.18750 379789.15625 18.75900
v 157555.81250 379809.31250 18.75900
v 157541.79688 379823.71875 18.75900
v 157506.18750 379789.15625 24.95200
v 157518.67188 379801.21875 24.95200
v 157541.79688 379823.71875 24.95200
v 157520.35938 379774.81250 24.95200
v 157515.45312 379779.84375 24.95200
v 157555.81250 379809.31250 24.95200
v 157444.14062 379830.03125 19.03300
v 157465.32812 379808.78125 19.03300
v 157465.12500 379808.56250 19.03300
v 157444.96875 379795.75000 19.03300
v 157448.50000 379792.15625 19.03300
v 157432.50000 379793.00000 19.03300
v 157430.62500 379790.18750 19.03300
v 157430.79688 379791.34375 19.03300
v 157436.09375 379785.87500 19.03300
v 157434.84375 379785.90625 19.03300
v 157438.96875 379789.90625 19.03300
v 157439.09375 379788.78125 19.03300
v 157431.79688 379793.71875 19.03300
v 157431.14062 379793.06250 19.03300
v 157431.00000 379793.18750 19.03300
v 157429.82812 379795.59375 19.03300
v 157429.25000 379795.00000 19.03300
v 157428.03125 379797.43750 19.03300
v 157423.09375 379818.31250 19.03300
v 157426.87500 379797.31250 19.03300
v 157421.56250 379802.71875 19.03300
v 157421.73438 379803.90625 19.03300
v 157421.45312 379804.18750 19.03300
v 157420.78125 379804.12500 19.03300
v 157415.09375 379809.93750 19.03300
v 157415.18750 379810.65625 19.03300
v 157444.18750 379830.09375 19.03300
v 157409.95312 379831.90625 19.03300
v 157410.18750 379832.12500 19.03300
v 157410.14062 379832.18750 19.03300
v 157426.67188 379847.78125 19.03300
v 157426.50000 379847.93750 19.03300
v 157426.82812 379847.90625 19.03300
v 157421.73438 379803.90625 25.12200
v 157421.45312 379804.18750 25.12200
v 157428.03125 379797.43750 25.12200
v 157426.87500 379797.31250 25.12200
v 157429.82812 379795.59375 25.12200
v 157429.25000 379795.00000 25.12200
v 157421.56250 379802.71875 25.12200
v 157444.96875 379795.75000 25.12200
v 157438.96875 379789.90625 25.12200
v 157430.62500 379790.18750 25.12200
v 157430.79688 379791.34375 25.12200
v 157434.84375 379785.90625 25.12200
v 157420.78125 379804.12500 25.12200
v 157415.09375 379809.93750 25.12200
v 157439.09375 379788.78125 25.12200
v 157436.09375 379785.87500 25.12200
v 157448.50000 379792.15625 25.12200
v 157465.12500 379808.56250 25.12200
v 157415.18750 379810.65625 25.12200
v 157423.09375 379818.31250 25.12200
v 157409.95312 379831.90625 25.12200
v 157410.18750 379832.12500 25.12200
v 157426.67188 379847.78125 25.12200
v 157426.82812 379847.90625 25.12200
v 157444.14062 379830.03125 25.12200
v 157426.50000 379847.93750 25.12200
v 157444.18750 379830.09375 25.12200
v 157431.00000 379793.18750 25.12200
v 157432.50000 379793.00000 25.12200
v 157431.79688 379793.71875 25.12200
v 157431.14062 379793.06250 25.12200
v 157410.14062 379832.18750 25.12200
v 157465.32812 379808.78125 25.12200
v 157541.89062 379721.18750 19.12900
v 157536.45312 379726.53125 19.12900
v 157536.84375 379726.90625 19.12900
v 157540.57812 379730.56250 19.12900
v 157546.15625 379725.15625 19.12900
v 157536.60938 379726.90625 19.12900
v 157540.59375 379730.75000 19.12900
v 157540.67188 379730.68750 19.12900
v 157541.96875 379721.09375 19.12900
v 157541.76562 379721.06250 19.12900
v 157541.96875 379721.09375 23.74900
v 157541.89062 379721.18750 23.74900
v 157546.15625 379725.15625 23.74900
v 157541.76562 379721.06250 23.74900
v 157536.45312 379726.53125 23.74900
v 157540.67188 379730.68750 23.74900
v 157536.60938 379726.90625 23.74900
v 157540.59375 379730.75000 23.74900
v 157536.84375 379726.90625 23.74900
v 157540.57812 379730.56250 23.74900
v 157574.17188 379667.15625 18.46800
v 157576.48438 379679.50000 18.46800
v 157581.53125 379674.28125 18.46800
v 157569.10938 379672.37500 18.46800
v 157581.53125 379674.28125 24.77500
v 157574.17188 379667.15625 24.77500
v 157569.10938 379672.37500 24.77500
v 157576.48438 379679.50000 24.77500
o NL.IMBAG.Pand.0861100000376288-0
usemtl 0
f 1 2 3
usemtl 0
f 4 1 3
usemtl 2
f 5 6 3
usemtl 2
f 2 5 3
usemtl 2
f 7 5 2
usemtl 2
f 1 7 2
usemtl 2
f 6 8 4
usemtl 2
f 3 6 4
usemtl 2
f 8 7 1
usemtl 2
f 4 8 1
usemtl 1
f 6 7 8
usemtl 1
f 6 5 7
o NL.IMBAG.Pand.0861100000421031-1
usemtl 0
f 9 10 11
usemtl 0
f 9 12 10
usemtl 2
f 13 14 11
usemtl 2
f 10 13 11
usemtl 2
f 15 13 10
usemtl 2
f 12 15 10
usemtl 2
f 14 16 9
usemtl 2
f 11 14 9
usemtl 2
f 16 15 12
usemtl 2
f 9 16 12
usemtl 1
f 13 15 16
usemtl 1
f 14 13 16
o NL.IMBAG.Pand.0861100000376285-2
usemtl 0
f 17 18 19
usemtl 0
f 20 18 17
usemtl 0
f 18 21 19
usemtl 0
f 18 22 23
usemtl 0
f 18 23 21
usemtl 0
f 23 24 21
usemtl 0
f 24 25 21
usemtl 2
f 26 27 18
usemtl 2
f 20 26 18
usemtl 2
f 28 26 20
usemtl 2
f 17 28 20
usemtl 2
f 29 30 25
usemtl 2
f 24 29 25
usemtl 2
f 31 32 23
usemtl 2
f 22 31 23
usemtl 2
f 27 31 22
usemtl 2
f 18 27 22
usemtl 2
f 33 28 17
usemtl 2
f 19 33 17
usemtl 2
f 32 29 24
usemtl 2
f 23 32 24
usemtl 2
f 30 34 21
usemtl 2
f 25 30 21
usemtl 2
f 34 33 19
usemtl 2
f 21 34 19
usemtl 1
f 27 33 34
usemtl 1
f 29 32 34
usemtl 1
f 30 29 34
usemtl 1
f 27 32 31
usemtl 1
f 33 27 28
usemtl 1
f 34 32 27
usemtl 1
f 27 26 28
o NL.IMBAG.Pand.0861100000376286-3
usemtl 0
f 35 36 37
usemtl 0
f 38 39 37
usemtl 0
f 38 40 39
usemtl 0
f 39 41 42
usemtl 0
f 43 41 39
usemtl 0
f 39 42 37
usemtl 0
f 42 44 37
usemtl 0
f 45 46 42
usemtl 0
f 46 47 42
usemtl 0
f 48 47 46
usemtl 0
f 47 49 42
usemtl 0
f 50 51 47
usemtl 0
f 51 49 47
usemtl 0
f 49 52 44
usemtl 0
f 53 54 55
usemtl 0
f 53 55 49
usemtl 0
f 55 56 52
usemtl 0
f 57 56 55
usemtl 0
f 55 52 49
usemtl 0
f 58 52 56
usemtl 0
f 52 59 44
usemtl 0
f 60 61 52
usemtl 0
f 61 62 63
usemtl 0
f 64 62 61
usemtl 0
f 61 63 52
usemtl 0
f 63 59 52
usemtl 0
f 59 65 44
usemtl 0
f 66 65 59
usemtl 0
f 49 44 42
usemtl 0
f 67 68 65
usemtl 0
f 68 44 65
usemtl 0
f 44 35 37
usemtl 0
f 69 35 44
usemtl 0
f 70 35 69
usemtl 2
f 71 72 65
usemtl 2
f 66 71 65
usemtl 2
f 72 73 67
usemtl 2
f 65 72 67
usemtl 2
f 74 75 44
usemtl 2
f 68 74 44
usemtl 2
f 75 76 69
usemtl 2
f 44 75 69
usemtl 2
f 73 74 68
usemtl 2
f 67 73 68
usemtl 2
f 77 78 52
usemtl 2
f 58 77 52
usemtl 2
f 79 77 58
usemtl 2
f 56 79 58
usemtl 2
f 80 81 63
usemtl 2
f 62 80 63
usemtl 2
f 81 82 59
usemtl 2
f 63 81 59
usemtl 2
f 82 71 66
usemtl 2
f 59 82 66
usemtl 2
f 83 84 61
usemtl 2
f 60 83 61
usemtl 2
f 78 83 60
usemtl 2
f 52 78 60
usemtl 2
f 85 80 62
usemtl 2
f 64 85 62
usemtl 2
f 84 85 64
usemtl 2
f 61 84 64
usemtl 2
f 86 79 56
usemtl 2
f 57 86 56
usemtl 2
f 87 88 55
usemtl 2
f 54 87 55
usemtl 2
f 88 86 57
usemtl 2
f 55 88 57
usemtl 2
f 89 87 54
usemtl 2
f 53 89 54
usemtl 2
f 90 89 53
usemtl 2
f 49 90 53
usemtl 2
f 91 90 49
usemtl 2
f 51 91 49
usemtl 2
f 92 93 50
usemtl 2
f 47 92 50
usemtl 2
f 93 91 51
usemtl 2
f 50 93 51
usemtl 2
f 94 92 47
usemtl 2
f 48 94 47
usemtl 2
f 95 96 37
usemtl 2
f 36 95 37
usemtl 2
f 97 94 48
usemtl 2
f 46 97 48
usemtl 2
f 98 97 46
usemtl 2
f 45 98 46
usemtl 2
f 99 98 45
usemtl 2
f 42 99 45
usemtl 2
f 100 99 42
usemtl 2
f 41 100 42
usemtl 2
f 101 100 41
usemtl 2
f 43 101 41
usemtl 2
f 102 103 39
usemtl 2
f 40 102 39
usemtl 2
f 103 101 43
usemtl 2
f 39 103 43
usemtl 2
f 96 104 38
usemtl 2
f 37 96 38
usemtl 2
f 104 102 40
usemtl 2
f 38 104 40
usemtl 2
f 105 95 36
usemtl 2
f 35 105 36
usemtl 2
f 106 105 35
usemtl 2
f 70 106 35
usemtl 2
f 76 106 70
usemtl 2
f 69 76 70
usemtl 1
f 105 106 76
usemtl 1
f 74 73 72
usemtl 1
f 75 105 76
usemtl 1
f 74 72 75
usemtl 1
f 72 82 75
usemtl 1
f 71 82 72
usemtl 1
f 82 81 78
usemtl 1
f 81 84 78
usemtl 1
f 80 84 81
usemtl 1
f 85 84 80
usemtl 1
f 82 78 75
usemtl 1
f 83 78 84
usemtl 1
f 78 88 90
usemtl 1
f 77 79 78
usemtl 1
f 79 88 78
usemtl 1
f 86 88 79
usemtl 1
f 78 90 75
usemtl 1
f 87 89 88
usemtl 1
f 89 90 88
usemtl 1
f 90 92 99
usemtl 1
f 91 93 92
usemtl 1
f 91 92 90
usemtl 1
f 92 97 99
usemtl 1
f 94 97 92
usemtl 1
f 90 99 75
usemtl 1
f 98 99 97
usemtl 1
f 99 96 75
usemtl 1
f 100 101 103
usemtl 1
f 100 103 99
usemtl 1
f 103 96 99
usemtl 1
f 102 104 103
usemtl 1
f 104 96 103
usemtl 1
f 96 105 75
usemtl 1
f 95 105 96
o NL.IMBAG.Pand.0861100000375458-4
usemtl 0
f 107 108 109
usemtl 0
f 110 111 107
usemtl 0
f 112 111 110
usemtl 0
f 111 113 108
usemtl 0
f 114 113 111
usemtl 0
f 107 111 108
usemtl 2
f 115 116 112
usemtl 2
f 110 115 112
usemtl 2
f 116 117 111
usemtl 2
f 112 116 111
usemtl 2
f 118 115 110
usemtl 2
f 107 118 110
usemtl 2
f 119 120 113
usemtl 2
f 114 119 113
usemtl 2
f 117 119 114
usemtl 2
f 111 117 114
usemtl 2
f 121 118 107
usemtl 2
f 109 121 107
usemtl 2
f 120 122 108
usemtl 2
f 113 120 108
usemtl 2
f 122 121 109
usemtl 2
f 108 122 109
usemtl 1
f 118 121 122
usemtl 1
f 120 117 122
usemtl 1
f 120 119 117
usemtl 1
f 122 117 118
usemtl 1
f 117 116 115
usemtl 1
f 117 115 118
o NL.IMBAG.Pand.0861100000422323-5
usemtl 0
f 123 124 125
usemtl 0
f 126 127 128
usemtl 0
f 124 126 128
usemtl 0
f 125 124 128
usemtl 0
f 129 130 126
usemtl 0
f 130 127 126
usemtl 0
f 131 132 130
usemtl 0
f 132 133 130
usemtl 0
f 133 127 130
usemtl 0
f 134 135 136
usemtl 0
f 136 127 133
usemtl 0
f 137 127 136
usemtl 0
f 134 136 133
usemtl 2
f 138 139 132
usemtl 2
f 131 138 132
usemtl 2
f 140 141 137
usemtl 2
f 136 140 137
usemtl 2
f 141 142 127
usemtl 2
f 137 141 127
usemtl 2
f 143 140 136
usemtl 2
f 135 143 136
usemtl 2
f 144 145 134
usemtl 2
f 133 144 134
usemtl 2
f 145 143 135
usemtl 2
f 134 145 135
usemtl 2
f 139 144 133
usemtl 2
f 132 139 133
usemtl 2
f 146 147 129
usemtl 2
f 126 146 129
usemtl 2
f 147 148 130
usemtl 2
f 129 147 130
usemtl 2
f 148 138 131
usemtl 2
f 130 148 131
usemtl 2
f 149 150 125
usemtl 2
f 128 149 125
usemtl 2
f 151 146 126
usemtl 2
f 124 151 126
usemtl 2
f 152 151 124
usemtl 2
f 123 152 124
usemtl 2
f 150 152 123
usemtl 2
f 125 150 123
usemtl 2
f 142 149 128
usemtl 2
f 127 142 128
usemtl 1
f 140 143 145
usemtl 1
f 148 147 146
usemtl 1
f 141 140 142
usemtl 1
f 144 140 145
usemtl 1
f 148 144 139
usemtl 1
f 142 140 144
usemtl 1
f 148 139 138
usemtl 1
f 142 144 148
usemtl 1
f 146 142 148
usemtl 1
f 149 142 146
usemtl 1
f 149 151 150
usemtl 1
f 149 146 151
usemtl 1
f 151 152 150
o NL.IMBAG.Pand.0861100000371443-6
usemtl 0
f 153 154 155
usemtl 0
f 156 154 153
usemtl 0
f 157 158 159
usemtl 0
f 160 161 162
usemtl 0
f 163 164 156
usemtl 0
f 163 156 165
usemtl 0
f 164 154 156
usemtl 0
f 166 160 162
usemtl 0
f 160 164 167
usemtl 0
f 161 168 162
usemtl 0
f 164 160 166
usemtl 0
f 164 166 154
usemtl 0
f 169 170 166
usemtl 0
f 171 172 173
usemtl 0
f 174 175 171
usemtl 0
f 174 171 176
usemtl 0
f 171 169 176
usemtl 0
f 177 172 171
usemtl 0
f 172 178 179
usemtl 0
f 180 181 182
usemtl 0
f 183 181 180
usemtl 0
f 182 173 180
usemtl 0
f 172 179 173
usemtl 0
f 171 173 182
usemtl 0
f 182 170 169
usemtl 0
f 166 158 154
usemtl 0
f 171 182 169
usemtl 0
f 158 184 154
usemtl 0
f 169 166 162
usemtl 0
f 185 186 187
usemtl 0
f 188 189 190
usemtl 0
f 189 159 190
usemtl 0
f 191 192 189
usemtl 0
f 193 194 195
usemtl 0
f 192 194 193
usemtl 0
f 192 193 187
usemtl 0
f 196 187 197
usemtl 0
f 185 187 196
usemtl 0
f 186 192 187
usemtl 0
f 198 199 186
usemtl 0
f 199 200 186
usemtl 0
f 200 201 202
usemtl 0
f 203 204 201
usemtl 0
f 203 201 200
usemtl 0
f 200 202 186
usemtl 0
f 205 206 207
usemtl 0
f 205 207 208
usemtl 0
f 202 192 186
usemtl 0
f 209 210 202
usemtl 0
f 210 192 202
usemtl 0
f 189 210 205
usemtl 0
f 189 192 210
usemtl 0
f 189 205 208
usemtl 0
f 208 211 212
usemtl 0
f 211 213 212
usemtl 0
f 189 208 159
usemtl 0
f 214 215 216
usemtl 0
f 159 212 157
usemtl 0
f 159 208 212
usemtl 0
f 184 158 157
usemtl 0
f 215 157 217
usemtl 0
f 216 215 218
usemtl 0
f 184 157 215
usemtl 0
f 214 216 219
usemtl 0
f 220 215 214
usemtl 0
f 184 215 220
usemtl 2
f 221 222 178
usemtl 2
f 172 221 178
usemtl 2
f 223 221 172
usemtl 2
f 177 223 172
usemtl 2
f 224 223 177
usemtl 2
f 171 224 177
usemtl 2
f 225 226 173
usemtl 2
f 179 225 173
usemtl 2
f 227 228 162
usemtl 2
f 168 227 162
usemtl 2
f 228 229 169
usemtl 2
f 162 228 169
usemtl 2
f 230 231 161
usemtl 2
f 160 230 161
usemtl 2
f 231 227 168
usemtl 2
f 161 231 168
usemtl 2
f 232 230 160
usemtl 2
f 167 232 160
usemtl 2
f 233 234 155
usemtl 2
f 154 233 155
usemtl 2
f 234 235 153
usemtl 2
f 155 234 153
usemtl 2
f 236 237 157
usemtl 2
f 212 236 157
usemtl 2
f 229 238 176
usemtl 2
f 169 229 176
usemtl 2
f 239 233 154
usemtl 2
f 184 239 154
usemtl 2
f 240 241 214
usemtl 2
f 219 240 214
usemtl 2
f 242 240 219
usemtl 2
f 216 242 219
usemtl 2
f 243 242 216
usemtl 2
f 218 243 216
usemtl 2
f 237 244 217
usemtl 2
f 157 237 217
usemtl 2
f 245 236 212
usemtl 2
f 213 245 212
usemtl 2
f 246 245 213
usemtl 2
f 211 246 213
usemtl 2
f 247 248 190
usemtl 2
f 159 247 190
usemtl 2
f 249 250 207
usemtl 2
f 206 249 207
usemtl 2
f 251 249 206
usemtl 2
f 205 251 206
usemtl 2
f 252 253 209
usemtl 2
f 202 252 209
usemtl 2
f 254 251 205
usemtl 2
f 210 254 205
usemtl 2
f 250 255 208
usemtl 2
f 207 250 208
usemtl 2
f 256 257 194
usemtl 2
f 192 256 194
usemtl 2
f 253 254 210
usemtl 2
f 209 253 210
usemtl 2
f 258 252 202
usemtl 2
f 201 258 202
usemtl 2
f 259 258 201
usemtl 2
f 204 259 201
usemtl 2
f 260 259 204
usemtl 2
f 203 260 204
usemtl 2
f 200 260 203
usemtl 2
f 200 261 260
usemtl 2
f 199 261 200
usemtl 2
f 199 262 261
usemtl 2
f 263 262 199
usemtl 2
f 198 263 199
usemtl 2
f 264 263 198
usemtl 2
f 186 264 198
usemtl 2
f 265 264 186
usemtl 2
f 185 265 186
usemtl 2
f 266 265 185
usemtl 2
f 196 266 185
usemtl 2
f 267 266 196
usemtl 2
f 197 267 196
usemtl 2
f 268 267 197
usemtl 2
f 187 268 197
usemtl 2
f 269 268 187
usemtl 2
f 193 269 187
usemtl 2
f 270 269 193
usemtl 2
f 195 270 193
usemtl 2
f 257 270 195
usemtl 2
f 194 257 195
usemtl 2
f 271 256 192
usemtl 2
f 191 271 192
usemtl 2
f 272 271 191
usemtl 2
f 189 272 191
usemtl 2
f 273 272 189
usemtl 2
f 188 273 189
usemtl 2
f 248 273 188
usemtl 2
f 190 248 188
usemtl 2
f 274 275 158
usemtl 2
f 166 274 158
usemtl 2
f 275 247 159
usemtl 2
f 158 275 159
usemtl 2
f 276 274 166
usemtl 2
f 170 276 166
usemtl 2
f 226 277 180
usemtl 2
f 173 226 180
usemtl 2
f 278 276 170
usemtl 2
f 182 278 170
usemtl 2
f 279 278 182
usemtl 2
f 181 279 182
usemtl 2
f 222 225 179
usemtl 2
f 178 222 179
usemtl 2
f 280 279 181
usemtl 2
f 183 280 181
usemtl 2
f 277 280 183
usemtl 2
f 180 277 183
usemtl 2
f 281 232 167
usemtl 2
f 164 281 167
usemtl 2
f 238 282 174
usemtl 2
f 176 238 174
usemtl 2
f 241 283 220
usemtl 2
f 214 241 220
usemtl 2
f 235 284 156
usemtl 2
f 153 235 156
usemtl 2
f 283 239 184
usemtl 2
f 220 283 184
usemtl 2
f 285 281 164
usemtl 2
f 163 285 164
usemtl 2
f 286 243 218
usemtl 2
f 215 286 218
usemtl 2
f 244 286 215
usemtl 2
f 217 244 215
usemtl 2
f 284 287 165
usemtl 2
f 156 284 165
usemtl 2
f 287 285 163
usemtl 2
f 165 287 163
usemtl 2
f 282 288 175
usemtl 2
f 174 282 175
usemtl 2
f 288 224 171
usemtl 2
f 175 288 171
usemtl 2
f 255 246 211
usemtl 2
f 208 255 211
usemtl 1
f 251 254 272
usemtl 1
f 247 237 236
usemtl 1
f 272 248 247
usemtl 1
f 250 249 251
usemtl 1
f 250 251 255
usemtl 1
f 269 270 257
usemtl 1
f 253 252 254
usemtl 1
f 256 271 272
usemtl 1
f 223 224 221
usemtl 1
f 261 258 260
usemtl 1
f 258 259 260
usemtl 1
f 252 258 261
usemtl 1
f 252 261 264
usemtl 1
f 264 262 263
usemtl 1
f 261 262 264
usemtl 1
f 269 257 256
usemtl 1
f 264 265 268
usemtl 1
f 268 266 267
usemtl 1
f 265 266 268
usemtl 1
f 268 269 256
usemtl 1
f 268 256 264
usemtl 1
f 256 252 264
usemtl 1
f 254 252 256
usemtl 1
f 254 256 272
usemtl 1
f 251 272 255
usemtl 1
f 272 273 248
usemtl 1
f 236 255 247
usemtl 1
f 255 272 247
usemtl 1
f 237 275 239
usemtl 1
f 278 277 226
usemtl 1
f 230 274 228
usemtl 1
f 276 278 229
usemtl 1
f 224 278 226
usemtl 1
f 279 280 277
usemtl 1
f 225 222 221
usemtl 1
f 279 277 278
usemtl 1
f 224 226 221
usemtl 1
f 225 221 226
usemtl 1
f 229 278 224
usemtl 1
f 282 224 288
usemtl 1
f 238 224 282
usemtl 1
f 229 224 238
usemtl 1
f 274 276 229
usemtl 1
f 230 228 231
usemtl 1
f 274 229 228
usemtl 1
f 228 227 231
usemtl 1
f 281 230 232
usemtl 1
f 281 274 230
usemtl 1
f 284 281 285
usemtl 1
f 284 233 281
usemtl 1
f 284 285 287
usemtl 1
f 233 274 281
usemtl 1
f 235 233 284
usemtl 1
f 233 235 234
usemtl 1
f 275 274 233
usemtl 1
f 237 239 286
usemtl 1
f 275 233 239
usemtl 1
f 241 242 286
usemtl 1
f 242 243 286
usemtl 1
f 286 283 241
usemtl 1
f 241 240 242
usemtl 1
f 239 283 286
usemtl 1
f 246 236 245
usemtl 1
f 237 286 244
usemtl 1
f 247 275 237
usemtl 1
f 246 255 236
o NL.IMBAG.Pand.0861100000370702-7
usemtl 0
f 289 290 291
usemtl 0
f 292 290 289
usemtl 0
f 293 294 295
usemtl 0
f 296 290 292
usemtl 0
f 296 297 290
usemtl 0
f 298 297 296
usemtl 0
f 299 296 292
usemtl 0
f 295 294 300
usemtl 0
f 301 302 303
usemtl 0
f 302 304 305
usemtl 0
f 302 305 303
usemtl 0
f 306 307 308
usemtl 0
f 305 307 306
usemtl 0
f 305 306 303
usemtl 0
f 294 309 310
usemtl 0
f 306 309 294
usemtl 0
f 311 293 295
usemtl 0
f 312 313 295
usemtl 0
f 313 311 295
usemtl 0
f 294 293 306
usemtl 0
f 293 303 306
usemtl 0
f 298 303 293
usemtl 0
f 298 293 314
usemtl 0
f 293 315 314
usemtl 0
f 298 314 297
usemtl 0
f 314 316 297
usemtl 0
f 317 318 314
usemtl 0
f 318 316 314
usemtl 0
f 319 317 320
usemtl 0
f 321 320 322
usemtl 0
f 323 320 321
usemtl 0
f 323 321 324
usemtl 0
f 319 320 323
usemtl 0
f 318 317 319
usemtl 2
f 325 326 320
usemtl 2
f 317 325 320
usemtl 2
f 327 328 291
usemtl 2
f 290 327 291
usemtl 2
f 328 329 289
usemtl 2
f 291 328 289
usemtl 2
f 329 330 292
usemtl 2
f 289 329 292
usemtl 2
f 331 327 290
usemtl 2
f 297 331 290
usemtl 2
f 332 331 297
usemtl 2
f 316 332 297
usemtl 2
f 333 325 317
usemtl 2
f 314 333 317
usemtl 2
f 334 332 316
usemtl 2
f 318 334 316
usemtl 2
f 335 336 319
usemtl 2
f 323 335 319
usemtl 2
f 336 334 318
usemtl 2
f 319 336 318
usemtl 2
f 326 337 322
usemtl 2
f 320 326 322
usemtl 2
f 338 333 314
usemtl 2
f 315 338 314
usemtl 2
f 339 340 310
usemtl 2
f 309 339 310
usemtl 2
f 341 338 315
usemtl 2
f 293 341 315
usemtl 2
f 342 341 293
usemtl 2
f 311 342 293
usemtl 2
f 343 344 313
usemtl 2
f 312 343 313
usemtl 2
f 344 342 311
usemtl 2
f 313 344 311
usemtl 2
f 345 343 312
usemtl 2
f 295 345 312
usemtl 2
f 346 345 295
usemtl 2
f 300 346 295
usemtl 2
f 347 346 300
usemtl 2
f 294 347 300
usemtl 2
f 340 347 294
usemtl 2
f 310 340 294
usemtl 2
f 348 349 308
usemtl 2
f 307 348 308
usemtl 2
f 349 350 306
usemtl 2
f 308 349 306
usemtl 2
f 350 339 309
usemtl 2
f 306 350 309
usemtl 2
f 351 348 307
usemtl 2
f 305 351 307
usemtl 2
f 352 351 305
usemtl 2
f 304 352 305
usemtl 2
f 302 352 304
usemtl 2
f 302 353 352
usemtl 2
f 330 354 299
usemtl 2
f 292 330 299
usemtl 2
f 301 353 302
usemtl 2
f 301 355 353
usemtl 2
f 356 357 298
usemtl 2
f 296 356 298
usemtl 2
f 358 355 301
usemtl 2
f 303 358 301
usemtl 2
f 357 358 303
usemtl 2
f 298 357 303
usemtl 2
f 354 356 296
usemtl 2
f 299 354 296
usemtl 2
f 337 359 321
usemtl 2
f 322 337 321
usemtl 2
f 359 360 324
usemtl 2
f 321 359 324
usemtl 2
f 360 335 323
usemtl 2
f 324 360 323
usemtl 1
f 350 347 339
usemtl 1
f 359 335 360
usemtl 1
f 326 335 359
usemtl 1
f 337 326 359
usemtl 1
f 326 336 335
usemtl 1
f 325 336 326
usemtl 1
f 334 336 325
usemtl 1
f 357 331 333
usemtl 1
f 345 344 343
usemtl 1
f 338 341 333
usemtl 1
f 328 327 329
usemtl 1
f 342 344 345
usemtl 1
f 342 345 341
usemtl 1
f 345 346 347
usemtl 1
f 345 347 341
usemtl 1
f 347 340 339
usemtl 1
f 341 347 350
usemtl 1
f 348 350 349
usemtl 1
f 351 350 348
usemtl 1
f 358 350 351
usemtl 1
f 353 351 352
usemtl 1
f 358 351 353
usemtl 1
f 358 353 355
usemtl 1
f 341 350 358
usemtl 1
f 341 358 357
usemtl 1
f 341 357 333
usemtl 1
f 327 330 329
usemtl 1
f 354 330 356
usemtl 1
f 327 356 330
usemtl 1
f 333 331 332
usemtl 1
f 331 356 327
usemtl 1
f 357 356 331
usemtl 1
f 333 332 334
usemtl 1
f 333 334 325
o NL.IMBAG.Pand.0861100000371444-8
usemtl 1
f 361 362 363
usemtl 1
f 364 365 366
usemtl 1
f 367 368 369
usemtl 1
f 370 364 366
usemtl 1
f 367 364 370
usemtl 1
f 371 372 373
usemtl 1
f 374 375 376
usemtl 1
f 377 378 379
usemtl 1
f 380 381 382
usemtl 1
f 383 384 385
usemtl 1
f 386 380 387
usemtl 1
f 388 384 383
usemtl 1
f 389 390 391
usemtl 1
f 392 393 394
usemtl 1
f 394 395 396
usemtl 1
f 395 397 396
usemtl 1
f 392 394 396
usemtl 1
f 379 398 377
usemtl 1
f 396 397 399
usemtl 1
f 400 399 401
usemtl 1
f 395 378 377
usemtl 1
f 399 397 402
usemtl 1
f 395 377 397
usemtl 1
f 383 403 400
usemtl 1
f 401 404 376
usemtl 1
f 405 406 407
usemtl 1
f 408 376 404
usemtl 1
f 409 410 411
usemtl 1
f 405 411 412
usemtl 1
f 411 413 414
usemtl 1
f 411 414 412
usemtl 1
f 415 406 405
usemtl 1
f 416 405 417
usemtl 1
f 415 405 416
usemtl 1
f 405 407 418
usemtl 1
f 405 418 411
usemtl 1
f 418 419 411
usemtl 1
f 420 389 421
usemtl 1
f 400 422 423
usemtl 1
f 424 425 419
usemtl 1
f 424 419 418
usemtl 1
f 419 409 411
usemtl 1
f 375 409 419
usemtl 1
f 375 419 376
usemtl 1
f 419 422 376
usemtl 1
f 422 401 376
usemtl 1
f 400 401 422
usemtl 1
f 426 427 428
usemtl 1
f 429 430 362
usemtl 1
f 430 431 363
usemtl 1
f 432 431 430
usemtl 1
f 391 421 389
usemtl 1
f 400 391 388
usemtl 1
f 433 381 380
usemtl 1
f 400 421 391
usemtl 1
f 399 400 403
usemtl 1
f 433 380 428
usemtl 1
f 434 435 396
usemtl 1
f 403 434 399
usemtl 1
f 388 383 400
usemtl 1
f 436 437 434
usemtl 1
f 428 386 426
usemtl 1
f 435 427 396
usemtl 1
f 399 434 396
usemtl 1
f 403 436 434
usemtl 1
f 428 427 435
usemtl 1
f 380 386 428
usemtl 1
f 428 438 433
usemtl 1
f 361 439 433
usemtl 1
f 440 430 429
usemtl 1
f 430 363 362
usemtl 1
f 441 362 361
usemtl 1
f 363 442 443
usemtl 1
f 363 431 444
usemtl 1
f 445 442 363
usemtl 1
f 445 363 446
usemtl 1
f 442 447 443
usemtl 1
f 372 448 449
usemtl 1
f 450 447 442
usemtl 1
f 439 371 381
usemtl 1
f 451 452 447
usemtl 1
f 453 371 439
usemtl 1
f 361 443 439
usemtl 1
f 454 372 453
usemtl 1
f 363 443 361
usemtl 1
f 447 452 443
usemtl 1
f 433 439 381
usemtl 1
f 372 371 453
usemtl 1
f 449 455 368
usemtl 1
f 456 457 449
usemtl 1
f 449 457 458
usemtl 1
f 449 458 455
usemtl 1
f 372 368 373
usemtl 1
f 372 449 368
usemtl 1
f 373 367 370
usemtl 1
f 373 368 367
usemtl 2
f 365 459 460
usemtl 2
f 365 364 459
usemtl 2
f 366 460 461
usemtl 2
f 366 365 460
usemtl 2
f 370 461 462
usemtl 2
f 370 366 461
usemtl 2
f 373 462 463
usemtl 2
f 373 370 462
usemtl 2
f 371 463 464
usemtl 2
f 371 373 463
usemtl 2
f 381 464 465
usemtl 2
f 381 371 464
usemtl 2
f 382 465 466
usemtl 2
f 382 381 465
usemtl 2
f 380 466 467
usemtl 2
f 380 382 466
usemtl 2
f 387 467 468
usemtl 2
f 387 380 467
usemtl 2
f 386 468 469
usemtl 2
f 386 387 468
usemtl 2
f 426 469 470
usemtl 2
f 426 386 469
usemtl 2
f 427 470 471
usemtl 2
f 427 426 470
usemtl 2
f 396 471 472
usemtl 2
f 396 427 471
usemtl 2
f 392 472 473
usemtl 2
f 392 396 472
usemtl 2
f 393 473 474
usemtl 2
f 393 392 473
usemtl 2
f 394 474 475
usemtl 2
f 394 393 474
usemtl 2
f 395 475 476
usemtl 2
f 395 394 475
usemtl 2
f 378 476 477
usemtl 2
f 378 395 476
usemtl 2
f 379 477 478
usemtl 2
f 379 378 477
usemtl 2
f 398 478 479
usemtl 2
f 398 379 478
usemtl 2
f 377 479 480
usemtl 2
f 377 398 479
usemtl 2
f 397 480 481
usemtl 2
f 397 377 480
usemtl 2
f 402 481 482
usemtl 2
f 402 397 481
usemtl 2
f 399 482 483
usemtl 2
f 399 402 482
usemtl 2
f 401 483 484
usemtl 2
f 401 399 483
usemtl 2
f 404 484 485
usemtl 2
f 404 401 484
usemtl 2
f 408 485 486
usemtl 2
f 408 404 485
usemtl 2
f 376 486 487
usemtl 2
f 376 408 486
usemtl 2
f 374 487 488
usemtl 2
f 374 376 487
usemtl 2
f 375 488 489
usemtl 2
f 375 374 488
usemtl 2
f 409 489 490
usemtl 2
f 409 375 489
usemtl 2
f 410 490 491
usemtl 2
f 410 409 490
usemtl 2
f 411 491 492
usemtl 2
f 411 410 491
usemtl 2
f 413 492 493
usemtl 2
f 413 411 492
usemtl 2
f 414 493 494
usemtl 2
f 414 413 493
usemtl 2
f 414 494 495
usemtl 2
f 412 414 495
usemtl 2
f 405 495 496
usemtl 2
f 405 412 495
usemtl 2
f 417 496 497
usemtl 2
f 417 405 496
usemtl 2
f 416 497 498
usemtl 2
f 416 417 497
usemtl 2
f 415 498 499
usemtl 2
f 415 416 498
usemtl 2
f 406 499 500
usemtl 2
f 406 415 499
usemtl 2
f 407 500 501
usemtl 2
f 407 406 500
usemtl 2
f 418 501 502
usemtl 2
f 418 407 501
usemtl 2
f 424 502 503
usemtl 2
f 424 418 502
usemtl 2
f 424 503 504
usemtl 2
f 425 424 504
usemtl 2
f 419 504 505
usemtl 2
f 419 425 504
usemtl 2
f 422 505 506
usemtl 2
f 422 419 505
usemtl 2
f 423 506 507
usemtl 2
f 423 422 506
usemtl 2
f 400 507 508
usemtl 2
f 400 423 507
usemtl 2
f 421 508 509
usemtl 2
f 421 400 508
usemtl 2
f 420 509 510
usemtl 2
f 420 421 509
usemtl 2
f 389 510 511
usemtl 2
f 389 420 510
usemtl 2
f 390 511 512
usemtl 2
f 390 389 511
usemtl 2
f 391 512 513
usemtl 2
f 391 390 512
usemtl 2
f 388 513 514
usemtl 2
f 388 391 513
usemtl 2
f 384 514 515
usemtl 2
f 384 388 514
usemtl 2
f 385 515 516
usemtl 2
f 385 384 515
usemtl 2
f 383 516 517
usemtl 2
f 383 385 516
usemtl 2
f 403 517 518
usemtl 2
f 403 383 517
usemtl 2
f 436 518 519
usemtl 2
f 436 403 518
usemtl 2
f 437 519 520
usemtl 2
f 437 436 519
usemtl 2
f 434 520 521
usemtl 2
f 434 437 520
usemtl 2
f 435 521 522
usemtl 2
f 435 434 521
usemtl 2
f 428 522 523
usemtl 2
f 428 435 522
usemtl 2
f 438 523 524
usemtl 2
f 438 428 523
usemtl 2
f 433 524 525
usemtl 2
f 433 438 524
usemtl 2
f 361 525 526
usemtl 2
f 361 433 525
usemtl 2
f 441 526 527
usemtl 2
f 441 361 526
usemtl 2
f 362 527 528
usemtl 2
f 362 441 527
usemtl 2
f 429 528 529
usemtl 2
f 429 362 528
usemtl 2
f 440 529 530
usemtl 2
f 440 429 529
usemtl 2
f 430 530 531
usemtl 2
f 430 440 530
usemtl 2
f 432 531 532
usemtl 2
f 432 430 531
usemtl 2
f 431 532 533
usemtl 2
f 431 432 532
usemtl 2
f 444 533 534
usemtl 2
f 444 431 533
usemtl 2
f 363 534 535
usemtl 2
f 363 444 534
usemtl 2
f 446 535 536
usemtl 2
f 446 363 535
usemtl 2
f 445 536 537
usemtl 2
f 445 446 536
usemtl 2
f 442 537 538
usemtl 2
f 442 445 537
usemtl 2
f 450 538 539
usemtl 2
f 450 442 538
usemtl 2
f 447 539 540
usemtl 2
f 447 450 539
usemtl 2
f 451 540 541
usemtl 2
f 451 447 540
usemtl 2
f 452 541 542
usemtl 2
f 452 451 541
usemtl 2
f 443 542 543
usemtl 2
f 443 452 542
usemtl 2
f 439 543 544
usemtl 2
f 439 443 543
usemtl 2
f 453 544 545
usemtl 2
f 453 439 544
usemtl 2
f 454 545 546
usemtl 2
f 454 453 545
usemtl 2
f 372 546 547
usemtl 2
f 372 454 546
usemtl 2
f 448 547 548
usemtl 2
f 448 372 547
usemtl 2
f 449 548 549
usemtl 2
f 449 448 548
usemtl 2
f 456 549 550
usemtl 2
f 456 449 549
usemtl 2
f 457 550 551
usemtl 2
f 457 456 550
usemtl 2
f 458 551 552
usemtl 2
f 458 457 551
usemtl 2
f 455 552 553
usemtl 2
f 455 458 552
usemtl 2
f 368 553 554
usemtl 2
f 368 455 553
usemtl 2
f 369 554 555
usemtl 2
f 369 368 554
usemtl 2
f 367 555 556
usemtl 2
f 367 369 555
usemtl 2
f 364 556 459
usemtl 2
f 364 367 556
usemtl 2
f 557 558 559
usemtl 2
f 557 560 558
usemtl 2
f 561 559 562
usemtl 2
f 561 557 559
usemtl 2
f 563 562 564
usemtl 2
f 563 561 562
usemtl 2
f 565 564 566
usemtl 2
f 565 563 564
usemtl 2
f 560 566 558
usemtl 2
f 560 565 566
usemtl 0
f 463 547 464
usemtl 0
f 549 552 551
usemtl 0
f 523 471 470
usemtl 0
f 461 459 462
usemtl 0
f 555 554 556
usemtl 0
f 553 552 549
usemtl 0
f 547 546 545
usemtl 0
f 460 459 461
usemtl 0
f 551 550 549
usemtl 0
f 553 549 554
usemtl 0
f 540 539 538
usemtl 0
f 549 548 547
usemtl 0
f 549 547 554
usemtl 0
f 523 467 525
usemtl 0
f 536 535 537
usemtl 0
f 525 544 526
usemtl 0
f 542 541 540
usemtl 0
f 542 540 543
usemtl 0
f 533 532 531
usemtl 0
f 540 538 543
usemtl 0
f 535 538 537
usemtl 0
f 543 538 535
usemtl 0
f 529 528 531
usemtl 0
f 535 534 533
usemtl 0
f 535 533 531
usemtl 0
f 476 481 480
usemtl 0
f 528 535 531
usemtl 0
f 508 518 517
usemtl 0
f 531 530 529
usemtl 0
f 526 528 527
usemtl 0
f 526 535 528
usemtl 0
f 543 526 544
usemtl 0
f 543 535 526
usemtl 0
f 523 525 524
usemtl 0
f 523 470 469
usemtl 0
f 521 472 522
usemtl 0
f 475 472 476
usemtl 0
f 484 483 508
usemtl 0
f 520 519 521
usemtl 0
f 519 518 521
usemtl 0
f 508 514 513
usemtl 0
f 517 514 508
usemtl 0
f 516 515 517
usemtl 0
f 513 509 508
usemtl 0
f 515 514 517
usemtl 0
f 487 505 489
usemtl 0
f 512 511 513
usemtl 0
f 511 510 509
usemtl 0
f 511 509 513
usemtl 0
f 485 484 487
usemtl 0
f 508 507 506
usemtl 0
f 484 506 487
usemtl 0
f 505 502 492
usemtl 0
f 504 503 505
usemtl 0
f 503 502 505
usemtl 0
f 496 501 500
usemtl 0
f 498 496 499
usemtl 0
f 496 500 499
usemtl 0
f 496 498 497
usemtl 0
f 502 501 496
usemtl 0
f 502 496 492
usemtl 0
f 492 495 494
usemtl 0
f 496 495 492
usemtl 0
f 494 493 492
usemtl 0
f 490 492 491
usemtl 0
f 505 492 490
usemtl 0
f 505 490 489
usemtl 0
f 506 505 487
usemtl 0
f 489 488 487
usemtl 0
f 484 508 506
usemtl 0
f 487 486 485
usemtl 0
f 521 518 483
usemtl 0
f 483 518 508
usemtl 0
f 521 483 472
usemtl 0
f 483 482 481
usemtl 0
f 483 481 472
usemtl 0
f 476 480 477
usemtl 0
f 479 478 480
usemtl 0
f 478 477 480
usemtl 0
f 473 472 475
usemtl 0
f 472 481 476
usemtl 0
f 472 471 522
usemtl 0
f 475 474 473
usemtl 0
f 471 523 522
usemtl 0
f 544 465 464
usemtl 0
f 523 469 467
usemtl 0
f 525 467 465
usemtl 0
f 469 468 467
usemtl 0
f 545 544 464
usemtl 0
f 525 465 544
usemtl 0
f 467 466 465
usemtl 0
f 545 464 547
usemtl 0
f 554 547 463
usemtl 0
f 556 462 459
usemtl 0
f 463 556 554
usemtl 0
f 463 462 556
o NL.IMBAG.Pand.0861100000371564-9
usemtl 0
f 567 568 569
usemtl 0
f 570 571 572
usemtl 0
f 573 574 575
usemtl 0
f 576 577 569
usemtl 0
f 577 567 569
usemtl 0
f 578 579 580
usemtl 0
f 581 582 583
usemtl 0
f 584 578 585
usemtl 0
f 586 587 588
usemtl 0
f 589 579 578
usemtl 0
f 578 580 585
usemtl 0
f 590 591 592
usemtl 0
f 593 594 595
usemtl 0
f 593 595 596
usemtl 0
f 587 597 588
usemtl 0
f 588 598 586
usemtl 0
f 599 600 601
usemtl 0
f 599 601 597
usemtl 0
f 601 602 588
usemtl 0
f 601 588 597
usemtl 0
f 603 597 587
usemtl 0
f 587 586 604
usemtl 0
f 605 606 607
usemtl 0
f 608 604 586
usemtl 0
f 595 603 596
usemtl 0
f 603 609 596
usemtl 0
f 591 590 587
usemtl 0
f 609 580 596
usemtl 0
f 595 597 603
usemtl 0
f 590 583 603
usemtl 0
f 590 581 583
usemtl 0
f 590 603 587
usemtl 0
f 585 580 610
usemtl 0
f 610 580 609
usemtl 0
f 609 611 612
usemtl 0
f 573 575 613
usemtl 0
f 575 610 612
usemtl 0
f 567 610 614
usemtl 0
f 610 609 612
usemtl 0
f 613 575 612
usemtl 0
f 567 585 610
usemtl 0
f 567 614 568
usemtl 0
f 570 614 615
usemtl 0
f 616 617 618
usemtl 0
f 615 619 570
usemtl 0
f 620 607 606
usemtl 0
f 570 572 614
usemtl 0
f 617 621 622
usemtl 0
f 619 606 570
usemtl 0
f 619 620 606
usemtl 0
f 623 624 625
usemtl 0
f 626 621 571
usemtl 0
f 622 618 617
usemtl 0
f 627 568 614
usemtl 0
f 628 629 630
usemtl 0
f 631 632 625
usemtl 0
f 571 621 617
usemtl 0
f 625 632 623
usemtl 0
f 617 572 571
usemtl 0
f 633 634 635
usemtl 0
f 624 636 625
usemtl 0
f 637 632 631
usemtl 0
f 638 637 639
usemtl 0
f 640 641 634
usemtl 0
f 642 640 633
usemtl 0
f 640 634 633
usemtl 0
f 633 635 631
usemtl 0
f 635 643 631
usemtl 0
f 643 639 631
usemtl 0
f 632 572 623
usemtl 0
f 639 637 631
usemtl 0
f 630 572 632
usemtl 0
f 644 629 628
usemtl 0
f 645 646 647
usemtl 0
f 646 628 647
usemtl 0
f 648 649 650
usemtl 0
f 651 652 644
usemtl 0
f 653 651 646
usemtl 0
f 627 654 568
usemtl 0
f 646 651 628
usemtl 0
f 655 648 644
usemtl 0
f 656 655 652
usemtl 0
f 649 648 657
usemtl 0
f 650 649 658
usemtl 0
f 648 655 657
usemtl 0
f 651 644 628
usemtl 0
f 652 655 644
usemtl 0
f 659 630 629
usemtl 0
f 572 659 614
usemtl 0
f 572 630 659
usemtl 0
f 659 627 614
usemtl 0
f 568 654 660
usemtl 0
f 654 661 660
usemtl 2
f 662 663 625
usemtl 2
f 636 662 625
usemtl 2
f 664 665 623
usemtl 2
f 572 664 623
usemtl 2
f 665 666 624
usemtl 2
f 623 665 624
usemtl 2
f 666 662 636
usemtl 2
f 624 666 636
usemtl 2
f 667 668 642
usemtl 2
f 633 667 642
usemtl 2
f 668 669 640
usemtl 2
f 642 668 640
usemtl 2
f 670 671 593
usemtl 2
f 596 670 593
usemtl 2
f 672 673 616
usemtl 2
f 618 672 616
usemtl 2
f 674 672 618
usemtl 2
f 622 674 618
usemtl 2
f 673 675 617
usemtl 2
f 616 673 617
usemtl 2
f 669 676 641
usemtl 2
f 640 669 641
usemtl 2
f 677 678 621
usemtl 2
f 626 677 621
usemtl 2
f 679 677 626
usemtl 2
f 571 679 626
usemtl 2
f 680 681 605
usemtl 2
f 607 680 605
usemtl 2
f 678 674 622
usemtl 2
f 621 678 622
usemtl 2
f 682 679 571
usemtl 2
f 570 682 571
usemtl 2
f 683 684 620
usemtl 2
f 619 683 620
usemtl 2
f 681 685 606
usemtl 2
f 605 681 606
usemtl 2
f 685 682 570
usemtl 2
f 606 685 570
usemtl 2
f 684 680 607
usemtl 2
f 620 684 607
usemtl 2
f 686 683 619
usemtl 2
f 615 686 619
usemtl 2
f 687 688 613
usemtl 2
f 612 687 613
usemtl 2
f 689 690 614
usemtl 2
f 610 689 614
usemtl 2
f 691 692 575
usemtl 2
f 574 691 575
usemtl 2
f 692 689 610
usemtl 2
f 575 692 610
usemtl 2
f 690 686 615
usemtl 2
f 614 690 615
usemtl 2
f 688 693 573
usemtl 2
f 613 688 573
usemtl 2
f 693 691 574
usemtl 2
f 573 693 574
usemtl 2
f 694 687 612
usemtl 2
f 611 694 612
usemtl 2
f 695 696 582
usemtl 2
f 581 695 582
usemtl 2
f 697 694 611
usemtl 2
f 609 697 611
usemtl 2
f 698 699 586
usemtl 2
f 598 698 586
usemtl 2
f 700 698 598
usemtl 2
f 588 700 598
usemtl 2
f 701 702 603
usemtl 2
f 583 701 603
usemtl 2
f 702 697 609
usemtl 2
f 603 702 609
usemtl 2
f 696 701 583
usemtl 2
f 582 696 583
usemtl 2
f 703 695 581
usemtl 2
f 590 703 581
usemtl 2
f 704 705 592
usemtl 2
f 591 704 592
usemtl 2
f 705 703 590
usemtl 2
f 592 705 590
usemtl 2
f 706 707 708
usemtl 2
f 709 706 708
usemtl 2
f 710 711 604
usemtl 2
f 608 710 604
usemtl 2
f 699 710 608
usemtl 2
f 586 699 608
usemtl 2
f 712 713 579
usemtl 2
f 589 712 579
usemtl 2
f 714 712 589
usemtl 2
f 578 714 589
usemtl 2
f 715 670 596
usemtl 2
f 580 715 596
usemtl 2
f 716 700 588
usemtl 2
f 602 716 588
usemtl 2
f 717 716 602
usemtl 2
f 601 717 602
usemtl 2
f 718 719 567
usemtl 2
f 577 718 567
usemtl 2
f 720 721 569
usemtl 2
f 568 720 569
usemtl 2
f 722 723 597
usemtl 2
f 595 722 597
usemtl 2
f 723 724 599
usemtl 2
f 597 723 599
usemtl 2
f 724 725 600
usemtl 2
f 599 724 600
usemtl 2
f 726 727 630
usemtl 2
f 632 726 630
usemtl 2
f 713 715 580
usemtl 2
f 579 713 580
usemtl 2
f 719 728 585
usemtl 2
f 567 719 585
usemtl 2
f 671 729 594
usemtl 2
f 593 671 594
usemtl 2
f 730 731 649
usemtl 2
f 657 730 649
usemtl 2
f 732 733 734
usemtl 2
f 735 732 734
usemtl 2
f 736 732 735
usemtl 2
f 737 736 735
usemtl 2
f 728 738 584
usemtl 2
f 585 728 584
usemtl 2
f 739 720 568
usemtl 2
f 660 739 568
usemtl 2
f 740 741 627
usemtl 2
f 659 740 627
usemtl 2
f 742 743 744
usemtl 2
f 745 742 744
usemtl 2
f 743 746 747
usemtl 2
f 744 743 747
usemtl 2
f 748 749 629
usemtl 2
f 644 748 629
usemtl 2
f 750 751 652
usemtl 2
f 651 750 652
usemtl 2
f 749 740 659
usemtl 2
f 629 749 659
usemtl 2
f 741 752 654
usemtl 2
f 627 741 654
usemtl 2
f 753 748 644
usemtl 2
f 648 753 644
usemtl 2
f 754 753 648
usemtl 2
f 650 754 648
usemtl 2
f 755 756 655
usemtl 2
f 656 755 655
usemtl 2
f 751 755 656
usemtl 2
f 652 751 656
usemtl 2
f 757 736 737
usemtl 2
f 758 757 737
usemtl 2
f 759 760 761
usemtl 2
f 762 759 761
usemtl 2
f 763 759 762
usemtl 2
f 764 763 762
usemtl 2
f 765 750 651
usemtl 2
f 653 765 651
usemtl 2
f 766 765 653
usemtl 2
f 646 766 653
usemtl 2
f 767 768 647
usemtl 2
f 628 767 647
usemtl 2
f 769 766 646
usemtl 2
f 645 769 646
usemtl 2
f 768 769 645
usemtl 2
f 647 768 645
usemtl 2
f 770 726 632
usemtl 2
f 637 770 632
usemtl 2
f 727 767 628
usemtl 2
f 630 727 628
usemtl 2
f 663 771 631
usemtl 2
f 625 663 631
usemtl 2
f 772 770 637
usemtl 2
f 638 772 637
usemtl 2
f 773 772 638
usemtl 2
f 639 773 638
usemtl 2
f 774 773 639
usemtl 2
f 643 774 639
usemtl 2
f 771 667 633
usemtl 2
f 631 771 633
usemtl 2
f 775 774 643
usemtl 2
f 635 775 643
usemtl 2
f 776 775 635
usemtl 2
f 634 776 635
usemtl 2
f 760 742 745
usemtl 2
f 761 760 745
usemtl 2
f 733 763 764
usemtl 2
f 734 733 764
usemtl 2
f 746 777 778
usemtl 2
f 747 746 778
usemtl 2
f 711 779 587
usemtl 2
f 604 711 587
usemtl 2
f 779 704 591
usemtl 2
f 587 779 591
usemtl 2
f 780 757 758
usemtl 2
f 781 780 758
usemtl 2
f 777 782 783
usemtl 2
f 778 777 783
usemtl 2
f 731 784 658
usemtl 2
f 649 731 658
usemtl 2
f 784 754 650
usemtl 2
f 658 784 650
usemtl 2
f 738 714 578
usemtl 2
f 584 738 578
usemtl 2
f 725 717 601
usemtl 2
f 600 725 601
usemtl 2
f 676 776 634
usemtl 2
f 641 676 634
usemtl 2
f 785 739 660
usemtl 2
f 661 785 660
usemtl 2
f 752 785 661
usemtl 2
f 654 752 661
usemtl 2
f 675 664 572
usemtl 2
f 617 675 572
usemtl 2
f 786 706 709
usemtl 2
f 787 786 709
usemtl 2
f 782 786 787
usemtl 2
f 783 782 787
usemtl 2
f 756 730 657
usemtl 2
f 655 756 657
usemtl 2
f 788 789 790
usemtl 2
f 788 791 789
usemtl 2
f 792 793 794
usemtl 2
f 795 792 794
usemtl 2
f 796 797 798
usemtl 2
f 799 796 798
usemtl 2
f 793 796 799
usemtl 2
f 794 793 799
usemtl 2
f 707 780 781
usemtl 2
f 708 707 781
usemtl 2
f 797 791 788
usemtl 2
f 798 797 788
usemtl 2
f 800 801 802
usemtl 2
f 803 800 802
usemtl 2
f 729 722 595
usemtl 2
f 594 729 595
usemtl 2
f 789 800 803
usemtl 2
f 790 789 803
usemtl 2
f 801 792 795
usemtl 2
f 802 801 795
usemtl 2
f 721 804 576
usemtl 2
f 569 721 576
usemtl 2
f 804 718 577
usemtl 2
f 576 804 577
usemtl 1
f 749 748 767
usemtl 1
f 721 718 804
usemtl 1
f 720 719 721
usemtl 1
f 721 719 718
usemtl 1
f 697 670 715
usemtl 1
f 739 752 720
usemtl 1
f 785 752 739
usemtl 1
f 752 741 720
usemtl 1
f 741 690 720
usemtl 1
f 679 664 675
usemtl 1
f 749 727 740
usemtl 1
f 756 753 730
usemtl 1
f 731 754 784
usemtl 1
f 753 731 730
usemtl 1
f 756 748 753
usemtl 1
f 766 768 767
usemtl 1
f 753 754 731
usemtl 1
f 755 751 756
usemtl 1
f 751 748 756
usemtl 1
f 750 748 751
usemtl 1
f 766 767 750
usemtl 1
f 767 748 750
usemtl 1
f 774 771 773
usemtl 1
f 765 766 750
usemtl 1
f 769 768 766
usemtl 1
f 749 767 727
usemtl 1
f 675 672 674
usemtl 1
f 663 665 726
usemtl 1
f 663 726 771
usemtl 1
f 669 668 667
usemtl 1
f 772 773 770
usemtl 1
f 771 774 775
usemtl 1
f 676 669 776
usemtl 1
f 771 770 773
usemtl 1
f 666 663 662
usemtl 1
f 776 669 667
usemtl 1
f 726 770 771
usemtl 1
f 776 667 775
usemtl 1
f 667 771 775
usemtl 1
f 666 665 663
usemtl 1
f 727 726 664
usemtl 1
f 664 726 665
usemtl 1
f 727 664 740
usemtl 1
f 678 675 674
usemtl 1
f 683 685 684
usemtl 1
f 673 672 675
usemtl 1
f 682 690 664
usemtl 1
f 679 678 677
usemtl 1
f 679 675 678
usemtl 1
f 690 740 664
usemtl 1
f 682 664 679
usemtl 1
f 690 682 686
usemtl 1
f 685 680 684
usemtl 1
f 689 692 687
usemtl 1
f 681 680 685
usemtl 1
f 682 683 686
usemtl 1
f 682 685 683
usemtl 1
f 699 700 779
usemtl 1
f 720 690 719
usemtl 1
f 741 740 690
usemtl 1
f 690 689 719
usemtl 1
f 692 688 687
usemtl 1
f 691 693 692
usemtl 1
f 693 688 692
usemtl 1
f 697 687 694
usemtl 1
f 703 704 779
usemtl 1
f 689 687 697
usemtl 1
f 717 725 724
usemtl 1
f 701 703 702
usemtl 1
f 699 698 700
usemtl 1
f 696 695 701
usemtl 1
f 699 711 710
usemtl 1
f 695 703 701
usemtl 1
f 705 704 703
usemtl 1
f 703 779 702
usemtl 1
f 700 717 723
usemtl 1
f 779 711 699
usemtl 1
f 717 724 723
usemtl 1
f 716 717 700
usemtl 1
f 723 722 702
usemtl 1
f 670 697 702
usemtl 1
f 729 671 722
usemtl 1
f 779 723 702
usemtl 1
f 779 700 723
usemtl 1
f 702 722 670
usemtl 1
f 715 689 697
usemtl 1
f 671 670 722
usemtl 1
f 713 712 714
usemtl 1
f 714 728 715
usemtl 1
f 714 738 728
usemtl 1
f 713 714 715
usemtl 1
f 728 719 689
usemtl 1
f 715 728 689
o NL.IMBAG.Pand.0861100000421525-10
usemtl 0
f 805 806 807
usemtl 0
f 805 808 806
usemtl 2
f 809 810 807
usemtl 2
f 806 809 807
usemtl 2
f 810 811 805
usemtl 2
f 807 810 805
usemtl 2
f 812 809 806
usemtl 2
f 808 812 806
usemtl 2
f 811 812 808
usemtl 2
f 805 811 808
usemtl 1
f 809 812 811
usemtl 1
f 810 809 811
o NL.IMBAG.Pand.0861100000427735-11
usemtl 0
f 813 814 815
usemtl 0
f 816 817 818
usemtl 0
f 815 816 818
usemtl 0
f 815 818 819
usemtl 0
f 818 820 819
usemtl 0
f 815 819 813
usemtl 2
f 821 822 817
usemtl 2
f 816 821 817
usemtl 2
f 823 824 819
usemtl 2
f 820 823 819
usemtl 2
f 818 823 820
usemtl 2
f 818 825 823
usemtl 2
f 826 827 815
usemtl 2
f 814 826 815
usemtl 2
f 828 826 814
usemtl 2
f 813 828 814
usemtl 2
f 824 828 813
usemtl 2
f 819 824 813
usemtl 2
f 827 821 816
usemtl 2
f 815 827 816
usemtl 2
f 822 825 818
usemtl 2
f 817 822 818
usemtl 1
f 827 825 821
usemtl 1
f 821 825 822
usemtl 1
f 828 827 826
usemtl 1
f 828 824 827
usemtl 1
f 824 825 827
usemtl 1
f 823 825 824
o NL.IMBAG.Pand.0861100000369255-12
usemtl 0
f 829 830 831
usemtl 0
f 832 833 831
usemtl 0
f 834 832 831
usemtl 0
f 831 833 835
usemtl 0
f 836 837 838
usemtl 0
f 839 837 836
usemtl 0
f 837 835 838
usemtl 0
f 829 837 840
usemtl 0
f 831 835 837
usemtl 0
f 830 829 841
usemtl 0
f 831 837 829
usemtl 2
f 842 843 836
usemtl 2
f 838 842 836
usemtl 2
f 844 842 838
usemtl 2
f 835 844 838
usemtl 2
f 845 844 835
usemtl 2
f 833 845 835
usemtl 2
f 846 847 829
usemtl 2
f 840 846 829
usemtl 2
f 848 849 837
usemtl 2
f 839 848 837
usemtl 2
f 843 848 839
usemtl 2
f 836 843 839
usemtl 2
f 849 846 840
usemtl 2
f 837 849 840
usemtl 2
f 850 851 832
usemtl 2
f 834 850 832
usemtl 2
f 852 853 830
usemtl 2
f 841 852 830
usemtl 2
f 847 852 841
usemtl 2
f 829 847 841
usemtl 2
f 854 850 834
usemtl 2
f 831 854 834
usemtl 2
f 851 845 833
usemtl 2
f 832 851 833
usemtl 2
f 853 854 831
usemtl 2
f 830 853 831
usemtl 1
f 852 847 853
usemtl 1
f 847 854 853
usemtl 1
f 848 843 849
usemtl 1
f 846 849 847
usemtl 1
f 849 854 847
usemtl 1
f 849 843 842
usemtl 1
f 849 842 844
usemtl 1
f 849 844 854
usemtl 1
f 845 851 854
usemtl 1
f 851 850 854
usemtl 1
f 844 845 854
o NL.IMBAG.Pand.0861100000425963-13
usemtl 0
f 855 856 857
usemtl 0
f 855 858 856
usemtl 2
f 859 860 856
usemtl 2
f 858 859 856
usemtl 2
f 861 859 858
usemtl 2
f 855 861 858
usemtl 2
f 862 861 855
usemtl 2
f 857 862 855
usemtl 2
f 860 862 857
usemtl 2
f 856 860 857
usemtl 1
f 861 862 860
usemtl 1
f 859 861 860
o NL.IMBAG.Pand.0861100000421004-14
usemtl 0
f 863 864 865
usemtl 0
f 866 867 864
usemtl 0
f 864 867 868
usemtl 0
f 865 864 868
usemtl 2
f 869 870 868
usemtl 2
f 867 869 868
usemtl 2
f 871 869 867
usemtl 2
f 866 871 867
usemtl 2
f 872 871 866
usemtl 2
f 864 872 866
usemtl 2
f 873 872 864
usemtl 2
f 863 873 864
usemtl 2
f 874 873 863
usemtl 2
f 865 874 863
usemtl 2
f 870 874 865
usemtl 2
f 868 870 865
usemtl 1
f 872 874 870
usemtl 1
f 872 873 874
usemtl 1
f 869 872 870
usemtl 1
f 869 871 872
o NL.IMBAG.Pand.0861100000371673-15
usemtl 0
f 875 876 877
usemtl 0
f 878 879 880
usemtl 0
f 881 882 880
usemtl 0
f 880 882 883
usemtl 0
f 884 883 875
usemtl 0
f 884 875 885
usemtl 0
f 883 876 875
usemtl 0
f 880 884 878
usemtl 0
f 880 883 884
usemtl 0
f 884 886 878
usemtl 2
f 887 888 877
usemtl 2
f 876 887 877
usemtl 2
f 889 890 886
usemtl 2
f 884 889 886
usemtl 2
f 891 889 884
usemtl 2
f 885 891 884
usemtl 2
f 892 887 876
usemtl 2
f 883 892 876
usemtl 2
f 888 893 875
usemtl 2
f 877 888 875
usemtl 2
f 894 892 883
usemtl 2
f 882 894 883
usemtl 2
f 895 894 882
usemtl 2
f 881 895 882
usemtl 2
f 893 891 885
usemtl 2
f 875 893 885
usemtl 2
f 896 897 879
usemtl 2
f 878 896 879
usemtl 2
f 890 896 878
usemtl 2
f 886 890 878
usemtl 2
f 898 895 881
usemtl 2
f 880 898 881
usemtl 2
f 897 898 880
usemtl 2
f 879 897 880
usemtl 1
f 890 889 896
usemtl 1
f 896 898 897
usemtl 1
f 889 898 896
usemtl 1
f 893 887 892
usemtl 1
f 891 893 889
usemtl 1
f 892 898 889
usemtl 1
f 888 887 893
usemtl 1
f 894 898 892
usemtl 1
f 893 892 889
usemtl 1
f 895 898 894
o NL.IMBAG.Pand.0861100000368971-16
usemtl 0
f 899 900 901
usemtl 0
f 902 903 904
usemtl 0
f 905 900 904
usemtl 0
f 902 899 906
usemtl 0
f 904 900 899
usemtl 0
f 907 905 904
usemtl 0
f 902 904 899
usemtl 0
f 905 908 909
usemtl 0
f 905 909 900
usemtl 0
f 909 910 900
usemtl 2
f 911 912 904
usemtl 2
f 903 911 904
usemtl 2
f 913 914 902
usemtl 2
f 906 913 902
usemtl 2
f 915 913 906
usemtl 2
f 899 915 906
usemtl 2
f 914 911 903
usemtl 2
f 902 914 903
usemtl 2
f 916 917 901
usemtl 2
f 900 916 901
usemtl 2
f 917 915 899
usemtl 2
f 901 917 899
usemtl 2
f 918 916 900
usemtl 2
f 910 918 900
usemtl 2
f 919 920 908
usemtl 2
f 905 919 908
usemtl 2
f 920 921 909
usemtl 2
f 908 920 909
usemtl 2
f 921 918 910
usemtl 2
f 909 921 910
usemtl 2
f 912 922 907
usemtl 2
f 904 912 907
usemtl 2
f 922 919 905
usemtl 2
f 907 922 905
usemtl 1
f 912 919 922
usemtl 1
f 915 917 916
usemtl 1
f 916 919 912
usemtl 1
f 914 912 911
usemtl 1
f 913 915 914
usemtl 1
f 915 916 912
usemtl 1
f 914 915 912
usemtl 1
f 916 921 919
usemtl 1
f 918 921 916
usemtl 1
f 921 920 919
o NL.IMBAG.Pand.0861100000368563-17
usemtl 0
f 923 924 925
usemtl 0
f 926 927 928
usemtl 0
f 923 929 924
usemtl 0
f 927 930 928
usemtl 0
f 928 931 929
usemtl 0
f 929 932 924
usemtl 0
f 926 928 923
usemtl 0
f 928 929 923
usemtl 2
f 933 934 925
usemtl 2
f 924 933 925
usemtl 2
f 934 935 923
usemtl 2
f 925 934 923
usemtl 2
f 936 933 924
usemtl 2
f 932 936 924
usemtl 2
f 937 936 932
usemtl 2
f 929 937 932
usemtl 2
f 938 939 927
usemtl 2
f 926 938 927
usemtl 2
f 940 941 928
usemtl 2
f 930 940 928
usemtl 2
f 939 940 930
usemtl 2
f 927 939 930
usemtl 2
f 935 938 926
usemtl 2
f 923 935 926
usemtl 2
f 942 937 929
usemtl 2
f 931 942 929
usemtl 2
f 941 942 931
usemtl 2
f 928 941 931
usemtl 1
f 937 942 941
usemtl 1
f 938 935 941
usemtl 1
f 940 939 941
usemtl 1
f 939 938 941
usemtl 1
f 941 935 937
usemtl 1
f 935 934 933
usemtl 1
f 935 933 937
usemtl 1
f 933 936 937
o NL.IMBAG.Pand.0861100000371584-18
usemtl 0
f 943 944 945
usemtl 0
f 946 947 948
usemtl 0
f 949 944 943
usemtl 0
f 950 951 952
usemtl 0
f 951 946 952
usemtl 0
f 953 943 951
usemtl 0
f 954 943 953
usemtl 0
f 954 953 955
usemtl 0
f 943 946 951
usemtl 0
f 945 944 956
usemtl 0
f 957 944 949
usemtl 0
f 946 943 945
usemtl 0
f 946 945 947
usemtl 0
f 945 958 947
usemtl 0
f 959 960 945
usemtl 0
f 960 958 945
usemtl 2
f 961 962 945
usemtl 2
f 956 961 945
usemtl 2
f 963 961 956
usemtl 2
f 944 963 956
usemtl 2
f 962 964 959
usemtl 2
f 945 962 959
usemtl 2
f 965 966 949
usemtl 2
f 943 965 949
usemtl 2
f 967 963 944
usemtl 2
f 957 967 944
usemtl 2
f 966 967 957
usemtl 2
f 949 966 957
usemtl 2
f 968 965 943
usemtl 2
f 954 968 943
usemtl 2
f 969 970 955
usemtl 2
f 953 969 955
usemtl 2
f 970 968 954
usemtl 2
f 955 970 954
usemtl 2
f 971 969 953
usemtl 2
f 951 971 953
usemtl 2
f 972 971 951
usemtl 2
f 950 972 951
usemtl 2
f 973 972 950
usemtl 2
f 952 973 950
usemtl 2
f 974 973 952
usemtl 2
f 946 974 952
usemtl 2
f 975 976 948
usemtl 2
f 947 975 948
usemtl 2
f 976 974 946
usemtl 2
f 948 976 946
usemtl 2
f 977 975 947
usemtl 2
f 958 977 947
usemtl 2
f 978 977 958
usemtl 2
f 960 978 958
usemtl 2
f 964 978 960
usemtl 2
f 959 964 960
usemtl 1
f 962 978 964
usemtl 1
f 961 963 962
usemtl 1
f 962 977 978
usemtl 1
f 963 966 965
usemtl 1
f 967 966 963
usemtl 1
f 968 970 969
usemtl 1
f 963 965 962
usemtl 1
f 965 971 974
usemtl 1
f 971 973 974
usemtl 1
f 965 969 971
usemtl 1
f 965 968 969
usemtl 1
f 972 973 971
usemtl 1
f 974 976 975
usemtl 1
f 975 977 962
usemtl 1
f 965 974 962
usemtl 1
f 974 975 962
o NL.IMBAG.Pand.0861100000370693-19
usemtl 1
f 979 980 981
usemtl 1
f 982 983 984
usemtl 1
f 985 986 987
usemtl 1
f 988 989 987
usemtl 1
f 982 990 991
usemtl 1
f 992 993 994
usemtl 1
f 995 996 997
usemtl 1
f 996 992 994
usemtl 1
f 998 985 999
usemtl 1
f 997 994 998
usemtl 1
f 997 996 994
usemtl 1
f 979 998 980
usemtl 1
f 979 997 998
usemtl 1
f 987 1000 1001
usemtl 1
f 998 1002 985
usemtl 1
f 1001 1003 1004
usemtl 1
f 985 987 999
usemtl 1
f 1005 1006 1003
usemtl 1
f 1003 1007 1004
usemtl 1
f 1008 1005 1000
usemtl 1
f 1009 1006 1005
usemtl 1
f 1005 1003 1000
usemtl 1
f 1010 1007 1003
usemtl 1
f 1000 1003 1001
usemtl 1
f 988 1001 1011
usemtl 1
f 1012 999 989
usemtl 1
f 1001 988 987
usemtl 1
f 1013 1014 1015
usemtl 1
f 1014 989 1015
usemtl 1
f 1016 1017 1012
usemtl 1
f 1018 989 1014
usemtl 1
f 1019 1017 1016
usemtl 1
f 1018 1020 1016
usemtl 1
f 1017 1021 1012
usemtl 1
f 1017 1019 1022
usemtl 1
f 1012 989 1018
usemtl 1
f 1016 1012 1018
usemtl 1
f 999 980 998
usemtl 1
f 1023 999 1012
usemtl 1
f 980 999 1024
usemtl 1
f 1023 1025 1026
usemtl 1
f 989 999 987
usemtl 1
f 1023 1026 999
usemtl 1
f 999 1027 1024
usemtl 1
f 1027 1028 1024
usemtl 1
f 991 990 1029
usemtl 1
f 984 1028 990
usemtl 1
f 991 1029 1030
usemtl 1
f 1029 1031 1030
usemtl 1
f 984 1024 1028
usemtl 1
f 983 1032 1033
usemtl 1
f 1032 983 982
usemtl 1
f 982 984 990
usemtl 1
f 983 1034 984
usemtl 2
f 980 1035 1036
usemtl 2
f 980 1024 1035
usemtl 2
f 981 1036 1037
usemtl 2
f 981 980 1036
usemtl 2
f 979 1037 1038
usemtl 2
f 979 981 1037
usemtl 2
f 997 1038 1039
usemtl 2
f 997 979 1038
usemtl 2
f 995 1039 1040
usemtl 2
f 995 997 1039
usemtl 2
f 996 1040 1041
usemtl 2
f 996 995 1040
usemtl 2
f 992 1041 1042
usemtl 2
f 992 996 1041
usemtl 2
f 993 1042 1043
usemtl 2
f 993 992 1042
usemtl 2
f 994 1043 1044
usemtl 2
f 994 993 1043
usemtl 2
f 998 1044 1045
usemtl 2
f 998 994 1044
usemtl 2
f 1002 1045 1046
usemtl 2
f 1002 998 1045
usemtl 2
f 985 1046 1047
usemtl 2
f 985 1002 1046
usemtl 2
f 986 1047 1048
usemtl 2
f 986 985 1047
usemtl 2
f 987 1048 1049
usemtl 2
f 987 986 1048
usemtl 2
f 1000 1049 1050
usemtl 2
f 1000 987 1049
usemtl 2
f 1008 1050 1051
usemtl 2
f 1008 1000 1050
usemtl 2
f 1005 1051 1052
usemtl 2
f 1005 1008 1051
usemtl 2
f 1009 1052 1053
usemtl 2
f 1009 1005 1052
usemtl 2
f 1006 1053 1054
usemtl 2
f 1006 1009 1053
usemtl 2
f 1003 1054 1055
usemtl 2
f 1003 1006 1054
usemtl 2
f 1010 1055 1056
usemtl 2
f 1010 1003 1055
usemtl 2
f 1007 1056 1057
usemtl 2
f 1007 1010 1056
usemtl 2
f 1004 1057 1058
usemtl 2
f 1004 1007 1057
usemtl 2
f 1001 1058 1059
usemtl 2
f 1001 1004 1058
usemtl 2
f 1011 1059 1060
usemtl 2
f 1011 1001 1059
usemtl 2
f 988 1060 1061
usemtl 2
f 988 1011 1060
usemtl 2
f 989 1061 1062
usemtl 2
f 989 988 1061
usemtl 2
f 1015 1062 1063
usemtl 2
f 1015 989 1062
usemtl 2
f 1013 1063 1064
usemtl 2
f 1013 1015 1063
usemtl 2
f 1014 1064 1065
usemtl 2
f 1014 1013 1064
usemtl 2
f 1018 1065 1066
usemtl 2
f 1018 1014 1065
usemtl 2
f 1020 1066 1067
usemtl 2
f 1020 1018 1066
usemtl 2
f 1016 1067 1068
usemtl 2
f 1016 1020 1067
usemtl 2
f 1019 1068 1069
usemtl 2
f 1019 1016 1068
usemtl 2
f 1022 1069 1070
usemtl 2
f 1022 1019 1069
usemtl 2
f 1017 1070 1071
usemtl 2
f 1017 1022 1070
usemtl 2
f 1021 1071 1072
usemtl 2
f 1021 1017 1071
usemtl 2
f 1012 1072 1073
usemtl 2
f 1012 1021 1072
usemtl 2
f 1023 1073 1074
usemtl 2
f 1023 1012 1073
usemtl 2
f 1025 1074 1075
usemtl 2
f 1025 1023 1074
usemtl 2
f 1026 1075 1076
usemtl 2
f 1026 1025 1075
usemtl 2
f 999 1076 1077
usemtl 2
f 999 1026 1076
usemtl 2
f 1027 1077 1078
usemtl 2
f 1027 999 1077
usemtl 2
f 1028 1078 1079
usemtl 2
f 1028 1027 1078
usemtl 2
f 990 1079 1080
usemtl 2
f 990 1028 1079
usemtl 2
f 1029 1080 1081
usemtl 2
f 1029 990 1080
usemtl 2
f 1031 1081 1082
usemtl 2
f 1031 1029 1081
usemtl 2
f 1030 1082 1083
usemtl 2
f 1030 1031 1082
usemtl 2
f 991 1083 1084
usemtl 2
f 991 1030 1083
usemtl 2
f 982 1084 1085
usemtl 2
f 982 991 1084
usemtl 2
f 1032 1085 1086
usemtl 2
f 1032 982 1085
usemtl 2
f 1033 1086 1087
usemtl 2
f 1033 1032 1086
usemtl 2
f 983 1087 1088
usemtl 2
f 983 1033 1087
usemtl 2
f 1034 1088 1089
usemtl 2
f 1034 983 1088
usemtl 2
f 984 1089 1090
usemtl 2
f 984 1034 1089
usemtl 2
f 1024 1090 1035
usemtl 2
f 1024 984 1090
usemtl 0
f 1085 1084 1080
usemtl 0
f 1081 1084 1083
usemtl 0
f 1088 1086 1085
usemtl 0
f 1077 1035 1078
usemtl 0
f 1089 1088 1090
usemtl 0
f 1087 1086 1088
usemtl 0
f 1088 1085 1090
usemtl 0
f 1059 1049 1061
usemtl 0
f 1058 1057 1055
usemtl 0
f 1080 1084 1081
usemtl 0
f 1082 1081 1083
usemtl 0
f 1080 1090 1085
usemtl 0
f 1079 1078 1035
usemtl 0
f 1090 1079 1035
usemtl 0
f 1080 1079 1090
usemtl 0
f 1035 1077 1036
usemtl 0
f 1068 1071 1069
usemtl 0
f 1076 1074 1077
usemtl 0
f 1076 1075 1074
usemtl 0
f 1074 1073 1077
usemtl 0
f 1072 1071 1073
usemtl 0
f 1073 1071 1068
usemtl 0
f 1066 1065 1062
usemtl 0
f 1070 1069 1071
usemtl 0
f 1066 1068 1067
usemtl 0
f 1073 1062 1077
usemtl 0
f 1073 1068 1066
usemtl 0
f 1073 1066 1062
usemtl 0
f 1057 1056 1055
usemtl 0
f 1064 1063 1065
usemtl 0
f 1063 1062 1065
usemtl 0
f 1055 1052 1050
usemtl 0
f 1060 1059 1061
usemtl 0
f 1052 1054 1053
usemtl 0
f 1049 1077 1062
usemtl 0
f 1048 1047 1049
usemtl 0
f 1058 1055 1059
usemtl 0
f 1039 1044 1041
usemtl 0
f 1050 1052 1051
usemtl 0
f 1055 1054 1052
usemtl 0
f 1059 1050 1049
usemtl 0
f 1059 1055 1050
usemtl 0
f 1061 1049 1062
usemtl 0
f 1077 1049 1047
usemtl 0
f 1045 1047 1046
usemtl 0
f 1045 1077 1047
usemtl 0
f 1039 1041 1040
usemtl 0
f 1043 1042 1044
usemtl 0
f 1044 1042 1041
usemtl 0
f 1038 1045 1039
usemtl 0
f 1045 1044 1039
usemtl 0
f 1037 1036 1038
usemtl 0
f 1038 1036 1045
usemtl 0
f 1045 1036 1077
o NL.IMBAG.Pand.0861100000369203-20
usemtl 0
f 1091 1092 1093
usemtl 0
f 1094 1092 1091
usemtl 0
f 1095 1096 1094
usemtl 0
f 1097 1095 1094
usemtl 0
f 1094 1096 1092
usemtl 0
f 1096 1098 1092
usemtl 0
f 1099 1100 1096
usemtl 0
f 1101 1100 1099
usemtl 0
f 1101 1099 1102
usemtl 0
f 1100 1098 1096
usemtl 0
f 1103 1098 1100
usemtl 0
f 1104 1105 1106
usemtl 0
f 1107 1108 1109
usemtl 0
f 1108 1103 1109
usemtl 0
f 1104 1103 1108
usemtl 0
f 1104 1106 1110
usemtl 0
f 1105 1104 1111
usemtl 0
f 1104 1110 1098
usemtl 0
f 1112 1113 1106
usemtl 0
f 1114 1113 1112
usemtl 0
f 1114 1112 1115
usemtl 0
f 1113 1110 1106
usemtl 0
f 1116 1110 1113
usemtl 0
f 1098 1117 1092
usemtl 0
f 1118 1117 1098
usemtl 0
f 1104 1098 1103
usemtl 2
f 1119 1120 1113
usemtl 2
f 1114 1119 1113
usemtl 2
f 1121 1119 1114
usemtl 2
f 1115 1121 1114
usemtl 2
f 1122 1121 1115
usemtl 2
f 1112 1122 1115
usemtl 2
f 1123 1122 1112
usemtl 2
f 1106 1123 1112
usemtl 2
f 1124 1125 1110
usemtl 2
f 1116 1124 1110
usemtl 2
f 1120 1124 1116
usemtl 2
f 1113 1120 1116
usemtl 2
f 1126 1123 1106
usemtl 2
f 1105 1126 1106
usemtl 2
f 1127 1128 1111
usemtl 2
f 1104 1127 1111
usemtl 2
f 1129 1127 1104
usemtl 2
f 1108 1129 1104
usemtl 2
f 1130 1129 1108
usemtl 2
f 1107 1130 1108
usemtl 2
f 1131 1132 1103
usemtl 2
f 1100 1131 1103
usemtl 2
f 1128 1126 1105
usemtl 2
f 1111 1128 1105
usemtl 2
f 1133 1130 1107
usemtl 2
f 1109 1133 1107
usemtl 2
f 1132 1133 1109
usemtl 2
f 1103 1132 1109
usemtl 2
f 1134 1131 1100
usemtl 2
f 1101 1134 1100
usemtl 2
f 1135 1136 1117
usemtl 2
f 1118 1135 1117
usemtl 2
f 1137 1135 1118
usemtl 2
f 1098 1137 1118
usemtl 2
f 1138 1139 1099
usemtl 2
f 1096 1138 1099
usemtl 2
f 1140 1138 1096
usemtl 2
f 1095 1140 1096
usemtl 2
f 1141 1134 1101
usemtl 2
f 1102 1141 1101
usemtl 2
f 1139 1141 1102
usemtl 2
f 1099 1139 1102
usemtl 2
f 1142 1140 1095
usemtl 2
f 1097 1142 1095
usemtl 2
f 1143 1144 1094
usemtl 2
f 1091 1143 1094
usemtl 2
f 1125 1137 1098
usemtl 2
f 1110 1125 1098
usemtl 2
f 1145 1146 1093
usemtl 2
f 1092 1145 1093
usemtl 2
f 1146 1143 1091
usemtl 2
f 1093 1146 1091
usemtl 2
f 1144 1142 1097
usemtl 2
f 1094 1144 1097
usemtl 2
f 1136 1145 1092
usemtl 2
f 1117 1136 1092
usemtl 1
f 1135 1137 1136
usemtl 1
f 1137 1145 1136
usemtl 1
f 1125 1123 1127
usemtl 1
f 1125 1124 1120
usemtl 1
f 1119 1121 1122
usemtl 1
f 1122 1120 1119
usemtl 1
f 1127 1123 1126
usemtl 1
f 1127 1126 1128
usemtl 1
f 1125 1120 1123
usemtl 1
f 1123 1120 1122
usemtl 1
f 1132 1127 1129
usemtl 1
f 1137 1132 1131
usemtl 1
f 1129 1130 1133
usemtl 1
f 1137 1125 1127
usemtl 1
f 1144 1140 1142
usemtl 1
f 1144 1143 1145
usemtl 1
f 1133 1132 1129
usemtl 1
f 1137 1127 1132
usemtl 1
f 1137 1131 1138
usemtl 1
f 1139 1134 1141
usemtl 1
f 1131 1139 1138
usemtl 1
f 1131 1134 1139
usemtl 1
f 1137 1138 1145
usemtl 1
f 1144 1138 1140
usemtl 1
f 1143 1146 1145
usemtl 1
f 1145 1138 1144
o NL.IMBAG.Pand.0861100000365630-21
usemtl 0
f 1147 1148 1149
usemtl 0
f 1150 1147 1149
usemtl 0
f 1151 1147 1152
usemtl 0
f 1153 1148 1147
usemtl 0
f 1153 1147 1151
usemtl 2
f 1154 1155 1147
usemtl 2
f 1150 1154 1147
usemtl 2
f 1155 1156 1152
usemtl 2
f 1147 1155 1152
usemtl 2
f 1157 1158 1149
usemtl 2
f 1148 1157 1149
usemtl 2
f 1158 1154 1150
usemtl 2
f 1149 1158 1150
usemtl 2
f 1159 1157 1148
usemtl 2
f 1153 1159 1148
usemtl 2
f 1160 1159 1153
usemtl 2
f 1151 1160 1153
usemtl 2
f 1156 1160 1151
usemtl 2
f 1152 1156 1151
usemtl 1
f 1155 1160 1156
usemtl 1
f 1154 1158 1155
usemtl 1
f 1155 1159 1160
usemtl 1
f 1157 1159 1155
usemtl 1
f 1158 1157 1155
o NL.IMBAG.Pand.0861100000368561-22
usemtl 0
f 1161 1162 1163
usemtl 0
f 1164 1162 1161
usemtl 0
f 1165 1162 1164
usemtl 0
f 1166 1167 1164
usemtl 0
f 1168 1169 1166
usemtl 0
f 1168 1166 1170
usemtl 0
f 1169 1171 1167
usemtl 0
f 1169 1167 1166
usemtl 0
f 1172 1167 1171
usemtl 0
f 1167 1173 1164
usemtl 0
f 1173 1174 1164
usemtl 0
f 1175 1176 1162
usemtl 0
f 1177 1178 1174
usemtl 0
f 1177 1174 1179
usemtl 0
f 1174 1165 1164
usemtl 0
f 1174 1178 1165
usemtl 0
f 1165 1175 1162
usemtl 2
f 1180 1181 1170
usemtl 2
f 1166 1180 1170
usemtl 2
f 1181 1182 1168
usemtl 2
f 1170 1181 1168
usemtl 2
f 1182 1183 1169
usemtl 2
f 1168 1182 1169
usemtl 2
f 1184 1185 1163
usemtl 2
f 1162 1184 1163
usemtl 2
f 1186 1187 1165
usemtl 2
f 1178 1186 1165
usemtl 2
f 1185 1188 1161
usemtl 2
f 1163 1185 1161
usemtl 2
f 1189 1184 1162
usemtl 2
f 1176 1189 1162
usemtl 2
f 1190 1189 1176
usemtl 2
f 1175 1190 1176
usemtl 2
f 1188 1191 1164
usemtl 2
f 1161 1188 1164
usemtl 2
f 1187 1190 1175
usemtl 2
f 1165 1187 1175
usemtl 2
f 1191 1180 1166
usemtl 2
f 1164 1191 1166
usemtl 2
f 1192 1186 1178
usemtl 2
f 1177 1192 1178
usemtl 2
f 1193 1192 1177
usemtl 2
f 1179 1193 1177
usemtl 2
f 1194 1193 1179
usemtl 2
f 1174 1194 1179
usemtl 2
f 1183 1195 1171
usemtl 2
f 1169 1183 1171
usemtl 2
f 1196 1197 1173
usemtl 2
f 1167 1196 1173
usemtl 2
f 1198 1196 1167
usemtl 2
f 1172 1198 1167
usemtl 2
f 1195 1198 1172
usemtl 2
f 1171 1195 1172
usemtl 2
f 1197 1194 1174
usemtl 2
f 1173 1197 1174
usemtl 1
f 1196 1183 1180
usemtl 1
f 1198 1195 1196
usemtl 1
f 1192 1194 1186
usemtl 1
f 1195 1183 1196
usemtl 1
f 1183 1182 1180
usemtl 1
f 1182 1181 1180
usemtl 1
f 1196 1191 1197
usemtl 1
f 1191 1194 1197
usemtl 1
f 1196 1180 1191
usemtl 1
f 1188 1185 1184
usemtl 1
f 1184 1189 1190
usemtl 1
f 1187 1194 1191
usemtl 1
f 1188 1184 1191
usemtl 1
f 1186 1194 1187
usemtl 1
f 1184 1190 1187
usemtl 1
f 1184 1187 1191
usemtl 1
f 1192 1193 1194
o NL.IMBAG.Pand.0861100000365379-23
usemtl 0
f 1199 1200 1201
usemtl 0
f 1202 1203 1201
usemtl 0
f 1204 1202 1201
usemtl 0
f 1205 1206 1202
usemtl 0
f 1206 1207 1208
usemtl 0
f 1203 1208 1209
usemtl 0
f 1202 1206 1208
usemtl 0
f 1201 1203 1199
usemtl 0
f 1202 1208 1203
usemtl 0
f 1203 1210 1199
usemtl 0
f 1203 1211 1210
usemtl 0
f 1210 1212 1199
usemtl 2
f 1213 1214 1207
usemtl 2
f 1206 1213 1207
usemtl 2
f 1215 1216 1205
usemtl 2
f 1202 1215 1205
usemtl 2
f 1216 1213 1206
usemtl 2
f 1205 1216 1206
usemtl 2
f 1217 1218 1200
usemtl 2
f 1199 1217 1200
usemtl 2
f 1214 1219 1208
usemtl 2
f 1207 1214 1208
usemtl 2
f 1220 1215 1202
usemtl 2
f 1204 1220 1202
usemtl 2
f 1221 1220 1204
usemtl 2
f 1201 1221 1204
usemtl 2
f 1222 1217 1199
usemtl 2
f 1212 1222 1199
usemtl 2
f 1210 1222 1212
usemtl 2
f 1210 1223 1222
usemtl 2
f 1224 1223 1210
usemtl 2
f 1211 1224 1210
usemtl 2
f 1225 1224 1211
usemtl 2
f 1203 1225 1211
usemtl 2
f 1226 1225 1203
usemtl 2
f 1209 1226 1203
usemtl 2
f 1219 1226 1209
usemtl 2
f 1208 1219 1209
usemtl 2
f 1218 1221 1201
usemtl 2
f 1200 1218 1201
usemtl 1
f 1217 1221 1218
usemtl 1
f 1222 1223 1217
usemtl 1
f 1215 1225 1219
usemtl 1
f 1223 1225 1217
usemtl 1
f 1223 1224 1225
usemtl 1
f 1217 1225 1221
usemtl 1
f 1225 1215 1221
usemtl 1
f 1226 1219 1225
usemtl 1
f 1215 1213 1216
usemtl 1
f 1214 1213 1219
usemtl 1
f 1219 1213 1215
usemtl 1
f 1220 1221 1215
o NL.IMBAG.Pand.0861100000374406-24
usemtl 0
f 1227 1228 1229
usemtl 0
f 1230 1231 1232
usemtl 0
f 1233 1234 1235
usemtl 0
f 1236 1230 1237
usemtl 0
f 1238 1233 1235
usemtl 0
f 1236 1238 1235
usemtl 0
f 1228 1236 1235
usemtl 0
f 1234 1233 1239
usemtl 0
f 1230 1236 1228
usemtl 0
f 1230 1228 1231
usemtl 0
f 1232 1231 1240
usemtl 0
f 1241 1242 1243
usemtl 0
f 1229 1228 1235
usemtl 0
f 1244 1245 1246
usemtl 0
f 1231 1241 1240
usemtl 0
f 1231 1242 1241
usemtl 0
f 1240 1247 1248
usemtl 0
f 1241 1245 1244
usemtl 0
f 1232 1240 1248
usemtl 0
f 1241 1244 1240
usemtl 0
f 1248 1247 1249
usemtl 2
f 1250 1251 1249
usemtl 2
f 1247 1250 1249
usemtl 2
f 1252 1253 1235
usemtl 2
f 1234 1252 1235
usemtl 2
f 1254 1255 1231
usemtl 2
f 1228 1254 1231
usemtl 2
f 1253 1256 1229
usemtl 2
f 1235 1253 1229
usemtl 2
f 1257 1254 1228
usemtl 2
f 1227 1257 1228
usemtl 2
f 1255 1258 1242
usemtl 2
f 1231 1255 1242
usemtl 2
f 1251 1259 1248
usemtl 2
f 1249 1251 1248
usemtl 2
f 1258 1260 1243
usemtl 2
f 1242 1258 1243
usemtl 2
f 1256 1257 1227
usemtl 2
f 1229 1256 1227
usemtl 2
f 1261 1252 1234
usemtl 2
f 1239 1261 1234
usemtl 2
f 1262 1261 1239
usemtl 2
f 1233 1262 1239
usemtl 2
f 1263 1262 1233
usemtl 2
f 1238 1263 1233
usemtl 2
f 1264 1265 1236
usemtl 2
f 1237 1264 1236
usemtl 2
f 1265 1263 1238
usemtl 2
f 1236 1265 1238
usemtl 2
f 1266 1267 1245
usemtl 2
f 1241 1266 1245
usemtl 2
f 1260 1266 1241
usemtl 2
f 1243 1260 1241
usemtl 2
f 1268 1269 1244
usemtl 2
f 1246 1268 1244
usemtl 2
f 1269 1270 1240
usemtl 2
f 1244 1269 1240
usemtl 2
f 1267 1268 1246
usemtl 2
f 1245 1267 1246
usemtl 2
f 1270 1250 1247
usemtl 2
f 1240 1270 1247
usemtl 2
f 1271 1272 1230
usemtl 2
f 1232 1271 1230
usemtl 2
f 1272 1264 1237
usemtl 2
f 1230 1272 1237
usemtl 2
f 1259 1271 1232
usemtl 2
f 1248 1259 1232
usemtl 1
f 1270 1269 1266
usemtl 1
f 1270 1271 1259
usemtl 1
f 1251 1250 1259
usemtl 1
f 1264 1272 1265
usemtl 1
f 1259 1250 1270
usemtl 1
f 1266 1260 1258
usemtl 1
f 1255 1270 1266
usemtl 1
f 1269 1267 1266
usemtl 1
f 1268 1267 1269
usemtl 1
f 1255 1266 1258
usemtl 1
f 1254 1256 1253
usemtl 1
f 1271 1255 1272
usemtl 1
f 1271 1270 1255
usemtl 1
f 1255 1254 1272
usemtl 1
f 1257 1256 1254
usemtl 1
f 1262 1252 1261
usemtl 1
f 1254 1253 1265
usemtl 1
f 1253 1262 1263
usemtl 1
f 1253 1252 1262
usemtl 1
f 1253 1263 1265
usemtl 1
f 1254 1265 1272
o NL.IMBAG.Pand.0861100000369136-25
usemtl 0
f 1273 1274 1275
usemtl 0
f 1273 1276 1274
usemtl 2
f 1277 1278 1275
usemtl 2
f 1274 1277 1275
usemtl 2
f 1278 1279 1273
usemtl 2
f 1275 1278 1273
usemtl 2
f 1280 1277 1274
usemtl 2
f 1276 1280 1274
usemtl 2
f 1279 1280 1276
usemtl 2
f 1273 1279 1276
usemtl 1
f 1277 1280 1279
usemtl 1
f 1278 1277 1279
o NL.IMBAG.Pand.0861100000374394-26
usemtl 0
f 1281 1282 1283
usemtl 0
f 1284 1281 1283
usemtl 2
f 1285 1286 1283
usemtl 2
f 1282 1285 1283
usemtl 2
f 1286 1287 1284
usemtl 2
f 1283 1286 1284
usemtl 2
f 1288 1285 1282
usemtl 2
f 1281 1288 1282
usemtl 2
f 1287 1288 1281
usemtl 2
f 1284 1287 1281
usemtl 1
f 1286 1288 1287
usemtl 1
f 1286 1285 1288
o NL.IMBAG.Pand.0861100000375466-27
usemtl 1
f 1289 1290 1291
usemtl 1
f 1292 1293 1294
usemtl 1
f 1295 1296 1290
usemtl 1
f 1297 1298 1299
usemtl 1
f 1300 1301 1295
usemtl 1
f 1302 1303 1304
usemtl 1
f 1300 1295 1305
usemtl 1
f 1296 1306 1290
usemtl 1
f 1295 1290 1289
usemtl 1
f 1307 1308 1306
usemtl 1
f 1307 1306 1296
usemtl 1
f 1309 1310 1290
usemtl 1
f 1305 1295 1289
usemtl 1
f 1311 1312 1310
usemtl 1
f 1311 1310 1309
usemtl 1
f 1310 1313 1290
usemtl 1
f 1309 1290 1306
usemtl 1
f 1314 1291 1290
usemtl 1
f 1315 1316 1314
usemtl 1
f 1315 1314 1290
usemtl 1
f 1305 1289 1317
usemtl 1
f 1305 1317 1294
usemtl 1
f 1318 1319 1291
usemtl 1
f 1319 1289 1291
usemtl 1
f 1320 1321 1322
usemtl 1
f 1289 1323 1317
usemtl 1
f 1324 1325 1323
usemtl 1
f 1325 1317 1323
usemtl 1
f 1326 1327 1328
usemtl 1
f 1299 1329 1297
usemtl 1
f 1327 1330 1331
usemtl 1
f 1332 1321 1320
usemtl 1
f 1333 1330 1327
usemtl 1
f 1327 1331 1328
usemtl 1
f 1334 1321 1332
usemtl 1
f 1320 1335 1332
usemtl 1
f 1336 1337 1320
usemtl 1
f 1336 1320 1338
usemtl 1
f 1339 1340 1341
usemtl 1
f 1320 1322 1339
usemtl 1
f 1332 1342 1334
usemtl 1
f 1343 1344 1345
usemtl 1
f 1320 1339 1338
usemtl 1
f 1322 1340 1339
usemtl 1
f 1339 1329 1299
usemtl 1
f 1346 1347 1348
usemtl 1
f 1338 1339 1299
usemtl 1
f 1329 1349 1297
usemtl 1
f 1349 1329 1350
usemtl 1
f 1299 1298 1351
usemtl 1
f 1299 1351 1352
usemtl 1
f 1298 1353 1351
usemtl 1
f 1331 1338 1299
usemtl 1
f 1351 1353 1354
usemtl 1
f 1299 1355 1328
usemtl 1
f 1331 1299 1328
usemtl 1
f 1356 1357 1355
usemtl 1
f 1355 1357 1358
usemtl 1
f 1346 1359 1347
usemtl 1
f 1360 1361 1362
usemtl 1
f 1363 1356 1355
usemtl 1
f 1346 1348 1364
usemtl 1
f 1365 1360 1366
usemtl 1
f 1367 1347 1368
usemtl 1
f 1369 1370 1371
usemtl 1
f 1372 1369 1367
usemtl 1
f 1366 1345 1365
usemtl 1
f 1370 1373 1371
usemtl 1
f 1366 1374 1375
usemtl 1
f 1371 1376 1345
usemtl 1
f 1377 1378 1343
usemtl 1
f 1377 1343 1376
usemtl 1
f 1343 1345 1376
usemtl 1
f 1379 1380 1381
usemtl 1
f 1362 1366 1360
usemtl 1
f 1375 1371 1345
usemtl 1
f 1382 1383 1384
usemtl 1
f 1374 1379 1381
usemtl 1
f 1366 1385 1379
usemtl 1
f 1347 1367 1386
usemtl 1
f 1347 1359 1368
usemtl 1
f 1366 1379 1374
usemtl 1
f 1369 1375 1387
usemtl 1
f 1369 1371 1375
usemtl 1
f 1366 1375 1345
usemtl 1
f 1374 1388 1375
usemtl 1
f 1369 1387 1386
usemtl 1
f 1369 1386 1367
usemtl 1
f 1387 1389 1386
usemtl 1
f 1364 1390 1391
usemtl 1
f 1392 1348 1393
usemtl 1
f 1390 1383 1391
usemtl 1
f 1390 1348 1392
usemtl 1
f 1383 1382 1391
usemtl 1
f 1384 1383 1394
usemtl 1
f 1382 1395 1391
usemtl 1
f 1395 1396 1391
usemtl 1
f 1395 1382 1397
usemtl 1
f 1346 1364 1398
usemtl 1
f 1396 1395 1399
usemtl 1
f 1398 1364 1400
usemtl 1
f 1348 1390 1364
usemtl 1
f 1328 1355 1358
usemtl 1
f 1358 1401 1328
usemtl 1
f 1401 1402 1328
usemtl 1
f 1357 1359 1358
usemtl 1
f 1358 1359 1346
usemtl 1
f 1403 1358 1404
usemtl 1
f 1402 1317 1328
usemtl 1
f 1405 1402 1406
usemtl 1
f 1403 1401 1358
usemtl 1
f 1407 1317 1408
usemtl 1
f 1409 1410 1411
usemtl 1
f 1402 1408 1317
usemtl 1
f 1402 1405 1408
usemtl 1
f 1317 1407 1410
usemtl 1
f 1410 1407 1411
usemtl 1
f 1412 1413 1414
usemtl 1
f 1415 1317 1410
usemtl 1
f 1413 1317 1415
usemtl 1
f 1416 1417 1418
usemtl 1
f 1419 1420 1421
usemtl 1
f 1317 1413 1420
usemtl 1
f 1415 1414 1413
usemtl 1
f 1417 1420 1419
usemtl 1
f 1418 1422 1423
usemtl 1
f 1424 1425 1426
usemtl 1
f 1417 1416 1420
usemtl 1
f 1425 1427 1428
usemtl 1
f 1429 1427 1425
usemtl 1
f 1427 1430 1428
usemtl 1
f 1426 1425 1431
usemtl 1
f 1420 1432 1317
usemtl 1
f 1431 1422 1418
usemtl 1
f 1433 1434 1435
usemtl 1
f 1430 1436 1428
usemtl 1
f 1437 1432 1438
usemtl 1
f 1425 1428 1422
usemtl 1
f 1425 1422 1431
usemtl 1
f 1423 1439 1418
usemtl 1
f 1431 1418 1417
usemtl 1
f 1420 1416 1432
usemtl 1
f 1434 1433 1302
usemtl 1
f 1440 1441 1442
usemtl 1
f 1443 1302 1444
usemtl 1
f 1443 1445 1302
usemtl 1
f 1445 1434 1302
usemtl 1
f 1433 1438 1303
usemtl 1
f 1302 1433 1303
usemtl 1
f 1438 1416 1303
usemtl 1
f 1446 1440 1317
usemtl 1
f 1438 1432 1416
usemtl 1
f 1432 1446 1317
usemtl 1
f 1317 1440 1447
usemtl 1
f 1446 1441 1440
usemtl 1
f 1317 1447 1294
usemtl 1
f 1447 1292 1294
usemtl 2
f 1293 1448 1449
usemtl 2
f 1293 1292 1448
usemtl 2
f 1294 1449 1450
usemtl 2
f 1294 1293 1449
usemtl 2
f 1305 1450 1451
usemtl 2
f 1305 1294 1450
usemtl 2
f 1300 1451 1452
usemtl 2
f 1300 1305 1451
usemtl 2
f 1301 1452 1453
usemtl 2
f 1301 1300 1452
usemtl 2
f 1295 1453 1454
usemtl 2
f 1295 1301 1453
usemtl 2
f 1296 1454 1455
usemtl 2
f 1296 1295 1454
usemtl 2
f 1307 1455 1456
usemtl 2
f 1307 1296 1455
usemtl 2
f 1308 1456 1457
usemtl 2
f 1308 1307 1456
usemtl 2
f 1306 1457 1458
usemtl 2
f 1306 1308 1457
usemtl 2
f 1309 1458 1459
usemtl 2
f 1309 1306 1458
usemtl 2
f 1311 1459 1460
usemtl 2
f 1311 1309 1459
usemtl 2
f 1312 1460 1461
usemtl 2
f 1312 1311 1460
usemtl 2
f 1310 1461 1462
usemtl 2
f 1310 1312 1461
usemtl 2
f 1313 1462 1463
usemtl 2
f 1313 1310 1462
usemtl 2
f 1290 1463 1464
usemtl 2
f 1290 1313 1463
usemtl 2
f 1315 1464 1465
usemtl 2
f 1315 1290 1464
usemtl 2
f 1316 1465 1466
usemtl 2
f 1316 1315 1465
usemtl 2
f 1314 1466 1467
usemtl 2
f 1314 1316 1466
usemtl 2
f 1291 1467 1468
usemtl 2
f 1291 1314 1467
usemtl 2
f 1318 1468 1469
usemtl 2
f 1318 1291 1468
usemtl 2
f 1319 1469 1470
usemtl 2
f 1319 1318 1469
usemtl 2
f 1289 1470 1471
usemtl 2
f 1289 1319 1470
usemtl 2
f 1323 1471 1472
usemtl 2
f 1323 1289 1471
usemtl 2
f 1324 1472 1473
usemtl 2
f 1324 1323 1472
usemtl 2
f 1325 1473 1474
usemtl 2
f 1325 1324 1473
usemtl 2
f 1317 1474 1475
usemtl 2
f 1317 1325 1474
usemtl 2
f 1328 1475 1476
usemtl 2
f 1328 1317 1475
usemtl 2
f 1326 1476 1477
usemtl 2
f 1326 1328 1476
usemtl 2
f 1327 1477 1478
usemtl 2
f 1327 1326 1477
usemtl 2
f 1333 1478 1479
usemtl 2
f 1333 1327 1478
usemtl 2
f 1330 1479 1480
usemtl 2
f 1330 1333 1479
usemtl 2
f 1331 1480 1481
usemtl 2
f 1331 1330 1480
usemtl 2
f 1338 1481 1482
usemtl 2
f 1338 1331 1481
usemtl 2
f 1336 1482 1483
usemtl 2
f 1336 1338 1482
usemtl 2
f 1337 1483 1484
usemtl 2
f 1337 1336 1483
usemtl 2
f 1320 1484 1485
usemtl 2
f 1320 1337 1484
usemtl 2
f 1335 1485 1486
usemtl 2
f 1335 1320 1485
usemtl 2
f 1332 1486 1487
usemtl 2
f 1332 1335 1486
usemtl 2
f 1342 1487 1488
usemtl 2
f 1342 1332 1487
usemtl 2
f 1334 1488 1489
usemtl 2
f 1334 1342 1488
usemtl 2
f 1321 1489 1490
usemtl 2
f 1321 1334 1489
usemtl 2
f 1322 1490 1491
usemtl 2
f 1322 1321 1490
usemtl 2
f 1340 1491 1492
usemtl 2
f 1340 1322 1491
usemtl 2
f 1341 1492 1493
usemtl 2
f 1341 1340 1492
usemtl 2
f 1339 1493 1494
usemtl 2
f 1339 1341 1493
usemtl 2
f 1329 1494 1495
usemtl 2
f 1329 1339 1494
usemtl 2
f 1350 1495 1496
usemtl 2
f 1350 1329 1495
usemtl 2
f 1349 1496 1497
usemtl 2
f 1349 1350 1496
usemtl 2
f 1297 1497 1498
usemtl 2
f 1297 1349 1497
usemtl 2
f 1298 1498 1499
usemtl 2
f 1298 1297 1498
usemtl 2
f 1353 1499 1500
usemtl 2
f 1353 1298 1499
usemtl 2
f 1354 1500 1501
usemtl 2
f 1354 1353 1500
usemtl 2
f 1351 1501 1502
usemtl 2
f 1351 1354 1501
usemtl 2
f 1352 1502 1503
usemtl 2
f 1352 1351 1502
usemtl 2
f 1299 1503 1504
usemtl 2
f 1299 1352 1503
usemtl 2
f 1355 1504 1505
usemtl 2
f 1355 1299 1504
usemtl 2
f 1363 1505 1506
usemtl 2
f 1363 1355 1505
usemtl 2
f 1356 1506 1507
usemtl 2
f 1356 1363 1506
usemtl 2
f 1357 1507 1508
usemtl 2
f 1357 1356 1507
usemtl 2
f 1359 1508 1509
usemtl 2
f 1359 1357 1508
usemtl 2
f 1368 1509 1510
usemtl 2
f 1368 1359 1509
usemtl 2
f 1367 1510 1511
usemtl 2
f 1367 1368 1510
usemtl 2
f 1372 1511 1512
usemtl 2
f 1372 1367 1511
usemtl 2
f 1369 1512 1513
usemtl 2
f 1369 1372 1512
usemtl 2
f 1370 1513 1514
usemtl 2
f 1370 1369 1513
usemtl 2
f 1373 1514 1515
usemtl 2
f 1373 1370 1514
usemtl 2
f 1371 1515 1516
usemtl 2
f 1371 1373 1515
usemtl 2
f 1376 1516 1517
usemtl 2
f 1376 1371 1516
usemtl 2
f 1377 1517 1518
usemtl 2
f 1377 1376 1517
usemtl 2
f 1378 1518 1519
usemtl 2
f 1378 1377 1518
usemtl 2
f 1343 1519 1520
usemtl 2
f 1343 1378 1519
usemtl 2
f 1344 1520 1521
usemtl 2
f 1344 1343 1520
usemtl 2
f 1345 1521 1522
usemtl 2
f 1345 1344 1521
usemtl 2
f 1365 1522 1523
usemtl 2
f 1365 1345 1522
usemtl 2
f 1360 1523 1524
usemtl 2
f 1360 1365 1523
usemtl 2
f 1361 1524 1525
usemtl 2
f 1361 1360 1524
usemtl 2
f 1362 1525 1526
usemtl 2
f 1362 1361 1525
usemtl 2
f 1366 1526 1527
usemtl 2
f 1366 1362 1526
usemtl 2
f 1385 1527 1528
usemtl 2
f 1385 1366 1527
usemtl 2
f 1379 1528 1529
usemtl 2
f 1379 1385 1528
usemtl 2
f 1380 1529 1530
usemtl 2
f 1380 1379 1529
usemtl 2
f 1381 1530 1531
usemtl 2
f 1381 1380 1530
usemtl 2
f 1374 1531 1532
usemtl 2
f 1374 1381 1531
usemtl 2
f 1388 1532 1533
usemtl 2
f 1388 1374 1532
usemtl 2
f 1375 1533 1534
usemtl 2
f 1375 1388 1533
usemtl 2
f 1387 1534 1535
usemtl 2
f 1387 1375 1534
usemtl 2
f 1389 1535 1536
usemtl 2
f 1389 1387 1535
usemtl 2
f 1386 1536 1537
usemtl 2
f 1386 1389 1536
usemtl 2
f 1347 1537 1538
usemtl 2
f 1347 1386 1537
usemtl 2
f 1348 1538 1539
usemtl 2
f 1348 1347 1538
usemtl 2
f 1393 1539 1540
usemtl 2
f 1393 1348 1539
usemtl 2
f 1392 1540 1541
usemtl 2
f 1392 1393 1540
usemtl 2
f 1390 1541 1542
usemtl 2
f 1390 1392 1541
usemtl 2
f 1383 1542 1543
usemtl 2
f 1383 1390 1542
usemtl 2
f 1394 1543 1544
usemtl 2
f 1394 1383 1543
usemtl 2
f 1384 1544 1545
usemtl 2
f 1384 1394 1544
usemtl 2
f 1382 1545 1546
usemtl 2
f 1382 1384 1545
usemtl 2
f 1397 1546 1547
usemtl 2
f 1397 1382 1546
usemtl 2
f 1395 1547 1548
usemtl 2
f 1395 1397 1547
usemtl 2
f 1399 1548 1549
usemtl 2
f 1399 1395 1548
usemtl 2
f 1396 1549 1550
usemtl 2
f 1396 1399 1549
usemtl 2
f 1391 1550 1551
usemtl 2
f 1391 1396 1550
usemtl 2
f 1364 1551 1552
usemtl 2
f 1364 1391 1551
usemtl 2
f 1400 1552 1553
usemtl 2
f 1400 1364 1552
usemtl 2
f 1398 1553 1554
usemtl 2
f 1398 1400 1553
usemtl 2
f 1346 1554 1555
usemtl 2
f 1346 1398 1554
usemtl 2
f 1358 1555 1556
usemtl 2
f 1358 1346 1555
usemtl 2
f 1404 1556 1557
usemtl 2
f 1404 1358 1556
usemtl 2
f 1403 1557 1558
usemtl 2
f 1403 1404 1557
usemtl 2
f 1401 1558 1559
usemtl 2
f 1401 1403 1558
usemtl 2
f 1402 1559 1560
usemtl 2
f 1402 1401 1559
usemtl 2
f 1406 1560 1561
usemtl 2
f 1406 1402 1560
usemtl 2
f 1405 1561 1562
usemtl 2
f 1405 1406 1561
usemtl 2
f 1408 1562 1563
usemtl 2
f 1408 1405 1562
usemtl 2
f 1407 1563 1564
usemtl 2
f 1407 1408 1563
usemtl 2
f 1411 1564 1565
usemtl 2
f 1411 1407 1564
usemtl 2
f 1409 1565 1566
usemtl 2
f 1409 1411 1565
usemtl 2
f 1410 1566 1567
usemtl 2
f 1410 1409 1566
usemtl 2
f 1415 1567 1568
usemtl 2
f 1415 1410 1567
usemtl 2
f 1414 1568 1569
usemtl 2
f 1414 1415 1568
usemtl 2
f 1412 1569 1570
usemtl 2
f 1412 1414 1569
usemtl 2
f 1413 1570 1571
usemtl 2
f 1413 1412 1570
usemtl 2
f 1420 1571 1572
usemtl 2
f 1420 1413 1571
usemtl 2
f 1421 1572 1573
usemtl 2
f 1421 1420 1572
usemtl 2
f 1419 1573 1574
usemtl 2
f 1419 1421 1573
usemtl 2
f 1417 1574 1575
usemtl 2
f 1417 1419 1574
usemtl 2
f 1431 1575 1576
usemtl 2
f 1431 1417 1575
usemtl 2
f 1426 1576 1577
usemtl 2
f 1426 1431 1576
usemtl 2
f 1424 1577 1578
usemtl 2
f 1424 1426 1577
usemtl 2
f 1425 1578 1579
usemtl 2
f 1425 1424 1578
usemtl 2
f 1429 1579 1580
usemtl 2
f 1429 1425 1579
usemtl 2
f 1427 1580 1581
usemtl 2
f 1427 1429 1580
usemtl 2
f 1430 1581 1582
usemtl 2
f 1430 1427 1581
usemtl 2
f 1436 1582 1583
usemtl 2
f 1436 1430 1582
usemtl 2
f 1428 1583 1584
usemtl 2
f 1428 1436 1583
usemtl 2
f 1422 1584 1585
usemtl 2
f 1422 1428 1584
usemtl 2
f 1423 1585 1586
usemtl 2
f 1423 1422 1585
usemtl 2
f 1439 1586 1587
usemtl 2
f 1439 1423 1586
usemtl 2
f 1418 1587 1588
usemtl 2
f 1418 1439 1587
usemtl 2
f 1416 1588 1589
usemtl 2
f 1416 1418 1588
usemtl 2
f 1303 1589 1590
usemtl 2
f 1303 1416 1589
usemtl 2
f 1304 1590 1591
usemtl 2
f 1304 1303 1590
usemtl 2
f 1302 1591 1592
usemtl 2
f 1302 1304 1591
usemtl 2
f 1444 1592 1593
usemtl 2
f 1444 1302 1592
usemtl 2
f 1443 1593 1594
usemtl 2
f 1443 1444 1593
usemtl 2
f 1445 1594 1595
usemtl 2
f 1445 1443 1594
usemtl 2
f 1434 1595 1596
usemtl 2
f 1434 1445 1595
usemtl 2
f 1435 1596 1597
usemtl 2
f 1435 1434 1596
usemtl 2
f 1433 1597 1598
usemtl 2
f 1433 1435 1597
usemtl 2
f 1438 1598 1599
usemtl 2
f 1438 1433 1598
usemtl 2
f 1437 1599 1600
usemtl 2
f 1437 1438 1599
usemtl 2
f 1432 1600 1601
usemtl 2
f 1432 1437 1600
usemtl 2
f 1446 1601 1602
usemtl 2
f 1446 1432 1601
usemtl 2
f 1441 1602 1603
usemtl 2
f 1441 1446 1602
usemtl 2
f 1442 1603 1604
usemtl 2
f 1442 1441 1603
usemtl 2
f 1440 1604 1605
usemtl 2
f 1440 1442 1604
usemtl 2
f 1447 1605 1606
usemtl 2
f 1447 1440 1605
usemtl 2
f 1292 1606 1448
usemtl 2
f 1292 1447 1606
usemtl 0
f 1589 1575 1572
usemtl 0
f 1450 1448 1606
usemtl 0
f 1588 1575 1589
usemtl 0
f 1517 1522 1520
usemtl 0
f 1604 1603 1605
usemtl 0
f 1603 1602 1605
usemtl 0
f 1576 1575 1588
usemtl 0
f 1599 1589 1601
usemtl 0
f 1592 1596 1595
usemtl 0
f 1600 1599 1601
usemtl 0
f 1598 1597 1596
usemtl 0
f 1593 1592 1594
usemtl 0
f 1592 1595 1594
usemtl 0
f 1475 1450 1606
usemtl 0
f 1592 1598 1596
usemtl 0
f 1599 1598 1590
usemtl 0
f 1590 1598 1592
usemtl 0
f 1591 1590 1592
usemtl 0
f 1584 1579 1585
usemtl 0
f 1577 1576 1579
usemtl 0
f 1590 1589 1599
usemtl 0
f 1588 1586 1585
usemtl 0
f 1588 1587 1586
usemtl 0
f 1581 1580 1579
usemtl 0
f 1581 1579 1584
usemtl 0
f 1584 1583 1582
usemtl 0
f 1579 1576 1585
usemtl 0
f 1584 1582 1581
usemtl 0
f 1601 1589 1572
usemtl 0
f 1576 1588 1585
usemtl 0
f 1579 1578 1577
usemtl 0
f 1601 1572 1475
usemtl 0
f 1475 1572 1571
usemtl 0
f 1572 1575 1574
usemtl 0
f 1572 1574 1573
usemtl 0
f 1568 1567 1475
usemtl 0
f 1571 1568 1475
usemtl 0
f 1568 1571 1569
usemtl 0
f 1571 1570 1569
usemtl 0
f 1475 1564 1563
usemtl 0
f 1560 1475 1563
usemtl 0
f 1564 1567 1565
usemtl 0
f 1567 1566 1565
usemtl 0
f 1482 1504 1494
usemtl 0
f 1478 1481 1480
usemtl 0
f 1560 1563 1562
usemtl 0
f 1560 1562 1561
usemtl 0
f 1509 1538 1510
usemtl 0
f 1504 1476 1505
usemtl 0
f 1556 1559 1558
usemtl 0
f 1556 1558 1557
usemtl 0
f 1552 1551 1542
usemtl 0
f 1555 1539 1538
usemtl 0
f 1551 1543 1542
usemtl 0
f 1552 1554 1553
usemtl 0
f 1546 1545 1543
usemtl 0
f 1555 1554 1552
usemtl 0
f 1546 1551 1548
usemtl 0
f 1548 1550 1549
usemtl 0
f 1546 1548 1547
usemtl 0
f 1551 1550 1548
usemtl 0
f 1544 1543 1545
usemtl 0
f 1546 1543 1551
usemtl 0
f 1552 1542 1539
usemtl 0
f 1542 1541 1539
usemtl 0
f 1540 1539 1541
usemtl 0
f 1552 1539 1555
usemtl 0
f 1555 1538 1509
usemtl 0
f 1519 1518 1520
usemtl 0
f 1556 1509 1508
usemtl 0
f 1518 1517 1520
usemtl 0
f 1516 1514 1513
usemtl 0
f 1537 1536 1535
usemtl 0
f 1516 1513 1534
usemtl 0
f 1534 1533 1532
usemtl 0
f 1529 1532 1531
usemtl 0
f 1529 1531 1530
usemtl 0
f 1528 1527 1529
usemtl 0
f 1527 1532 1529
usemtl 0
f 1522 1527 1523
usemtl 0
f 1534 1532 1527
usemtl 0
f 1524 1526 1525
usemtl 0
f 1527 1524 1523
usemtl 0
f 1527 1526 1524
usemtl 0
f 1534 1527 1522
usemtl 0
f 1520 1522 1521
usemtl 0
f 1522 1516 1534
usemtl 0
f 1476 1481 1478
usemtl 0
f 1505 1508 1507
usemtl 0
f 1516 1522 1517
usemtl 0
f 1513 1537 1535
usemtl 0
f 1514 1516 1515
usemtl 0
f 1511 1513 1512
usemtl 0
f 1483 1482 1485
usemtl 0
f 1534 1513 1535
usemtl 0
f 1537 1511 1538
usemtl 0
f 1537 1513 1511
usemtl 0
f 1556 1555 1509
usemtl 0
f 1538 1511 1510
usemtl 0
f 1505 1556 1508
usemtl 0
f 1476 1504 1481
usemtl 0
f 1507 1506 1505
usemtl 0
f 1499 1502 1500
usemtl 0
f 1482 1481 1504
usemtl 0
f 1503 1502 1504
usemtl 0
f 1499 1498 1504
usemtl 0
f 1502 1499 1504
usemtl 0
f 1502 1501 1500
usemtl 0
f 1498 1497 1495
usemtl 0
f 1495 1494 1504
usemtl 0
f 1498 1495 1504
usemtl 0
f 1495 1497 1496
usemtl 0
f 1492 1491 1494
usemtl 0
f 1494 1491 1485
usemtl 0
f 1491 1490 1485
usemtl 0
f 1494 1493 1492
usemtl 0
f 1489 1487 1490
usemtl 0
f 1490 1487 1485
usemtl 0
f 1487 1486 1485
usemtl 0
f 1487 1489 1488
usemtl 0
f 1494 1485 1482
usemtl 0
f 1476 1475 1560
usemtl 0
f 1484 1483 1485
usemtl 0
f 1480 1479 1478
usemtl 0
f 1476 1478 1477
usemtl 0
f 1567 1564 1475
usemtl 0
f 1602 1601 1475
usemtl 0
f 1475 1606 1605
usemtl 0
f 1476 1560 1559
usemtl 0
f 1475 1605 1602
usemtl 0
f 1556 1476 1559
usemtl 0
f 1556 1505 1476
usemtl 0
f 1475 1471 1451
usemtl 0
f 1474 1473 1472
usemtl 0
f 1464 1467 1465
usemtl 0
f 1475 1472 1471
usemtl 0
f 1475 1474 1472
usemtl 0
f 1468 1467 1464
usemtl 0
f 1470 1469 1468
usemtl 0
f 1470 1468 1471
usemtl 0
f 1466 1465 1467
usemtl 0
f 1454 1464 1455
usemtl 0
f 1471 1468 1464
usemtl 0
f 1461 1460 1462
usemtl 0
f 1459 1462 1460
usemtl 0
f 1464 1463 1462
usemtl 0
f 1450 1449 1448
usemtl 0
f 1464 1462 1459
usemtl 0
f 1464 1458 1455
usemtl 0
f 1464 1459 1458
usemtl 0
f 1458 1457 1456
usemtl 0
f 1458 1456 1455
usemtl 0
f 1471 1464 1454
usemtl 0
f 1454 1453 1452
usemtl 0
f 1475 1451 1450
usemtl 0
f 1471 1454 1451
usemtl 0
f 1452 1451 1454
o NL.IMBAG.Pand.0861100000370694-28
usemtl 0
f 1607 1608 1609
usemtl 0
f 1610 1611 1607
usemtl 0
f 1611 1608 1607
usemtl 0
f 1611 1612 1608
usemtl 0
f 1613 1614 1611
usemtl 0
f 1614 1612 1611
usemtl 2
f 1615 1616 1610
usemtl 2
f 1607 1615 1610
usemtl 2
f 1617 1618 1609
usemtl 2
f 1608 1617 1609
usemtl 2
f 1618 1615 1607
usemtl 2
f 1609 1618 1607
usemtl 2
f 1616 1619 1611
usemtl 2
f 1610 1616 1611
usemtl 2
f 1619 1620 1613
usemtl 2
f 1611 1619 1613
usemtl 2
f 1620 1621 1614
usemtl 2
f 1613 1620 1614
usemtl 2
f 1622 1617 1608
usemtl 2
f 1612 1622 1608
usemtl 2
f 1621 1622 1612
usemtl 2
f 1614 1621 1612
usemtl 1
f 1619 1622 1621
usemtl 1
f 1616 1615 1619
usemtl 1
f 1619 1617 1622
usemtl 1
f 1618 1617 1615
usemtl 1
f 1620 1619 1621
usemtl 1
f 1615 1617 1619
o NL.IMBAG.Pand.0861100000428609-29
usemtl 0
f 1623 1624 1625
usemtl 0
f 1626 1627 1628
usemtl 0
f 1628 1623 1625
usemtl 0
f 1629 1630 1631
usemtl 0
f 1627 1630 1628
usemtl 0
f 1632 1633 1631
usemtl 0
f 1631 1630 1627
usemtl 0
f 1632 1631 1627
usemtl 0
f 1628 1634 1623
usemtl 0
f 1628 1630 1634
usemtl 2
f 1635 1636 1626
usemtl 2
f 1628 1635 1626
usemtl 2
f 1637 1638 1630
usemtl 2
f 1629 1637 1630
usemtl 2
f 1636 1639 1627
usemtl 2
f 1626 1636 1627
usemtl 2
f 1640 1637 1629
usemtl 2
f 1631 1640 1629
usemtl 2
f 1641 1640 1631
usemtl 2
f 1633 1641 1631
usemtl 2
f 1639 1642 1632
usemtl 2
f 1627 1639 1632
usemtl 2
f 1642 1641 1633
usemtl 2
f 1632 1642 1633
usemtl 2
f 1638 1643 1634
usemtl 2
f 1630 1638 1634
usemtl 2
f 1644 1645 1625
usemtl 2
f 1624 1644 1625
usemtl 2
f 1646 1644 1624
usemtl 2
f 1623 1646 1624
usemtl 2
f 1643 1646 1623
usemtl 2
f 1634 1643 1623
usemtl 2
f 1645 1635 1628
usemtl 2
f 1625 1645 1628
usemtl 1
f 1644 1646 1645
usemtl 1
f 1646 1643 1635
usemtl 1
f 1645 1646 1635
usemtl 1
f 1643 1638 1635
usemtl 1
f 1638 1639 1635
usemtl 1
f 1640 1639 1638
usemtl 1
f 1641 1642 1640
usemtl 1
f 1637 1640 1638
usemtl 1
f 1639 1636 1635
usemtl 1
f 1642 1639 1640
o NL.IMBAG.Pand.0861100000366264-30
usemtl 0
f 1647 1648 1649
usemtl 0
f 1650 1649 1651
usemtl 0
f 1650 1647 1649
usemtl 0
f 1649 1652 1651
usemtl 0
f 1652 1653 1651
usemtl 0
f 1654 1653 1652
usemtl 0
f 1655 1653 1654
usemtl 0
f 1656 1657 1658
usemtl 0
f 1659 1660 1661
usemtl 0
f 1662 1660 1659
usemtl 0
f 1659 1661 1656
usemtl 0
f 1661 1657 1656
usemtl 0
f 1656 1658 1655
usemtl 0
f 1658 1653 1655
usemtl 2
f 1663 1664 1661
usemtl 2
f 1660 1663 1661
usemtl 2
f 1665 1666 1659
usemtl 2
f 1656 1665 1659
usemtl 2
f 1666 1667 1662
usemtl 2
f 1659 1666 1662
usemtl 2
f 1667 1663 1660
usemtl 2
f 1662 1667 1660
usemtl 2
f 1668 1669 1658
usemtl 2
f 1657 1668 1658
usemtl 2
f 1669 1670 1653
usemtl 2
f 1658 1669 1653
usemtl 2
f 1664 1668 1657
usemtl 2
f 1661 1664 1657
usemtl 2
f 1671 1672 1673
usemtl 2
f 1674 1671 1673
usemtl 2
f 1675 1665 1656
usemtl 2
f 1655 1675 1656
usemtl 2
f 1676 1675 1655
usemtl 2
f 1654 1676 1655
usemtl 2
f 1677 1676 1654
usemtl 2
f 1652 1677 1654
usemtl 2
f 1678 1679 1650
usemtl 2
f 1651 1678 1650
usemtl 2
f 1680 1677 1652
usemtl 2
f 1649 1680 1652
usemtl 2
f 1681 1680 1649
usemtl 2
f 1648 1681 1649
usemtl 2
f 1682 1681 1648
usemtl 2
f 1647 1682 1648
usemtl 2
f 1679 1682 1647
usemtl 2
f 1650 1679 1647
usemtl 2
f 1670 1678 1651
usemtl 2
f 1653 1670 1651
usemtl 2
f 1672 1683 1684
usemtl 2
f 1673 1672 1684
usemtl 2
f 1683 1671 1674
usemtl 2
f 1684 1683 1674
usemtl 1
f 1665 1668 1664
usemtl 1
f 1665 1669 1668
usemtl 1
f 1666 1665 1664
usemtl 1
f 1666 1663 1667
usemtl 1
f 1664 1663 1666
usemtl 1
f 1675 1669 1665
usemtl 1
f 1670 1669 1675
usemtl 1
f 1670 1675 1676
usemtl 1
f 1670 1676 1677
usemtl 1
f 1670 1677 1678
usemtl 1
f 1677 1680 1678
usemtl 1
f 1680 1679 1678
usemtl 1
f 1681 1682 1680
usemtl 1
f 1682 1679 1680
o NL.IMBAG.Pand.0861100000371779-31
usemtl 0
f 1685 1686 1687
usemtl 0
f 1688 1687 1689
usemtl 0
f 1688 1690 1687
usemtl 0
f 1690 1685 1687
usemtl 0
f 1689 1691 1688
usemtl 0
f 1691 1692 1688
usemtl 0
f 1693 1694 1685
usemtl 0
f 1695 1694 1696
usemtl 0
f 1685 1694 1686
usemtl 0
f 1696 1694 1693
usemtl 0
f 1695 1696 1697
usemtl 0
f 1695 1697 1698
usemtl 0
f 1697 1699 1698
usemtl 0
f 1700 1699 1697
usemtl 2
f 1701 1702 1691
usemtl 2
f 1689 1701 1691
usemtl 2
f 1703 1704 1695
usemtl 2
f 1698 1703 1695
usemtl 2
f 1705 1703 1698
usemtl 2
f 1699 1705 1698
usemtl 2
f 1702 1706 1692
usemtl 2
f 1691 1702 1692
usemtl 2
f 1706 1707 1688
usemtl 2
f 1692 1706 1688
usemtl 2
f 1708 1705 1699
usemtl 2
f 1700 1708 1699
usemtl 2
f 1704 1709 1694
usemtl 2
f 1695 1704 1694
usemtl 2
f 1710 1708 1700
usemtl 2
f 1697 1710 1700
usemtl 2
f 1711 1712 1693
usemtl 2
f 1685 1711 1693
usemtl 2
f 1709 1713 1686
usemtl 2
f 1694 1709 1686
usemtl 2
f 1712 1714 1696
usemtl 2
f 1693 1712 1696
usemtl 2
f 1714 1710 1697
usemtl 2
f 1696 1714 1697
usemtl 2
f 1713 1715 1687
usemtl 2
f 1686 1713 1687
usemtl 2
f 1715 1701 1689
usemtl 2
f 1687 1715 1689
usemtl 2
f 1716 1711 1685
usemtl 2
f 1690 1716 1685
usemtl 2
f 1707 1716 1690
usemtl 2
f 1688 1707 1690
usemtl 2
f 1717 1718 1719
usemtl 2
f 1720 1717 1719
usemtl 2
f 1718 1721 1722
usemtl 2
f 1719 1718 1722
usemtl 2
f 1721 1717 1720
usemtl 2
f 1722 1721 1720
usemtl 1
f 1702 1701 1707
usemtl 1
f 1701 1715 1707
usemtl 1
f 1706 1702 1707
usemtl 1
f 1716 1707 1715
usemtl 1
f 1716 1715 1711
usemtl 1
f 1715 1713 1711
usemtl 1
f 1713 1709 1711
usemtl 1
f 1714 1704 1710
usemtl 1
f 1710 1703 1705
usemtl 1
f 1710 1705 1708
usemtl 1
f 1704 1703 1710
usemtl 1
f 1709 1704 1714
usemtl 1
f 1709 1712 1711
usemtl 1
f 1709 1714 1712
o NL.IMBAG.Pand.0861100000367309-32
usemtl 0
f 1723 1724 1725
usemtl 0
f 1725 1726 1727
usemtl 0
f 1724 1726 1725
usemtl 0
f 1728 1725 1729
usemtl 0
f 1723 1725 1728
usemtl 0
f 1724 1730 1726
usemtl 0
f 1731 1732 1724
usemtl 0
f 1732 1730 1724
usemtl 2
f 1733 1734 1732
usemtl 2
f 1731 1733 1732
usemtl 2
f 1735 1733 1731
usemtl 2
f 1724 1735 1731
usemtl 2
f 1736 1737 1727
usemtl 2
f 1726 1736 1727
usemtl 2
f 1737 1738 1725
usemtl 2
f 1727 1737 1725
usemtl 2
f 1739 1735 1724
usemtl 2
f 1723 1739 1724
usemtl 2
f 1740 1741 1728
usemtl 2
f 1729 1740 1728
usemtl 2
f 1738 1740 1729
usemtl 2
f 1725 1738 1729
usemtl 2
f 1741 1739 1723
usemtl 2
f 1728 1741 1723
usemtl 2
f 1742 1736 1726
usemtl 2
f 1730 1742 1726
usemtl 2
f 1734 1742 1730
usemtl 2
f 1732 1734 1730
usemtl 1
f 1735 1742 1734
usemtl 1
f 1735 1736 1742
usemtl 1
f 1733 1735 1734
usemtl 1
f 1739 1738 1735
usemtl 1
f 1738 1736 1735
usemtl 1
f 1738 1737 1736
usemtl 1
f 1741 1738 1739
usemtl 1
f 1741 1740 1738
o NL.IMBAG.Pand.0861100000367723-33
usemtl 0
f 1743 1744 1745
usemtl 0
f 1746 1743 1745
usemtl 2
f 1747 1748 1745
usemtl 2
f 1744 1747 1745
usemtl 2
f 1749 1747 1744
usemtl 2
f 1743 1749 1744
usemtl 2
f 1748 1750 1746
usemtl 2
f 1745 1748 1746
usemtl 2
f 1750 1749 1743
usemtl 2
f 1746 1750 1743
usemtl 1
f 1748 1749 1750
usemtl 1
f 1748 1747 1749
o NL.IMBAG.Pand.0861100000434996-34
usemtl 0
f 1751 1752 1753
usemtl 0
f 1754 1755 1752
usemtl 0
f 1752 1755 1756
usemtl 0
f 1753 1752 1756
usemtl 2
f 1757 1758 1756
usemtl 2
f 1755 1757 1756
usemtl 2
f 1759 1757 1755
usemtl 2
f 1754 1759 1755
usemtl 2
f 1760 1759 1754
usemtl 2
f 1752 1760 1754
usemtl 2
f 1761 1760 1752
usemtl 2
f 1751 1761 1752
usemtl 2
f 1762 1761 1751
usemtl 2
f 1753 1762 1751
usemtl 2
f 1758 1762 1753
usemtl 2
f 1756 1758 1753
usemtl 1
f 1760 1762 1758
usemtl 1
f 1760 1761 1762
usemtl 1
f 1757 1759 1760
usemtl 1
f 1757 1760 1758
o NL.IMBAG.Pand.0861100000364265-35
usemtl 1
f 1763 1764 1765
usemtl 1
f 1766 1767 1768
usemtl 1
f 1765 1769 1763
usemtl 1
f 1770 1771 1772
usemtl 1
f 1773 1774 1775
usemtl 1
f 1776 1777 1778
usemtl 1
f 1773 1775 1779
usemtl 1
f 1780 1769 1765
usemtl 1
f 1781 1782 1763
usemtl 1
f 1783 1784 1785
usemtl 1
f 1786 1781 1769
usemtl 1
f 1767 1787 1788
usemtl 1
f 1789 1790 1781
usemtl 1
f 1782 1791 1763
usemtl 1
f 1792 1784 1783
usemtl 1
f 1783 1785 1793
usemtl 1
f 1794 1795 1796
usemtl 1
f 1785 1787 1793
usemtl 1
f 1797 1798 1799
usemtl 1
f 1793 1767 1766
usemtl 1
f 1800 1801 1802
usemtl 1
f 1793 1787 1767
usemtl 1
f 1803 1804 1765
usemtl 1
f 1790 1766 1782
usemtl 1
f 1790 1793 1766
usemtl 1
f 1790 1782 1781
usemtl 1
f 1781 1763 1769
usemtl 1
f 1805 1806 1807
usemtl 1
f 1808 1764 1763
usemtl 1
f 1804 1809 1780
usemtl 1
f 1780 1810 1769
usemtl 1
f 1811 1780 1809
usemtl 1
f 1812 1813 1814
usemtl 1
f 1810 1775 1769
usemtl 1
f 1801 1815 1816
usemtl 1
f 1817 1815 1801
usemtl 1
f 1818 1814 1819
usemtl 1
f 1820 1801 1800
usemtl 1
f 1802 1816 1821
usemtl 1
f 1822 1823 1824
usemtl 1
f 1825 1802 1826
usemtl 1
f 1827 1828 1829
usemtl 1
f 1801 1816 1802
usemtl 1
f 1800 1825 1830
usemtl 1
f 1800 1802 1825
usemtl 1
f 1825 1831 1830
usemtl 1
f 1832 1833 1834
usemtl 1
f 1835 1836 1837
usemtl 1
f 1838 1836 1839
usemtl 1
f 1840 1841 1842
usemtl 1
f 1843 1838 1839
usemtl 1
f 1814 1832 1812
usemtl 1
f 1844 1845 1837
usemtl 1
f 1846 1847 1848
usemtl 1
f 1845 1849 1841
usemtl 1
f 1827 1850 1828
usemtl 1
f 1851 1852 1853
usemtl 1
f 1839 1836 1850
usemtl 1
f 1845 1841 1835
usemtl 1
f 1849 1842 1841
usemtl 1
f 1845 1835 1837
usemtl 1
f 1827 1829 1854
usemtl 1
f 1835 1850 1836
usemtl 1
f 1855 1856 1828
usemtl 1
f 1854 1829 1857
usemtl 1
f 1828 1856 1829
usemtl 1
f 1858 1859 1806
usemtl 1
f 1839 1827 1860
usemtl 1
f 1839 1850 1827
usemtl 1
f 1827 1861 1860
usemtl 1
f 1819 1851 1818
usemtl 1
f 1862 1863 1864
usemtl 1
f 1862 1865 1863
usemtl 1
f 1866 1867 1868
usemtl 1
f 1867 1869 1868
usemtl 1
f 1853 1869 1867
usemtl 1
f 1862 1864 1870
usemtl 1
f 1853 1867 1864
usemtl 1
f 1863 1853 1864
usemtl 1
f 1851 1863 1818
usemtl 1
f 1851 1853 1863
usemtl 1
f 1863 1871 1818
usemtl 1
f 1872 1873 1859
usemtl 1
f 1812 1832 1834
usemtl 1
f 1874 1875 1876
usemtl 1
f 1874 1877 1878
usemtl 1
f 1879 1832 1814
usemtl 1
f 1880 1833 1832
usemtl 1
f 1873 1881 1806
usemtl 1
f 1874 1878 1882
usemtl 1
f 1858 1883 1884
usemtl 1
f 1885 1812 1834
usemtl 1
f 1813 1819 1814
usemtl 1
f 1860 1861 1884
usemtl 1
f 1813 1884 1819
usemtl 1
f 1819 1884 1861
usemtl 1
f 1872 1886 1873
usemtl 1
f 1874 1876 1877
usemtl 1
f 1887 1888 1889
usemtl 1
f 1890 1877 1876
usemtl 1
f 1891 1878 1877
usemtl 1
f 1881 1873 1876
usemtl 1
f 1875 1881 1876
usemtl 1
f 1892 1875 1893
usemtl 1
f 1894 1875 1892
usemtl 1
f 1895 1830 1831
usemtl 1
f 1894 1881 1875
usemtl 1
f 1806 1859 1873
usemtl 1
f 1860 1895 1831
usemtl 1
f 1895 1896 1830
usemtl 1
f 1860 1883 1895
usemtl 1
f 1858 1806 1805
usemtl 1
f 1884 1859 1858
usemtl 1
f 1860 1884 1883
usemtl 1
f 1897 1896 1895
usemtl 1
f 1896 1809 1830
usemtl 1
f 1898 1811 1899
usemtl 1
f 1899 1896 1900
usemtl 1
f 1901 1902 1899
usemtl 1
f 1903 1904 1905
usemtl 1
f 1906 1905 1901
usemtl 1
f 1907 1908 1909
usemtl 1
f 1901 1910 1908
usemtl 1
f 1906 1908 1907
usemtl 1
f 1901 1908 1906
usemtl 1
f 1903 1905 1906
usemtl 1
f 1911 1912 1913
usemtl 1
f 1902 1901 1905
usemtl 1
f 1914 1902 1905
usemtl 1
f 1915 1811 1898
usemtl 1
f 1898 1899 1902
usemtl 1
f 1779 1775 1810
usemtl 1
f 1811 1896 1899
usemtl 1
f 1809 1896 1811
usemtl 1
f 1804 1780 1765
usemtl 1
f 1916 1917 1918
usemtl 1
f 1810 1919 1918
usemtl 1
f 1917 1810 1918
usemtl 1
f 1770 1920 1822
usemtl 1
f 1921 1922 1889
usemtl 1
f 1923 1888 1887
usemtl 1
f 1924 1925 1772
usemtl 1
f 1922 1887 1889
usemtl 1
f 1918 1887 1922
usemtl 1
f 1917 1916 1926
usemtl 1
f 1918 1922 1916
usemtl 1
f 1927 1771 1928
usemtl 1
f 1779 1917 1929
usemtl 1
f 1779 1810 1917
usemtl 1
f 1917 1930 1929
usemtl 1
f 1931 1770 1772
usemtl 1
f 1770 1822 1928
usemtl 1
f 1931 1925 1913
usemtl 1
f 1932 1927 1928
usemtl 1
f 1925 1911 1913
usemtl 1
f 1924 1933 1925
usemtl 1
f 1934 1935 1936
usemtl 1
f 1937 1912 1911
usemtl 1
f 1931 1913 1938
usemtl 1
f 1822 1930 1928
usemtl 1
f 1936 1939 1934
usemtl 1
f 1772 1925 1931
usemtl 1
f 1928 1771 1770
usemtl 1
f 1929 1930 1822
usemtl 1
f 1934 1940 1941
usemtl 1
f 1934 1823 1935
usemtl 1
f 1942 1943 1944
usemtl 1
f 1945 1946 1823
usemtl 1
f 1946 1935 1823
usemtl 1
f 1794 1940 1934
usemtl 1
f 1942 1944 1947
usemtl 1
f 1939 1947 1948
usemtl 1
f 1942 1939 1936
usemtl 1
f 1942 1947 1939
usemtl 1
f 1795 1794 1949
usemtl 1
f 1795 1949 1950
usemtl 1
f 1934 1941 1823
usemtl 1
f 1794 1934 1949
usemtl 1
f 1951 1796 1952
usemtl 1
f 1953 1954 1955
usemtl 1
f 1951 1794 1796
usemtl 1
f 1823 1941 1824
usemtl 1
f 1822 1824 1929
usemtl 1
f 1955 1941 1940
usemtl 1
f 1955 1954 1941
usemtl 1
f 1929 1824 1956
usemtl 1
f 1824 1799 1956
usemtl 1
f 1957 1777 1929
usemtl 1
f 1929 1956 1957
usemtl 1
f 1799 1798 1956
usemtl 1
f 1846 1777 1957
usemtl 1
f 1848 1778 1846
usemtl 1
f 1846 1778 1777
usemtl 2
f 1929 1958 1959
usemtl 2
f 1929 1777 1958
usemtl 2
f 1779 1959 1960
usemtl 2
f 1779 1929 1959
usemtl 2
f 1773 1960 1961
usemtl 2
f 1773 1779 1960
usemtl 2
f 1774 1961 1962
usemtl 2
f 1774 1773 1961
usemtl 2
f 1775 1962 1963
usemtl 2
f 1775 1774 1962
usemtl 2
f 1769 1963 1964
usemtl 2
f 1769 1775 1963
usemtl 2
f 1786 1964 1965
usemtl 2
f 1786 1769 1964
usemtl 2
f 1781 1965 1966
usemtl 2
f 1781 1786 1965
usemtl 2
f 1789 1966 1967
usemtl 2
f 1789 1781 1966
usemtl 2
f 1790 1967 1968
usemtl 2
f 1790 1789 1967
usemtl 2
f 1793 1968 1969
usemtl 2
f 1793 1790 1968
usemtl 2
f 1783 1969 1970
usemtl 2
f 1783 1793 1969
usemtl 2
f 1792 1970 1971
usemtl 2
f 1792 1783 1970
usemtl 2
f 1784 1971 1972
usemtl 2
f 1784 1792 1971
usemtl 2
f 1785 1972 1973
usemtl 2
f 1785 1784 1972
usemtl 2
f 1787 1973 1974
usemtl 2
f 1787 1785 1973
usemtl 2
f 1788 1974 1975
usemtl 2
f 1788 1787 1974
usemtl 2
f 1767 1975 1976
usemtl 2
f 1767 1788 1975
usemtl 2
f 1768 1976 1977
usemtl 2
f 1768 1767 1976
usemtl 2
f 1766 1977 1978
usemtl 2
f 1766 1768 1977
usemtl 2
f 1782 1978 1979
usemtl 2
f 1782 1766 1978
usemtl 2
f 1791 1979 1980
usemtl 2
f 1791 1782 1979
usemtl 2
f 1763 1980 1981
usemtl 2
f 1763 1791 1980
usemtl 2
f 1808 1981 1982
usemtl 2
f 1808 1763 1981
usemtl 2
f 1764 1982 1983
usemtl 2
f 1764 1808 1982
usemtl 2
f 1765 1983 1984
usemtl 2
f 1765 1764 1983
usemtl 2
f 1803 1984 1985
usemtl 2
f 1803 1765 1984
usemtl 2
f 1804 1985 1986
usemtl 2
f 1804 1803 1985
usemtl 2
f 1809 1986 1987
usemtl 2
f 1809 1804 1986
usemtl 2
f 1830 1987 1988
usemtl 2
f 1830 1809 1987
usemtl 2
f 1800 1988 1989
usemtl 2
f 1800 1830 1988
usemtl 2
f 1820 1989 1990
usemtl 2
f 1820 1800 1989
usemtl 2
f 1801 1990 1991
usemtl 2
f 1801 1820 1990
usemtl 2
f 1817 1991 1992
usemtl 2
f 1817 1801 1991
usemtl 2
f 1815 1992 1993
usemtl 2
f 1815 1817 1992
usemtl 2
f 1816 1993 1994
usemtl 2
f 1816 1815 1993
usemtl 2
f 1821 1994 1995
usemtl 2
f 1821 1816 1994
usemtl 2
f 1802 1995 1996
usemtl 2
f 1802 1821 1995
usemtl 2
f 1826 1996 1997
usemtl 2
f 1826 1802 1996
usemtl 2
f 1825 1997 1998
usemtl 2
f 1825 1826 1997
usemtl 2
f 1831 1998 1999
usemtl 2
f 1831 1825 1998
usemtl 2
f 1860 1999 2000
usemtl 2
f 1860 1831 1999
usemtl 2
f 1839 2000 2001
usemtl 2
f 1839 1860 2000
usemtl 2
f 1843 2001 2002
usemtl 2
f 1843 1839 2001
usemtl 2
f 1838 2002 2003
usemtl 2
f 1838 1843 2002
usemtl 2
f 1836 2003 2004
usemtl 2
f 1836 1838 2003
usemtl 2
f 1837 2004 2005
usemtl 2
f 1837 1836 2004
usemtl 2
f 1844 2005 2006
usemtl 2
f 1844 1837 2005
usemtl 2
f 1845 2006 2007
usemtl 2
f 1845 1844 2006
usemtl 2
f 1849 2007 2008
usemtl 2
f 1849 1845 2007
usemtl 2
f 1842 2008 2009
usemtl 2
f 1842 1849 2008
usemtl 2
f 1840 2009 2010
usemtl 2
f 1840 1842 2009
usemtl 2
f 1841 2010 2011
usemtl 2
f 1841 1840 2010
usemtl 2
f 1835 2011 2012
usemtl 2
f 1835 1841 2011
usemtl 2
f 1850 2012 2013
usemtl 2
f 1850 1835 2012
usemtl 2
f 1828 2013 2014
usemtl 2
f 1828 1850 2013
usemtl 2
f 1855 2014 2015
usemtl 2
f 1855 1828 2014
usemtl 2
f 1856 2015 2016
usemtl 2
f 1856 1855 2015
usemtl 2
f 1829 2016 2017
usemtl 2
f 1829 1856 2016
usemtl 2
f 1857 2017 2018
usemtl 2
f 1857 1829 2017
usemtl 2
f 1854 2018 2019
usemtl 2
f 1854 1857 2018
usemtl 2
f 1827 2019 2020
usemtl 2
f 1827 1854 2019
usemtl 2
f 1861 2020 2021
usemtl 2
f 1861 1827 2020
usemtl 2
f 1819 2021 2022
usemtl 2
f 1819 1861 2021
usemtl 2
f 1851 2022 2023
usemtl 2
f 1851 1819 2022
usemtl 2
f 1852 2023 2024
usemtl 2
f 1852 1851 2023
usemtl 2
f 1853 2024 2025
usemtl 2
f 1853 1852 2024
usemtl 2
f 1869 2025 2026
usemtl 2
f 1869 1853 2025
usemtl 2
f 1868 2026 2027
usemtl 2
f 1868 1869 2026
usemtl 2
f 1866 2027 2028
usemtl 2
f 1866 1868 2027
usemtl 2
f 1867 2028 2029
usemtl 2
f 1867 1866 2028
usemtl 2
f 1864 2029 2030
usemtl 2
f 1864 1867 2029
usemtl 2
f 1870 2030 2031
usemtl 2
f 1870 1864 2030
usemtl 2
f 1862 2031 2032
usemtl 2
f 1862 1870 2031
usemtl 2
f 1865 2032 2033
usemtl 2
f 1865 1862 2032
usemtl 2
f 1863 2033 2034
usemtl 2
f 1863 1865 2033
usemtl 2
f 1871 2034 2035
usemtl 2
f 1871 1863 2034
usemtl 2
f 1818 2035 2036
usemtl 2
f 1818 1871 2035
usemtl 2
f 1814 2036 2037
usemtl 2
f 1814 1818 2036
usemtl 2
f 1879 2037 2038
usemtl 2
f 1879 1814 2037
usemtl 2
f 1832 2038 2039
usemtl 2
f 1832 1879 2038
usemtl 2
f 1880 2039 2040
usemtl 2
f 1880 1832 2039
usemtl 2
f 1833 2040 2041
usemtl 2
f 1833 1880 2040
usemtl 2
f 1834 2041 2042
usemtl 2
f 1834 1833 2041
usemtl 2
f 1885 2042 2043
usemtl 2
f 1885 1834 2042
usemtl 2
f 1812 2043 2044
usemtl 2
f 1812 1885 2043
usemtl 2
f 1813 2044 2045
usemtl 2
f 1813 1812 2044
usemtl 2
f 1884 2045 2046
usemtl 2
f 1884 1813 2045
usemtl 2
f 1859 2046 2047
usemtl 2
f 1859 1884 2046
usemtl 2
f 1872 2047 2048
usemtl 2
f 1872 1859 2047
usemtl 2
f 1886 2048 2049
usemtl 2
f 1886 1872 2048
usemtl 2
f 1873 2049 2050
usemtl 2
f 1873 1886 2049
usemtl 2
f 1876 2050 2051
usemtl 2
f 1876 1873 2050
usemtl 2
f 1890 2051 2052
usemtl 2
f 1890 1876 2051
usemtl 2
f 1877 2052 2053
usemtl 2
f 1877 1890 2052
usemtl 2
f 1891 2053 2054
usemtl 2
f 1891 1877 2053
usemtl 2
f 1878 2054 2055
usemtl 2
f 1878 1891 2054
usemtl 2
f 1882 2055 2056
usemtl 2
f 1882 1878 2055
usemtl 2
f 1874 2056 2057
usemtl 2
f 1874 1882 2056
usemtl 2
f 1875 2057 2058
usemtl 2
f 1875 1874 2057
usemtl 2
f 1893 2058 2059
usemtl 2
f 1893 1875 2058
usemtl 2
f 1892 2059 2060
usemtl 2
f 1892 1893 2059
usemtl 2
f 1894 2060 2061
usemtl 2
f 1894 1892 2060
usemtl 2
f 1881 2061 2062
usemtl 2
f 1881 1894 2061
usemtl 2
f 1806 2062 2063
usemtl 2
f 1806 1881 2062
usemtl 2
f 1807 2063 2064
usemtl 2
f 1807 1806 2063
usemtl 2
f 1805 2064 2065
usemtl 2
f 1805 1807 2064
usemtl 2
f 1858 2065 2066
usemtl 2
f 1858 1805 2065
usemtl 2
f 1883 2066 2067
usemtl 2
f 1883 1858 2066
usemtl 2
f 1895 2067 2068
usemtl 2
f 1895 1883 2067
usemtl 2
f 1897 2068 2069
usemtl 2
f 1897 1895 2068
usemtl 2
f 1896 2069 2070
usemtl 2
f 1896 1897 2069
usemtl 2
f 1900 2070 2071
usemtl 2
f 1900 1896 2070
usemtl 2
f 1899 2071 2072
usemtl 2
f 1899 1900 2071
usemtl 2
f 1901 2072 2073
usemtl 2
f 1901 1899 2072
usemtl 2
f 1910 2073 2074
usemtl 2
f 1910 1901 2073
usemtl 2
f 1908 2074 2075
usemtl 2
f 1908 1910 2074
usemtl 2
f 1909 2075 2076
usemtl 2
f 1909 1908 2075
usemtl 2
f 1907 2076 2077
usemtl 2
f 1907 1909 2076
usemtl 2
f 1906 2077 2078
usemtl 2
f 1906 1907 2077
usemtl 2
f 1903 2078 2079
usemtl 2
f 1903 1906 2078
usemtl 2
f 1904 2079 2080
usemtl 2
f 1904 1903 2079
usemtl 2
f 1905 2080 2081
usemtl 2
f 1905 1904 2080
usemtl 2
f 1914 2081 2082
usemtl 2
f 1914 1905 2081
usemtl 2
f 1902 2082 2083
usemtl 2
f 1902 1914 2082
usemtl 2
f 1898 2083 2084
usemtl 2
f 1898 1902 2083
usemtl 2
f 1915 2084 2085
usemtl 2
f 1915 1898 2084
usemtl 2
f 1811 2085 2086
usemtl 2
f 1811 1915 2085
usemtl 2
f 1780 2086 2087
usemtl 2
f 1780 1811 2086
usemtl 2
f 1810 2087 2088
usemtl 2
f 1810 1780 2087
usemtl 2
f 1919 2088 2089
usemtl 2
f 1919 1810 2088
usemtl 2
f 1918 2089 2090
usemtl 2
f 1918 1919 2089
usemtl 2
f 1887 2090 2091
usemtl 2
f 1887 1918 2090
usemtl 2
f 1923 2091 2092
usemtl 2
f 1923 1887 2091
usemtl 2
f 1888 2092 2093
usemtl 2
f 1888 1923 2092
usemtl 2
f 1889 2093 2094
usemtl 2
f 1889 1888 2093
usemtl 2
f 1921 2094 2095
usemtl 2
f 1921 1889 2094
usemtl 2
f 1922 2095 2096
usemtl 2
f 1922 1921 2095
usemtl 2
f 1916 2096 2097
usemtl 2
f 1916 1922 2096
usemtl 2
f 1926 2097 2098
usemtl 2
f 1926 1916 2097
usemtl 2
f 1917 2098 2099
usemtl 2
f 1917 1926 2098
usemtl 2
f 1930 2099 2100
usemtl 2
f 1930 1917 2099
usemtl 2
f 1928 2100 2101
usemtl 2
f 1928 1930 2100
usemtl 2
f 1932 2101 2102
usemtl 2
f 1932 1928 2101
usemtl 2
f 1927 2102 2103
usemtl 2
f 1927 1932 2102
usemtl 2
f 1771 2103 2104
usemtl 2
f 1771 1927 2103
usemtl 2
f 1772 2104 2105
usemtl 2
f 1772 1771 2104
usemtl 2
f 1924 2105 2106
usemtl 2
f 1924 1772 2105
usemtl 2
f 1933 2106 2107
usemtl 2
f 1933 1924 2106
usemtl 2
f 1925 2107 2108
usemtl 2
f 1925 1933 2107
usemtl 2
f 1911 2108 2109
usemtl 2
f 1911 1925 2108
usemtl 2
f 1937 2109 2110
usemtl 2
f 1937 1911 2109
usemtl 2
f 1912 2110 2111
usemtl 2
f 1912 1937 2110
usemtl 2
f 1913 2111 2112
usemtl 2
f 1913 1912 2111
usemtl 2
f 1938 2112 2113
usemtl 2
f 1938 1913 2112
usemtl 2
f 1931 2113 2114
usemtl 2
f 1931 1938 2113
usemtl 2
f 1770 2114 2115
usemtl 2
f 1770 1931 2114
usemtl 2
f 1920 2115 2116
usemtl 2
f 1920 1770 2115
usemtl 2
f 1822 2116 2117
usemtl 2
f 1822 1920 2116
usemtl 2
f 1823 2117 2118
usemtl 2
f 1823 1822 2117
usemtl 2
f 1945 2118 2119
usemtl 2
f 1945 1823 2118
usemtl 2
f 1946 2119 2120
usemtl 2
f 1946 1945 2119
usemtl 2
f 1935 2120 2121
usemtl 2
f 1935 1946 2120
usemtl 2
f 1936 2121 2122
usemtl 2
f 1936 1935 2121
usemtl 2
f 1942 2122 2123
usemtl 2
f 1942 1936 2122
usemtl 2
f 1943 2123 2124
usemtl 2
f 1943 1942 2123
usemtl 2
f 1944 2124 2125
usemtl 2
f 1944 1943 2124
usemtl 2
f 1947 2125 2126
usemtl 2
f 1947 1944 2125
usemtl 2
f 1948 2126 2127
usemtl 2
f 1948 1947 2126
usemtl 2
f 1939 2127 2128
usemtl 2
f 1939 1948 2127
usemtl 2
f 1934 2128 2129
usemtl 2
f 1934 1939 2128
usemtl 2
f 1949 2129 2130
usemtl 2
f 1949 1934 2129
usemtl 2
f 1950 2130 2131
usemtl 2
f 1950 1949 2130
usemtl 2
f 1795 2131 2132
usemtl 2
f 1795 1950 2131
usemtl 2
f 1796 2132 2133
usemtl 2
f 1796 1795 2132
usemtl 2
f 1952 2133 2134
usemtl 2
f 1952 1796 2133
usemtl 2
f 1951 2134 2135
usemtl 2
f 1951 1952 2134
usemtl 2
f 1794 2135 2136
usemtl 2
f 1794 1951 2135
usemtl 2
f 1940 2136 2137
usemtl 2
f 1940 1794 2136
usemtl 2
f 1955 2137 2138
usemtl 2
f 1955 1940 2137
usemtl 2
f 1953 2138 2139
usemtl 2
f 1953 1955 2138
usemtl 2
f 1954 2139 2140
usemtl 2
f 1954 1953 2139
usemtl 2
f 1941 2140 2141
usemtl 2
f 1941 1954 2140
usemtl 2
f 1824 2141 2142
usemtl 2
f 1824 1941 2141
usemtl 2
f 1799 2142 2143
usemtl 2
f 1799 1824 2142
usemtl 2
f 1797 2143 2144
usemtl 2
f 1797 1799 2143
usemtl 2
f 1798 2144 2145
usemtl 2
f 1798 1797 2144
usemtl 2
f 1956 2145 2146
usemtl 2
f 1956 1798 2145
usemtl 2
f 1957 2146 2147
usemtl 2
f 1957 1956 2146
usemtl 2
f 1846 2147 2148
usemtl 2
f 1846 1957 2147
usemtl 2
f 1847 2148 2149
usemtl 2
f 1847 1846 2148
usemtl 2
f 1848 2149 2150
usemtl 2
f 1848 1847 2149
usemtl 2
f 1778 2150 2151
usemtl 2
f 1778 1848 2150
usemtl 2
f 1776 2151 2152
usemtl 2
f 1776 1778 2151
usemtl 2
f 1777 2152 1958
usemtl 2
f 1777 1776 2152
usemtl 2
f 2153 2154 2155
usemtl 2
f 2153 2156 2154
usemtl 2
f 2157 2155 2158
usemtl 2
f 2157 2153 2155
usemtl 2
f 2159 2158 2160
usemtl 2
f 2159 2157 2158
usemtl 2
f 2156 2160 2154
usemtl 2
f 2156 2159 2160
usemtl 2
f 2161 2162 2163
usemtl 2
f 2161 2164 2162
usemtl 2
f 2165 2163 2166
usemtl 2
f 2165 2161 2163
usemtl 2
f 2167 2166 2168
usemtl 2
f 2167 2165 2166
usemtl 2
f 2164 2168 2162
usemtl 2
f 2164 2167 2168
usemtl 2
f 2169 2170 2171
usemtl 2
f 2169 2172 2170
usemtl 2
f 2173 2171 2174
usemtl 2
f 2173 2169 2171
usemtl 2
f 2175 2174 2176
usemtl 2
f 2175 2173 2174
usemtl 2
f 2172 2176 2170
usemtl 2
f 2172 2175 2176
usemtl 2
f 2177 2178 2179
usemtl 2
f 2177 2180 2178
usemtl 2
f 2181 2179 2182
usemtl 2
f 2181 2177 2179
usemtl 2
f 2183 2182 2184
usemtl 2
f 2183 2181 2182
usemtl 2
f 2185 2184 2186
usemtl 2
f 2185 2183 2184
usemtl 2
f 2187 2186 2188
usemtl 2
f 2187 2185 2186
usemtl 2
f 2189 2188 2190
usemtl 2
f 2189 2187 2188
usemtl 2
f 2191 2190 2192
usemtl 2
f 2191 2189 2190
usemtl 2
f 2180 2192 2178
usemtl 2
f 2180 2191 2192
usemtl 2
f 2193 2194 2195
usemtl 2
f 2193 2196 2194
usemtl 2
f 2197 2195 2198
usemtl 2
f 2197 2193 2195
usemtl 2
f 2199 2198 2200
usemtl 2
f 2199 2197 2198
usemtl 2
f 2201 2200 2202
usemtl 2
f 2201 2199 2200
usemtl 2
f 2203 2202 2204
usemtl 2
f 2203 2201 2202
usemtl 2
f 2205 2204 2206
usemtl 2
f 2205 2203 2204
usemtl 2
f 2207 2206 2208
usemtl 2
f 2207 2205 2206
usemtl 2
f 2196 2208 2194
usemtl 2
f 2196 2207 2208
usemtl 2
f 2209 2210 2211
usemtl 2
f 2209 2212 2210
usemtl 2
f 2213 2211 2214
usemtl 2
f 2213 2209 2211
usemtl 2
f 2215 2214 2216
usemtl 2
f 2215 2213 2214
usemtl 2
f 2217 2216 2218
usemtl 2
f 2217 2215 2216
usemtl 2
f 2219 2218 2220
usemtl 2
f 2219 2217 2218
usemtl 2
f 2221 2220 2222
usemtl 2
f 2221 2219 2220
usemtl 2
f 2223 2222 2224
usemtl 2
f 2223 2221 2222
usemtl 2
f 2212 2224 2210
usemtl 2
f 2212 2223 2224
usemtl 2
f 2225 2226 2227
usemtl 2
f 2225 2228 2226
usemtl 2
f 2229 2227 2230
usemtl 2
f 2229 2225 2227
usemtl 2
f 2231 2230 2232
usemtl 2
f 2231 2229 2230
usemtl 2
f 2233 2232 2234
usemtl 2
f 2233 2231 2232
usemtl 2
f 2235 2234 2236
usemtl 2
f 2235 2233 2234
usemtl 2
f 2237 2236 2238
usemtl 2
f 2237 2235 2236
usemtl 2
f 2239 2238 2240
usemtl 2
f 2239 2237 2238
usemtl 2
f 2228 2240 2226
usemtl 2
f 2228 2239 2240
usemtl 2
f 2241 2242 2243
usemtl 2
f 2241 2244 2242
usemtl 2
f 2245 2243 2246
usemtl 2
f 2245 2241 2243
usemtl 2
f 2247 2246 2248
usemtl 2
f 2247 2245 2246
usemtl 2
f 2244 2248 2242
usemtl 2
f 2244 2247 2248
usemtl 2
f 2249 2250 2251
usemtl 2
f 2249 2252 2250
usemtl 2
f 2253 2251 2254
usemtl 2
f 2253 2249 2251
usemtl 2
f 2255 2254 2256
usemtl 2
f 2255 2253 2254
usemtl 2
f 2252 2256 2250
usemtl 2
f 2252 2255 2256
usemtl 2
f 2257 2258 2259
usemtl 2
f 2257 2260 2258
usemtl 2
f 2261 2259 2262
usemtl 2
f 2261 2257 2259
usemtl 2
f 2263 2262 2264
usemtl 2
f 2263 2261 2262
usemtl 2
f 2265 2264 2266
usemtl 2
f 2265 2263 2264
usemtl 2
f 2267 2266 2268
usemtl 2
f 2267 2265 2266
usemtl 2
f 2269 2268 2270
usemtl 2
f 2269 2267 2268
usemtl 2
f 2271 2270 2272
usemtl 2
f 2271 2269 2270
usemtl 2
f 2273 2272 2274
usemtl 2
f 2273 2271 2272
usemtl 2
f 2275 2274 2276
usemtl 2
f 2275 2273 2274
usemtl 2
f 2277 2276 2278
usemtl 2
f 2277 2275 2276
usemtl 2
f 2279 2278 2280
usemtl 2
f 2279 2277 2278
usemtl 2
f 2281 2280 2282
usemtl 2
f 2281 2279 2280
usemtl 2
f 2283 2282 2284
usemtl 2
f 2283 2281 2282
usemtl 2
f 2285 2284 2286
usemtl 2
f 2285 2283 2284
usemtl 2
f 2287 2286 2288
usemtl 2
f 2287 2285 2286
usemtl 2
f 2289 2288 2290
usemtl 2
f 2289 2287 2288
usemtl 2
f 2291 2290 2292
usemtl 2
f 2291 2289 2290
usemtl 2
f 2293 2292 2294
usemtl 2
f 2293 2291 2292
usemtl 2
f 2295 2294 2296
usemtl 2
f 2295 2293 2294
usemtl 2
f 2297 2296 2298
usemtl 2
f 2297 2295 2296
usemtl 2
f 2299 2298 2300
usemtl 2
f 2299 2297 2298
usemtl 2
f 2301 2300 2302
usemtl 2
f 2301 2299 2300
usemtl 2
f 2260 2302 2258
usemtl 2
f 2260 2301 2302
usemtl 2
f 2303 2304 2305
usemtl 2
f 2303 2306 2304
usemtl 2
f 2307 2305 2308
usemtl 2
f 2307 2303 2305
usemtl 2
f 2309 2308 2310
usemtl 2
f 2309 2307 2308
usemtl 2
f 2306 2310 2304
usemtl 2
f 2306 2309 2310
usemtl 2
f 2311 2312 2313
usemtl 2
f 2311 2314 2312
usemtl 2
f 2315 2313 2316
usemtl 2
f 2315 2311 2313
usemtl 2
f 2317 2316 2318
usemtl 2
f 2317 2315 2316
usemtl 2
f 2314 2318 2312
usemtl 2
f 2314 2317 2318
usemtl 2
f 2319 2320 2321
usemtl 2
f 2319 2322 2320
usemtl 2
f 2323 2321 2324
usemtl 2
f 2323 2319 2321
usemtl 2
f 2325 2324 2326
usemtl 2
f 2325 2323 2324
usemtl 2
f 2322 2326 2320
usemtl 2
f 2322 2325 2326
usemtl 2
f 2327 2328 2329
usemtl 2
f 2327 2330 2328
usemtl 2
f 2331 2329 2332
usemtl 2
f 2331 2327 2329
usemtl 2
f 2333 2332 2334
usemtl 2
f 2333 2331 2332
usemtl 2
f 2330 2334 2328
usemtl 2
f 2330 2333 2334
usemtl 2
f 2335 2336 2337
usemtl 2
f 2335 2338 2336
usemtl 2
f 2339 2337 2340
usemtl 2
f 2339 2335 2337
usemtl 2
f 2341 2340 2342
usemtl 2
f 2341 2339 2340
usemtl 2
f 2343 2342 2344
usemtl 2
f 2343 2341 2342
usemtl 2
f 2345 2344 2346
usemtl 2
f 2345 2343 2344
usemtl 2
f 2347 2346 2348
usemtl 2
f 2347 2345 2346
usemtl 2
f 2349 2348 2350
usemtl 2
f 2349 2347 2348
usemtl 2
f 2338 2350 2336
usemtl 2
f 2338 2349 2350
usemtl 2
f 2351 2352 2353
usemtl 2
f 2351 2354 2352
usemtl 2
f 2355 2353 2356
usemtl 2
f 2355 2351 2353
usemtl 2
f 2357 2356 2358
usemtl 2
f 2357 2355 2356
usemtl 2
f 2359 2358 2360
usemtl 2
f 2359 2357 2358
usemtl 2
f 2361 2360 2362
usemtl 2
f 2361 2359 2360
usemtl 2
f 2363 2362 2364
usemtl 2
f 2363 2361 2362
usemtl 2
f 2365 2364 2366
usemtl 2
f 2365 2363 2364
usemtl 2
f 2367 2366 2368
usemtl 2
f 2367 2365 2366
usemtl 2
f 2369 2368 2370
usemtl 2
f 2369 2367 2368
usemtl 2
f 2371 2370 2372
usemtl 2
f 2371 2369 2370
usemtl 2
f 2373 2372 2374
usemtl 2
f 2373 2371 2372
usemtl 2
f 2375 2374 2376
usemtl 2
f 2375 2373 2374
usemtl 2
f 2377 2376 2378
usemtl 2
f 2377 2375 2376
usemtl 2
f 2379 2378 2380
usemtl 2
f 2379 2377 2378
usemtl 2
f 2381 2380 2382
usemtl 2
f 2381 2379 2380
usemtl 2
f 2354 2382 2352
usemtl 2
f 2354 2381 2382
usemtl 0
f 2151 1958 2152
usemtl 0
f 2143 2145 2144
usemtl 0
f 2149 2148 2150
usemtl 0
f 2151 2150 2148
usemtl 0
f 2004 2001 2013
usemtl 0
f 2138 2140 2139
usemtl 0
f 1958 2148 2147
usemtl 0
f 1958 2151 2148
usemtl 0
f 1958 2147 1959
usemtl 0
f 2147 2146 1959
usemtl 0
f 2129 2136 2130
usemtl 0
f 2146 2143 2142
usemtl 0
f 2146 2145 2143
usemtl 0
f 2146 2142 1959
usemtl 0
f 2129 2141 2137
usemtl 0
f 2132 2131 2130
usemtl 0
f 2141 2138 2137
usemtl 0
f 2141 2140 2138
usemtl 0
f 2129 2137 2136
usemtl 0
f 2136 2135 2133
usemtl 0
f 2135 2134 2133
usemtl 0
f 2136 2133 2132
usemtl 0
f 2123 2126 2125
usemtl 0
f 2136 2132 2130
usemtl 0
f 2122 2121 2129
usemtl 0
f 2121 2118 2129
usemtl 0
f 2109 2108 2112
usemtl 0
f 2129 2128 2122
usemtl 0
f 2127 2126 2128
usemtl 0
f 2123 2125 2124
usemtl 0
f 2128 2126 2123
usemtl 0
f 2118 2141 2129
usemtl 0
f 2128 2123 2122
usemtl 0
f 2142 2141 2118
usemtl 0
f 2118 2120 2119
usemtl 0
f 2142 2118 2117
usemtl 0
f 2121 2120 2118
usemtl 0
f 2142 2117 1959
usemtl 0
f 2117 2116 2115
usemtl 0
f 2107 2106 2108
usemtl 0
f 2110 2109 2111
usemtl 0
f 2089 2088 2090
usemtl 0
f 2113 2112 2114
usemtl 0
f 2108 2114 2112
usemtl 0
f 2111 2109 2112
usemtl 0
f 2105 2115 2114
usemtl 0
f 2106 2105 2108
usemtl 0
f 2102 2101 2103
usemtl 0
f 2104 2115 2105
usemtl 0
f 2108 2105 2114
usemtl 0
f 2104 2103 2101
usemtl 0
f 1959 2100 2099
usemtl 0
f 2101 2117 2115
usemtl 0
f 2100 2117 2101
usemtl 0
f 2104 2101 2115
usemtl 0
f 1959 2117 2100
usemtl 0
f 2096 2090 2097
usemtl 0
f 2090 2096 2091
usemtl 0
f 2091 2093 2092
usemtl 0
f 2098 2097 2099
usemtl 0
f 2094 2093 2091
usemtl 0
f 2077 2076 2075
usemtl 0
f 2077 2075 2078
usemtl 0
f 2095 2094 2096
usemtl 0
f 2088 2099 2090
usemtl 0
f 2078 2075 2073
usemtl 0
f 2096 2094 2091
usemtl 0
f 2099 2097 2090
usemtl 0
f 1963 1960 2088
usemtl 0
f 1984 1964 2087
usemtl 0
f 2084 2083 2072
usemtl 0
f 2068 2000 1999
usemtl 0
f 2078 2081 2079
usemtl 0
f 2085 2084 2086
usemtl 0
f 2067 2066 2046
usemtl 0
f 2082 2081 2083
usemtl 0
f 2057 2051 2058
usemtl 0
f 2080 2079 2081
usemtl 0
f 2081 2078 2073
usemtl 0
f 2073 2072 2083
usemtl 0
f 2071 2070 2072
usemtl 0
f 2073 2075 2074
usemtl 0
f 2070 2086 2072
usemtl 0
f 2081 2073 2083
usemtl 0
f 2072 2086 2084
usemtl 0
f 1988 1987 2070
usemtl 0
f 2070 2069 2068
usemtl 0
f 2000 2020 2001
usemtl 0
f 2025 2030 2029
usemtl 0
f 2065 2063 2066
usemtl 0
f 2058 2062 2061
usemtl 0
f 2065 2064 2063
usemtl 0
f 2034 2030 2025
usemtl 0
f 2061 2060 2058
usemtl 0
f 2060 2059 2058
usemtl 0
f 2055 2054 2053
usemtl 0
f 2055 2057 2056
usemtl 0
f 2047 2050 2048
usemtl 0
f 2051 2050 2062
usemtl 0
f 2051 2053 2052
usemtl 0
f 2057 2055 2053
usemtl 0
f 2050 2063 2062
usemtl 0
f 2058 2051 2062
usemtl 0
f 2057 2053 2051
usemtl 0
f 2047 2063 2050
usemtl 0
f 2048 2050 2049
usemtl 0
f 2039 2041 2040
usemtl 0
f 2066 2047 2046
usemtl 0
f 2066 2063 2047
usemtl 0
f 2025 2029 2026
usemtl 0
f 2036 2035 2034
usemtl 0
f 2043 2042 2044
usemtl 0
f 2042 2041 2039
usemtl 0
f 2044 2039 2037
usemtl 0
f 2044 2042 2039
usemtl 0
f 2037 2039 2038
usemtl 0
f 2022 2037 2036
usemtl 0
f 2045 2044 2037
usemtl 0
f 2032 2031 2030
usemtl 0
f 2034 2033 2032
usemtl 0
f 2032 2030 2034
usemtl 0
f 2023 2034 2025
usemtl 0
f 2029 2028 2027
usemtl 0
f 2014 2017 2016
usemtl 0
f 2004 2013 2012
usemtl 0
f 2029 2027 2026
usemtl 0
f 2023 2036 2034
usemtl 0
f 2022 2036 2023
usemtl 0
f 2024 2023 2025
usemtl 0
f 2000 2021 2020
usemtl 0
f 2045 2037 2022
usemtl 0
f 2046 2021 2000
usemtl 0
f 2022 2046 2045
usemtl 0
f 2022 2021 2046
usemtl 0
f 2015 2014 2016
usemtl 0
f 2020 2019 2017
usemtl 0
f 2019 2018 2017
usemtl 0
f 1973 1969 1974
usemtl 0
f 2020 2014 2013
usemtl 0
f 2020 2017 2014
usemtl 0
f 1991 1996 1994
usemtl 0
f 2007 2011 2008
usemtl 0
f 2010 2009 2011
usemtl 0
f 2009 2008 2011
usemtl 0
f 2012 2011 2007
usemtl 0
f 2004 2012 2005
usemtl 0
f 2007 2005 2012
usemtl 0
f 2007 2006 2005
usemtl 0
f 2003 2002 2001
usemtl 0
f 2001 2020 2013
usemtl 0
f 2068 2067 2000
usemtl 0
f 2003 2001 2004
usemtl 0
f 2067 2046 2000
usemtl 0
f 1988 1999 1998
usemtl 0
f 1988 2068 1999
usemtl 0
f 1996 1998 1997
usemtl 0
f 1989 1988 1998
usemtl 0
f 1987 1986 2087
usemtl 0
f 1993 1991 1994
usemtl 0
f 1995 1994 1996
usemtl 0
f 1989 1996 1991
usemtl 0
f 1992 1991 1993
usemtl 0
f 1982 1981 1983
usemtl 0
f 2086 2070 1987
usemtl 0
f 1989 1991 1990
usemtl 0
f 1996 1989 1998
usemtl 0
f 2070 2068 1988
usemtl 0
f 2087 2086 1987
usemtl 0
f 2087 1986 1984
usemtl 0
f 1964 1984 1981
usemtl 0
f 1986 1985 1984
usemtl 0
f 1980 1979 1981
usemtl 0
f 1964 1981 1966
usemtl 0
f 1984 1983 1981
usemtl 0
f 1968 1979 1978
usemtl 0
f 1968 1966 1979
usemtl 0
f 1962 1961 1963
usemtl 0
f 1972 1971 1970
usemtl 0
f 1978 1977 1976
usemtl 0
f 1976 1975 1974
usemtl 0
f 1970 1969 1973
usemtl 0
f 1965 1964 1966
usemtl 0
f 1978 1976 1969
usemtl 0
f 1972 1970 1973
usemtl 0
f 1969 1976 1974
usemtl 0
f 1969 1968 1978
usemtl 0
f 1967 1966 1968
usemtl 0
f 1981 1979 1966
usemtl 0
f 1963 2088 1964
usemtl 0
f 2088 2087 1964
usemtl 0
f 1960 2099 2088
usemtl 0
f 1961 1960 1963
usemtl 0
f 1959 2099 1960
o NL.IMBAG.Pand.0861100000425672-36
usemtl 0
f 2383 2384 2385
usemtl 0
f 2386 2387 2388
usemtl 0
f 2389 2390 2388
usemtl 0
f 2389 2391 2390
usemtl 0
f 2388 2390 2383
usemtl 0
f 2388 2383 2385
usemtl 0
f 2392 2384 2383
usemtl 0
f 2388 2385 2386
usemtl 2
f 2393 2394 2385
usemtl 2
f 2384 2393 2385
usemtl 2
f 2395 2393 2384
usemtl 2
f 2392 2395 2384
usemtl 2
f 2396 2395 2392
usemtl 2
f 2383 2396 2392
usemtl 2
f 2397 2396 2383
usemtl 2
f 2390 2397 2383
usemtl 2
f 2398 2397 2390
usemtl 2
f 2391 2398 2390
usemtl 2
f 2399 2398 2391
usemtl 2
f 2389 2399 2391
usemtl 2
f 2400 2401 2388
usemtl 2
f 2387 2400 2388
usemtl 2
f 2401 2399 2389
usemtl 2
f 2388 2401 2389
usemtl 2
f 2394 2402 2386
usemtl 2
f 2385 2394 2386
usemtl 2
f 2402 2400 2387
usemtl 2
f 2386 2402 2387
usemtl 1
f 2401 2400 2402
usemtl 1
f 2393 2395 2396
usemtl 1
f 2394 2401 2402
usemtl 1
f 2396 2401 2394
usemtl 1
f 2396 2397 2401
usemtl 1
f 2397 2398 2399
usemtl 1
f 2393 2396 2394
usemtl 1
f 2397 2399 2401
o NL.IMBAG.Pand.0861100000372106-37
usemtl 0
f 2403 2404 2405
usemtl 0
f 2406 2407 2404
usemtl 0
f 2403 2406 2404
usemtl 0
f 2408 2407 2406
usemtl 0
f 2409 2410 2411
usemtl 0
f 2409 2411 2408
usemtl 0
f 2411 2407 2408
usemtl 2
f 2412 2413 2409
usemtl 2
f 2408 2412 2409
usemtl 2
f 2410 2414 2411
usemtl 2
f 2410 2415 2414
usemtl 2
f 2413 2415 2410
usemtl 2
f 2409 2413 2410
usemtl 2
f 2414 2416 2407
usemtl 2
f 2411 2414 2407
usemtl 2
f 2417 2412 2408
usemtl 2
f 2406 2417 2408
usemtl 2
f 2418 2417 2406
usemtl 2
f 2403 2418 2406
usemtl 2
f 2419 2420 2405
usemtl 2
f 2404 2419 2405
usemtl 2
f 2420 2418 2403
usemtl 2
f 2405 2420 2403
usemtl 2
f 2416 2419 2404
usemtl 2
f 2407 2416 2404
usemtl 1
f 2414 2413 2412
usemtl 1
f 2415 2413 2414
usemtl 1
f 2416 2414 2412
usemtl 1
f 2416 2412 2417
usemtl 1
f 2416 2417 2419
usemtl 1
f 2417 2418 2419
usemtl 1
f 2418 2420 2419
o NL.IMBAG.Pand.0861100000370312-38
usemtl 0
f 2421 2422 2423
usemtl 0
f 2422 2424 2425
usemtl 0
f 2423 2422 2425
usemtl 0
f 2426 2424 2422
usemtl 0
f 2424 2427 2425
usemtl 0
f 2427 2428 2425
usemtl 0
f 2429 2428 2427
usemtl 0
f 2430 2431 2429
usemtl 0
f 2432 2433 2434
usemtl 0
f 2435 2436 2433
usemtl 0
f 2437 2438 2439
usemtl 0
f 2439 2440 2441
usemtl 0
f 2442 2440 2438
usemtl 0
f 2443 2444 2445
usemtl 0
f 2446 2445 2447
usemtl 0
f 2448 2447 2449
usemtl 0
f 2448 2449 2450
usemtl 0
f 2449 2451 2450
usemtl 0
f 2452 2453 2454
usemtl 0
f 2452 2454 2451
usemtl 0
f 2452 2451 2455
usemtl 0
f 2451 2454 2450
usemtl 0
f 2453 2452 2456
usemtl 0
f 2446 2447 2448
usemtl 0
f 2443 2445 2446
usemtl 0
f 2457 2444 2443
usemtl 0
f 2458 2444 2457
usemtl 0
f 2458 2457 2459
usemtl 0
f 2458 2459 2460
usemtl 0
f 2458 2460 2461
usemtl 0
f 2460 2462 2463
usemtl 0
f 2463 2438 2461
usemtl 0
f 2442 2438 2463
usemtl 0
f 2460 2463 2461
usemtl 0
f 2440 2464 2465
usemtl 0
f 2440 2465 2441
usemtl 0
f 2466 2465 2464
usemtl 0
f 2467 2465 2466
usemtl 0
f 2438 2440 2439
usemtl 0
f 2436 2438 2437
usemtl 0
f 2468 2438 2436
usemtl 0
f 2468 2436 2435
usemtl 0
f 2435 2433 2432
usemtl 0
f 2432 2434 2469
usemtl 0
f 2432 2469 2430
usemtl 0
f 2469 2431 2430
usemtl 0
f 2431 2428 2429
usemtl 2
f 2470 2471 2464
usemtl 2
f 2440 2470 2464
usemtl 2
f 2471 2472 2466
usemtl 2
f 2464 2471 2466
usemtl 2
f 2473 2474 2452
usemtl 2
f 2455 2473 2452
usemtl 2
f 2474 2475 2456
usemtl 2
f 2452 2474 2456
usemtl 2
f 2476 2477 2442
usemtl 2
f 2463 2476 2442
usemtl 2
f 2472 2478 2467
usemtl 2
f 2466 2472 2467
usemtl 2
f 2479 2480 2449
usemtl 2
f 2447 2479 2449
usemtl 2
f 2481 2476 2463
usemtl 2
f 2462 2481 2463
usemtl 2
f 2482 2481 2462
usemtl 2
f 2460 2482 2462
usemtl 2
f 2483 2484 2459
usemtl 2
f 2457 2483 2459
usemtl 2
f 2484 2482 2460
usemtl 2
f 2459 2484 2460
usemtl 2
f 2485 2473 2455
usemtl 2
f 2451 2485 2455
usemtl 2
f 2486 2483 2457
usemtl 2
f 2443 2486 2457
usemtl 2
f 2454 2487 2450
usemtl 2
f 2454 2488 2487
usemtl 2
f 2489 2486 2443
usemtl 2
f 2446 2489 2443
usemtl 2
f 2490 2488 2454
usemtl 2
f 2453 2490 2454
usemtl 2
f 2491 2489 2446
usemtl 2
f 2448 2491 2446
usemtl 2
f 2487 2491 2448
usemtl 2
f 2450 2487 2448
usemtl 2
f 2480 2485 2451
usemtl 2
f 2449 2480 2451
usemtl 2
f 2492 2479 2447
usemtl 2
f 2445 2492 2447
usemtl 2
f 2493 2494 2461
usemtl 2
f 2438 2493 2461
usemtl 2
f 2495 2492 2445
usemtl 2
f 2444 2495 2445
usemtl 2
f 2477 2470 2440
usemtl 2
f 2442 2477 2440
usemtl 2
f 2496 2495 2444
usemtl 2
f 2458 2496 2444
usemtl 2
f 2497 2498 2433
usemtl 2
f 2436 2497 2433
usemtl 2
f 2494 2496 2458
usemtl 2
f 2461 2494 2458
usemtl 2
f 2499 2500 2469
usemtl 2
f 2434 2499 2469
usemtl 2
f 2501 2493 2438
usemtl 2
f 2468 2501 2438
usemtl 2
f 2502 2501 2468
usemtl 2
f 2435 2502 2468
usemtl 2
f 2503 2504 2430
usemtl 2
f 2429 2503 2430
usemtl 2
f 2505 2502 2435
usemtl 2
f 2432 2505 2435
usemtl 2
f 2506 2503 2429
usemtl 2
f 2427 2506 2429
usemtl 2
f 2504 2505 2432
usemtl 2
f 2430 2504 2432
usemtl 2
f 2507 2506 2427
usemtl 2
f 2424 2507 2427
usemtl 2
f 2508 2509 2423
usemtl 2
f 2425 2508 2423
usemtl 2
f 2475 2490 2453
usemtl 2
f 2456 2475 2453
usemtl 2
f 2510 2507 2424
usemtl 2
f 2426 2510 2424
usemtl 2
f 2478 2511 2465
usemtl 2
f 2467 2478 2465
usemtl 2
f 2512 2510 2426
usemtl 2
f 2422 2512 2426
usemtl 2
f 2513 2512 2422
usemtl 2
f 2421 2513 2422
usemtl 2
f 2509 2513 2421
usemtl 2
f 2423 2509 2421
usemtl 2
f 2498 2499 2434
usemtl 2
f 2433 2498 2434
usemtl 2
f 2514 2508 2425
usemtl 2
f 2428 2514 2425
usemtl 2
f 2515 2514 2428
usemtl 2
f 2431 2515 2428
usemtl 2
f 2500 2515 2431
usemtl 2
f 2469 2500 2431
usemtl 2
f 2516 2497 2436
usemtl 2
f 2437 2516 2436
usemtl 2
f 2517 2516 2437
usemtl 2
f 2439 2517 2437
usemtl 2
f 2518 2517 2439
usemtl 2
f 2441 2518 2439
usemtl 2
f 2511 2518 2441
usemtl 2
f 2465 2511 2441
usemtl 1
f 2472 2471 2511
usemtl 1
f 2511 2471 2470
usemtl 1
f 2478 2472 2511
usemtl 1
f 2511 2470 2518
usemtl 1
f 2470 2517 2518
usemtl 1
f 2493 2476 2494
usemtl 1
f 2496 2484 2483
usemtl 1
f 2482 2484 2496
usemtl 1
f 2482 2476 2481
usemtl 1
f 2491 2480 2479
usemtl 1
f 2488 2485 2487
usemtl 1
f 2473 2485 2474
usemtl 1
f 2485 2488 2474
usemtl 1
f 2488 2490 2474
usemtl 1
f 2490 2475 2474
usemtl 1
f 2491 2479 2489
usemtl 1
f 2477 2476 2493
usemtl 1
f 2487 2480 2491
usemtl 1
f 2487 2485 2480
usemtl 1
f 2501 2497 2493
usemtl 1
f 2489 2492 2486
usemtl 1
f 2489 2479 2492
usemtl 1
f 2492 2495 2486
usemtl 1
f 2495 2483 2486
usemtl 1
f 2496 2483 2495
usemtl 1
f 2494 2482 2496
usemtl 1
f 2476 2482 2494
usemtl 1
f 2470 2477 2493
usemtl 1
f 2470 2493 2517
usemtl 1
f 2498 2505 2499
usemtl 1
f 2500 2504 2515
usemtl 1
f 2515 2503 2514
usemtl 1
f 2514 2506 2508
usemtl 1
f 2508 2512 2509
usemtl 1
f 2507 2512 2508
usemtl 1
f 2506 2507 2508
usemtl 1
f 2512 2507 2510
usemtl 1
f 2503 2506 2514
usemtl 1
f 2509 2512 2513
usemtl 1
f 2504 2503 2515
usemtl 1
f 2505 2504 2500
usemtl 1
f 2505 2500 2499
usemtl 1
f 2502 2505 2498
usemtl 1
f 2502 2498 2497
usemtl 1
f 2502 2497 2501
usemtl 1
f 2497 2516 2493
usemtl 1
f 2516 2517 2493
o NL.IMBAG.Pand.0861100000363180-39
usemtl 0
f 2519 2520 2521
usemtl 0
f 2522 2523 2524
usemtl 0
f 2525 2519 2521
usemtl 0
f 2526 2527 2528
usemtl 0
f 2524 2528 2525
usemtl 0
f 2522 2524 2525
usemtl 0
f 2525 2528 2519
usemtl 0
f 2524 2526 2528
usemtl 2
f 2519 2529 2520
usemtl 2
f 2519 2530 2529
usemtl 2
f 2531 2532 2525
usemtl 2
f 2521 2531 2525
usemtl 2
f 2533 2534 2524
usemtl 2
f 2523 2533 2524
usemtl 2
f 2535 2533 2523
usemtl 2
f 2522 2535 2523
usemtl 2
f 2536 2537 2527
usemtl 2
f 2526 2536 2527
usemtl 2
f 2534 2536 2526
usemtl 2
f 2524 2534 2526
usemtl 2
f 2532 2535 2522
usemtl 2
f 2525 2532 2522
usemtl 2
f 2537 2538 2528
usemtl 2
f 2527 2537 2528
usemtl 2
f 2538 2530 2519
usemtl 2
f 2528 2538 2519
usemtl 2
f 2529 2531 2521
usemtl 2
f 2520 2529 2521
usemtl 1
f 2530 2531 2529
usemtl 1
f 2538 2532 2530
usemtl 1
f 2530 2532 2531
usemtl 1
f 2536 2534 2538
usemtl 1
f 2536 2538 2537
usemtl 1
f 2534 2532 2538
usemtl 1
f 2533 2535 2534
usemtl 1
f 2535 2532 2534
o NL.IMBAG.Pand.0861100000375927-40
usemtl 0
f 2539 2540 2541
usemtl 0
f 2542 2540 2539
usemtl 0
f 2543 2544 2542
usemtl 0
f 2542 2544 2540
usemtl 0
f 2543 2542 2545
usemtl 0
f 2544 2546 2547
usemtl 0
f 2544 2547 2540
usemtl 0
f 2547 2548 2540
usemtl 0
f 2549 2548 2547
usemtl 0
f 2550 2551 2540
usemtl 0
f 2548 2550 2540
usemtl 0
f 2548 2552 2550
usemtl 2
f 2553 2554 2547
usemtl 2
f 2546 2553 2547
usemtl 2
f 2555 2553 2546
usemtl 2
f 2544 2555 2546
usemtl 2
f 2554 2556 2549
usemtl 2
f 2547 2554 2549
usemtl 2
f 2557 2558 2545
usemtl 2
f 2542 2557 2545
usemtl 2
f 2559 2555 2544
usemtl 2
f 2543 2559 2544
usemtl 2
f 2558 2559 2543
usemtl 2
f 2545 2558 2543
usemtl 2
f 2560 2557 2542
usemtl 2
f 2539 2560 2542
usemtl 2
f 2561 2562 2541
usemtl 2
f 2540 2561 2541
usemtl 2
f 2562 2560 2539
usemtl 2
f 2541 2562 2539
usemtl 2
f 2563 2561 2540
usemtl 2
f 2551 2563 2540
usemtl 2
f 2564 2563 2551
usemtl 2
f 2550 2564 2551
usemtl 2
f 2556 2565 2548
usemtl 2
f 2549 2556 2548
usemtl 2
f 2566 2564 2550
usemtl 2
f 2552 2566 2550
usemtl 2
f 2565 2566 2552
usemtl 2
f 2548 2565 2552
usemtl 1
f 2564 2566 2565
usemtl 1
f 2554 2561 2565
usemtl 1
f 2556 2554 2565
usemtl 1
f 2561 2564 2565
usemtl 1
f 2553 2555 2554
usemtl 1
f 2555 2559 2557
usemtl 1
f 2559 2558 2557
usemtl 1
f 2557 2560 2561
usemtl 1
f 2560 2562 2561
usemtl 1
f 2555 2557 2561
usemtl 1
f 2555 2561 2554
usemtl 1
f 2561 2563 2564
o NL.IMBAG.Pand.0861100000373115-41
usemtl 0
f 2567 2568 2569
usemtl 0
f 2570 2571 2572
usemtl 0
f 2570 2573 2571
usemtl 0
f 2572 2571 2574
usemtl 0
f 2575 2570 2572
usemtl 0
f 2575 2572 2567
usemtl 0
f 2572 2576 2567
usemtl 0
f 2568 2567 2577
usemtl 0
f 2577 2578 2579
usemtl 0
f 2568 2577 2580
usemtl 0
f 2567 2578 2577
usemtl 0
f 2568 2580 2581
usemtl 0
f 2569 2582 2583
usemtl 0
f 2584 2575 2583
usemtl 0
f 2583 2575 2567
usemtl 0
f 2585 2583 2582
usemtl 0
f 2586 2583 2587
usemtl 0
f 2569 2583 2567
usemtl 0
f 2584 2586 2588
usemtl 0
f 2584 2583 2586
usemtl 2
f 2589 2590 2576
usemtl 2
f 2572 2589 2576
usemtl 2
f 2590 2591 2567
usemtl 2
f 2576 2590 2567
usemtl 2
f 2591 2592 2578
usemtl 2
f 2567 2591 2578
usemtl 2
f 2593 2594 2587
usemtl 2
f 2583 2593 2587
usemtl 2
f 2594 2595 2586
usemtl 2
f 2587 2594 2586
usemtl 2
f 2595 2596 2588
usemtl 2
f 2586 2595 2588
usemtl 2
f 2597 2598 2568
usemtl 2
f 2581 2597 2568
usemtl 2
f 2599 2597 2581
usemtl 2
f 2580 2599 2581
usemtl 2
f 2600 2601 2571
usemtl 2
f 2573 2600 2571
usemtl 2
f 2601 2602 2574
usemtl 2
f 2571 2601 2574
usemtl 2
f 2598 2603 2569
usemtl 2
f 2568 2598 2569
usemtl 2
f 2603 2604 2582
usemtl 2
f 2569 2603 2582
usemtl 2
f 2605 2606 2577
usemtl 2
f 2579 2605 2577
usemtl 2
f 2592 2605 2579
usemtl 2
f 2578 2592 2579
usemtl 2
f 2604 2607 2585
usemtl 2
f 2582 2604 2585
usemtl 2
f 2606 2599 2580
usemtl 2
f 2577 2606 2580
usemtl 2
f 2608 2600 2573
usemtl 2
f 2570 2608 2573
usemtl 2
f 2602 2589 2572
usemtl 2
f 2574 2602 2572
usemtl 2
f 2609 2608 2570
usemtl 2
f 2575 2609 2570
usemtl 2
f 2596 2610 2584
usemtl 2
f 2588 2596 2584
usemtl 2
f 2607 2593 2583
usemtl 2
f 2585 2607 2583
usemtl 2
f 2610 2609 2575
usemtl 2
f 2584 2610 2575
usemtl 1
f 2596 2595 2610
usemtl 1
f 2595 2593 2610
usemtl 1
f 2594 2593 2595
usemtl 1
f 2610 2593 2609
usemtl 1
f 2593 2604 2603
usemtl 1
f 2593 2603 2591
usemtl 1
f 2604 2593 2607
usemtl 1
f 2592 2591 2606
usemtl 1
f 2598 2599 2606
usemtl 1
f 2591 2598 2606
usemtl 1
f 2599 2598 2597
usemtl 1
f 2605 2592 2606
usemtl 1
f 2591 2590 2589
usemtl 1
f 2589 2608 2609
usemtl 1
f 2593 2591 2609
usemtl 1
f 2603 2598 2591
usemtl 1
f 2602 2601 2589
usemtl 1
f 2591 2589 2609
usemtl 1
f 2601 2608 2589
usemtl 1
f 2600 2608 2601
o NL.IMBAG.Pand.0861100000374749-42
usemtl 0
f 2611 2612 2613
usemtl 0
f 2614 2615 2616
usemtl 0
f 2611 2617 2612
usemtl 0
f 2616 2618 2619
usemtl 0
f 2619 2617 2611
usemtl 0
f 2614 2616 2619
usemtl 0
f 2620 2617 2619
usemtl 0
f 2614 2619 2611
usemtl 2
f 2621 2622 2617
usemtl 2
f 2620 2621 2617
usemtl 2
f 2623 2621 2620
usemtl 2
f 2619 2623 2620
usemtl 2
f 2624 2625 2613
usemtl 2
f 2612 2624 2613
usemtl 2
f 2625 2626 2611
usemtl 2
f 2613 2625 2611
usemtl 2
f 2622 2624 2612
usemtl 2
f 2617 2622 2612
usemtl 2
f 2627 2623 2619
usemtl 2
f 2618 2627 2619
usemtl 2
f 2626 2628 2614
usemtl 2
f 2611 2626 2614
usemtl 2
f 2629 2630 2616
usemtl 2
f 2615 2629 2616
usemtl 2
f 2628 2629 2615
usemtl 2
f 2614 2628 2615
usemtl 2
f 2630 2627 2618
usemtl 2
f 2616 2630 2618
usemtl 1
f 2626 2624 2622
usemtl 1
f 2623 2627 2630
usemtl 1
f 2629 2628 2630
usemtl 1
f 2621 2623 2622
usemtl 1
f 2630 2628 2623
usemtl 1
f 2628 2626 2623
usemtl 1
f 2625 2624 2626
usemtl 1
f 2626 2622 2623
o NL.IMBAG.Pand.0861100000363381-43
usemtl 0
f 2631 2632 2633
usemtl 0
f 2634 2635 2632
usemtl 0
f 2632 2635 2636
usemtl 0
f 2633 2632 2636
usemtl 0
f 2637 2638 2634
usemtl 0
f 2638 2635 2634
usemtl 2
f 2639 2640 2638
usemtl 2
f 2637 2639 2638
usemtl 2
f 2641 2639 2637
usemtl 2
f 2634 2641 2637
usemtl 2
f 2642 2641 2634
usemtl 2
f 2632 2642 2634
usemtl 2
f 2640 2643 2635
usemtl 2
f 2638 2640 2635
usemtl 2
f 2644 2642 2632
usemtl 2
f 2631 2644 2632
usemtl 2
f 2645 2646 2633
usemtl 2
f 2636 2645 2633
usemtl 2
f 2646 2644 2631
usemtl 2
f 2633 2646 2631
usemtl 2
f 2643 2645 2636
usemtl 2
f 2635 2643 2636
usemtl 1
f 2640 2639 2641
usemtl 1
f 2644 2646 2642
usemtl 1
f 2642 2646 2645
usemtl 1
f 2643 2641 2642
usemtl 1
f 2643 2640 2641
usemtl 1
f 2643 2642 2645
o NL.IMBAG.Pand.0861100000376319-44
usemtl 0
f 2647 2648 2649
usemtl 0
f 2650 2651 2652
usemtl 0
f 2653 2654 2655
usemtl 0
f 2656 2657 2649
usemtl 0
f 2658 2653 2649
usemtl 0
f 2656 2648 2659
usemtl 0
f 2660 2661 2662
usemtl 0
f 2654 2663 2655
usemtl 0
f 2661 2664 2665
usemtl 0
f 2647 2655 2666
usemtl 0
f 2653 2655 2647
usemtl 0
f 2653 2647 2649
usemtl 0
f 2667 2648 2647
usemtl 0
f 2656 2659 2668
usemtl 0
f 2657 2656 2662
usemtl 0
f 2649 2648 2656
usemtl 0
f 2657 2662 2669
usemtl 0
f 2650 2652 2670
usemtl 0
f 2651 2662 2652
usemtl 0
f 2671 2662 2651
usemtl 0
f 2660 2662 2671
usemtl 0
f 2672 2660 2673
usemtl 0
f 2660 2671 2673
usemtl 0
f 2674 2664 2661
usemtl 0
f 2675 2676 2674
usemtl 0
f 2675 2674 2677
usemtl 0
f 2676 2664 2674
usemtl 0
f 2661 2665 2678
usemtl 0
f 2661 2660 2674
usemtl 0
f 2669 2662 2661
usemtl 0
f 2679 2657 2669
usemtl 2
f 2680 2681 2673
usemtl 2
f 2671 2680 2673
usemtl 2
f 2682 2683 2659
usemtl 2
f 2648 2682 2659
usemtl 2
f 2684 2685 2670
usemtl 2
f 2652 2684 2670
usemtl 2
f 2686 2684 2652
usemtl 2
f 2662 2686 2652
usemtl 2
f 2687 2688 2667
usemtl 2
f 2647 2687 2667
usemtl 2
f 2688 2682 2648
usemtl 2
f 2667 2688 2648
usemtl 2
f 2689 2690 2649
usemtl 2
f 2657 2689 2649
usemtl 2
f 2691 2687 2647
usemtl 2
f 2666 2691 2647
usemtl 2
f 2692 2693 2654
usemtl 2
f 2653 2692 2654
usemtl 2
f 2694 2692 2653
usemtl 2
f 2658 2694 2653
usemtl 2
f 2690 2694 2658
usemtl 2
f 2649 2690 2658
usemtl 2
f 2695 2689 2657
usemtl 2
f 2679 2695 2657
usemtl 2
f 2693 2696 2663
usemtl 2
f 2654 2693 2663
usemtl 2
f 2697 2698 2678
usemtl 2
f 2665 2697 2678
usemtl 2
f 2699 2686 2662
usemtl 2
f 2656 2699 2662
usemtl 2
f 2700 2701 2677
usemtl 2
f 2674 2700 2677
usemtl 2
f 2702 2703 2664
usemtl 2
f 2676 2702 2664
usemtl 2
f 2703 2697 2665
usemtl 2
f 2664 2703 2665
usemtl 2
f 2675 2702 2676
usemtl 2
f 2675 2704 2702
usemtl 2
f 2701 2704 2675
usemtl 2
f 2677 2701 2675
usemtl 2
f 2705 2700 2674
usemtl 2
f 2660 2705 2674
usemtl 2
f 2706 2705 2660
usemtl 2
f 2672 2706 2660
usemtl 2
f 2707 2695 2679
usemtl 2
f 2669 2707 2679
usemtl 2
f 2685 2708 2650
usemtl 2
f 2670 2685 2650
usemtl 2
f 2708 2709 2651
usemtl 2
f 2650 2708 2651
usemtl 2
f 2681 2706 2672
usemtl 2
f 2673 2681 2672
usemtl 2
f 2709 2680 2671
usemtl 2
f 2651 2709 2671
usemtl 2
f 2710 2699 2656
usemtl 2
f 2668 2710 2656
usemtl 2
f 2683 2710 2668
usemtl 2
f 2659 2683 2668
usemtl 2
f 2698 2711 2661
usemtl 2
f 2678 2698 2661
usemtl 2
f 2711 2707 2669
usemtl 2
f 2661 2711 2669
usemtl 2
f 2696 2712 2655
usemtl 2
f 2663 2696 2655
usemtl 2
f 2712 2691 2666
usemtl 2
f 2655 2712 2666
usemtl 1
f 2692 2694 2690
usemtl 1
f 2687 2691 2712
usemtl 1
f 2696 2693 2712
usemtl 1
f 2688 2687 2682
usemtl 1
f 2712 2693 2692
usemtl 1
f 2712 2692 2687
usemtl 1
f 2711 2686 2707
usemtl 1
f 2699 2683 2682
usemtl 1
f 2692 2690 2687
usemtl 1
f 2708 2685 2684
usemtl 1
f 2704 2700 2702
usemtl 1
f 2701 2700 2704
usemtl 1
f 2695 2707 2689
usemtl 1
f 2698 2697 2711
usemtl 1
f 2697 2703 2711
usemtl 1
f 2703 2702 2700
usemtl 1
f 2700 2711 2703
usemtl 1
f 2705 2711 2700
usemtl 1
f 2680 2686 2705
usemtl 1
f 2680 2705 2681
usemtl 1
f 2705 2706 2681
usemtl 1
f 2686 2711 2705
usemtl 1
f 2686 2680 2709
usemtl 1
f 2708 2684 2709
usemtl 1
f 2684 2686 2709
usemtl 1
f 2686 2689 2707
usemtl 1
f 2699 2689 2686
usemtl 1
f 2690 2689 2699
usemtl 1
f 2710 2683 2699
usemtl 1
f 2690 2699 2682
usemtl 1
f 2690 2682 2687
o NL.IMBAG.Pand.0861100000360376-45
usemtl 0
f 2713 2714 2715
usemtl 0
f 2716 2717 2715
usemtl 0
f 2718 2713 2719
usemtl 0
f 2720 2716 2715
usemtl 0
f 2715 2717 2713
usemtl 0
f 2717 2719 2713
usemtl 2
f 2721 2722 2720
usemtl 2
f 2715 2721 2720
usemtl 2
f 2722 2723 2716
usemtl 2
f 2720 2722 2716
usemtl 2
f 2724 2725 2713
usemtl 2
f 2718 2724 2713
usemtl 2
f 2725 2726 2714
usemtl 2
f 2713 2725 2714
usemtl 2
f 2727 2728 2719
usemtl 2
f 2717 2727 2719
usemtl 2
f 2728 2724 2718
usemtl 2
f 2719 2728 2718
usemtl 2
f 2723 2727 2717
usemtl 2
f 2716 2723 2717
usemtl 2
f 2726 2721 2715
usemtl 2
f 2714 2726 2715
usemtl 1
f 2725 2721 2726
usemtl 1
f 2728 2727 2725
usemtl 1
f 2723 2721 2727
usemtl 1
f 2728 2725 2724
usemtl 1
f 2727 2721 2725
usemtl 1
f 2723 2722 2721
o NL.IMBAG.Pand.0861100000361223-46
usemtl 0
f 2729 2730 2731
usemtl 0
f 2731 2730 2732
usemtl 0
f 2733 2734 2735
usemtl 0
f 2736 2730 2729
usemtl 0
f 2737 2738 2733
usemtl 0
f 2735 2739 2733
usemtl 0
f 2740 2738 2737
usemtl 0
f 2741 2742 2743
usemtl 0
f 2733 2741 2737
usemtl 0
f 2733 2742 2741
usemtl 0
f 2744 2745 2740
usemtl 0
f 2745 2738 2740
usemtl 0
f 2740 2746 2747
usemtl 0
f 2740 2747 2744
usemtl 0
f 2738 2734 2733
usemtl 0
f 2734 2729 2735
usemtl 0
f 2748 2729 2734
usemtl 0
f 2749 2748 2734
usemtl 0
f 2736 2729 2748
usemtl 0
f 2750 2736 2751
usemtl 0
f 2736 2748 2751
usemtl 0
f 2752 2730 2736
usemtl 2
f 2753 2754 2732
usemtl 2
f 2730 2753 2732
usemtl 2
f 2754 2755 2731
usemtl 2
f 2732 2754 2731
usemtl 2
f 2756 2753 2730
usemtl 2
f 2752 2756 2730
usemtl 2
f 2757 2756 2752
usemtl 2
f 2736 2757 2752
usemtl 2
f 2758 2757 2736
usemtl 2
f 2750 2758 2736
usemtl 2
f 2759 2758 2750
usemtl 2
f 2751 2759 2750
usemtl 2
f 2760 2761 2749
usemtl 2
f 2734 2760 2749
usemtl 2
f 2761 2762 2748
usemtl 2
f 2749 2761 2748
usemtl 2
f 2762 2759 2751
usemtl 2
f 2748 2762 2751
usemtl 2
f 2763 2764 2735
usemtl 2
f 2729 2763 2735
usemtl 2
f 2765 2760 2734
usemtl 2
f 2738 2765 2734
usemtl 2
f 2766 2767 2747
usemtl 2
f 2746 2766 2747
usemtl 2
f 2768 2766 2746
usemtl 2
f 2740 2768 2746
usemtl 2
f 2769 2765 2738
usemtl 2
f 2745 2769 2738
usemtl 2
f 2767 2770 2744
usemtl 2
f 2747 2767 2744
usemtl 2
f 2770 2769 2745
usemtl 2
f 2744 2770 2745
usemtl 2
f 2771 2768 2740
usemtl 2
f 2737 2771 2740
usemtl 2
f 2772 2773 2742
usemtl 2
f 2733 2772 2742
usemtl 2
f 2774 2772 2733
usemtl 2
f 2739 2774 2733
usemtl 2
f 2755 2763 2729
usemtl 2
f 2731 2755 2729
usemtl 2
f 2764 2774 2739
usemtl 2
f 2735 2764 2739
usemtl 2
f 2775 2771 2737
usemtl 2
f 2741 2775 2737
usemtl 2
f 2776 2775 2741
usemtl 2
f 2743 2776 2741
usemtl 2
f 2773 2776 2743
usemtl 2
f 2742 2773 2743
usemtl 1
f 2775 2776 2773
usemtl 1
f 2768 2769 2770
usemtl 1
f 2772 2775 2773
usemtl 1
f 2768 2767 2766
usemtl 1
f 2771 2775 2772
usemtl 1
f 2764 2772 2774
usemtl 1
f 2760 2762 2761
usemtl 1
f 2757 2762 2763
usemtl 1
f 2754 2753 2755
usemtl 1
f 2753 2763 2755
usemtl 1
f 2756 2757 2753
usemtl 1
f 2757 2763 2753
usemtl 1
f 2758 2759 2757
usemtl 1
f 2759 2762 2757
usemtl 1
f 2763 2762 2760
usemtl 1
f 2763 2760 2764
usemtl 1
f 2760 2772 2764
usemtl 1
f 2765 2772 2760
usemtl 1
f 2771 2765 2768
usemtl 1
f 2770 2767 2768
usemtl 1
f 2772 2765 2771
usemtl 1
f 2765 2769 2768
o NL.IMBAG.Pand.0861100000363391-47
usemtl 0
f 2777 2778 2779
usemtl 0
f 2780 2781 2779
usemtl 0
f 2780 2782 2781
usemtl 0
f 2783 2784 2785
usemtl 0
f 2781 2786 2785
usemtl 0
f 2787 2786 2781
usemtl 0
f 2785 2777 2779
usemtl 0
f 2785 2784 2777
usemtl 0
f 2781 2785 2779
usemtl 0
f 2784 2788 2777
usemtl 0
f 2788 2789 2777
usemtl 2
f 2790 2791 2786
usemtl 2
f 2787 2790 2786
usemtl 2
f 2792 2790 2787
usemtl 2
f 2781 2792 2787
usemtl 2
f 2791 2793 2785
usemtl 2
f 2786 2791 2785
usemtl 2
f 2794 2795 2779
usemtl 2
f 2778 2794 2779
usemtl 2
f 2796 2794 2778
usemtl 2
f 2777 2796 2778
usemtl 2
f 2793 2797 2783
usemtl 2
f 2785 2793 2783
usemtl 2
f 2797 2798 2784
usemtl 2
f 2783 2797 2784
usemtl 2
f 2798 2799 2788
usemtl 2
f 2784 2798 2788
usemtl 2
f 2795 2800 2780
usemtl 2
f 2779 2795 2780
usemtl 2
f 2801 2792 2781
usemtl 2
f 2782 2801 2781
usemtl 2
f 2800 2801 2782
usemtl 2
f 2780 2800 2782
usemtl 2
f 2799 2802 2789
usemtl 2
f 2788 2799 2789
usemtl 2
f 2802 2796 2777
usemtl 2
f 2789 2802 2777
usemtl 1
f 2799 2796 2802
usemtl 1
f 2798 2796 2799
usemtl 1
f 2791 2792 2793
usemtl 1
f 2797 2793 2798
usemtl 1
f 2793 2796 2798
usemtl 1
f 2795 2792 2800
usemtl 1
f 2790 2792 2791
usemtl 1
f 2793 2792 2795
usemtl 1
f 2801 2800 2792
usemtl 1
f 2793 2795 2796
usemtl 1
f 2795 2794 2796
o NL.IMBAG.Pand.0861100000361222-48
usemtl 0
f 2803 2804 2805
usemtl 0
f 2806 2803 2805
usemtl 0
f 2804 2803 2807
usemtl 0
f 2803 2808 2807
usemtl 2
f 2809 2810 2803
usemtl 2
f 2806 2809 2803
usemtl 2
f 2810 2811 2808
usemtl 2
f 2803 2810 2808
usemtl 2
f 2812 2813 2805
usemtl 2
f 2804 2812 2805
usemtl 2
f 2813 2809 2806
usemtl 2
f 2805 2813 2806
usemtl 2
f 2814 2812 2804
usemtl 2
f 2807 2814 2804
usemtl 2
f 2811 2814 2807
usemtl 2
f 2808 2811 2807
usemtl 1
f 2810 2814 2811
usemtl 1
f 2813 2812 2810
usemtl 1
f 2810 2812 2814
usemtl 1
f 2809 2813 2810
o NL.IMBAG.Pand.0861100000363384-49
usemtl 0
f 2815 2816 2817
usemtl 0
f 2818 2815 2817
usemtl 0
f 2819 2818 2817
usemtl 0
f 2820 2821 2822
usemtl 0
f 2823 2824 2825
usemtl 0
f 2823 2825 2826
usemtl 0
f 2824 2821 2820
usemtl 0
f 2825 2824 2820
usemtl 0
f 2820 2827 2818
usemtl 0
f 2828 2829 2827
usemtl 0
f 2825 2820 2818
usemtl 0
f 2827 2829 2830
usemtl 0
f 2829 2831 2830
usemtl 0
f 2830 2832 2818
usemtl 0
f 2832 2833 2818
usemtl 0
f 2827 2830 2818
usemtl 0
f 2834 2835 2836
usemtl 0
f 2834 2836 2832
usemtl 0
f 2836 2833 2832
usemtl 0
f 2837 2833 2836
usemtl 0
f 2838 2839 2840
usemtl 0
f 2838 2840 2837
usemtl 0
f 2840 2833 2837
usemtl 0
f 2815 2841 2816
usemtl 0
f 2842 2843 2833
usemtl 0
f 2843 2844 2845
usemtl 0
f 2844 2846 2845
usemtl 0
f 2843 2845 2833
usemtl 0
f 2833 2815 2818
usemtl 0
f 2833 2845 2815
usemtl 0
f 2847 2815 2845
usemtl 2
f 2848 2849 2837
usemtl 2
f 2836 2848 2837
usemtl 2
f 2850 2851 2834
usemtl 2
f 2832 2850 2834
usemtl 2
f 2852 2850 2832
usemtl 2
f 2830 2852 2832
usemtl 2
f 2853 2852 2830
usemtl 2
f 2831 2853 2830
usemtl 2
f 2851 2854 2835
usemtl 2
f 2834 2851 2835
usemtl 2
f 2855 2856 2825
usemtl 2
f 2818 2855 2825
usemtl 2
f 2857 2858 2822
usemtl 2
f 2821 2857 2822
usemtl 2
f 2859 2857 2821
usemtl 2
f 2824 2859 2821
usemtl 2
f 2860 2861 2839
usemtl 2
f 2838 2860 2839
usemtl 2
f 2862 2863 2823
usemtl 2
f 2826 2862 2823
usemtl 2
f 2856 2862 2826
usemtl 2
f 2825 2856 2826
usemtl 2
f 2863 2859 2824
usemtl 2
f 2823 2863 2824
usemtl 2
f 2864 2855 2818
usemtl 2
f 2819 2864 2818
usemtl 2
f 2865 2864 2819
usemtl 2
f 2817 2865 2819
usemtl 2
f 2866 2867 2833
usemtl 2
f 2840 2866 2833
usemtl 2
f 2854 2848 2836
usemtl 2
f 2835 2854 2836
usemtl 2
f 2849 2860 2838
usemtl 2
f 2837 2849 2838
usemtl 2
f 2868 2869 2843
usemtl 2
f 2842 2868 2843
usemtl 2
f 2867 2868 2842
usemtl 2
f 2833 2867 2842
usemtl 2
f 2861 2866 2840
usemtl 2
f 2839 2861 2840
usemtl 2
f 2870 2871 2847
usemtl 2
f 2845 2870 2847
usemtl 2
f 2871 2872 2815
usemtl 2
f 2847 2871 2815
usemtl 2
f 2873 2870 2845
usemtl 2
f 2846 2873 2845
usemtl 2
f 2872 2874 2841
usemtl 2
f 2815 2872 2841
usemtl 2
f 2875 2853 2831
usemtl 2
f 2829 2875 2831
usemtl 2
f 2876 2877 2827
usemtl 2
f 2820 2876 2827
usemtl 2
f 2877 2878 2828
usemtl 2
f 2827 2877 2828
usemtl 2
f 2878 2875 2829
usemtl 2
f 2828 2878 2829
usemtl 2
f 2858 2876 2820
usemtl 2
f 2822 2858 2820
usemtl 2
f 2879 2873 2846
usemtl 2
f 2844 2879 2846
usemtl 2
f 2869 2879 2844
usemtl 2
f 2843 2869 2844
usemtl 2
f 2874 2880 2816
usemtl 2
f 2841 2874 2816
usemtl 2
f 2880 2865 2817
usemtl 2
f 2816 2880 2817
usemtl 1
f 2874 2872 2880
usemtl 1
f 2872 2855 2865
usemtl 1
f 2880 2872 2865
usemtl 1
f 2871 2870 2872
usemtl 1
f 2870 2879 2869
usemtl 1
f 2873 2879 2870
usemtl 1
f 2870 2869 2867
usemtl 1
f 2869 2868 2867
usemtl 1
f 2870 2867 2872
usemtl 1
f 2867 2848 2850
usemtl 1
f 2866 2861 2860
usemtl 1
f 2866 2860 2849
usemtl 1
f 2849 2848 2867
usemtl 1
f 2854 2851 2848
usemtl 1
f 2866 2849 2867
usemtl 1
f 2848 2851 2850
usemtl 1
f 2855 2864 2865
usemtl 1
f 2852 2877 2855
usemtl 1
f 2867 2850 2855
usemtl 1
f 2853 2875 2852
usemtl 1
f 2875 2878 2877
usemtl 1
f 2877 2876 2855
usemtl 1
f 2858 2857 2876
usemtl 1
f 2875 2877 2852
usemtl 1
f 2876 2856 2855
usemtl 1
f 2857 2859 2876
usemtl 1
f 2856 2863 2862
usemtl 1
f 2859 2863 2856
usemtl 1
f 2859 2856 2876
usemtl 1
f 2867 2855 2872
usemtl 1
f 2850 2852 2855
o NL.IMBAG.Pand.0861100000359313-50
usemtl 0
f 2881 2882 2883
usemtl 0
f 2884 2885 2883
usemtl 0
f 2886 2887 2884
usemtl 0
f 2886 2884 2883
usemtl 0
f 2884 2888 2885
usemtl 0
f 2881 2885 2889
usemtl 0
f 2882 2881 2890
usemtl 0
f 2883 2885 2881
usemtl 2
f 2891 2892 2881
usemtl 2
f 2889 2891 2881
usemtl 2
f 2893 2891 2889
usemtl 2
f 2885 2893 2889
usemtl 2
f 2894 2895 2882
usemtl 2
f 2890 2894 2882
usemtl 2
f 2892 2894 2890
usemtl 2
f 2881 2892 2890
usemtl 2
f 2896 2893 2885
usemtl 2
f 2888 2896 2885
usemtl 2
f 2897 2898 2887
usemtl 2
f 2886 2897 2887
usemtl 2
f 2883 2897 2886
usemtl 2
f 2883 2899 2897
usemtl 2
f 2900 2896 2888
usemtl 2
f 2884 2900 2888
usemtl 2
f 2898 2900 2884
usemtl 2
f 2887 2898 2884
usemtl 2
f 2895 2899 2883
usemtl 2
f 2882 2895 2883
usemtl 1
f 2894 2892 2895
usemtl 1
f 2892 2899 2895
usemtl 1
f 2897 2899 2900
usemtl 1
f 2893 2899 2892
usemtl 1
f 2893 2892 2891
usemtl 1
f 2900 2899 2893
usemtl 1
f 2898 2897 2900
usemtl 1
f 2896 2900 2893
o NL.IMBAG.Pand.0861100000425990-51
usemtl 0
f 2901 2902 2903
usemtl 0
f 2901 2904 2902
usemtl 2
f 2905 2906 2901
usemtl 2
f 2903 2905 2901
usemtl 2
f 2906 2907 2904
usemtl 2
f 2901 2906 2904
usemtl 2
f 2907 2908 2902
usemtl 2
f 2904 2907 2902
usemtl 2
f 2908 2905 2903
usemtl 2
f 2902 2908 2903
usemtl 1
f 2906 2905 2908
usemtl 1
f 2907 2906 2908
