# Created by Geoflow
# Generated by Geoflow
mtllib 9-572-288-LoD22-3D.obj.mtl
v 156599.26562 378987.75000 18.37000
v 156595.48438 378983.78125 18.37000
v 156594.60938 378985.87500 18.37000
v 156598.60938 378989.31250 18.37000
v 156593.98438 378987.37500 18.37000
v 156600.10938 378985.71875 18.37000
v 156598.60938 378989.31250 21.93500
v 156599.26562 378987.75000 22.55200
v 156600.10938 378985.71875 22.06500
v 156593.98438 378987.37500 21.93100
v 156594.60938 378985.87500 22.52300
v 156595.48438 378983.78125 22.02000
v 156646.39062 379115.40625 18.75600
v 156655.04688 379105.96875 18.75600
v 156650.87500 379104.28125 18.75600
v 156650.56250 379117.09375 18.75600
v 156655.04688 379105.96875 22.42300
v 156650.87500 379104.28125 22.43800
v 156650.56250 379117.09375 22.42500
v 156646.39062 379115.40625 22.44000
v 156836.00000 378894.31250 19.65200
v 156835.68750 378894.06250 19.65200
v 156833.78125 378898.21875 19.65200
v 156814.87500 378883.78125 19.65200
v 156836.48438 378894.68750 19.65200
v 156817.10938 378880.00000 19.65200
v 156817.56250 378880.34375 19.65200
v 156817.54688 378879.43750 19.65200
v 156838.21875 378890.71875 19.65200
v 156820.42188 378877.15625 19.65200
v 156817.54688 378879.43750 23.16100
v 156817.10938 378880.00000 23.42800
v 156838.21875 378890.71875 21.80600
v 156820.42188 378877.15625 21.85600
v 156833.78125 378898.21875 21.88100
v 156836.48438 378894.68750 23.47600
v 156836.00000 378894.31250 23.47500
v 156836.00000 378894.31250 23.34000
v 156835.68750 378894.06250 23.34100
v 156835.90625 378894.46875 23.40800
v 156817.56250 378880.34375 23.42700
v 156814.87500 378883.78125 21.86700
v 156817.09375 378903.84375 19.69000
v 156818.09375 378903.15625 19.69000
v 156818.95312 378902.28125 19.69000
v 156819.65625 378901.28125 19.69000
v 156820.48438 378899.00000 19.69000
v 156820.17188 378900.18750 19.69000
v 156820.48438 378896.56250 19.69000
v 156820.17188 378895.40625 19.69000
v 156820.59375 378897.78125 19.69000
v 156813.57812 378904.78125 19.69000
v 156819.65625 378894.28125 19.69000
v 156818.95312 378893.28125 19.69000
v 156817.09375 378891.71875 19.69000
v 156818.09375 378892.40625 19.69000
v 156813.57812 378890.78125 19.69000
v 156815.98438 378891.18750 19.69000
v 156814.79688 378890.87500 19.69000
v 156807.00000 378895.40625 19.69000
v 156812.35938 378890.87500 19.69000
v 156811.18750 378891.18750 19.69000
v 156810.07812 378891.71875 19.69000
v 156808.21875 378893.28125 19.69000
v 156809.07812 378892.40625 19.69000
v 156807.51562 378894.28125 19.69000
v 156808.21875 378902.28125 19.69000
v 156806.67188 378896.56250 19.69000
v 156806.57812 378897.78125 19.69000
v 156807.00000 378900.18750 19.69000
v 156807.51562 378901.28125 19.69000
v 156806.67188 378899.00000 19.69000
v 156810.07812 378903.84375 19.69000
v 156809.07812 378903.15625 19.69000
v 156811.18750 378904.37500 19.69000
v 156812.35938 378904.68750 19.69000
v 156814.79688 378904.68750 19.69000
v 156815.98438 378904.37500 19.69000
v 156809.07812 378903.15625 23.59100
v 156810.07812 378903.84375 23.59200
v 156811.18750 378904.37500 23.59200
v 156812.35938 378904.68750 23.59200
v 156813.57812 378904.78125 23.59200
v 156814.79688 378904.68750 23.59300
v 156807.51562 378894.28125 23.59000
v 156807.00000 378895.40625 23.59000
v 156808.21875 378893.28125 23.59000
v 156807.00000 378900.18750 23.59000
v 156807.51562 378901.28125 23.59100
v 156808.21875 378902.28125 23.59100
v 156806.67188 378896.56250 23.59000
v 156806.57812 378897.78125 23.59000
v 156806.67188 378899.00000 23.59000
v 156809.07812 378892.40625 23.59000
v 156811.18750 378891.18750 23.59000
v 156810.07812 378891.71875 23.59000
v 156812.35938 378890.87500 23.59100
v 156813.57812 378890.78125 23.59100
v 156814.79688 378890.87500 23.59100
v 156815.98438 378891.18750 23.59100
v 156817.09375 378891.71875 23.59200
v 156818.09375 378892.40625 23.59200
v 156818.09375 378903.15625 23.59300
v 156818.95312 378902.28125 23.59300
v 156818.95312 378893.28125 23.59200
v 156819.65625 378894.28125 23.59300
v 156820.17188 378895.40625 23.59300
v 156820.48438 378896.56250 23.59300
v 156820.59375 378897.78125 23.59300
v 156820.17188 378900.18750 23.59300
v 156820.48438 378899.00000 23.59300
v 156819.65625 378901.28125 23.59300
v 156817.09375 378903.84375 23.59300
v 156815.98438 378904.37500 23.59300
v 156832.18750 379385.53125 18.01700
v 156825.12500 379375.71875 18.01700
v 156822.20312 379381.00000 18.01700
v 156834.65625 379380.06250 18.01700
v 156816.81250 379378.56250 18.01700
v 156823.40625 379371.71875 18.01700
v 156826.35938 379373.06250 18.01700
v 156823.31250 379371.68750 18.01700
v 156818.54688 379372.75000 18.01700
v 156819.54688 379370.56250 18.01700
v 156819.76562 379370.06250 18.01700
v 156814.46875 379370.90625 18.01700
v 156810.84375 379375.84375 18.01700
v 156811.71875 379369.65625 18.01700
v 156809.23438 379375.12500 18.01700
v 156834.65625 379380.06250 29.03300
v 156832.18750 379385.53125 29.07800
v 156825.12500 379375.71875 29.15700
v 156818.51562 379375.06250 34.24400
v 156819.67188 379374.50000 34.28200
v 156819.67188 379374.50000 33.50500
v 156818.51562 379375.06250 33.49700
v 156820.20312 379374.53125 33.50300
v 156820.09375 379374.28125 33.50700
v 156820.09375 379374.28125 29.94300
v 156820.20312 379374.53125 29.94200
v 156809.23438 379375.12500 29.88300
v 156810.84375 379375.84375 29.88900
v 156810.84375 379375.84375 28.84100
v 156816.81250 379378.56250 28.85900
v 156819.54688 379370.56250 28.57900
v 156819.54688 379370.56250 34.41100
v 156818.54688 379372.75000 34.32100
v 156819.60938 379372.56250 28.80600
v 156819.60938 379372.56250 33.53100
v 156819.60938 379372.56250 34.34500
v 156819.76562 379370.06250 28.53400
v 156814.46875 379370.90625 34.31500
v 156814.46875 379370.90625 29.92600
v 156814.76562 379373.40625 34.23700
v 156814.76562 379373.40625 33.52100
v 156814.76562 379373.40625 29.91800
v 156811.71875 379369.65625 29.91600
v 156816.03125 379374.00000 34.23800
v 156816.09375 379374.00000 34.23900
v 156816.09375 379374.00000 33.51300
v 156816.03125 379374.00000 31.56800
v 156816.09375 379374.00000 28.87100
v 156816.03125 379374.00000 28.87100
v 156811.25000 379372.65625 29.90200
v 156811.25000 379372.65625 28.85400
v 156817.09375 379374.93750 33.49900
v 156818.29688 379375.18750 34.23600
v 156818.29688 379375.18750 28.87700
v 156817.09375 379374.93750 34.22400
v 156817.09375 379374.93750 28.87300
v 156817.25000 379374.53125 33.50500
v 156817.25000 379374.53125 34.24000
v 156816.15625 379374.78125 33.50200
v 156816.15625 379374.78125 28.86900
v 156820.67188 379373.96875 33.51100
v 156820.78125 379373.84375 33.51300
v 156820.78125 379373.84375 29.94800
v 156820.67188 379373.96875 29.94700
v 156815.73438 379373.84375 34.23800
v 156815.73438 379373.84375 33.51500
v 156815.01562 379374.09375 33.51200
v 156815.73438 379373.84375 31.56200
v 156815.01562 379374.09375 31.54900
v 156817.65625 379377.56250 28.86600
v 156816.81250 379378.56250 29.91000
v 156817.65625 379377.56250 29.91800
v 156819.71875 379376.03125 33.48400
v 156819.68750 379375.15625 33.49500
v 156819.68750 379375.15625 29.93700
v 156819.71875 379376.03125 29.93400
v 156820.40625 379378.18750 28.87700
v 156818.79688 379378.21875 29.92100
v 156818.79688 379378.21875 28.86900
v 156820.40625 379378.18750 29.93000
v 156821.43750 379378.15625 29.93500
v 156821.00000 379376.90625 29.93800
v 156821.00000 379376.90625 29.21700
v 156821.43750 379378.15625 29.21400
v 156821.07812 379376.71875 29.21600
v 156821.00000 379376.90625 28.88400
v 156821.07812 379376.71875 28.88500
v 156823.40625 379371.71875 29.17400
v 156823.31250 379371.68750 29.96900
v 156823.31250 379371.68750 28.89700
v 156823.40625 379371.71875 29.96900
v 156821.92188 379373.34375 29.95500
v 156821.92188 379373.34375 29.01500
v 156823.04688 379378.12500 29.94400
v 156823.04688 379378.12500 29.19100
v 156821.56250 379373.53125 29.01700
v 156821.56250 379373.53125 29.95300
v 156821.04688 379372.06250 28.82600
v 156821.56250 379373.53125 33.51700
v 156821.04688 379372.06250 33.53700
v 156820.93750 379373.84375 33.51300
v 156820.93750 379373.84375 29.94900
v 156813.09375 379373.50000 33.52100
v 156814.85938 379374.28125 33.51000
v 156814.85938 379374.28125 31.54600
v 156813.09375 379373.50000 29.90900
v 156814.85938 379374.28125 28.86500
v 156813.09375 379373.50000 28.85900
v 156826.35938 379373.06250 29.13500
v 156813.54688 379372.84375 29.91400
v 156813.54688 379372.84375 33.53000
v 156814.67188 379374.50000 31.54300
v 156814.89062 379374.56250 31.54700
v 156814.89062 379374.56250 28.86400
v 156814.67188 379374.50000 28.86300
v 156819.56250 379376.18750 33.48100
v 156819.56250 379376.18750 29.93300
v 156821.07812 379376.71875 29.93900
v 156819.56250 379376.18750 28.88000
v 156822.20312 379381.00000 29.20800
v 156822.20312 379381.00000 29.92900
v 156818.51562 379375.06250 28.87900
v 156818.95312 379375.96875 33.48500
v 156818.95312 379375.96875 28.87800
v 156815.03125 379375.75000 31.55000
v 156815.03125 379375.75000 28.86100
v 156819.76562 379370.06250 18.48900
v 156814.92188 379362.59375 18.48900
v 156812.96875 379366.87500 18.48900
v 156819.62500 379370.37500 18.48900
v 156821.34375 379370.78125 18.48900
v 156812.53125 379370.03125 18.48900
v 156845.65625 379391.62500 18.48900
v 156849.03125 379393.18750 18.48900
v 156834.65625 379380.06250 18.48900
v 156811.71875 379369.65625 18.48900
v 156818.54688 379372.75000 18.48900
v 156819.42188 379352.65625 18.48900
v 156826.35938 379373.06250 18.48900
v 156916.82812 379377.68750 18.48900
v 156874.50000 379324.96875 18.48900
v 156834.14062 379379.81250 18.48900
v 156831.46875 379326.09375 18.48900
v 156825.12500 379375.71875 18.48900
v 156832.18750 379385.53125 18.48900
v 156924.14062 379361.59375 18.48900
v 156899.43750 379416.03125 18.48900
v 156927.00000 379362.87500 18.48900
v 156917.70312 379378.09375 18.48900
v 156919.68750 379379.00000 18.48900
v 156924.25000 379361.62500 18.48900
v 156833.12500 379322.43750 18.48900
v 156929.42188 379349.93750 18.48900
v 156833.90625 379320.68750 18.48900
v 156839.25000 379308.90625 18.48900
v 156929.42188 379349.93750 29.52300
v 156874.50000 379324.96875 29.61400
v 156919.68750 379379.00000 22.56000
v 156927.00000 379362.87500 22.56400
v 156917.70312 379378.09375 22.66500
v 156850.68750 379388.46875 29.57000
v 156850.89062 379387.43750 29.93500
v 156850.89062 379387.43750 29.57100
v 156850.68750 379388.46875 29.93600
v 156845.65625 379391.62500 29.57200
v 156832.18750 379385.53125 29.59500
v 156827.14062 379361.03125 33.50300
v 156827.26562 379360.21875 33.50600
v 156827.26562 379360.21875 29.13200
v 156827.14062 379361.03125 29.13100
v 156818.54688 379372.75000 33.08500
v 156819.62500 379370.37500 31.00000
v 156819.62500 379370.37500 28.25600
v 156811.71875 379369.65625 29.77300
v 156812.53125 379370.03125 29.78600
v 156815.35938 379365.00000 33.50500
v 156815.01562 379366.53125 33.50900
v 156815.01562 379366.53125 28.86700
v 156815.35938 379365.00000 28.86700
v 156815.01562 379366.53125 28.29800
v 156815.76562 379366.43750 28.20600
v 156815.76562 379366.43750 33.50900
v 156815.01562 379366.53125 28.20600
v 156819.04688 379358.40625 29.95300
v 156818.45312 379359.46875 33.52600
v 156818.45312 379359.46875 29.95500
v 156819.04688 379358.40625 33.52900
v 156821.06250 379357.15625 29.95000
v 156821.07812 379357.71875 33.52800
v 156821.07812 379357.71875 29.95000
v 156821.06250 379357.15625 33.53100
v 156821.25000 379357.59375 33.52900
v 156821.07812 379357.71875 34.33100
v 156821.25000 379357.59375 34.33200
v 156842.62500 379351.87500 30.97100
v 156840.64062 379351.40625 30.98300
v 156840.64062 379351.40625 29.12500
v 156842.62500 379351.87500 29.12200
v 156821.35938 379357.53125 33.52900
v 156821.35938 379357.53125 28.21600
v 156821.06250 379357.15625 28.21600
v 156821.53125 379357.71875 34.33100
v 156821.53125 379357.71875 33.52700
v 156824.67188 379362.46875 33.50100
v 156825.04688 379362.75000 33.49900
v 156825.04688 379362.75000 29.13200
v 156824.67188 379362.46875 28.25500
v 156825.04688 379362.75000 28.25800
v 156820.98438 379355.18750 29.14600
v 156827.39062 379357.59375 29.13500
v 156827.39062 379357.59375 28.25800
v 156820.98438 379355.18750 28.22600
v 156827.26562 379360.09375 33.50600
v 156827.26562 379360.09375 29.13200
v 156826.64062 379359.84375 33.50900
v 156826.64062 379359.84375 29.13300
v 156838.45312 379356.37500 29.12200
v 156838.75000 379356.50000 30.97100
v 156838.75000 379356.50000 29.12100
v 156838.45312 379356.37500 30.97300
v 156820.98438 379355.18750 29.94900
v 156834.14062 379379.81250 29.10100
v 156825.12500 379375.71875 29.11700
v 156826.35938 379373.06250 29.11900
v 156834.14062 379379.81250 29.59900
v 156834.65625 379380.06250 29.59800
v 156854.42188 379326.71875 29.63500
v 156852.85938 379325.87500 30.46700
v 156852.85938 379325.87500 29.63700
v 156854.42188 379326.71875 30.47200
v 156816.40625 379363.12500 33.50000
v 156816.40625 379363.12500 28.85800
v 156843.64062 379323.53125 30.38000
v 156842.34375 379322.40625 30.44400
v 156842.34375 379322.40625 29.65300
v 156843.64062 379323.53125 29.65100
v 156816.40625 379363.12500 28.84600
v 156818.07812 379360.12500 28.87900
v 156818.07812 379360.12500 28.21200
v 156816.40625 379363.12500 28.22400
v 156819.48438 379365.65625 34.27000
v 156819.17188 379365.09375 34.29500
v 156819.17188 379365.09375 33.50500
v 156819.48438 379365.65625 33.50600
v 156821.34375 379370.78125 28.26400
v 156821.34375 379370.78125 29.12800
v 156821.42188 379370.62500 29.12800
v 156821.42188 379370.62500 28.26200
v 156924.14062 379361.59375 29.51600
v 156924.25000 379361.62500 22.71000
v 156876.50000 379379.34375 31.24100
v 156876.35938 379378.68750 31.25100
v 156876.35938 379378.68750 29.55100
v 156876.50000 379379.34375 29.55100
v 156877.12500 379379.62500 31.23200
v 156877.12500 379379.62500 29.54900
v 156822.73438 379366.12500 34.26100
v 156821.12500 379365.65625 34.27300
v 156821.12500 379365.65625 33.50600
v 156822.73438 379366.12500 33.50700
v 156875.39062 379381.59375 29.54900
v 156876.48438 379381.12500 31.21800
v 156876.48438 379381.12500 29.54900
v 156875.39062 379381.59375 31.22200
v 156822.45312 379360.87500 34.25400
v 156824.15625 379362.09375 34.36700
v 156824.15625 379362.09375 33.50400
v 156822.45312 379360.87500 33.51200
v 156823.65625 379368.56250 29.12700
v 156824.01562 379367.81250 33.51100
v 156824.01562 379367.81250 29.12800
v 156823.65625 379368.56250 33.51300
v 156822.39062 379368.50000 29.12900
v 156822.39062 379368.50000 33.51300
v 156824.23438 379366.78125 33.50800
v 156824.23438 379366.78125 29.12900
v 156826.01562 379363.43750 33.49500
v 156826.01562 379363.43750 29.13000
v 156825.59375 379358.56250 28.24000
v 156824.57812 379358.31250 31.56000
v 156824.57812 379358.31250 28.23400
v 156825.59375 379358.56250 31.57900
v 156827.23438 379359.28125 28.24800
v 156826.64062 379359.84375 28.24100
v 156827.23438 379359.28125 29.13300
v 156824.76562 379359.06250 31.54300
v 156824.76562 379359.06250 28.23200
v 156844.92188 379347.75000 30.70700
v 156845.14062 379346.75000 30.72200
v 156845.14062 379346.75000 29.12400
v 156844.92188 379347.75000 29.12300
v 156819.53125 379358.75000 33.52700
v 156819.18750 379358.96875 34.32100
v 156819.18750 379358.96875 33.52700
v 156819.53125 379358.75000 34.32300
v 156819.53125 379358.75000 29.95300
v 156814.34375 379369.65625 32.42600
v 156814.34375 379369.65625 28.84500
v 156814.34375 379369.65625 28.24000
v 156823.43750 379366.68750 29.13000
v 156823.84375 379366.46875 33.50700
v 156823.84375 379366.46875 29.12900
v 156823.43750 379366.68750 33.50800
v 156834.59375 379340.15625 29.84400
v 156834.43750 379340.25000 29.84400
v 156834.43750 379340.25000 29.14500
v 156834.59375 379340.15625 29.14500
v 156834.17188 379341.43750 29.84000
v 156834.17188 379341.43750 29.14400
v 156832.50000 379340.62500 29.14700
v 156834.17188 379341.43750 30.55200
v 156832.50000 379340.62500 30.52600
v 156832.40625 379341.40625 30.51600
v 156832.40625 379341.40625 29.14700
v 156821.89062 379369.59375 29.12800
v 156821.89062 379369.59375 31.53300
v 156821.89062 379369.59375 33.51600
v 156836.98438 379345.25000 30.56900
v 156837.51562 379344.78125 30.58500
v 156837.51562 379344.78125 29.13600
v 156836.98438 379345.25000 29.13600
v 156837.93750 379344.96875 30.59200
v 156837.93750 379344.96875 29.13600
v 156838.34375 379344.84375 30.60200
v 156838.34375 379344.84375 29.13500
v 156832.32812 379342.15625 31.86600
v 156832.40625 379341.40625 31.86800
v 156832.32812 379342.15625 30.50600
v 156831.81250 379341.75000 31.87300
v 156831.81250 379341.75000 29.14700
v 156832.32812 379342.15625 29.14600
v 156836.42188 379345.43750 30.55500
v 156836.42188 379345.43750 29.13700
v 156834.46875 379362.62500 29.93100
v 156835.71875 379363.43750 29.94000
v 156835.71875 379363.43750 29.11800
v 156834.46875 379362.62500 29.12000
v 156840.26562 379357.12500 30.96100
v 156840.26562 379357.12500 29.11900
v 156863.54688 379379.50000 30.83300
v 156864.31250 379377.81250 30.84000
v 156864.31250 379377.81250 29.56600
v 156863.54688 379379.50000 29.56500
v 156823.53125 379362.68750 33.50300
v 156823.53125 379362.68750 28.25100
v 156818.07812 379360.12500 33.52400
v 156862.50000 379376.87500 30.81600
v 156862.50000 379376.87500 29.56900
v 156820.57812 379360.71875 34.30600
v 156820.57812 379360.71875 33.51700
v 156821.29688 379360.03125 34.31100
v 156821.39062 379360.09375 34.31100
v 156821.39062 379360.09375 33.51800
v 156821.29688 379360.03125 33.51800
v 156822.50000 379358.84375 34.32100
v 156822.50000 379358.84375 33.52100
v 156821.68750 379359.65625 34.31400
v 156821.68750 379359.65625 33.51900
v 156839.56250 379362.31250 32.29100
v 156839.56250 379360.40625 32.29700
v 156839.56250 379360.40625 29.11600
v 156839.56250 379362.31250 29.11400
v 156840.39062 379359.03125 32.29300
v 156840.39062 379359.03125 29.11600
v 156854.51562 379330.00000 29.13100
v 156856.17188 379331.34375 29.62700
v 156856.17188 379331.34375 29.12700
v 156854.51562 379330.00000 29.63100
v 156854.32812 379329.93750 29.63100
v 156854.32812 379329.93750 29.13100
v 156851.60938 379328.68750 30.47800
v 156854.32812 379329.93750 30.48500
v 156851.60938 379328.68750 29.63600
v 156851.60938 379328.68750 29.13600
v 156855.60938 379327.06250 30.47400
v 156855.60938 379327.06250 29.63300
v 156835.89062 379360.68750 29.12000
v 156835.89062 379360.68750 29.96100
v 156832.59375 379359.18750 32.36800
v 156835.89062 379360.68750 32.33200
v 156832.59375 379359.18750 29.12600
v 156837.28125 379361.31250 29.97400
v 156837.28125 379361.31250 29.11800
v 156837.28125 379361.31250 32.31600
v 156817.50000 379359.84375 29.95600
v 156817.71875 379359.96875 29.95600
v 156817.71875 379359.96875 28.85500
v 156817.50000 379359.84375 28.84000
v 156815.89062 379362.75000 29.63900
v 156815.89062 379362.75000 29.96000
v 156815.89062 379362.75000 28.80800
v 156815.50000 379366.81250 33.51000
v 156815.50000 379366.81250 28.21000
v 156818.10938 379367.96875 33.51300
v 156818.10938 379367.96875 31.50900
v 156818.10938 379367.96875 28.22600
v 156818.45312 379359.46875 28.88700
v 156815.81250 379362.90625 29.96000
v 156815.81250 379362.90625 29.63900
v 156814.92188 379362.59375 29.96100
v 156812.96875 379366.87500 30.30200
v 156812.96875 379366.87500 29.83000
v 156814.92188 379362.59375 30.78100
v 156818.85938 379365.00000 34.30400
v 156818.85938 379365.00000 33.50500
v 156817.42188 379363.90625 34.36800
v 156817.42188 379363.90625 33.50200
v 156819.76562 379370.06250 28.25300
v 156823.71875 379365.68750 29.13100
v 156823.71875 379365.68750 28.27100
v 156823.71875 379365.68750 33.50500
v 156916.79688 379377.56250 29.50600
v 156924.25000 379361.62500 29.51500
v 156916.79688 379377.56250 22.71600
v 156899.43750 379416.03125 29.48300
v 156849.03125 379393.18750 29.56700
v 156843.51562 379325.03125 30.36000
v 156843.51562 379325.03125 29.64900
v 156841.65625 379324.18750 30.43900
v 156841.65625 379324.18750 29.65200
v 156833.90625 379320.68750 29.16800
v 156841.65625 379324.18750 29.15400
v 156833.90625 379320.68750 29.66500
v 156843.51562 379325.03125 29.15100
v 156839.25000 379308.90625 29.67200
v 156812.85938 379369.43750 29.80000
v 156813.50000 379368.31250 29.82500
v 156813.50000 379368.31250 28.88200
v 156812.85938 379369.43750 28.80500
v 156813.50000 379368.31250 28.82400
v 156814.43750 379366.62500 28.87400
v 156814.43750 379366.62500 28.85100
v 156813.15625 379367.34375 29.82900
v 156819.42188 379354.62500 29.95000
v 156819.42188 379354.62500 29.14900
v 156820.15625 379353.00000 29.94800
v 156820.15625 379353.00000 29.14900
v 156821.70312 379357.31250 28.22000
v 156821.70312 379357.31250 33.52900
v 156833.51562 379356.15625 32.36800
v 156832.25000 379357.59375 32.37600
v 156832.25000 379357.59375 29.12900
v 156833.51562 379356.15625 29.12900
v 156838.67188 379357.09375 30.96900
v 156838.67188 379357.09375 29.12100
v 156844.18750 379351.31250 32.25700
v 156844.92188 379347.75000 32.26000
v 156844.18750 379351.31250 29.12000
v 156837.29688 379347.81250 29.13300
v 156837.29688 379347.81250 32.36200
v 156822.31250 379357.78125 28.22200
v 156824.57812 379358.31250 33.51900
v 156822.31250 379357.78125 33.52600
v 156824.17188 379358.81250 33.51800
v 156824.17188 379358.81250 31.53400
v 156824.76562 379359.06250 33.51500
v 156823.98438 379359.03125 34.20400
v 156823.98438 379359.03125 33.51700
v 156838.28125 379345.09375 30.59800
v 156838.57812 379345.21875 30.60300
v 156838.57812 379345.21875 29.13400
v 156838.28125 379345.09375 29.13500
v 156862.95312 379379.15625 30.82500
v 156862.95312 379379.15625 29.56600
v 156842.03125 379343.87500 29.84500
v 156842.03125 379343.87500 29.13100
v 156875.10938 379380.40625 29.55100
v 156875.10938 379380.40625 31.24000
v 156874.67188 379380.18750 29.55200
v 156874.67188 379380.18750 31.24600
v 156875.39062 379378.71875 29.55300
v 156875.39062 379378.71875 31.25900
v 156832.81250 379358.68750 32.36700
v 156832.81250 379358.68750 29.12700
v 156848.10938 379386.46875 29.93700
v 156848.10938 379386.46875 29.57500
v 156817.93750 379368.21875 31.54400
v 156817.93750 379368.21875 28.22900
v 156818.50000 379367.28125 34.23000
v 156818.50000 379367.28125 33.51100
v 156820.59375 379368.40625 33.51300
v 156822.04688 379368.46875 34.34400
v 156822.04688 379368.46875 33.51300
v 156820.59375 379368.40625 34.36500
v 156825.90625 379360.50000 33.50700
v 156825.90625 379360.50000 34.33500
v 156861.53125 379378.81250 30.80600
v 156861.53125 379378.81250 29.56800
v 156812.85938 379369.43750 32.82700
v 156812.53125 379370.03125 33.37600
v 156838.57812 379345.21875 32.35400
v 156821.23438 379370.59375 31.57800
v 156821.42188 379370.62500 31.57400
v 156821.23438 379370.59375 28.26100
v 156820.79688 379369.12500 31.55000
v 156820.79688 379369.12500 33.51500
v 156820.79688 379369.12500 28.24400
v 156849.03125 379393.18750 29.94100
v 156845.65625 379391.62500 29.94400
v 156916.82812 379377.68750 29.50600
v 156841.07812 379344.78125 29.84100
v 156841.07812 379344.78125 30.65900
v 156819.42188 379352.65625 29.15100
v 156819.42188 379352.65625 29.94900
v 156815.56250 379362.81250 29.96100
v 156823.42188 379366.34375 33.50700
v 156823.42188 379366.34375 29.13000
v 156816.48438 379365.34375 33.50600
v 156816.48438 379365.34375 34.33500
v 156917.76562 379378.00000 29.50500
v 156917.76562 379378.00000 22.66500
v 156917.70312 379378.09375 29.50500
v 156833.12500 379322.43750 29.16700
v 156839.95312 379325.96875 29.65200
v 156833.12500 379322.43750 29.66400
v 156839.95312 379325.96875 29.15400
v 156831.46875 379326.09375 29.16500
v 156831.46875 379326.09375 29.66200
v 156838.56250 379329.18750 29.65000
v 156838.56250 379329.18750 29.15200
v 156823.70312 379362.53125 33.50300
v 156823.70312 379362.53125 28.25100
v 156814.46875 379366.62500 28.85200
v 156827.17188 379358.06250 28.25400
v 156827.17188 379358.06250 29.13500
v 156841.07812 379344.78125 29.13200
v 156818.87500 379368.28125 33.51300
v 156818.87500 379368.28125 31.52800
v 156818.87500 379368.28125 28.23100
v 156820.12500 379366.81250 34.32400
v 156820.12500 379366.81250 33.50900
v 156691.15625 379411.15625 18.44100
v 156695.26562 379397.65625 18.44100
v 156690.79688 379411.03125 18.44100
v 156694.85938 379412.75000 18.44100
v 156704.70312 379368.09375 18.44100
v 156702.09375 379366.03125 18.44100
v 156701.71875 379367.12500 18.44100
v 156691.04688 379411.50000 18.44100
v 156750.21875 379431.18750 18.44100
v 156752.07812 379431.21875 18.44100
v 156754.65625 379423.53125 18.44100
v 156751.90625 379431.75000 18.44100
v 156752.00000 379431.50000 18.44100
v 156755.35938 379424.06250 18.44100
v 156753.65625 379431.75000 18.44100
v 156763.46875 379430.37500 18.44100
v 156760.37500 379434.31250 18.44100
v 156756.75000 379437.34375 18.44100
v 156761.75000 379438.50000 18.44100
v 156752.93750 379441.15625 18.44100
v 156753.53125 379441.37500 18.44100
v 156756.67188 379437.28125 18.44100
v 156751.07812 379439.68750 18.44100
v 156760.20312 379440.03125 18.44100
v 156761.60938 379438.68750 18.44100
v 156760.89062 379440.25000 18.44100
v 156761.79688 379438.81250 18.44100
v 156760.75000 379440.43750 18.44100
v 156764.17188 379440.68750 18.44100
v 156763.45312 379442.25000 18.44100
v 156766.62500 379442.59375 18.44100
v 156765.92188 379444.15625 18.44100
v 156762.35938 379435.87500 18.44100
v 156762.21875 379437.87500 18.44100
v 156763.76562 379436.96875 18.44100
v 156763.00000 379438.50000 18.44100
v 156765.32812 379438.18750 18.44100
v 156764.60938 379439.75000 18.44100
v 156767.78125 379440.12500 18.44100
v 156767.06250 379441.65625 18.44100
v 156755.21875 379421.87500 18.44100
v 156755.76562 379420.21875 18.44100
v 156760.54688 379405.87500 18.44100
v 156712.85938 379344.87500 18.44100
v 156703.73438 379361.50000 18.44100
v 156705.06250 379368.25000 18.44100
v 156751.75000 379345.06250 18.44100
v 156770.21875 379376.71875 18.44100
v 156764.92188 379349.18750 18.44100
v 156774.95312 379361.71875 18.44100
v 156776.01562 379358.31250 18.44100
v 156769.73438 379378.28125 18.44100
v 156784.57812 379362.28125 18.44100
v 156794.96875 379339.00000 18.44100
v 156778.00000 379353.31250 18.44100
v 156804.62500 379351.28125 18.44100
v 156804.92188 379351.40625 18.44100
v 156804.78125 379351.31250 18.44100
v 156800.87500 379364.34375 18.44100
v 156792.92188 379366.15625 18.44100
v 156800.62500 379364.90625 18.44100
v 156796.57812 379367.84375 18.44100
v 156798.95312 379368.96875 18.44100
v 156791.10938 379365.31250 18.44100
v 156800.78125 379364.96875 18.44100
v 156805.31250 379352.53125 18.44100
v 156806.09375 379352.87500 18.44100
v 156804.46875 379351.28125 18.44100
v 156805.17188 379351.59375 18.44100
v 156805.06250 379351.50000 18.44100
v 156805.32812 379351.87500 18.44100
v 156805.37500 379352.03125 18.44100
v 156805.37500 379352.34375 18.44100
v 156805.39062 379352.18750 18.44100
v 156805.26562 379351.71875 18.44100
v 156804.00000 379351.40625 18.44100
v 156803.95312 379351.43750 18.44100
v 156804.15625 379351.31250 18.44100
v 156804.31250 379351.28125 18.44100
v 156803.87500 379351.50000 18.44100
v 156789.87500 379364.75000 18.44100
v 156803.45312 379351.68750 18.44100
v 156803.62500 379351.31250 18.44100
v 156799.06250 379340.87500 18.44100
v 156803.64062 379351.78125 18.44100
v 156803.76562 379351.59375 18.44100
v 156806.75000 379344.34375 18.44100
v 156786.37500 379335.09375 18.44100
v 156703.45312 379362.34375 18.44100
v 156714.84375 379338.87500 18.44100
v 156722.90625 379335.96875 18.44100
v 156716.70312 379334.03125 18.44100
v 156714.75000 379338.84375 18.44100
v 156713.14062 379332.90625 18.44100
v 156711.53125 379337.71875 18.44100
v 156712.70312 379344.81250 18.44100
v 156704.81250 379368.15625 18.44100
v 156709.75000 379343.84375 18.44100
v 156703.32812 379362.31250 18.44100
v 156705.03125 379368.34375 18.44100
v 156703.28125 379373.59375 18.44100
v 156764.82812 379393.03125 18.44100
v 156703.04688 379374.28125 18.44100
v 156699.71875 379373.18750 18.44100
v 156698.75000 379376.06250 18.44100
v 156694.29688 379390.71875 18.44100
v 156693.37500 379392.21875 18.44100
v 156693.92188 379390.59375 18.44100
v 156694.62500 379397.43750 18.44100
v 156691.93750 379396.56250 18.44100
v 156760.62500 379432.71875 31.47500
v 156753.56250 379427.18750 31.46300
v 156753.56250 379427.18750 24.24500
v 156760.62500 379432.71875 24.20100
v 156763.45312 379442.25000 28.05100
v 156763.45312 379442.25000 28.70400
v 156765.92188 379444.15625 28.69200
v 156757.00000 379372.09375 44.02700
v 156756.62500 379373.40625 44.49400
v 156756.62500 379373.40625 32.91300
v 156757.00000 379372.09375 44.49500
v 156757.00000 379372.09375 32.91000
v 156752.35938 379370.71875 44.48700
v 156752.35938 379370.71875 32.91600
v 156764.17188 379440.68750 27.98900
v 156764.17188 379440.68750 28.86600
v 156766.62500 379442.59375 28.85300
v 156760.75000 379440.43750 26.24400
v 156760.89062 379440.25000 26.26500
v 156760.20312 379440.03125 21.84000
v 156760.20312 379440.03125 25.86100
v 156756.67188 379437.28125 31.48500
v 156753.53125 379441.37500 31.49300
v 156756.75000 379437.34375 31.48500
v 156756.75000 379437.34375 22.02500
v 156753.43750 379421.28125 32.58200
v 156698.03125 379402.87500 32.97200
v 156698.03125 379402.87500 32.52400
v 156753.43750 379421.28125 32.96500
v 156694.62500 379397.43750 36.75100
v 156694.81250 379396.93750 36.75400
v 156694.81250 379396.93750 32.51900
v 156694.62500 379397.43750 32.51900
v 156695.43750 379410.96875 32.96200
v 156750.79688 379429.40625 32.95500
v 156750.79688 379429.40625 32.58300
v 156695.43750 379410.96875 32.52600
v 156750.21875 379431.18750 32.58400
v 156751.90625 379431.75000 33.96300
v 156750.21875 379431.18750 33.96200
v 156750.29688 379430.90625 33.96200
v 156750.29688 379430.90625 32.58400
v 156751.87500 379431.43750 32.58500
v 156751.87500 379431.43750 33.96300
v 156751.07812 379439.68750 31.48900
v 156752.93750 379441.15625 31.49300
v 156715.18750 379337.53125 36.74300
v 156715.60938 379337.34375 36.74400
v 156715.60938 379337.34375 32.51100
v 156715.18750 379337.53125 32.51000
v 156716.70312 379334.03125 32.51000
v 156713.14062 379332.90625 36.77900
v 156716.70312 379334.03125 36.76700
v 156698.75000 379376.06250 26.61200
v 156699.71875 379373.18750 26.61600
v 156714.84375 379338.87500 32.51100
v 156712.85938 379344.87500 32.51200
v 156712.70312 379344.81250 32.51200
v 156712.70312 379344.81250 26.47400
v 156711.53125 379337.71875 36.74600
v 156796.57812 379367.84375 31.57000
v 156797.62500 379364.81250 44.75900
v 156797.62500 379364.81250 31.57600
v 156796.57812 379367.84375 44.77000
v 156795.73438 379342.25000 43.72500
v 156793.93750 379341.31250 44.58000
v 156793.93750 379341.31250 42.61900
v 156795.73438 379342.25000 44.58300
v 156795.73438 379342.25000 42.57900
v 156759.04688 379365.00000 32.89200
v 156758.64062 379364.93750 44.07500
v 156758.64062 379364.93750 32.89200
v 156759.04688 379365.00000 44.07600
v 156760.92188 379358.46875 32.87500
v 156760.92188 379358.46875 44.12000
v 156799.09375 379352.12500 43.72300
v 156797.76562 379352.34375 43.72500
v 156797.76562 379352.34375 42.56200
v 156799.09375 379352.12500 42.53700
v 156805.31250 379352.53125 22.18700
v 156805.37500 379352.34375 22.18700
v 156803.87500 379351.50000 38.67700
v 156803.76562 379351.59375 38.68400
v 156803.95312 379351.43750 22.20100
v 156803.95312 379351.43750 38.67300
v 156803.64062 379351.78125 38.69500
v 156804.31250 379351.28125 22.19900
v 156804.15625 379351.31250 22.20000
v 156805.17188 379351.59375 22.19100
v 156805.06250 379351.50000 22.19200
v 156800.71875 379351.81250 42.50700
v 156799.42188 379352.06250 42.53100
v 156799.42188 379352.06250 38.77400
v 156800.71875 379351.81250 38.74200
v 156734.26562 379406.87500 46.74000
v 156736.95312 379407.71875 47.31300
v 156736.95312 379407.71875 46.72100
v 156734.26562 379406.87500 47.30700
v 156736.95312 379407.71875 44.47900
v 156734.26562 379406.87500 44.47800
v 156805.26562 379351.71875 22.19000
v 156805.32812 379351.87500 22.18900
v 156805.37500 379352.03125 22.18800
v 156805.39062 379352.18750 22.18700
v 156791.53125 379355.34375 38.64400
v 156791.46875 379354.96875 43.73800
v 156791.46875 379354.96875 38.63100
v 156791.53125 379355.34375 43.73900
v 156801.64062 379353.21875 44.72100
v 156800.71875 379353.50000 44.75800
v 156800.71875 379353.50000 43.72500
v 156801.64062 379353.21875 43.72400
v 156800.71875 379354.37500 44.74700
v 156800.71875 379354.37500 43.72800
v 156800.78125 379364.96875 31.50700
v 156800.62500 379364.90625 31.51100
v 156800.87500 379364.34375 31.51100
v 156800.87500 379364.34375 22.18000
v 156798.95312 379368.96875 31.50900
v 156797.62500 379351.46875 42.56300
v 156797.64062 379351.90625 42.56400
v 156797.64062 379351.90625 38.79300
v 156797.62500 379351.46875 38.77000
v 156797.00000 379352.40625 42.57600
v 156797.00000 379352.40625 38.82900
v 156798.76562 379356.65625 45.06200
v 156799.01562 379356.09375 45.06400
v 156799.01562 379356.09375 43.73400
v 156798.76562 379356.65625 43.73600
v 156795.81250 379355.46875 45.05200
v 156795.81250 379355.46875 43.73500
v 156752.07812 379431.21875 31.47100
v 156752.00000 379431.50000 31.47200
v 156764.82812 379393.03125 32.58000
v 156760.54688 379405.87500 32.58200
v 156760.48438 379438.93750 22.06300
v 156760.48438 379438.93750 25.71100
v 156761.85938 379439.34375 22.10500
v 156761.85938 379439.34375 26.49500
v 156752.81250 379369.68750 32.91300
v 156722.84375 379359.62500 44.44000
v 156722.84375 379359.62500 32.95600
v 156752.81250 379369.68750 44.48900
v 156767.78125 379440.12500 27.75500
v 156767.06250 379441.65625 27.88500
v 156761.65625 379437.68750 24.79000
v 156761.70312 379438.12500 27.62700
v 156761.70312 379438.12500 24.84700
v 156761.65625 379437.68750 27.75600
v 156760.64062 379438.34375 24.93300
v 156761.70312 379438.12500 22.31900
v 156760.64062 379438.34375 22.18100
v 156764.60938 379439.75000 27.95100
v 156764.60938 379439.75000 27.95900
v 156722.90625 379335.96875 32.51700
v 156714.75000 379338.84375 36.73400
v 156714.75000 379338.84375 32.51100
v 156712.73438 379346.00000 32.51200
v 156707.26562 379362.53125 32.51500
v 156707.26562 379362.53125 26.47700
v 156712.73438 379346.00000 26.46100
v 156709.75000 379343.84375 26.57800
v 156708.01562 379362.71875 37.27700
v 156707.26562 379362.53125 37.27800
v 156708.01562 379362.71875 32.51500
v 156693.37500 379392.21875 36.84000
v 156697.23438 379392.78125 37.28800
v 156697.23438 379392.78125 36.76300
v 156693.37500 379392.21875 37.28700
v 156690.79688 379411.03125 32.52100
v 156691.15625 379411.15625 32.52200
v 156763.46875 379430.37500 24.34700
v 156755.35938 379424.06250 24.39600
v 156765.32812 379438.18750 27.82900
v 156802.06250 379346.65625 43.74800
v 156801.87500 379346.75000 45.04800
v 156801.87500 379346.75000 43.74700
v 156802.06250 379346.65625 45.04900
v 156703.04688 379374.28125 26.45900
v 156758.73438 379434.96875 31.48000
v 156758.73438 379434.96875 24.07800
v 156758.73438 379434.96875 22.63200
v 156703.45312 379362.34375 36.84900
v 156703.32812 379362.31250 36.85200
v 156764.92188 379349.18750 44.52300
v 156778.00000 379353.31250 44.54400
v 156757.65625 379355.96875 44.50600
v 156757.10938 379357.18750 44.50400
v 156757.10938 379357.18750 32.88100
v 156757.65625 379355.96875 32.55700
v 156757.10938 379357.18750 32.55700
v 156760.92188 379358.46875 44.51000
v 156799.31250 379346.15625 45.01200
v 156800.12500 379347.56250 45.03500
v 156800.12500 379347.56250 42.70400
v 156799.31250 379346.15625 42.63500
v 156799.21875 379347.96875 45.02900
v 156799.21875 379347.96875 42.54300
v 156799.85938 379354.25000 44.78600
v 156799.85938 379354.25000 43.72800
v 156703.28125 379373.59375 26.46000
v 156703.60938 379373.56250 32.51600
v 156703.60938 379373.56250 26.44700
v 156703.28125 379373.59375 32.51600
v 156800.10938 379348.93750 45.04900
v 156800.76562 379349.40625 45.06100
v 156800.76562 379349.40625 43.74200
v 156800.10938 379348.93750 43.74000
v 156704.50000 379361.75000 37.28300
v 156703.73438 379361.50000 37.28400
v 156703.73438 379361.50000 26.59900
v 156704.50000 379361.75000 26.57300
v 156703.45312 379362.34375 37.28600
v 156806.09375 379352.87500 22.17900
v 156752.53125 379380.25000 44.48200
v 156752.46875 379380.75000 45.90100
v 156752.46875 379380.75000 44.48200
v 156752.53125 379380.25000 45.90700
v 156753.90625 379381.25000 45.83800
v 156753.90625 379381.25000 44.48400
v 156790.50000 379354.37500 43.73700
v 156790.90625 379353.50000 44.56800
v 156790.90625 379353.50000 43.73400
v 156790.50000 379354.37500 44.56600
v 156790.62500 379354.46875 43.73700
v 156790.62500 379354.46875 38.62800
v 156790.50000 379354.37500 38.62600
v 156788.56250 379361.09375 45.05600
v 156790.87500 379361.18750 45.03500
v 156790.87500 379361.18750 44.03100
v 156788.56250 379361.09375 43.86200
v 156800.57812 379346.43750 42.82100
v 156800.57812 379346.43750 43.74300
v 156800.57812 379346.43750 45.02900
v 156800.59375 379346.28125 42.83200
v 156800.59375 379346.28125 43.74300
v 156800.71875 379350.31250 43.74100
v 156800.71875 379351.81250 43.74100
v 156800.71875 379350.31250 38.66300
v 156801.06250 379343.71875 42.79100
v 156800.65625 379343.31250 42.85500
v 156800.65625 379343.31250 38.69300
v 156801.06250 379343.71875 38.34200
v 156797.70312 379364.84375 44.75600
v 156797.70312 379364.84375 31.57400
v 156799.40625 379356.12500 45.06600
v 156799.40625 379356.12500 44.78400
v 156799.40625 379356.12500 43.73400
v 156791.82812 379357.65625 38.72200
v 156791.76562 379357.18750 42.60900
v 156791.76562 379357.18750 38.70600
v 156791.82812 379357.65625 42.93400
v 156763.76562 379436.96875 26.79800
v 156765.32812 379438.18750 27.89000
v 156751.75000 379345.06250 44.50100
v 156751.04688 379347.40625 46.99300
v 156751.04688 379347.40625 44.49900
v 156751.75000 379345.06250 47.02800
v 156761.79688 379438.81250 26.32300
v 156761.79688 379438.81250 22.19600
v 156756.20312 379376.40625 44.49100
v 156756.60938 379374.84375 45.58900
v 156756.60938 379374.84375 44.49300
v 156756.20312 379376.40625 45.71600
v 156742.12500 379374.12500 46.97100
v 156741.60938 379376.93750 46.98000
v 156741.60938 379376.93750 44.46400
v 156742.12500 379374.12500 44.46700
v 156796.75000 379361.46875 44.83700
v 156794.71875 379360.59375 44.93600
v 156794.71875 379360.59375 43.71400
v 156796.75000 379361.46875 43.72100
v 156794.14062 379361.34375 44.95200
v 156794.14062 379361.34375 43.71100
v 156707.17188 379365.90625 36.72500
v 156706.53125 379364.71875 36.75400
v 156706.53125 379364.71875 32.51500
v 156707.17188 379365.90625 32.51600
v 156789.48438 379356.00000 38.70200
v 156787.89062 379354.87500 41.68700
v 156787.89062 379354.87500 38.68800
v 156789.48438 379356.00000 42.19200
v 156794.96875 379339.00000 44.58400
v 156794.96875 379339.00000 43.35600
v 156752.64062 379379.12500 45.92000
v 156754.03125 379379.21875 46.87900
v 156754.03125 379379.21875 45.86500
v 156752.64062 379379.12500 46.89600
v 156750.84375 379401.50000 44.32900
v 156750.56250 379402.31250 44.48800
v 156750.56250 379402.31250 44.32400
v 156750.84375 379401.50000 44.48900
v 156754.17188 379402.56250 44.49000
v 156754.17188 379402.56250 32.57500
v 156750.84375 379401.50000 32.57100
v 156755.37500 379388.31250 44.40900
v 156764.18750 379390.15625 44.49800
v 156764.18750 379390.15625 32.57800
v 156755.37500 379388.31250 44.48300
v 156755.37500 379388.31250 32.56900
v 156755.78125 379387.15625 44.41600
v 156755.78125 379387.15625 44.48400
v 156762.29688 379437.15625 24.07700
v 156761.14062 379436.43750 24.64100
v 156761.14062 379436.43750 24.07800
v 156762.29688 379437.15625 24.68300
v 156762.29688 379437.15625 27.54500
v 156762.35938 379435.87500 24.12500
v 156762.73438 379436.78125 27.40000
v 156762.73438 379436.78125 24.10000
v 156762.35938 379435.87500 27.81200
v 156745.53125 379378.31250 44.47100
v 156749.48438 379379.71875 46.90700
v 156749.48438 379379.71875 44.47700
v 156745.53125 379378.31250 46.99800
v 156747.26562 379387.59375 44.46800
v 156750.95312 379388.90625 44.47400
v 156750.95312 379388.90625 44.39900
v 156747.26562 379387.59375 32.77300
v 156750.95312 379388.90625 32.75200
v 156754.89062 379381.62500 46.78200
v 156755.78125 379378.09375 46.90100
v 156755.78125 379378.09375 44.48900
v 156754.89062 379381.62500 44.48600
v 156735.18750 379404.40625 44.47900
v 156733.18750 379403.78125 46.67200
v 156733.18750 379403.78125 44.47900
v 156735.18750 379404.40625 46.71200
v 156735.18750 379404.40625 47.30500
v 156755.35938 379424.06250 33.95900
v 156754.65625 379423.53125 33.95800
v 156797.65625 379343.21875 43.73200
v 156797.65625 379343.21875 42.53500
v 156705.03125 379368.34375 32.51500
v 156701.71875 379367.12500 36.82200
v 156702.09375 379366.03125 36.82900
v 156704.70312 379368.09375 36.74700
v 156796.39062 379359.53125 38.71300
v 156796.04688 379357.93750 41.77000
v 156796.04688 379357.93750 38.66100
v 156796.39062 379359.53125 41.95000
v 156796.92188 379353.71875 43.72900
v 156799.85938 379354.25000 45.07200
v 156796.92188 379353.71875 45.06100
v 156799.46875 379355.09375 44.79300
v 156799.46875 379355.09375 45.06800
v 156803.45312 379351.68750 38.69300
v 156790.96875 379362.84375 43.81800
v 156790.87500 379361.18750 43.69800
v 156790.96875 379362.84375 42.58400
v 156790.87500 379361.18750 42.59500
v 156806.75000 379344.34375 44.60200
v 156799.06250 379340.87500 44.59000
v 156799.06250 379340.87500 43.32700
v 156786.37500 379335.09375 44.57000
v 156720.53125 379377.40625 32.92500
v 156707.90625 379373.62500 32.99900
v 156707.90625 379373.62500 32.52000
v 156720.53125 379377.40625 32.53300
v 156802.04688 379350.87500 44.58900
v 156802.42188 379351.50000 44.59000
v 156802.42188 379351.50000 43.74800
v 156802.04688 379350.87500 43.74600
v 156800.98438 379351.78125 38.73500
v 156800.98438 379351.78125 42.50200
v 156802.42188 379351.50000 38.70000
v 156800.98438 379351.78125 43.74200
v 156796.92188 379353.71875 42.58000
v 156793.89062 379351.84375 45.05200
v 156791.95312 379351.18750 45.04500
v 156791.95312 379351.18750 44.57100
v 156793.89062 379351.84375 44.50000
v 156791.95312 379351.18750 44.53500
v 156798.50000 379363.15625 44.74100
v 156802.87500 379353.75000 44.66100
v 156802.87500 379353.75000 38.81100
v 156798.50000 379363.15625 31.57300
v 156802.87500 379353.75000 22.20100
v 156798.50000 379363.15625 22.20300
v 156793.18750 379354.71875 45.04200
v 156794.59375 379352.75000 45.05300
v 156794.59375 379352.75000 45.03300
v 156793.18750 379354.71875 43.73600
v 156794.59375 379352.75000 43.72900
v 156788.84375 379352.71875 38.59400
v 156787.89062 379354.87500 44.56100
v 156788.84375 379352.71875 44.56400
v 156791.60938 379357.50000 43.70300
v 156791.15625 379358.43750 43.70100
v 156791.15625 379358.43750 43.62100
v 156791.60938 379357.50000 42.86500
v 156791.82812 379357.65625 43.70400
v 156804.76562 379345.15625 44.59800
v 156804.37500 379346.00000 44.59700
v 156804.37500 379346.00000 43.75700
v 156804.76562 379345.15625 41.71800
v 156804.37500 379346.00000 42.04800
v 156802.48438 379345.31250 43.75000
v 156802.48438 379345.31250 42.61000
v 156803.62500 379351.31250 38.67100
v 156803.62500 379351.31250 44.59200
v 156802.78125 379348.46875 45.07500
v 156803.37500 379348.09375 45.07900
v 156803.37500 379348.09375 44.59300
v 156802.78125 379348.46875 44.59200
v 156703.87500 379385.81250 33.06200
v 156703.87500 379385.81250 32.52200
v 156721.32812 379360.34375 32.52600
v 156715.56250 379358.62500 44.42800
v 156715.56250 379358.62500 32.52000
v 156721.32812 379360.34375 44.43700
v 156710.42188 379372.75000 44.41000
v 156710.42188 379372.75000 32.52200
v 156801.06250 379349.18750 45.06300
v 156801.21875 379349.43750 45.06700
v 156801.21875 379349.43750 43.74400
v 156801.06250 379349.18750 43.74300
v 156799.17188 379350.84375 42.53300
v 156799.17188 379350.84375 38.71400
v 156801.64062 379353.21875 38.80100
v 156691.93750 379396.56250 36.81000
v 156695.84375 379397.00000 36.73500
v 156695.84375 379397.00000 32.52000
v 156720.23438 379343.50000 44.44500
v 156720.23438 379343.50000 32.51800
v 156786.29688 379358.46875 44.55600
v 156785.51562 379360.21875 45.95300
v 156785.51562 379360.21875 44.55400
v 156713.67188 379356.56250 32.51800
v 156721.23438 379359.09375 32.95800
v 156721.23438 379359.09375 32.52600
v 156713.67188 379356.56250 32.96800
v 156720.68750 379376.40625 32.92100
v 156720.68750 379376.40625 32.53300
v 156719.59375 379375.84375 44.42500
v 156720.68750 379376.40625 44.42700
v 156719.59375 379375.84375 32.53200
v 156720.71875 379376.21875 32.92000
v 156747.76562 379385.31250 44.47100
v 156747.76562 379385.31250 32.76300
v 156720.71875 379376.21875 44.42700
v 156717.78125 379344.00000 32.93600
v 156717.78125 379344.00000 32.51600
v 156722.90625 379335.96875 44.45400
v 156762.04688 379351.00000 46.91200
v 156762.04688 379351.00000 45.90400
v 156762.04688 379351.00000 44.51700
v 156770.21875 379376.71875 44.03500
v 156770.21875 379376.71875 44.51600
v 156758.82812 379365.75000 32.89400
v 156758.82812 379365.75000 44.07000
v 156774.95312 379361.71875 44.13900
v 156776.01562 379358.31250 44.53800
v 156774.95312 379361.71875 44.53400
v 156784.57812 379362.28125 44.55100
v 156705.06250 379368.25000 36.73800
v 156705.03125 379368.34375 36.73700
v 156705.79688 379368.93750 36.71300
v 156705.79688 379368.93750 32.51600
v 156694.29688 379390.71875 26.57400
v 156693.92188 379390.59375 37.28200
v 156694.29688 379390.71875 37.28200
v 156712.64062 379344.96875 26.47400
v 156712.92188 379345.06250 32.51200
v 156712.92188 379345.06250 26.46400
v 156712.64062 379344.96875 32.51200
v 156793.85938 379347.75000 38.63200
v 156796.71875 379348.18750 43.72700
v 156796.71875 379348.18750 38.61100
v 156793.85938 379347.75000 43.71600
v 156697.23438 379392.78125 32.51900
v 156697.54688 379391.87500 32.51900
v 156697.54688 379391.87500 37.28400
v 156803.79688 379347.18750 45.07500
v 156803.79688 379347.18750 44.59500
v 156799.81250 379349.84375 43.73800
v 156799.89062 379350.12500 43.73800
v 156799.89062 379350.12500 38.66400
v 156799.81250 379349.84375 38.65100
v 156755.28125 379404.43750 32.57600
v 156753.65625 379403.90625 44.48900
v 156753.65625 379403.90625 32.57500
v 156755.28125 379404.43750 44.49000
v 156755.76562 379420.21875 44.48300
v 156760.54688 379405.87500 44.49200
v 156755.76562 379420.21875 32.58400
v 156762.46875 379349.65625 46.93200
v 156762.46875 379349.65625 45.93400
v 156763.17188 379351.81250 45.94300
v 156763.51562 379349.93750 45.97600
v 156763.51562 379349.93750 44.52000
v 156763.17188 379351.81250 44.51800
v 156800.71875 379352.81250 43.72300
v 156800.71875 379352.81250 42.50900
v 156697.54688 379391.87500 26.42000
v 156743.68750 379377.68750 47.01500
v 156745.53125 379378.31250 47.60200
v 156743.68750 379377.68750 47.61900
v 156743.68750 379377.68750 44.46800
v 156694.85938 379412.75000 32.52600
v 156691.04688 379411.50000 33.95000
v 156691.15625 379411.15625 33.95000
v 156694.95312 379412.43750 33.95000
v 156694.95312 379412.43750 32.52600
v 156694.85938 379412.75000 33.95100
v 156739.10938 379397.78125 32.85800
v 156738.65625 379398.90625 32.86400
v 156738.65625 379398.90625 32.55900
v 156739.10938 379397.78125 32.55900
v 156705.70312 379387.90625 32.52500
v 156738.65625 379398.90625 44.48400
v 156705.70312 379387.90625 44.47200
v 156795.54688 379344.31250 44.58100
v 156795.35938 379346.65625 45.07100
v 156795.35938 379346.65625 44.58000
v 156795.54688 379344.31250 45.09000
v 156793.82812 379346.59375 44.57700
v 156795.35938 379346.65625 43.72200
v 156793.82812 379346.59375 43.71600
v 156797.54688 379346.75000 43.73100
v 156797.54688 379346.75000 44.97500
v 156797.20312 379348.25000 43.72900
v 156797.54688 379346.75000 42.33200
v 156797.20312 379348.25000 42.21600
v 156754.21875 379374.68750 45.46500
v 156753.93750 379376.93750 45.65900
v 156753.93750 379376.93750 44.48700
v 156754.21875 379374.68750 44.48800
v 156769.73438 379378.28125 44.51500
v 156798.93750 379350.87500 42.53800
v 156798.53125 379351.18750 42.54600
v 156798.53125 379351.18750 38.74100
v 156798.93750 379350.87500 38.71900
v 156796.53125 379348.75000 43.72600
v 156796.53125 379348.75000 38.64400
v 156797.12500 379348.65625 43.72800
v 156797.12500 379348.65625 38.63000
v 156797.84375 379348.34375 42.31300
v 156797.96875 379348.56250 42.32200
v 156797.96875 379348.56250 38.61200
v 156797.84375 379348.34375 38.60300
v 156797.20312 379348.25000 38.60800
v 156800.15625 379348.68750 45.04700
v 156800.15625 379348.68750 43.74000
v 156798.28125 379348.40625 42.37700
v 156797.96875 379348.56250 43.73100
v 156798.28125 379348.40625 43.73300
v 156791.45312 379348.78125 38.72200
v 156791.45312 379348.78125 42.67100
v 156790.90625 379348.09375 38.69400
v 156791.45312 379348.78125 44.57100
v 156790.90625 379348.09375 44.57100
v 156795.60938 379351.31250 42.60000
v 156795.60938 379351.31250 38.79200
v 156749.35938 379376.21875 47.03500
v 156749.14062 379375.87500 47.05000
v 156749.14062 379375.87500 44.47900
v 156749.35938 379376.21875 44.47900
v 156752.53125 379380.25000 46.85600
v 156753.90625 379381.25000 46.80500
v 156764.92188 379349.18750 46.93300
v 156763.51562 379349.93750 46.92500
v 156763.96875 379350.03125 44.52100
v 156763.96875 379350.03125 46.92300
v 156753.65625 379431.75000 31.47300
v 156753.71875 379426.06250 33.96000
v 156753.71875 379426.06250 24.28900
v 156753.56250 379427.18750 32.58500
v 156753.56250 379427.18750 33.96000
v 156753.14062 379430.18750 31.46900
v 156753.14062 379430.18750 32.58600
v 156752.35938 379429.93750 32.58500
v 156752.35938 379429.93750 31.46900
v 156760.37500 379434.31250 24.13700
v 156700.93750 379402.00000 44.46300
v 156700.93750 379402.00000 32.52700
v 156732.51562 379403.53125 46.65700
v 156731.56250 379406.00000 46.68500
v 156731.56250 379406.00000 44.47700
v 156732.51562 379403.53125 44.47900
v 156793.15625 379346.56250 43.71400
v 156793.15625 379346.56250 38.57900
v 156793.82812 379346.59375 38.57000
v 156792.03125 379345.59375 44.57400
v 156792.03125 379345.59375 38.54600
v 156792.46875 379350.06250 43.43800
v 156792.46875 379350.06250 44.57300
v 156795.15625 379348.96875 41.70800
v 156794.68750 379349.03125 41.91000
v 156794.68750 379349.03125 38.68600
v 156795.15625 379348.96875 38.67500
v 156795.14062 379349.21875 38.68900
v 156795.14062 379349.21875 41.92700
v 156752.00000 379431.50000 33.96300
v 156751.87500 379431.43750 31.47200
v 156745.45312 379410.50000 46.60800
v 156745.45312 379410.50000 44.48200
v 156755.21875 379421.87500 33.95700
v 156754.93750 379421.78125 33.95700
v 156754.93750 379421.78125 32.58400
v 156755.21875 379421.87500 32.58400
v 156786.18750 379362.56250 46.18100
v 156784.73438 379361.93750 46.19500
v 156784.73438 379361.93750 44.55100
v 156786.18750 379362.56250 43.47700
v 156784.73438 379361.93750 43.44400
v 156785.51562 379360.21875 43.73600
v 156746.92188 379401.65625 44.48700
v 156746.92188 379401.65625 32.81600
v 156738.00000 379405.31250 46.72600
v 156738.00000 379405.31250 47.31000
v 156738.00000 379405.31250 44.48100
v 156801.23438 379342.43750 38.55700
v 156801.28125 379342.53125 44.59300
v 156801.28125 379342.53125 38.49900
v 156801.23438 379342.43750 44.59300
v 156801.26562 379342.65625 44.59300
v 156801.26562 379342.65625 42.47700
v 156801.26562 379342.65625 38.48200
v 156799.35938 379341.90625 44.59000
v 156799.35938 379341.90625 43.08300
v 156803.79688 379347.18750 43.75500
v 156802.12500 379346.78125 43.74800
v 156802.12500 379346.78125 45.05100
v 156742.81250 379406.81250 46.66200
v 156742.81250 379406.65625 46.66300
v 156742.81250 379406.65625 44.48200
v 156742.81250 379406.81250 44.48200
v 156707.00000 379366.53125 36.72000
v 156707.00000 379366.53125 32.51600
v 156761.29688 379357.18750 44.51200
v 156761.29688 379357.18750 44.12900
v 156792.60938 379349.18750 42.65100
v 156792.60938 379349.18750 38.72500
v 156794.59375 379352.75000 42.62100
v 156795.60938 379351.31250 43.54500
v 156790.90625 379353.50000 45.03500
v 156792.76562 379361.28125 43.70600
v 156792.76562 379361.28125 42.57500
v 156790.76562 379359.59375 45.04600
v 156790.76562 379359.59375 43.69900
v 156793.01562 379355.84375 38.63600
v 156795.51562 379355.93750 43.73700
v 156795.51562 379355.93750 38.59900
v 156793.01562 379355.84375 43.73900
v 156794.95312 379359.21875 43.71500
v 156794.95312 379359.21875 41.91800
v 156796.39062 379359.53125 43.72100
v 156795.65625 379357.81250 41.75900
v 156795.65625 379357.81250 38.66400
v 156794.95312 379359.21875 38.72600
v 156799.17188 379360.15625 44.74700
v 156798.03125 379359.90625 44.79900
v 156798.03125 379359.90625 43.72700
v 156799.17188 379360.15625 38.68900
v 156798.03125 379359.90625 38.69900
v 156799.25000 379358.81250 43.74200
v 156799.25000 379358.81250 44.75900
v 156799.25000 379358.81250 38.63900
v 156789.87500 379364.75000 46.14200
v 156789.87500 379364.75000 38.70700
v 156784.57812 379362.28125 46.19200
v 156791.10938 379365.31250 38.71400
v 156790.14062 379363.28125 46.15400
v 156790.14062 379363.28125 43.69600
v 156790.14062 379363.28125 38.64000
v 156792.23438 379363.84375 42.56500
v 156791.10938 379365.31250 43.69800
v 156792.23438 379363.84375 43.70300
v 156792.23438 379363.84375 38.63500
v 156793.03125 379362.81250 42.56300
v 156793.03125 379362.81250 43.70600
v 156790.96875 379362.84375 38.61000
v 156793.50000 379362.09375 43.70800
v 156793.53125 379362.12500 44.96900
v 156793.53125 379362.12500 43.70800
v 156793.50000 379362.09375 44.97100
v 156793.85938 379361.34375 44.96400
v 156793.85938 379361.34375 43.71000
v 156793.32812 379362.40625 44.97500
v 156793.04688 379362.93750 44.98000
v 156793.04688 379362.93750 43.70600
v 156793.32812 379362.40625 43.70800
v 156790.29688 379362.31250 43.83700
v 156790.29688 379362.31250 38.59700
v 156792.39062 379358.06250 43.70600
v 156792.39062 379358.06250 38.72700
v 156792.85938 379357.90625 43.70800
v 156792.85938 379357.90625 38.71400
v 156794.50000 379359.12500 38.73000
v 156794.50000 379359.12500 43.71300
v 156795.95312 379357.50000 43.74100
v 156797.32812 379358.28125 43.74200
v 156797.32812 379358.28125 38.65200
v 156795.95312 379357.50000 38.64700
v 156753.50000 379426.31250 33.96000
v 156753.50000 379426.31250 32.58500
v 156795.03125 379353.28125 43.73000
v 156795.03125 379353.28125 42.61400
v 156796.65625 379349.84375 41.98500
v 156796.65625 379349.84375 38.69800
v 156704.81250 379368.15625 36.74400
v 156706.00000 379367.21875 36.73200
v 156706.00000 379367.21875 32.51600
v 156794.50000 379348.87500 41.82600
v 156794.42188 379348.93750 41.90000
v 156794.42188 379348.93750 38.68500
v 156794.50000 379348.87500 38.68000
v 156794.56250 379349.00000 38.68500
v 156794.56250 379349.00000 41.90500
v 156792.92188 379366.15625 43.70400
v 156793.10938 379363.31250 44.97300
v 156793.10938 379363.31250 43.70600
v 156794.62500 379364.06250 44.89900
v 156792.92188 379366.15625 44.94900
v 156794.62500 379364.06250 43.71200
v 156804.00000 379351.40625 22.20100
v 156721.26562 379359.40625 44.43800
v 156721.26562 379359.40625 32.95800
v 156721.26562 379359.40625 32.52600
v 156761.14062 379436.43750 22.57400
v 156761.60938 379438.68750 22.20700
v 156761.75000 379438.50000 22.25400
v 156761.75000 379438.50000 27.51200
v 156762.21875 379437.87500 27.40500
v 156763.00000 379438.50000 26.83400
v 156764.82812 379393.03125 44.49700
v 156795.62500 379356.00000 43.73700
v 156795.62500 379356.00000 38.59900
v 156798.45312 379351.28125 42.54700
v 156798.00000 379351.62500 42.55600
v 156798.00000 379351.62500 38.77300
v 156798.45312 379351.28125 38.74700
v 156790.96875 379358.50000 43.70000
v 156790.95312 379358.50000 43.70000
v 156790.95312 379358.50000 43.70300
v 156790.82812 379356.84375 38.71000
v 156791.10938 379356.50000 42.23700
v 156791.10938 379356.50000 38.69200
v 156790.82812 379356.84375 42.53800
v 156790.92188 379357.00000 38.71300
v 156790.92188 379357.00000 42.61900
v 156747.32812 379400.37500 44.33100
v 156747.32812 379400.37500 32.80900
v 156747.18750 379400.34375 44.33100
v 156747.18750 379400.34375 32.81000
v 156747.00000 379401.40625 44.32500
v 156747.00000 379401.40625 44.48700
v 156747.00000 379401.40625 32.81500
v 156747.18750 379400.81250 44.32800
v 156747.18750 379400.81250 32.81200
v 156797.87500 379345.21875 44.97800
v 156797.98438 379344.65625 44.98000
v 156797.98438 379344.65625 43.73300
v 156797.87500 379345.21875 43.73200
v 156796.60938 379344.46875 45.04200
v 156796.60938 379344.46875 43.72800
v 156802.96875 379348.93750 43.75100
v 156802.96875 379348.93750 44.59200
v 156788.37500 379359.31250 44.08200
v 156788.37500 379359.31250 44.77100
v 156788.37500 379359.31250 45.06900
v 156753.09375 379426.81250 33.96000
v 156753.09375 379426.81250 32.58400
v 156742.07812 379373.71875 46.96800
v 156741.96875 379374.09375 46.96800
v 156741.96875 379374.09375 44.46700
v 156742.07812 379373.71875 44.46700
v 156744.84375 379374.71875 47.60100
v 156744.84375 379374.71875 47.01500
v 156746.40625 379375.18750 47.10300
v 156745.84375 379375.06250 47.59200
v 156745.84375 379375.06250 44.47300
v 156746.40625 379375.18750 47.58600
v 156746.40625 379375.18750 44.47400
v 156744.84375 379374.71875 44.47100
v 156740.82812 379406.18750 46.68900
v 156740.82812 379406.18750 44.48200
v 156745.67188 379407.71875 46.62500
v 156745.67188 379407.71875 44.48300
v 156764.68750 379439.56250 27.94500
v 156799.06250 379350.81250 42.53500
v 156799.06250 379350.81250 38.71300
v 156798.18750 379348.96875 43.73200
v 156798.18750 379348.96875 38.62900
v 156802.78125 379348.46875 43.75000
v 156797.87500 379345.21875 42.44600
v 156706.92188 379363.56250 37.28200
v 156706.92188 379363.56250 36.76100
v 156762.23438 379351.06250 45.91100
v 156762.23438 379351.06250 44.51700
v 156762.23438 379351.12500 45.91000
v 156762.23438 379351.12500 44.51700
v 156799.39062 379344.50000 43.73900
v 156799.39062 379344.50000 42.71700
v 156799.40625 379348.59375 42.54800
v 156799.40625 379348.59375 43.73700
v 156799.40625 379348.59375 45.03700
v 156800.06250 379349.96875 43.73900
v 156800.06250 379349.96875 38.65500
v 156799.79688 379344.31250 43.74000
v 156798.98438 379343.90625 43.73700
v 156798.98438 379343.90625 42.50600
v 156799.79688 379344.31250 42.48800
v 156790.95312 379358.50000 45.05200
v 156801.01562 379342.43750 38.68800
v 156801.01562 379342.43750 44.59300
v 156798.54688 379343.28125 42.62500
v 156798.54688 379343.28125 43.73600
v 156800.39062 379344.06250 38.75200
v 156800.95312 379344.37500 42.60100
v 156800.95312 379344.37500 38.76000
v 156800.39062 379344.06250 42.62800
v 156799.79688 379344.31250 38.72300
v 156799.39062 379344.50000 38.70400
v 156799.67188 379344.90625 38.70000
v 156799.67188 379344.90625 42.74300
v 156799.35938 379341.90625 39.81500
v 156799.56250 379342.62500 42.91600
v 156799.56250 379342.62500 39.52200
v 156800.79688 379345.21875 43.74400
v 156800.32812 379345.34375 43.74200
v 156800.32812 379345.34375 42.82900
v 156800.79688 379345.21875 38.72800
v 156800.32812 379345.34375 38.70900
v 156800.23438 379345.00000 42.82800
v 156800.23438 379345.00000 38.71700
v 156704.73438 379361.28125 37.28100
v 156704.73438 379361.28125 26.57000
v 156705.04688 379361.90625 37.28200
v 156705.04688 379361.90625 26.55400
v 156707.70312 379363.84375 32.51600
v 156707.70312 379363.84375 37.28100
v 156706.92188 379363.56250 32.51500
v 156800.95312 379344.37500 42.98400
v 156800.95312 379344.37500 43.74500
v 156745.78125 379407.37500 44.48400
v 156745.78125 379407.37500 46.62500
v 156745.90625 379407.40625 46.62400
v 156745.90625 379407.40625 44.48400
v 156800.71875 379352.34375 38.77000
v 156800.71875 379352.34375 42.50800
v 156800.71875 379352.81250 38.79400
v 156789.92188 379355.65625 41.85100
v 156789.79688 379355.93750 42.08300
v 156789.79688 379355.93750 38.69400
v 156789.92188 379355.65625 38.68200
v 156790.75000 379355.71875 41.74700
v 156790.09375 379355.87500 41.97900
v 156790.09375 379355.87500 38.68700
v 156790.75000 379355.71875 38.67000
v 156795.48438 379355.34375 42.61000
v 156795.48438 379355.34375 43.73500
v 156795.81250 379355.46875 42.60400
v 156751.82812 379386.15625 44.47700
v 156751.82812 379386.15625 44.41600
v 156793.06250 379348.37500 41.84800
v 156793.06250 379348.37500 38.67600
v 156795.68750 379343.75000 43.72500
v 156795.60938 379343.68750 44.58200
v 156795.60938 379343.68750 43.72400
v 156795.68750 379343.75000 44.58200
v 156795.68750 379343.75000 45.09000
v 156795.45312 379344.15625 45.09600
v 156795.45312 379344.15625 44.58100
v 156695.26562 379397.65625 32.52000
v 156804.92188 379351.40625 22.19400
v 156804.78125 379351.31250 22.19500
v 156804.62500 379351.28125 22.19600
v 156804.46875 379351.28125 22.19700
v 156780.39062 379377.75000 18.45500
v 156780.48438 379379.03125 18.45500
v 156780.68750 379378.59375 18.45500
v 156780.57812 379377.96875 18.45500
v 156780.68750 379378.28125 18.45500
v 156780.65625 379378.12500 18.45500
v 156779.23438 379379.21875 18.45500
v 156774.21875 379380.28125 18.45500
v 156774.56250 379380.43750 18.45500
v 156776.10938 379383.25000 18.45500
v 156775.78125 379383.75000 18.45500
v 156776.15625 379383.28125 18.45500
v 156779.78125 379379.37500 18.45500
v 156779.45312 379379.31250 18.45500
v 156779.60938 379379.37500 18.45500
v 156772.64062 379381.31250 18.45500
v 156774.04688 379381.59375 18.45500
v 156772.87500 379380.75000 18.45500
v 156790.92188 379374.46875 18.45500
v 156791.34375 379375.21875 18.45500
v 156795.12500 379377.31250 18.45500
v 156780.09375 379379.31250 18.45500
v 156779.93750 379379.37500 18.45500
v 156780.37500 379379.15625 18.45500
v 156780.23438 379379.25000 18.45500
v 156780.65625 379378.75000 18.45500
v 156780.57812 379378.90625 18.45500
v 156796.14062 379367.65625 18.45500
v 156779.90625 379369.43750 18.45500
v 156780.48438 379377.84375 18.45500
v 156780.70312 379378.43750 18.45500
v 156782.21875 379375.40625 18.45500
v 156778.64062 379372.21875 18.45500
v 156782.40625 379375.15625 18.45500
v 156776.01562 379358.31250 18.45500
v 156769.73438 379378.28125 18.45500
v 156790.73438 379374.87500 18.45500
v 156798.95312 379368.96875 18.45500
v 156791.03125 379375.46875 18.45500
v 156796.14062 379367.65625 31.56500
v 156776.01562 379358.31250 45.69600
v 156796.14062 379367.65625 45.67600
v 156774.04688 379381.59375 23.22400
v 156772.87500 379380.75000 23.23300
v 156772.64062 379381.31250 23.23300
v 156775.78125 379383.75000 23.20800
v 156778.12500 379372.21875 23.22600
v 156782.21875 379375.40625 45.69200
v 156782.21875 379375.40625 23.19400
v 156778.12500 379372.21875 45.69600
v 156779.90625 379369.43750 45.69400
v 156778.64062 379372.21875 45.69600
v 156769.73438 379378.28125 45.70700
v 156798.95312 379368.96875 31.41800
v 156795.12500 379377.31250 31.53200
v 156774.70312 379379.25000 23.22600
v 156774.70312 379379.25000 45.70100
v 156775.95312 379379.18750 46.16200
v 156774.70312 379379.25000 46.16000
v 156775.95312 379379.18750 23.22000
v 156790.92188 379374.46875 45.68300
v 156790.73438 379374.87500 45.68300
v 156794.75000 379370.56250 31.60800
v 156794.75000 379370.56250 45.67800
v 156782.40625 379375.15625 45.69200
v 156780.57812 379378.90625 23.19400
v 156780.65625 379378.75000 23.19400
v 156780.39062 379377.75000 23.19800
v 156780.48438 379377.84375 23.19700
v 156780.65625 379378.12500 23.19500
v 156780.57812 379377.96875 23.19600
v 156780.68750 379378.28125 23.19500
v 156780.70312 379378.43750 23.19400
v 156780.68750 379378.59375 23.19400
v 156780.37500 379379.15625 23.19400
v 156780.23438 379379.25000 23.19500
v 156780.48438 379379.03125 23.19400
v 156780.09375 379379.31250 23.19500
v 156779.93750 379379.37500 23.19600
v 156779.78125 379379.37500 23.19700
v 156776.15625 379383.28125 23.20700
v 156779.60938 379379.37500 23.19800
v 156774.21875 379380.28125 45.70200
v 156774.56250 379380.43750 46.16400
v 156774.56250 379380.43750 23.22400
v 156774.21875 379380.28125 46.16300
v 156774.70312 379380.78125 23.22200
v 156774.70312 379380.78125 46.16600
v 156779.45312 379379.31250 23.19900
v 156779.23438 379379.21875 23.20100
v 156776.10938 379383.25000 23.20800
v 156791.34375 379375.21875 45.68200
v 156791.34375 379375.21875 31.73400
v 156791.03125 379375.46875 31.74600
v 156792.21875 379375.78125 31.68600
v 156793.18750 379373.78125 45.68000
v 156793.18750 379373.78125 31.65700
v 156792.21875 379375.78125 45.68200
v 156795.29688 379372.12500 45.67800
v 156795.29688 379372.12500 31.56800
v 156716.64062 379279.93750 45.25800
v 156702.14062 379324.03125 45.25800
v 156644.45312 379339.90625 45.25800
v 156361.81250 379024.59375 45.25800
v 156357.98438 379032.96875 45.25800
v 156343.57812 379026.34375 45.25800
v 156377.98438 379032.03125 45.25800
v 156399.25000 379051.93750 45.25800
v 156374.07812 379040.34375 45.25800
v 156349.73438 379012.90625 45.25800
v 156619.07812 379196.65625 45.25800
v 156527.84375 379215.59375 45.25800
v 156641.81250 379147.06250 45.25800
v 156812.81250 379337.96875 45.25800
v 156812.03125 379337.62500 45.25800
v 156818.26562 379325.96875 45.25800
v 156876.03125 379321.78125 45.25800
v 156885.15625 379318.15625 45.25800
v 156880.78125 379327.81250 45.25800
v 156633.64062 379202.65625 45.25800
v 156633.29688 379203.15625 45.25800
v 156633.54688 379202.62500 45.25800
v 156740.28125 379280.37500 45.25800
v 156726.89062 379301.34375 45.25800
v 156737.07812 379278.90625 45.25800
v 156663.07812 379143.28125 45.25800
v 156660.98438 379142.34375 45.25800
v 156730.09375 379302.81250 45.25800
v 156715.43750 379326.59375 45.25800
v 156724.26562 379307.15625 45.25800
v 156727.45312 379308.59375 45.25800
v 156844.82812 379287.46875 45.25800
v 156843.15625 379291.15625 45.25800
v 156835.67188 379287.71875 45.25800
v 156832.68750 379294.34375 45.25800
v 156827.45312 379279.59375 45.25800
v 156829.56250 379300.84375 45.25800
v 156874.57812 379324.96875 45.25800
v 156820.09375 379314.62500 45.25800
v 156786.37500 379335.09375 45.25800
v 156817.67188 379319.93750 45.25800
v 156822.78125 379315.84375 45.25800
v 156742.92188 379274.56250 45.25800
v 156820.54688 379321.25000 45.25800
v 156810.98438 379338.09375 45.25800
v 156810.48438 379337.78125 45.25800
v 156810.40625 379337.65625 45.25800
v 156818.37500 379326.03125 45.25800
v 156811.92188 379337.78125 45.25800
v 156811.81250 379337.90625 45.25800
v 156811.65625 379338.00000 45.25800
v 156811.14062 379338.12500 45.25800
v 156811.51562 379338.09375 45.25800
v 156811.32812 379338.12500 45.25800
v 156810.59375 379337.90625 45.25800
v 156810.71875 379338.00000 45.25800
v 156810.82812 379338.06250 45.25800
v 156810.32812 379337.43750 45.25800
v 156810.35938 379336.87500 45.25800
v 156713.14062 379332.90625 45.25800
v 156778.00000 379353.31250 45.25800
v 156810.15625 379336.78125 45.25800
v 156806.75000 379344.34375 45.25800
v 156810.29688 379337.28125 45.25800
v 156810.29688 379337.09375 45.25800
v 156663.12500 379143.18750 45.25800
v 156850.75000 379228.18750 45.25800
v 156735.53125 379258.46875 45.25800
v 156703.75000 379324.78125 45.25800
v 156699.12500 379330.78125 45.25800
v 156685.15625 379349.40625 45.25800
v 156689.70312 379351.46875 45.25800
v 156718.65625 379275.50000 45.25800
v 156745.42188 379268.87500 45.25800
v 156747.75000 379263.81250 45.25800
v 156739.71875 379273.12500 45.25800
v 156742.28125 379267.40625 45.25800
v 156726.25000 379278.93750 45.25800
v 156622.35938 379225.93750 45.25800
v 156700.71875 379331.56250 45.25800
v 156721.20312 379282.00000 45.25800
v 156586.42188 379305.18750 45.25800
v 156603.78125 379266.90625 45.25800
v 156681.79688 379356.81250 45.25800
v 156580.09375 379319.18750 45.25800
v 156641.28125 379346.90625 45.25800
v 156596.71875 379271.31250 45.25800
v 156524.06250 379223.71875 45.25800
v 156382.15625 379158.59375 45.25800
v 156582.21875 379303.28125 45.25800
v 156595.28125 379270.65625 45.25800
v 156598.14062 379264.37500 45.25800
v 156608.50000 379219.65625 45.25800
v 156596.00000 379246.84375 45.25800
v 156363.31250 379130.09375 45.25800
v 156378.54688 379166.78125 45.25800
v 156352.35938 379154.78125 45.25800
v 156356.64062 379145.50000 45.25800
v 156361.81250 379024.59375 17.57500
v 156357.98438 379032.96875 17.57500
v 156343.57812 379026.34375 17.57500
v 156349.73438 379012.90625 17.57500
v 156641.81250 379147.06250 17.57500
v 156619.07812 379196.65625 17.57500
v 156633.29688 379203.15625 17.57500
v 156633.54688 379202.62500 17.57500
v 156633.64062 379202.65625 17.57500
v 156660.98438 379142.34375 17.57500
v 156663.07812 379143.28125 17.57500
v 156663.12500 379143.18750 17.57500
v 156850.75000 379228.18750 17.57500
v 156827.45312 379279.59375 17.57500
v 156844.82812 379287.46875 17.57500
v 156843.15625 379291.15625 17.57500
v 156835.67188 379287.71875 17.57500
v 156832.68750 379294.34375 17.57500
v 156885.15625 379318.15625 17.57500
v 156880.78125 379327.81250 17.57500
v 156874.57812 379324.96875 17.57500
v 156876.03125 379321.78125 17.57500
v 156829.56250 379300.84375 17.57500
v 156822.78125 379315.84375 17.57500
v 156820.09375 379314.62500 17.57500
v 156817.67188 379319.93750 17.57500
v 156820.54688 379321.25000 17.57500
v 156818.37500 379326.03125 17.57500
v 156818.26562 379325.96875 17.57500
v 156812.81250 379337.96875 17.57500
v 156812.03125 379337.62500 17.57500
v 156811.92188 379337.78125 17.57500
v 156811.81250 379337.90625 17.57500
v 156811.65625 379338.00000 17.57500
v 156811.51562 379338.09375 17.57500
v 156811.32812 379338.12500 17.57500
v 156811.14062 379338.12500 17.57500
v 156810.98438 379338.09375 17.57500
v 156810.82812 379338.06250 17.57500
v 156810.71875 379338.00000 17.57500
v 156810.59375 379337.90625 17.57500
v 156810.48438 379337.78125 17.57500
v 156810.40625 379337.65625 17.57500
v 156810.32812 379337.43750 17.57500
v 156810.29688 379337.28125 17.57500
v 156810.29688 379337.09375 17.57500
v 156810.35938 379336.87500 17.57500
v 156810.15625 379336.78125 17.57500
v 156806.75000 379344.34375 17.57500
v 156786.37500 379335.09375 17.57500
v 156778.00000 379353.31250 17.57500
v 156713.14062 379332.90625 17.57500
v 156715.43750 379326.59375 17.57500
v 156724.26562 379307.15625 17.57500
v 156727.45312 379308.59375 17.57500
v 156730.09375 379302.81250 17.57500
v 156726.89062 379301.34375 17.57500
v 156737.07812 379278.90625 17.57500
v 156740.28125 379280.37500 17.57500
v 156742.92188 379274.56250 17.57500
v 156739.71875 379273.12500 17.57500
v 156742.28125 379267.40625 17.57500
v 156745.42188 379268.87500 17.57500
v 156747.75000 379263.81250 17.57500
v 156735.53125 379258.46875 17.57500
v 156726.25000 379278.93750 17.57500
v 156718.65625 379275.50000 17.57500
v 156716.64062 379279.93750 17.57500
v 156721.20312 379282.00000 17.57500
v 156702.14062 379324.03125 17.57500
v 156703.75000 379324.78125 17.57500
v 156700.71875 379331.56250 17.57500
v 156699.12500 379330.78125 17.57500
v 156689.70312 379351.46875 17.57500
v 156685.15625 379349.40625 17.57500
v 156681.79688 379356.81250 17.57500
v 156644.45312 379339.90625 17.57500
v 156641.28125 379346.90625 17.57500
v 156580.09375 379319.18750 17.57500
v 156586.42188 379305.18750 17.57500
v 156582.21875 379303.28125 17.57500
v 156596.71875 379271.31250 17.57500
v 156595.28125 379270.65625 17.57500
v 156598.14062 379264.37500 17.57500
v 156603.78125 379266.90625 17.57500
v 156622.35938 379225.93750 17.57500
v 156608.50000 379219.65625 17.57500
v 156596.00000 379246.84375 17.57500
v 156527.84375 379215.59375 17.57500
v 156524.06250 379223.71875 17.57500
v 156382.15625 379158.59375 17.57500
v 156378.54688 379166.78125 17.57500
v 156352.35938 379154.78125 17.57500
v 156356.64062 379145.50000 17.57500
v 156363.31250 379130.09375 17.57500
v 156399.25000 379051.93750 17.57500
v 156374.07812 379040.34375 17.57500
v 156377.98438 379032.03125 17.57500
v 156615.75000 379203.84375 45.25800
v 156627.39062 379209.21875 17.57500
v 156615.75000 379203.84375 17.57500
v 156627.39062 379209.21875 45.25800
v 156611.59375 379212.90625 45.25800
v 156611.59375 379212.90625 17.57500
v 156625.12500 379219.03125 45.25800
v 156625.12500 379219.03125 17.57500
v 156629.21875 379210.00000 45.25800
v 156629.21875 379210.00000 17.57500
v 157106.39062 379357.81250 18.03500
v 157094.79688 379391.81250 18.03500
v 157109.34375 379359.71875 18.03500
v 157139.04688 379421.65625 18.03500
v 157137.62500 379423.81250 18.03500
v 157137.98438 379423.96875 18.03500
v 157097.21875 379354.18750 18.03500
v 157097.75000 379350.65625 18.03500
v 157096.34375 379353.75000 18.03500
v 156947.43750 379379.40625 18.03500
v 157008.79688 379398.34375 18.03500
v 156950.76562 379372.03125 18.03500
v 157145.37500 379378.81250 18.03500
v 157154.29688 379387.03125 18.03500
v 157157.32812 379380.31250 18.03500
v 157109.57812 379359.25000 18.03500
v 157107.50000 379355.31250 18.03500
v 157107.57812 379355.12500 18.03500
v 156980.39062 379340.59375 18.03500
v 156962.70312 379345.75000 18.03500
v 156990.37500 379345.06250 18.03500
v 157128.59375 379407.09375 18.03500
v 157128.46875 379407.03125 18.03500
v 157123.37500 379418.59375 18.03500
v 156951.20312 379371.06250 18.03500
v 157082.64062 379386.31250 18.03500
v 156945.14062 379433.62500 18.03500
v 156942.21875 379432.28125 18.03500
v 156979.54688 379340.21875 18.03500
v 157048.51562 379339.53125 18.03500
v 157061.20312 379337.31250 18.03500
v 157060.43750 379336.96875 18.03500
v 156967.98438 379334.93750 18.03500
v 157051.31250 379333.34375 18.03500
v 157051.81250 379329.81250 18.03500
v 157050.40625 379332.90625 18.03500
v 157048.35938 379339.43750 18.03500
v 157046.43750 379338.56250 18.03500
v 157063.64062 379338.40625 18.03500
v 157063.50000 379338.68750 18.03500
v 157061.65625 379334.28125 18.03500
v 157020.34375 379326.75000 18.03500
v 157015.15625 379324.37500 18.03500
v 156990.60938 379345.18750 18.03500
v 157051.25000 379333.46875 18.03500
v 157048.85938 379371.03125 18.03500
v 157043.21875 379337.12500 18.03500
v 157014.76562 379324.18750 18.03500
v 156967.07812 379334.50000 18.03500
v 156951.89062 379340.84375 18.03500
v 157017.34375 379318.53125 18.03500
v 157017.75000 379317.59375 18.03500
v 157014.54688 379316.12500 18.03500
v 157004.79688 379312.21875 18.03500
v 157005.90625 379309.00000 18.03500
v 157004.50000 379312.06250 18.03500
v 157005.45312 379312.50000 18.03500
v 157015.78125 379313.46875 18.03500
v 157015.64062 379313.40625 18.03500
v 157005.46875 379405.71875 18.03500
v 156941.29688 379339.09375 18.03500
v 156950.73438 379343.37500 18.03500
v 156972.50000 379297.56250 18.03500
v 156972.57812 379297.59375 18.03500
v 156973.87500 379294.65625 18.03500
v 156957.03125 379329.96875 18.03500
v 156937.95312 379334.96875 18.03500
v 156936.96875 379337.12500 18.03500
v 156980.57812 379337.93750 18.03500
v 156969.00000 379332.68750 18.03500
v 156956.84375 379329.87500 18.03500
v 156971.67188 379297.18750 18.03500
v 156964.17188 379290.03125 18.03500
v 156963.43750 379291.59375 18.03500
v 156973.96875 379294.46875 18.03500
v 157120.35938 379425.21875 18.03500
v 157133.64062 379431.18750 18.03500
v 156962.90625 379292.71875 18.03500
v 156958.73438 379290.81250 18.03500
v 156958.09375 379290.53125 18.03500
v 156954.62500 379435.84375 18.03500
v 156960.87500 379438.65625 18.03500
v 156925.50000 379427.78125 18.03500
v 156937.62500 379433.28125 18.03500
v 156938.78125 379430.71875 18.03500
v 156938.87500 379430.78125 18.03500
v 156953.84375 379437.56250 18.03500
v 156972.46875 379446.00000 18.03500
v 156962.28125 379439.31250 18.03500
v 156968.68750 379444.28125 18.03500
v 156972.56250 379446.06250 18.03500
v 156983.53125 379454.09375 18.03500
v 157010.43750 379394.78125 18.03500
v 157010.73438 379394.90625 18.03500
v 156961.50000 379441.03125 18.03500
v 157017.32812 379397.90625 18.03500
v 157043.51562 379409.81250 18.03500
v 157066.62500 379392.84375 18.03500
v 157037.28125 379406.96875 18.03500
v 157014.70312 379403.68750 18.03500
v 157034.62500 379412.84375 18.03500
v 156971.60938 379448.43750 18.03500
v 156971.76562 379447.81250 18.03500
v 157014.67188 379403.75000 18.03500
v 156971.40625 379448.59375 18.03500
v 156971.51562 379448.37500 18.03500
v 157009.34375 379397.15625 18.03500
v 157055.81250 379374.15625 18.03500
v 157044.18750 379410.09375 18.03500
v 157055.57812 379417.21875 18.03500
v 157056.14062 379415.96875 18.03500
v 157058.29688 379375.28125 18.03500
v 157066.73438 379392.87500 18.03500
v 157082.48438 379386.21875 18.03500
v 157043.00000 379412.68750 18.03500
v 157077.43750 379397.75000 18.03500
v 157017.32812 379469.21875 18.03500
v 157029.40625 379474.93750 18.03500
v 157081.60938 379402.71875 18.03500
v 157077.29688 379398.06250 18.03500
v 157076.54688 379400.03125 18.03500
v 157076.42188 379400.00000 18.03500
v 157076.40625 379400.34375 18.03500
v 157089.00000 379404.53125 18.03500
v 157088.43750 379405.81250 18.03500
v 157089.48438 379403.46875 18.03500
v 157089.59375 379403.25000 18.03500
v 157100.42188 379408.15625 18.03500
v 157099.90625 379409.28125 18.03500
v 157112.39062 379414.06250 18.03500
v 157088.46875 379434.50000 18.03500
v 157100.59375 379440.00000 18.03500
v 157112.56250 379413.71875 18.03500
v 157112.89062 379413.84375 18.03500
v 157123.28125 379418.56250 18.03500
v 157133.60938 379431.25000 18.03500
v 157134.15625 379431.40625 18.03500
v 157138.90625 379420.96875 18.03500
v 157143.50000 379423.06250 18.03500
v 157143.25000 379423.56250 18.03500
v 157146.81250 379375.56250 18.03500
v 157144.89062 379379.90625 18.03500
v 157140.68750 379378.00000 18.03500
v 157140.18750 379381.50000 18.03500
v 157139.29688 379381.09375 18.03500
v 157140.14062 379381.62500 18.03500
v 157123.28125 379418.56250 30.80200
v 157123.37500 379418.59375 33.44200
v 157123.28125 379418.56250 33.44200
v 157103.39062 379422.62500 32.55700
v 157103.79688 379422.03125 32.55800
v 157103.79688 379422.03125 29.82800
v 157103.39062 379422.62500 29.82400
v 156967.98438 379334.93750 25.44100
v 156969.00000 379332.68750 25.46800
v 157143.50000 379423.06250 33.38600
v 157138.90625 379420.96875 33.39900
v 156980.57812 379337.93750 25.46600
v 156973.96875 379294.46875 32.75800
v 156964.17188 379290.03125 32.77000
v 156973.87500 379294.65625 32.75700
v 156963.15625 379344.93750 29.75400
v 156974.65625 379351.84375 30.48800
v 156974.65625 379351.84375 29.75500
v 156963.15625 379344.93750 30.59200
v 157015.78125 379313.46875 30.74400
v 157014.54688 379316.12500 30.76000
v 156972.57812 379297.59375 32.73700
v 157016.51562 379317.65625 29.75400
v 157017.34375 379318.53125 30.71800
v 157017.34375 379318.53125 29.75400
v 157016.51562 379317.65625 30.73100
v 157050.40625 379332.90625 32.72600
v 157051.81250 379329.81250 32.74300
v 157042.42188 379353.59375 29.07300
v 157042.42188 379353.59375 29.75800
v 157039.57812 379359.71875 29.07300
v 157042.42188 379353.59375 30.66500
v 157039.57812 379359.71875 30.66400
v 157045.84375 379408.96875 29.76400
v 157050.50000 379398.93750 30.83500
v 157050.50000 379398.93750 29.76300
v 157045.84375 379408.96875 30.85300
v 157060.43750 379336.96875 32.71900
v 157061.65625 379334.28125 32.73400
v 157051.31250 379333.34375 32.72500
v 157051.25000 379333.46875 32.72400
v 157051.25000 379333.46875 30.63100
v 157061.20312 379337.31250 30.64200
v 157061.20312 379337.31250 32.71800
v 157096.34375 379353.75000 32.68200
v 157097.75000 379350.65625 32.69900
v 157061.07812 379337.65625 32.71600
v 157061.07812 379337.65625 30.64200
v 157107.57812 379355.12500 32.69000
v 157097.21875 379354.18750 30.69700
v 157097.81250 379354.46875 32.68000
v 157097.81250 379354.46875 30.66600
v 157097.21875 379354.18750 32.68100
v 157139.29688 379381.09375 34.81900
v 157140.68750 379378.00000 34.82200
v 157139.04688 379421.65625 33.39900
v 157137.98438 379423.96875 33.40100
v 157140.18750 379381.50000 34.80800
v 157140.14062 379381.62500 34.80800
v 157140.14062 379381.62500 33.40600
v 157146.81250 379375.56250 29.75100
v 157157.32812 379380.31250 29.82400
v 157143.25000 379423.56250 33.38700
v 157133.23438 379415.56250 33.41600
v 157133.18750 379415.71875 36.00400
v 157133.18750 379415.71875 33.41600
v 157133.23438 379415.56250 36.00500
v 157128.59375 379407.09375 33.43100
v 157038.75000 379402.31250 22.90000
v 157039.90625 379401.84375 23.75300
v 157039.90625 379401.84375 22.89800
v 157038.75000 379402.31250 24.10300
v 157109.68750 379416.68750 29.87200
v 157109.76562 379416.53125 32.09000
v 157109.76562 379416.53125 29.87300
v 157109.68750 379416.68750 32.09100
v 157110.50000 379416.50000 32.06200
v 157110.50000 379416.50000 30.63300
v 157110.50000 379416.50000 29.87700
v 157028.82812 379360.84375 29.99700
v 157028.98438 379358.06250 30.46800
v 157028.98438 379358.06250 30.00100
v 157028.82812 379360.84375 30.75600
v 157120.35938 379425.21875 33.44800
v 157058.29688 379375.28125 29.76100
v 157082.48438 379386.21875 29.76400
v 157103.26562 379406.75000 30.77100
v 157101.51562 379408.06250 31.04800
v 157101.51562 379408.06250 30.77400
v 157103.26562 379406.75000 31.19300
v 157095.64062 379401.34375 30.75800
v 157093.68750 379400.62500 30.75600
v 157093.68750 379400.62500 30.32300
v 157095.64062 379401.34375 30.30700
v 157094.29688 379399.09375 30.27800
v 157093.68750 379400.62500 29.76600
v 157094.29688 379399.09375 29.76600
v 157052.37500 379412.43750 29.76500
v 157052.10938 379413.09375 30.70800
v 157052.10938 379413.09375 29.76500
v 157052.37500 379412.43750 30.71500
v 157054.32812 379414.21875 33.77500
v 157052.10938 379413.09375 33.77700
v 157054.32812 379414.21875 30.61300
v 156971.76562 379447.81250 40.58200
v 156971.60938 379448.43750 40.58200
v 156999.00000 379390.96875 40.59500
v 156997.87500 379393.43750 40.59500
v 156997.87500 379393.43750 30.83800
v 156999.00000 379390.96875 30.76900
v 157055.06250 379394.18750 29.76300
v 157053.65625 379390.43750 30.76900
v 157053.65625 379390.43750 29.76300
v 157055.06250 379394.18750 30.97600
v 157052.46875 379394.09375 30.80800
v 157052.46875 379394.09375 29.76300
v 157008.79688 379398.34375 40.58100
v 157009.34375 379397.15625 40.58100
v 157009.34375 379397.15625 29.76100
v 157037.28125 379406.96875 22.90800
v 157034.62500 379412.84375 22.91900
v 156990.60938 379345.18750 29.75500
v 156990.37500 379345.06250 29.75500
v 156990.37500 379345.06250 22.35300
v 157005.46875 379405.71875 40.57900
v 156946.10938 379419.87500 25.24500
v 156947.90625 379419.65625 25.32600
v 156947.90625 379419.65625 25.06400
v 156946.10938 379419.87500 24.66900
v 156944.10938 379424.59375 25.26000
v 156944.10938 379424.59375 23.70100
v 156983.06250 379422.68750 25.16400
v 156983.48438 379422.75000 40.58800
v 156983.48438 379422.75000 25.15500
v 156983.06250 379422.68750 40.58800
v 157029.40625 379474.93750 40.55800
v 157017.32812 379469.21875 40.56900
v 156983.53125 379454.09375 40.56700
v 156971.40625 379448.59375 40.58200
v 156954.62500 379435.84375 23.74700
v 156960.87500 379438.65625 23.82600
v 156960.87500 379438.65625 23.57300
v 156975.62500 379439.03125 23.15100
v 156975.62500 379439.03125 25.20200
v 156972.46875 379446.00000 21.95100
v 156975.62500 379439.03125 40.58400
v 156972.46875 379446.00000 40.58200
v 157082.71875 379386.87500 29.76400
v 157097.81250 379354.46875 29.76100
v 157082.71875 379386.87500 30.69100
v 157054.57812 379387.37500 29.37100
v 157051.70312 379393.18750 30.73200
v 157051.70312 379393.18750 22.87300
v 157054.57812 379387.37500 30.73200
v 157051.70312 379393.18750 22.52200
v 157054.57812 379387.37500 22.51400
v 156953.84375 379437.56250 23.31500
v 156945.14062 379433.62500 22.55600
v 156945.14062 379433.62500 23.20400
v 156925.50000 379427.78125 40.60200
v 156947.43750 379379.40625 40.60300
v 156962.28125 379439.31250 23.53200
v 156937.62500 379433.28125 40.64100
v 156938.78125 379430.71875 40.64100
v 156957.03125 379329.96875 22.33900
v 156956.84375 379329.87500 29.75200
v 156957.03125 379329.96875 29.75200
v 156953.98438 379336.96875 29.37100
v 156953.98438 379336.96875 29.75200
v 156953.98438 379336.96875 22.33900
v 157106.15625 379358.28125 32.67200
v 157106.15625 379358.28125 30.63900
v 157106.15625 379358.28125 29.76200
v 156951.89062 379340.84375 29.75300
v 156962.70312 379345.75000 29.75400
v 156950.73438 379343.37500 29.75300
v 156940.57812 379335.50000 30.25500
v 156938.54688 379335.09375 30.26000
v 156938.54688 379335.09375 29.75100
v 156940.57812 379335.50000 29.75200
v 156941.28125 379338.34375 29.75200
v 156942.10938 379336.96875 30.25500
v 156942.10938 379336.96875 29.75200
v 156941.28125 379338.34375 30.25900
v 156941.29688 379339.09375 29.75200
v 156941.29688 379339.09375 30.26100
v 156937.95312 379334.96875 30.26100
v 156936.96875 379337.12500 30.26800
v 156971.67188 379297.18750 29.74900
v 156962.90625 379292.71875 29.74800
v 156958.73438 379290.81250 29.74800
v 156962.73438 379387.09375 22.85400
v 156964.64062 379382.90625 22.85600
v 156964.64062 379382.90625 18.03500
v 156962.73438 379387.09375 18.03500
v 156964.28125 379382.71875 22.85500
v 156964.28125 379382.71875 18.03500
v 156962.68750 379373.31250 29.75700
v 156966.01562 379367.34375 29.75600
v 156966.01562 379367.34375 22.85200
v 156962.68750 379373.31250 22.84700
v 157008.73438 379397.56250 40.58200
v 157008.73438 379397.56250 29.76100
v 156999.00000 379390.96875 29.76000
v 156967.75000 379400.25000 18.03500
v 156971.84375 379391.21875 25.72200
v 156971.84375 379391.21875 18.03500
v 156967.75000 379400.25000 26.02400
v 156968.65625 379389.78125 25.79200
v 156968.65625 379389.78125 18.03500
v 156975.75000 379403.87500 25.84600
v 156975.75000 379403.87500 18.03500
v 156979.12500 379396.40625 25.59600
v 156979.12500 379396.40625 18.03500
v 156977.32812 379425.68750 25.25900
v 156977.43750 379425.68750 26.21700
v 156977.43750 379425.68750 25.25700
v 156977.32812 379425.68750 26.22000
v 156984.57812 379410.56250 25.70100
v 156984.57812 379410.56250 25.21700
v 156980.98438 379427.28125 40.58700
v 156980.98438 379427.28125 25.17400
v 156964.81250 379388.03125 18.03500
v 156964.81250 379388.03125 22.85900
v 156992.31250 379402.37500 25.30300
v 156992.31250 379402.37500 18.03500
v 156998.12500 379390.37500 22.51300
v 156998.12500 379390.37500 29.76000
v 156997.85938 379390.18750 22.50900
v 156998.12500 379390.37500 30.73700
v 156997.85938 379390.18750 30.72700
v 156997.21875 379391.59375 30.76600
v 156997.21875 379391.59375 18.03500
v 156997.85938 379390.18750 18.03500
v 157144.73438 379391.21875 36.03300
v 157139.78125 379400.28125 36.08000
v 157139.78125 379400.28125 33.40200
v 157144.73438 379391.21875 33.39100
v 156999.32812 379361.75000 29.38800
v 156998.90625 379362.37500 29.38400
v 156998.90625 379362.37500 29.44500
v 157000.07812 379360.62500 29.28500
v 157000.07812 379360.62500 29.39500
v 157001.95312 379363.68750 29.39800
v 157001.95312 379363.68750 22.92500
v 156998.90625 379362.37500 22.91800
v 156984.48438 379364.62500 24.28800
v 156984.75000 379364.34375 24.29400
v 156984.75000 379364.34375 22.88900
v 156984.48438 379364.62500 22.88900
v 156986.40625 379364.56250 24.31800
v 156986.40625 379364.56250 22.89300
v 157145.31250 379391.90625 33.39000
v 157145.31250 379391.90625 36.04600
v 157111.20312 379410.21875 32.10600
v 157109.03125 379413.34375 32.15600
v 157109.03125 379413.34375 31.52200
v 157111.20312 379410.21875 31.10100
v 156967.64062 379375.31250 22.85900
v 156971.45312 379377.06250 22.86700
v 156971.45312 379377.06250 18.03500
v 156967.64062 379375.31250 18.03500
v 156968.84375 379382.84375 22.86500
v 156968.84375 379382.84375 18.03500
v 156950.76562 379372.03125 40.60300
v 157109.34375 379359.71875 29.76200
v 157109.57812 379359.25000 30.70900
v 157109.34375 379359.71875 30.70800
v 156951.20312 379371.06250 29.75600
v 156951.20312 379371.06250 40.60300
v 157046.59375 379413.68750 40.58900
v 157045.76562 379414.03125 40.59000
v 157045.76562 379414.03125 39.51100
v 157046.59375 379413.68750 39.40300
v 157044.59375 379412.28125 39.36200
v 157044.59375 379412.28125 37.32100
v 157046.59375 379413.68750 37.27700
v 157049.79688 379415.93750 41.08100
v 157050.67188 379416.37500 41.08300
v 157050.67188 379416.37500 40.58500
v 157049.79688 379415.93750 40.58600
v 156971.51562 379448.37500 40.58200
v 157090.50000 379401.00000 30.75600
v 157090.50000 379401.00000 29.76600
v 157076.54688 379400.03125 30.34100
v 157076.40625 379400.34375 30.34900
v 157112.39062 379414.06250 30.62000
v 157112.39062 379414.06250 32.01400
v 157112.56250 379413.71875 32.01200
v 157112.89062 379413.84375 31.99800
v 157112.89062 379413.84375 30.78900
v 157040.14062 379360.34375 30.73400
v 157043.10938 379354.03125 30.74000
v 157043.10938 379354.03125 29.75800
v 157040.14062 379360.34375 29.75900
v 157049.21875 379415.53125 41.07900
v 157049.21875 379415.53125 40.58700
v 157050.26562 379414.84375 41.08200
v 157050.26562 379414.84375 37.19300
v 157049.21875 379415.53125 37.22100
v 157068.60938 379391.09375 30.72900
v 157068.60938 379391.09375 29.76300
v 156987.43750 379351.75000 29.75600
v 156987.43750 379351.75000 22.35600
v 157004.50000 379312.06250 32.69900
v 157004.79688 379312.21875 32.69900
v 157004.79688 379312.21875 29.75200
v 157004.82812 379312.12500 32.70000
v 157004.82812 379312.12500 29.75200
v 157005.45312 379312.50000 29.75200
v 156938.87500 379430.78125 40.64200
v 156938.87500 379430.78125 21.89000
v 156954.67188 379399.46875 25.48900
v 156956.67188 379400.21875 25.69500
v 156956.67188 379400.21875 25.29000
v 156954.67188 379399.46875 25.17600
v 156945.82812 379413.96875 25.09300
v 156950.92188 379401.68750 40.63900
v 156950.92188 379401.68750 25.04900
v 156945.82812 379413.96875 40.64000
v 156954.15625 379400.56250 40.64600
v 156954.67188 379399.46875 40.64600
v 156954.15625 379400.56250 25.17800
v 156961.46875 379376.28125 29.75700
v 156961.46875 379376.28125 40.63700
v 156961.46875 379376.28125 22.84600
v 156968.03125 379363.75000 29.75600
v 156969.89062 379360.40625 29.75600
v 156969.89062 379360.40625 22.85600
v 156968.03125 379363.75000 22.85400
v 156970.39062 379360.62500 29.75600
v 156970.39062 379360.62500 22.85800
v 157034.14062 379349.40625 30.02000
v 157034.92188 379348.46875 30.52100
v 157034.92188 379348.46875 30.02200
v 157034.14062 379349.40625 30.64900
v 156974.10938 379352.37500 29.75500
v 156974.65625 379351.84375 22.55000
v 156974.10938 379352.37500 22.54700
v 156974.65625 379351.84375 22.54300
v 156986.31250 379352.62500 29.41800
v 156986.01562 379353.00000 30.69700
v 156986.01562 379353.00000 29.41300
v 156986.31250 379352.62500 30.69600
v 156975.65625 379350.03125 30.51200
v 156977.12500 379347.37500 30.54700
v 156977.12500 379347.37500 29.42600
v 156975.65625 379350.03125 29.39600
v 156978.10938 379345.62500 25.37900
v 156977.78125 379344.40625 25.38900
v 156977.78125 379344.40625 22.33200
v 156978.10938 379345.62500 22.33400
v 156980.39062 379340.59375 25.43900
v 156980.39062 379340.59375 22.33200
v 157025.85938 379393.09375 25.57700
v 157027.21875 379398.15625 25.58500
v 157027.21875 379398.15625 22.90700
v 157025.85938 379393.09375 22.90100
v 157099.75000 379430.28125 29.78700
v 157102.79688 379424.06250 32.57500
v 157102.79688 379424.06250 29.81800
v 157099.75000 379430.28125 32.62900
v 157033.57812 379346.81250 30.42000
v 157033.57812 379346.81250 30.02400
v 157109.03125 379413.34375 29.87600
v 157109.29688 379413.53125 29.87700
v 157109.29688 379413.53125 32.14300
v 157121.96875 379414.40625 30.79200
v 157121.35938 379414.93750 30.79300
v 157121.35938 379414.93750 29.76800
v 157121.96875 379414.40625 29.76800
v 157135.40625 379408.96875 36.06300
v 157134.81250 379410.71875 36.04800
v 157134.81250 379410.71875 35.12400
v 157134.50000 379408.50000 33.41400
v 157133.68750 379410.18750 35.08800
v 157133.68750 379410.18750 33.41600
v 157134.50000 379408.50000 36.04300
v 157148.12500 379385.31250 33.38400
v 157147.34375 379390.09375 34.69400
v 157147.34375 379390.09375 33.38500
v 157148.12500 379385.31250 34.71100
v 157063.64062 379338.40625 30.67400
v 157038.62500 379367.87500 31.04800
v 157036.48438 379368.43750 30.97800
v 157036.48438 379368.43750 29.96400
v 157038.62500 379367.87500 29.76000
v 157036.48438 379368.43750 29.76000
v 157037.20312 379371.53125 30.99600
v 157037.20312 379371.53125 29.76000
v 157020.46875 379349.71875 30.46500
v 157019.59375 379351.68750 30.68500
v 157019.59375 379351.68750 30.00100
v 157020.46875 379349.71875 30.00500
v 157020.95312 379350.00000 30.00500
v 157020.95312 379350.00000 30.47400
v 157033.93750 379388.31250 23.44500
v 157033.03125 379390.81250 23.74300
v 157033.03125 379390.81250 22.89000
v 157033.93750 379388.31250 22.88600
v 157048.35938 379339.43750 29.12700
v 157046.43750 379338.56250 29.33500
v 157046.43750 379338.56250 29.01600
v 157014.76562 379324.18750 29.75400
v 156994.51562 379374.84375 24.38800
v 156998.15625 379367.78125 24.47900
v 156998.15625 379367.78125 22.91900
v 156994.51562 379374.84375 22.91400
v 157043.56250 379409.71875 30.73100
v 157043.56250 379409.71875 22.90500
v 157048.51562 379339.53125 30.63400
v 157048.35938 379339.43750 30.61800
v 157048.32812 379339.50000 30.61800
v 157048.32812 379339.50000 29.75700
v 157048.32812 379339.50000 29.12600
v 157066.96875 379392.65625 30.73300
v 157068.60938 379391.09375 31.19300
v 157066.96875 379392.65625 31.19100
v 157036.54688 379368.03125 29.99200
v 157035.96875 379367.75000 30.01500
v 157035.96875 379367.75000 29.76000
v 157036.54688 379368.03125 29.76000
v 157043.57812 379384.06250 26.88400
v 157043.87500 379384.21875 27.23900
v 157043.87500 379384.21875 22.86900
v 157043.57812 379384.06250 22.86900
v 157043.57812 379384.06250 30.96500
v 157044.79688 379384.31250 30.94600
v 157044.79688 379384.31250 29.39800
v 157044.79688 379384.31250 28.21600
v 157044.79688 379384.31250 28.75400
v 157031.51562 379380.59375 24.40800
v 157032.98438 379380.65625 30.25100
v 157032.98438 379380.65625 24.40700
v 157031.51562 379380.59375 30.27200
v 157039.42188 379394.09375 22.88800
v 157041.29688 379390.84375 23.38600
v 157041.29688 379390.84375 22.88100
v 157039.42188 379394.09375 23.80200
v 157042.56250 379384.90625 22.87200
v 157042.56250 379384.90625 29.84500
v 157042.84375 379385.00000 22.87100
v 157042.56250 379384.90625 31.03000
v 157042.84375 379385.00000 31.02800
v 157065.89062 379392.31250 31.19000
v 157065.89062 379392.31250 29.76300
v 157066.96875 379392.65625 29.76400
v 157102.93750 379409.75000 31.11400
v 157102.93750 379409.75000 29.85000
v 157101.51562 379408.06250 29.84600
v 156992.31250 379402.37500 40.59400
v 156997.21875 379391.59375 40.59600
v 156995.85938 379364.25000 24.61600
v 156996.04688 379363.90625 24.90700
v 156996.04688 379363.90625 22.91300
v 156995.85938 379364.25000 22.91200
v 156998.56250 379360.53125 30.98000
v 156998.18750 379360.25000 31.55600
v 156998.18750 379360.25000 30.97200
v 156998.56250 379360.53125 30.96700
v 156997.46875 379361.50000 31.56400
v 156997.46875 379361.50000 29.83000
v 156998.18750 379360.25000 29.83000
v 157026.76562 379370.93750 30.84800
v 157026.25000 379371.15625 30.91200
v 157026.25000 379371.15625 29.51500
v 157026.76562 379370.93750 29.00700
v 157026.25000 379371.15625 28.96200
v 157022.57812 379369.25000 29.49900
v 157022.57812 379369.25000 28.97900
v 157097.28125 379431.96875 29.70800
v 157097.96875 379429.40625 29.70800
v 157097.96875 379429.40625 18.03500
v 157097.28125 379431.96875 18.03500
v 156956.70312 379387.75000 40.63800
v 156956.70312 379387.75000 22.84200
v 156988.76562 379392.00000 22.91000
v 156991.42188 379386.12500 22.91300
v 156991.42188 379386.12500 18.03500
v 156988.76562 379392.00000 18.03500
v 156991.53125 379386.18750 22.91300
v 156991.53125 379386.18750 22.42200
v 156991.53125 379386.18750 18.03500
v 156980.57812 379366.46875 23.69400
v 156981.68750 379367.09375 23.70500
v 156981.68750 379367.09375 22.88400
v 156980.57812 379366.46875 22.88200
v 157020.39062 379353.31250 30.38800
v 157018.51562 379353.40625 30.47700
v 157018.51562 379353.40625 29.99700
v 157020.39062 379353.31250 29.99900
v 157102.50000 379423.90625 32.55400
v 157102.50000 379423.90625 29.81600
v 157102.50000 379423.90625 33.41300
v 157103.39062 379422.62500 33.43900
v 157099.85938 379422.46875 33.40200
v 157099.85938 379422.46875 32.36700
v 157099.71875 379423.00000 32.37800
v 157099.71875 379423.00000 29.80300
v 157099.85938 379422.46875 29.80500
v 156965.15625 379339.62500 30.66300
v 156964.12500 379342.34375 30.62700
v 156964.12500 379342.34375 29.35000
v 156965.15625 379339.62500 25.38200
v 156964.12500 379342.34375 22.34600
v 156965.15625 379339.62500 22.34600
v 157106.46875 379407.37500 30.77300
v 157105.56250 379409.62500 30.77800
v 157105.56250 379409.62500 30.33200
v 157106.46875 379407.37500 30.26600
v 157106.01562 379409.90625 30.77900
v 157106.01562 379409.90625 30.33000
v 156974.28125 379352.50000 29.75500
v 156974.28125 379352.50000 22.54300
v 156970.75000 379358.84375 29.75500
v 156970.75000 379358.84375 22.54100
v 156976.14062 379350.34375 30.50700
v 156976.14062 379350.34375 29.39500
v 156976.06250 379428.62500 25.26500
v 156977.20312 379426.21875 26.23500
v 156977.20312 379426.21875 25.25800
v 156976.06250 379428.62500 26.31700
v 157043.00000 379412.68750 37.36100
v 157043.00000 379412.68750 40.59200
v 157111.56250 379413.78125 30.62000
v 157111.56250 379413.78125 32.05100
v 156941.98438 379423.25000 25.12700
v 156944.56250 379417.03125 40.64000
v 156944.56250 379417.03125 25.10400
v 156941.98438 379423.25000 40.64100
v 156941.98438 379423.25000 23.41400
v 157107.50000 379355.31250 30.64300
v 157107.50000 379355.31250 32.68900
v 157106.39062 379357.81250 30.64000
v 157096.10938 379429.43750 29.76900
v 157095.62500 379429.25000 31.46200
v 157095.62500 379429.25000 29.76700
v 157096.10938 379429.43750 31.46800
v 157095.25000 379430.25000 31.46200
v 157095.25000 379430.25000 29.76200
v 157137.62500 379423.81250 33.40200
v 157134.15625 379431.40625 33.40900
v 157133.60938 379431.25000 33.41100
v 157133.64062 379431.18750 33.41100
v 157150.90625 379389.78125 34.66100
v 157149.59375 379388.71875 34.67900
v 157149.59375 379388.71875 33.37900
v 157150.90625 379389.78125 33.37500
v 156976.14062 379350.34375 23.69200
v 156974.76562 379351.90625 22.54100
v 156981.32812 379355.84375 22.03300
v 156981.32812 379355.84375 22.40600
v 156952.07812 379420.68750 26.54200
v 156957.01562 379424.12500 26.82100
v 156957.01562 379424.12500 26.35900
v 156952.07812 379420.68750 26.90700
v 156952.07812 379420.68750 26.24100
v 157048.75000 379340.00000 30.67200
v 157051.70312 379333.65625 30.67600
v 157051.70312 379333.65625 29.75700
v 157048.75000 379340.00000 29.75700
v 157051.70312 379333.65625 32.72400
v 157061.07812 379337.65625 29.75800
v 157107.29688 379355.21875 32.68900
v 157107.29688 379355.21875 30.63900
v 156963.15625 379344.93750 29.36600
v 156967.07812 379334.50000 22.34600
v 156967.07812 379334.50000 25.44200
v 156961.50000 379441.03125 23.16400
v 156968.68750 379444.28125 22.95900
v 156968.68750 379444.28125 22.51400
v 156974.73438 379431.43750 25.71100
v 156974.73438 379431.43750 26.41200
v 156976.06250 379428.62500 25.19200
v 156974.73438 379431.43750 24.71400
v 156976.54688 379428.78125 25.25400
v 156976.54688 379428.78125 25.13300
v 156947.53125 379415.12500 25.20200
v 156947.53125 379415.12500 40.64600
v 156945.60938 379414.53125 40.64000
v 156945.60938 379414.53125 25.09500
v 156994.59375 379352.15625 32.11000
v 156993.21875 379355.09375 31.35300
v 156993.21875 379355.09375 31.04700
v 156994.59375 379352.15625 29.75600
v 156993.21875 379355.09375 29.75600
v 156999.96875 379340.56250 32.52300
v 156994.59375 379352.15625 32.52200
v 156999.96875 379340.56250 29.75500
v 156982.04688 379354.37500 22.97800
v 156985.31250 379356.59375 29.37800
v 156985.31250 379356.59375 22.88700
v 156982.04688 379354.37500 29.38400
v 156982.04688 379354.37500 22.87900
v 157027.67188 379379.09375 24.37900
v 157027.06250 379380.40625 24.40900
v 157027.06250 379380.40625 22.88200
v 157027.67188 379379.09375 22.88000
v 157043.51562 379409.81250 22.90500
v 157043.51562 379409.81250 37.33600
v 157044.18750 379410.09375 37.32100
v 157043.56250 379409.71875 37.33500
v 157017.62500 379397.25000 22.91600
v 157011.00000 379394.31250 22.91900
v 157011.00000 379394.31250 22.50600
v 157017.62500 379397.25000 22.41600
v 157011.00000 379394.31250 29.76100
v 157021.14062 379372.37500 29.75900
v 157021.14062 379372.37500 29.48400
v 157021.14062 379372.37500 22.50200
v 157050.75000 379412.84375 29.76500
v 157050.75000 379412.84375 31.28600
v 157114.03125 379411.21875 31.98300
v 157114.03125 379411.21875 30.78300
v 157114.03125 379411.21875 29.76800
v 156962.00000 379386.78125 25.07000
v 156960.64062 379389.40625 25.16700
v 156960.64062 379389.40625 22.85100
v 156962.00000 379386.78125 22.85200
v 156964.65625 379388.06250 22.85800
v 156964.65625 379388.06250 25.36500
v 157122.90625 379411.62500 31.17900
v 157123.48438 379410.37500 31.25600
v 157123.48438 379410.37500 29.76800
v 157122.90625 379411.62500 29.76800
v 157041.32812 379375.15625 31.12000
v 157041.32812 379375.09375 31.43900
v 157041.32812 379375.09375 29.76100
v 157041.32812 379375.15625 31.39500
v 157041.32812 379375.15625 29.76100
v 157039.60938 379374.93750 31.13100
v 157039.60938 379374.93750 31.06600
v 157138.50000 379399.71875 36.06000
v 157138.50000 379399.71875 33.40600
v 157114.95312 379406.18750 31.30000
v 157113.50000 379405.46875 32.07000
v 157113.50000 379405.46875 29.76700
v 157114.95312 379406.18750 32.00400
v 157114.95312 379406.18750 29.76700
v 157112.98438 379405.03125 32.09500
v 157112.98438 379405.03125 29.76700
v 157100.59375 379440.00000 30.73900
v 156999.09375 379360.21875 30.59000
v 157000.07812 379360.62500 30.94500
v 156999.09375 379360.21875 30.95900
v 157009.35938 379362.37500 29.75800
v 157000.20312 379357.59375 30.94500
v 157000.20312 379357.59375 29.07800
v 157009.35938 379362.37500 30.80900
v 157009.35938 379362.37500 29.03800
v 157032.87500 379351.43750 30.01600
v 157028.00000 379347.56250 30.45500
v 157028.00000 379347.56250 30.01600
v 157032.87500 379351.43750 30.49600
v 157112.57812 379406.15625 32.09800
v 157112.39062 379406.59375 32.10100
v 157112.39062 379406.59375 31.26600
v 157112.57812 379406.15625 31.26600
v 157057.42188 379389.18750 30.97000
v 157059.56250 379390.12500 31.17900
v 157059.56250 379390.12500 29.76300
v 157057.42188 379389.18750 31.17500
v 157057.42188 379389.18750 29.76300
v 157059.65625 379389.31250 31.17900
v 157059.65625 379389.31250 29.76300
v 157033.26562 379385.03125 22.88200
v 157033.57812 379384.34375 24.48900
v 157033.57812 379384.34375 22.88100
v 157033.26562 379385.03125 24.50500
v 157045.20312 379390.65625 22.42700
v 157047.15625 379386.09375 22.86800
v 157047.15625 379386.09375 22.41800
v 157045.20312 379390.65625 22.87700
v 157027.62500 379375.25000 29.51300
v 157027.62500 379375.25000 22.87400
v 157027.62500 379375.25000 22.41400
v 156962.87500 379345.65625 29.75400
v 156962.87500 379345.65625 29.37000
v 156952.82812 379339.62500 29.75300
v 156952.82812 379339.62500 29.38800
v 157082.64062 379386.31250 30.70600
v 157082.48438 379386.21875 30.71400
v 157055.39062 379377.12500 29.76100
v 157054.43750 379378.65625 30.41100
v 157054.43750 379378.65625 29.76200
v 157055.39062 379377.12500 30.54700
v 157032.12500 379377.25000 30.23200
v 157034.46875 379375.40625 30.90100
v 157034.46875 379375.40625 29.76600
v 157032.12500 379377.25000 30.82200
v 157032.12500 379377.25000 29.74300
v 157031.42188 379376.93750 29.53000
v 157031.42188 379376.93750 22.87200
v 157039.71875 379375.40625 32.05000
v 157039.60938 379374.93750 32.05600
v 157039.71875 379375.40625 31.06900
v 157037.78125 379374.59375 32.00500
v 157037.78125 379374.59375 31.00800
v 157036.00000 379371.65625 30.95700
v 157034.45312 379370.65625 30.90900
v 157034.45312 379370.65625 29.82300
v 157036.00000 379371.65625 29.76000
v 157036.00000 379371.65625 29.74300
v 157041.98438 379389.65625 24.52400
v 157041.98438 379389.65625 22.87900
v 157041.29688 379390.84375 24.13400
v 157110.18750 379409.28125 30.77800
v 157110.06250 379409.21875 30.77800
v 157110.06250 379409.21875 29.76700
v 157110.18750 379409.28125 29.76700
v 157107.60938 379404.56250 30.18400
v 157111.53125 379406.28125 31.26400
v 157111.53125 379406.28125 29.76700
v 157107.60938 379404.56250 31.25800
v 157107.60938 379404.56250 29.76700
v 157106.46875 379407.37500 29.76700
v 157112.07812 379406.43750 32.11500
v 157112.07812 379406.43750 31.26500
v 156948.46875 379418.43750 26.46800
v 156948.46875 379418.43750 25.32400
v 156972.50000 379297.56250 29.74900
v 156972.53125 379297.50000 29.74900
v 156972.50000 379297.56250 32.73700
v 156972.53125 379297.50000 32.73800
v 157007.46875 379354.25000 29.69500
v 157005.59375 379353.37500 29.75700
v 157005.59375 379353.37500 29.47700
v 157007.46875 379354.25000 29.75700
v 157020.34375 379326.75000 30.04000
v 157007.46875 379354.25000 29.98400
v 157020.34375 379326.75000 29.66400
v 157005.90625 379309.00000 32.72000
v 157015.10938 379324.50000 30.61600
v 157014.10938 379324.06250 30.61700
v 157014.10938 379324.06250 29.75400
v 157015.10938 379324.50000 29.75400
v 157100.76562 379408.62500 30.62700
v 157100.76562 379408.62500 30.77500
v 157100.76562 379408.62500 29.84100
v 157099.90625 379409.28125 30.63200
v 157099.90625 379409.28125 30.77700
v 157100.42188 379408.15625 30.77400
v 157096.09375 379403.53125 30.76300
v 157096.09375 379403.53125 30.34900
v 157103.26562 379406.75000 30.30500
v 157098.75000 379412.46875 30.64600
v 157098.75000 379412.46875 29.82100
v 157112.00000 379410.21875 32.07500
v 157112.00000 379410.21875 29.76700
v 157112.39062 379409.18750 32.07100
v 157112.39062 379409.18750 29.76700
v 157113.96875 379407.34375 32.03000
v 157113.96875 379407.34375 31.22100
v 157113.96875 379407.34375 29.76700
v 156977.42188 379363.75000 22.87400
v 156970.39062 379360.62500 22.53000
v 156977.42188 379363.75000 22.39600
v 157055.04688 379386.43750 30.73300
v 157055.04688 379386.43750 29.36200
v 157047.79688 379384.59375 29.38600
v 157047.79688 379384.59375 22.41500
v 157047.67188 379384.90625 22.41500
v 157047.67188 379384.90625 24.40500
v 157047.67188 379384.90625 29.38800
v 157038.34375 379373.18750 31.70900
v 157036.51562 379372.00000 31.65400
v 157036.51562 379372.00000 30.97300
v 157038.34375 379373.18750 29.76000
v 157036.51562 379372.00000 29.76000
v 157035.92188 379367.71875 30.66600
v 157035.96875 379367.75000 30.67100
v 157035.92188 379367.71875 30.01700
v 157040.23438 379362.37500 30.81900
v 157040.23438 379362.37500 29.75900
v 157034.45312 379370.65625 29.07900
v 157034.03125 379371.59375 29.07900
v 157034.03125 379371.59375 30.89400
v 157034.10938 379371.65625 30.89700
v 157034.10938 379371.65625 29.06900
v 157008.43750 379366.59375 29.75800
v 157008.43750 379366.59375 22.50500
v 157055.57812 379417.21875 33.77000
v 157056.14062 379415.96875 33.77200
v 157056.14062 379415.96875 29.76500
v 157037.32812 379344.56250 30.03100
v 157037.42188 379344.46875 30.70000
v 157037.42188 379344.46875 30.03100
v 157037.32812 379344.56250 30.71600
v 157014.29688 379316.59375 29.75300
v 157014.29688 379316.59375 30.76400
v 157015.64062 379313.40625 30.74600
v 157015.64062 379313.40625 32.70800
v 157030.28125 379366.31250 29.63500
v 157030.73438 379365.28125 29.75900
v 157030.73438 379365.28125 29.63700
v 157112.45312 379405.65625 29.76700
v 157104.59375 379401.84375 31.25100
v 157104.59375 379401.84375 29.76600
v 157112.45312 379405.65625 31.26500
v 156999.37500 379355.50000 30.63500
v 156999.37500 379355.50000 29.75700
v 157125.35938 379411.50000 30.20700
v 157123.25000 379413.31250 30.34500
v 157123.25000 379413.31250 29.76800
v 157125.35938 379411.50000 29.76800
v 157126.29688 379411.84375 30.20000
v 157126.29688 379411.84375 29.76800
v 157066.73438 379392.87500 30.73300
v 157066.73438 379392.87500 29.76400
v 157066.62500 379392.84375 29.76400
v 157082.28125 379386.68750 30.71500
v 157082.28125 379386.68750 29.76400
v 157065.98438 379392.06250 31.19000
v 157065.98438 379392.06250 29.76300
v 156958.09375 379290.53125 30.67000
v 156958.73438 379290.81250 30.66900
v 156963.43750 379291.59375 32.75900
v 156963.43750 379291.59375 29.74800
v 156993.79688 379366.56250 24.41900
v 156996.57812 379368.12500 24.45300
v 156996.57812 379368.12500 22.91600
v 156993.79688 379366.56250 22.90900
v 156993.14062 379367.87500 22.90800
v 156993.14062 379367.87500 25.58000
v 156996.93750 379363.59375 29.83000
v 156997.70312 379362.87500 29.83100
v 156997.70312 379362.87500 22.91500
v 156996.93750 379363.59375 22.91400
v 156981.32812 379355.84375 22.87800
v 156986.17188 379354.62500 29.39900
v 156985.56250 379356.03125 30.69800
v 156985.56250 379356.03125 29.38400
v 156986.17188 379354.62500 30.69600
v 156996.04688 379355.40625 31.51900
v 156999.28125 379355.68750 31.71700
v 156999.28125 379355.68750 30.95900
v 156996.04688 379355.40625 31.00600
v 157035.43750 379388.81250 23.96500
v 157035.43750 379388.81250 23.43300
v 157043.56250 379382.37500 30.88700
v 157043.56250 379382.37500 29.85600
v 157050.54688 379412.96875 31.27700
v 157045.40625 379409.93750 37.29100
v 157045.40625 379409.93750 30.85500
v 157050.54688 379412.96875 37.17800
v 157081.50000 379402.21875 30.64900
v 157081.60938 379402.71875 30.65100
v 157081.60938 379402.71875 30.24300
v 157081.50000 379402.21875 30.23900
v 157014.29688 379316.59375 32.68700
v 157036.73438 379386.87500 24.62600
v 157035.26562 379385.71875 24.75600
v 157035.26562 379385.71875 22.88100
v 157036.73438 379386.87500 22.88100
v 157044.00000 379377.18750 29.76100
v 157042.75000 379376.65625 30.78000
v 157042.75000 379376.65625 29.76100
v 157044.00000 379377.18750 30.78300
v 157045.53125 379376.53125 30.77700
v 157045.53125 379376.53125 29.76100
v 156969.23438 379383.12500 22.86600
v 156969.23438 379383.12500 18.03500
v 157046.18750 379378.06250 29.76100
v 157046.18750 379378.06250 30.78800
v 156969.26562 379383.03125 22.86600
v 156969.26562 379383.03125 18.03500
v 157111.70312 379406.25000 31.26500
v 157111.70312 379406.25000 29.76700
v 157131.76562 379414.09375 35.03200
v 157131.76562 379414.09375 34.64300
v 157131.76562 379414.09375 33.42000
v 157130.60938 379412.93750 34.61000
v 157130.60938 379412.93750 33.42400
v 157128.46875 379407.03125 33.43100
v 157126.29688 379411.84375 33.43600
v 157128.46875 379407.03125 29.76800
v 157014.70312 379403.68750 22.92800
v 157014.67188 379403.75000 22.92800
v 157030.64062 379382.00000 24.44000
v 157030.17188 379383.40625 24.47200
v 157030.17188 379383.40625 22.88300
v 157030.64062 379382.00000 22.88000
v 157031.06250 379383.87500 24.48100
v 157031.06250 379383.87500 22.88300
v 157028.70312 379380.46875 24.40800
v 157028.70312 379380.46875 22.88000
v 157033.12500 379384.96875 24.50300
v 157033.12500 379384.96875 22.88200
v 157033.14062 379385.31250 25.59600
v 157033.12500 379384.96875 25.59500
v 157033.14062 379385.31250 22.88200
v 157035.84375 379367.68750 29.07800
v 157035.84375 379367.68750 30.02000
v 157032.09375 379375.40625 30.82500
v 157031.42188 379376.93750 30.80100
v 157031.42188 379376.93750 30.24000
v 157032.09375 379375.40625 29.53800
v 157020.71875 379356.96875 29.99400
v 157021.15625 379356.68750 30.70100
v 157021.15625 379356.68750 29.99500
v 157020.71875 379356.96875 30.74800
v 157020.39062 379338.71875 30.02200
v 157022.39062 379338.37500 30.73000
v 157022.39062 379338.37500 30.02400
v 157020.39062 379338.71875 30.85200
v 157030.06250 379380.03125 22.87800
v 157030.06250 379380.03125 24.39700
v 157030.53125 379378.96875 24.37300
v 157030.53125 379378.96875 22.87600
v 157030.53125 379378.96875 30.27200
v 157034.95312 379378.65625 30.20300
v 157031.96875 379377.37500 30.23600
v 157031.96875 379377.37500 29.74100
v 157034.95312 379378.65625 29.77100
v 157031.46875 379373.84375 30.80800
v 157031.46875 379373.84375 29.53800
v 157031.25000 379373.75000 30.80100
v 157031.25000 379373.75000 29.53700
v 156996.92188 379354.31250 31.82900
v 156996.92188 379354.31250 29.75600
v 156999.37500 379355.50000 30.95800
v 156999.37500 379355.50000 31.76800
v 156997.40625 379353.15625 32.11700
v 156997.40625 379353.15625 29.75600
v 157000.84375 379356.18750 30.93600
v 157000.84375 379356.18750 30.63400
v 157000.84375 379356.18750 29.24900
v 157042.25000 379339.31250 30.04500
v 157042.25000 379339.31250 29.68100
v 157030.73438 379365.28125 29.99200
v 157026.28125 379336.75000 30.03100
v 157027.57812 379335.96875 30.59200
v 157027.57812 379335.96875 30.03400
v 157026.28125 379336.75000 30.73200
v 157077.43750 379397.75000 30.74600
v 157077.29688 379398.06250 30.74700
v 157077.29688 379398.06250 30.29100
v 157104.96875 379407.53125 30.29400
v 157104.79688 379405.62500 31.31900
v 157104.79688 379405.62500 30.25400
v 157104.96875 379407.53125 31.29600
v 157108.40625 379414.25000 32.17000
v 157108.23438 379414.50000 32.17400
v 157108.23438 379414.50000 29.86900
v 157108.40625 379414.25000 29.87000
v 156995.96875 379376.59375 22.91800
v 157001.95312 379363.68750 22.42100
v 156995.96875 379376.59375 22.42200
v 156966.42188 379367.62500 29.75600
v 156966.42188 379367.62500 22.85300
v 156942.21875 379432.28125 22.40800
v 156942.21875 379432.28125 22.62000
v 156952.23438 379398.53125 40.63900
v 156952.23438 379398.53125 25.23800
v 157027.98438 379396.46875 22.90300
v 157027.98438 379396.46875 25.58700
v 157088.00000 379405.06250 30.64400
v 157088.00000 379405.06250 29.77900
v 157081.50000 379402.21875 29.74900
v 157050.75000 379412.84375 37.17200
v 157017.32812 379397.90625 22.91700
v 157098.00000 379400.40625 30.24700
v 157098.00000 379400.40625 31.24100
v 157095.03125 379430.46875 31.46100
v 157095.03125 379430.46875 29.76100
v 157098.46875 379427.15625 29.78700
v 157098.46875 379427.15625 31.48200
v 157098.39062 379424.31250 32.35300
v 157098.46875 379427.15625 32.45500
v 157098.39062 379424.31250 29.79300
v 156994.06250 379373.90625 24.38600
v 156994.06250 379373.90625 22.91300
v 156982.60938 379367.03125 22.88600
v 156983.15625 379366.87500 23.61100
v 156983.15625 379366.87500 22.88700
v 156982.60938 379367.03125 23.65300
v 156983.14062 379366.62500 23.58900
v 156983.14062 379366.62500 22.88700
v 156991.21875 379365.65625 24.38500
v 156990.75000 379366.56250 25.58400
v 156990.75000 379366.56250 22.90300
v 156991.21875 379365.65625 24.76800
v 156991.21875 379365.65625 22.90300
v 156996.98438 379358.78125 29.82700
v 156997.10938 379359.46875 30.98800
v 156997.10938 379359.46875 29.82700
v 156996.98438 379358.78125 30.99100
v 156989.06250 379409.50000 40.59200
v 156989.06250 379409.50000 25.54100
v 156987.40625 379407.93750 25.17800
v 156989.06250 379409.50000 25.13300
v 156987.40625 379407.93750 25.56300
v 157033.09375 379383.96875 24.48100
v 157033.09375 379383.96875 22.88100
v 156986.46875 379358.87500 29.75600
v 156986.67188 379359.50000 30.27500
v 156986.67188 379359.50000 22.89100
v 156986.46875 379358.87500 30.25900
v 156986.46875 379358.87500 22.89000
v 156986.59375 379358.93750 30.25800
v 156986.59375 379358.93750 29.75600
v 156985.21875 379368.87500 22.89200
v 156987.39062 379368.40625 23.57500
v 156987.39062 379368.40625 22.89700
v 156985.21875 379368.87500 23.70400
v 157154.29688 379387.03125 33.36700
v 157154.29688 379387.03125 29.81500
v 157054.75000 379388.84375 30.78900
v 157054.75000 379388.84375 29.76300
v 157135.40625 379408.96875 36.12800
v 157137.46875 379409.96875 36.16000
v 157137.46875 379409.96875 36.11000
v 157088.46875 379434.50000 30.74800
v 157039.71875 379400.46875 24.05400
v 157039.71875 379400.46875 22.89600
v 157015.10938 379324.50000 29.06600
v 157015.15625 379324.37500 29.75400
v 157015.15625 379324.37500 29.06500
v 156997.40625 379353.15625 32.53000
v 157051.48438 379415.12500 41.08600
v 157051.26562 379415.03125 41.08600
v 157051.26562 379415.03125 33.77300
v 157051.48438 379415.12500 33.77300
v 156979.54688 379340.21875 25.43900
v 157100.39062 379439.28125 29.77100
v 157089.42188 379434.28125 30.74500
v 157089.42188 379434.28125 29.72100
v 157100.39062 379439.28125 30.73700
v 156984.75000 379378.59375 25.60200
v 156984.75000 379378.59375 22.89600
v 157110.53125 379409.46875 32.14100
v 157110.53125 379409.46875 30.77900
v 157110.18750 379409.28125 32.15600
v 157112.07812 379406.43750 29.76700
v 157013.39062 379350.50000 29.99600
v 157015.73438 379351.50000 30.89800
v 157015.73438 379351.50000 29.99700
v 157013.39062 379350.50000 30.91400
v 157008.93750 379364.28125 29.75800
v 157008.93750 379364.28125 30.81400
v 157022.57812 379369.25000 29.75900
v 157038.54688 379370.59375 32.51700
v 157038.85938 379371.87500 32.51900
v 157038.85938 379371.87500 29.76000
v 157038.54688 379370.59375 29.76000
v 157039.67188 379369.81250 29.76000
v 157039.67188 379369.81250 32.52200
v 157050.67188 379416.37500 33.77100
v 157054.15625 379408.34375 29.76400
v 157053.06250 379410.84375 30.73300
v 157053.06250 379410.84375 29.76500
v 157054.15625 379408.34375 30.76000
v 157030.00000 379370.18750 29.50000
v 157026.70312 379371.06250 30.87300
v 157026.70312 379371.06250 28.99000
v 157030.00000 379370.18750 30.52300
v 157030.00000 379370.18750 29.23500
v 157124.25000 379416.40625 33.44000
v 157124.25000 379416.40625 30.79700
v 157126.78125 379412.06250 33.43400
v 157126.62500 379413.46875 34.47300
v 157126.62500 379413.46875 33.43400
v 157126.78125 379412.06250 34.48500
v 156938.54688 379335.09375 30.69400
v 157044.81250 379384.75000 28.38700
v 157044.81250 379384.75000 22.86900
v 157044.81250 379384.75000 28.50200
v 157043.46875 379384.06250 30.96800
v 157043.46875 379384.06250 22.86900
v 157044.31250 379382.78125 29.86300
v 157044.31250 379382.78125 30.88700
v 157043.32812 379377.46875 30.78500
v 157044.75000 379379.40625 30.79900
v 157044.75000 379379.40625 29.86800
v 157043.32812 379377.46875 29.85400
v 157044.75000 379379.40625 29.76100
v 157045.10938 379378.50000 29.76100
v 157045.10938 379378.50000 30.79200
v 156980.84375 379363.25000 24.24000
v 156982.06250 379363.71875 24.25600
v 156982.06250 379363.71875 23.34900
v 156980.84375 379363.25000 22.88100
v 156982.06250 379363.71875 22.88300
v 156981.60938 379364.56250 23.45600
v 156981.60938 379364.56250 22.88300
v 156984.75000 379357.87500 29.75600
v 156986.23438 379358.78125 29.75600
v 156986.23438 379358.78125 22.89000
v 156984.75000 379357.87500 22.88600
v 157026.46875 379360.93750 29.99400
v 157027.96875 379361.06250 30.81500
v 157027.96875 379361.06250 29.99500
v 157026.46875 379360.93750 30.86600
v 156997.51562 379361.78125 31.33500
v 156997.51562 379361.78125 29.83000
v 156965.90625 379427.50000 26.61000
v 156966.59375 379425.96875 26.56000
v 156966.59375 379425.96875 26.27300
v 156965.90625 379427.50000 25.95200
v 157036.07812 379371.12500 30.96100
v 157036.07812 379371.12500 29.78000
v 157063.50000 379338.68750 30.67400
v 157063.50000 379338.68750 29.75800
v 156994.35938 379363.06250 22.90900
v 156994.03125 379363.43750 24.17900
v 156994.03125 379363.43750 22.90800
v 156994.35938 379363.06250 24.57000
v 156994.35938 379363.06250 29.82500
v 156994.79688 379363.06250 29.82600
v 156994.79688 379363.06250 24.78100
v 156985.03125 379363.46875 22.88900
v 156984.28125 379363.06250 24.29300
v 156984.28125 379363.06250 22.88800
v 156985.03125 379363.46875 24.30300
v 156984.35938 379363.00000 24.29500
v 156984.35938 379363.00000 22.88800
v 156951.98438 379339.12500 29.75300
v 156952.82812 379339.62500 30.72600
v 156951.98438 379339.12500 30.72700
v 157096.43750 379431.40625 31.48100
v 157096.43750 379431.40625 29.70800
v 157096.43750 379431.40625 18.03500
v 157095.03125 379430.46875 18.03500
v 157098.51562 379428.46875 32.50100
v 157098.51562 379428.46875 31.48900
v 157079.46875 379398.40625 30.74800
v 157079.46875 379398.40625 30.23800
v 157010.43750 379394.78125 29.76100
v 157010.73438 379394.90625 29.76100
v 157010.73438 379394.90625 22.92000
v 156947.90625 379419.65625 26.12200
v 157033.50000 379335.84375 30.04000
v 157032.04688 379335.00000 30.44500
v 157032.04688 379335.00000 30.04000
v 157033.50000 379335.84375 30.47100
v 157097.09375 379429.78125 31.48000
v 157097.46875 379429.90625 31.48500
v 157097.46875 379429.90625 29.70800
v 157097.09375 379429.78125 29.70800
v 157017.71875 379349.96875 30.65800
v 157017.71875 379349.96875 30.00100
v 156966.90625 379425.50000 26.54000
v 156966.90625 379425.50000 26.38200
v 157109.95312 379409.46875 30.77900
v 157109.95312 379409.46875 29.76700
v 157110.31250 379409.68750 32.14800
v 157110.31250 379409.68750 31.12600
v 157110.31250 379409.68750 30.77900
v 157108.51562 379411.37500 31.40200
v 157108.51562 379411.37500 30.78300
v 156980.62500 379361.96875 22.88000
v 156980.62500 379361.96875 24.24400
v 156977.98438 379345.84375 30.56700
v 156977.98438 379345.84375 25.37600
v 157150.98438 379382.87500 34.69600
v 157145.64062 379380.43750 34.76100
v 157145.64062 379380.43750 29.75100
v 157150.98438 379382.87500 29.78800
v 157150.62500 379383.65625 33.37700
v 157150.62500 379383.65625 34.69600
v 157150.62500 379383.65625 29.78700
v 157055.42188 379385.03125 30.71300
v 157055.39062 379385.12500 30.71400
v 157055.39062 379385.12500 29.76200
v 157055.42188 379385.03125 29.76200
v 157002.20312 379341.93750 29.75500
v 157002.20312 379341.93750 32.53000
v 157001.07812 379341.25000 32.52700
v 157001.07812 379341.25000 29.75500
v 157104.82812 379419.90625 32.54000
v 157104.82812 379419.90625 29.83800
v 157134.65625 379411.21875 36.04300
v 157134.65625 379411.21875 35.11900
v 157134.50000 379408.50000 36.11400
v 157132.75000 379415.53125 35.06300
v 157133.04688 379415.37500 35.07200
v 157133.04688 379415.37500 33.41600
v 157132.75000 379415.53125 33.41700
v 157139.90625 379403.81250 36.11800
v 157140.71875 379403.53125 36.12400
v 157140.71875 379403.53125 33.39900
v 157139.90625 379403.81250 33.40100
v 157033.00000 379381.15625 30.25500
v 157033.71875 379381.43750 30.24700
v 157033.71875 379381.43750 29.75800
v 157033.00000 379381.15625 24.41900
v 157033.71875 379381.43750 22.87600
v 157033.00000 379381.15625 22.87700
v 157031.01562 379379.18750 30.26700
v 157031.01562 379379.18750 24.37700
v 157040.62500 379378.59375 31.09200
v 157040.62500 379378.59375 29.82700
v 157031.98438 379384.34375 24.49100
v 157030.92188 379384.09375 25.58800
v 157030.92188 379384.09375 24.48700
v 157031.98438 379384.34375 25.59100
v 157004.12500 379353.90625 29.63200
v 157004.12500 379353.90625 29.36200
v 157044.76562 379383.03125 30.88700
v 157044.76562 379383.03125 29.39000
v 157024.62500 379345.37500 30.01600
v 157026.25000 379342.43750 30.51700
v 157026.25000 379342.43750 30.02200
v 157024.62500 379345.37500 30.87700
v 157035.65625 379340.84375 30.44300
v 157032.60938 379342.21875 30.71000
v 157032.60938 379342.21875 30.03000
v 157035.65625 379340.84375 30.03500
v 157140.70312 379402.03125 33.39900
v 157140.70312 379402.03125 36.10800
v 157137.46875 379409.96875 33.40600
v 157139.32812 379406.09375 33.40200
v 157139.32812 379406.09375 36.13700
v 156977.98438 379345.84375 22.33400
v 156977.12500 379347.37500 22.33500
v 156986.29688 379364.15625 24.31800
v 156987.26562 379364.68750 24.33000
v 156987.26562 379364.68750 22.89500
v 156986.29688 379364.15625 22.89200
v 156987.79688 379364.75000 24.33800
v 156987.79688 379364.75000 22.89600
v 157031.73438 379369.71875 29.36300
v 157088.43750 379405.81250 30.64600
v 157089.00000 379404.53125 30.64000
v 157089.00000 379404.53125 29.78500
v 157021.70312 379357.40625 30.54500
v 157021.67188 379359.00000 30.72700
v 157021.67188 379359.00000 29.99200
v 157021.70312 379357.40625 29.99400
v 157030.56250 379341.53125 30.02800
v 157030.56250 379341.28125 30.55100
v 157030.56250 379341.28125 30.02900
v 157030.56250 379341.53125 30.57400
v 157024.81250 379334.34375 30.56100
v 157024.42188 379335.00000 30.64500
v 157024.42188 379335.00000 30.03200
v 157024.81250 379334.34375 30.03300
v 157019.25000 379340.34375 30.41900
v 157018.01562 379340.34375 30.47300
v 157018.01562 379340.34375 30.01700
v 157019.25000 379340.34375 30.01800
v 157037.00000 379341.96875 30.03500
v 157037.00000 379341.96875 30.48500
v 156995.85938 379355.56250 31.46400
v 156995.85938 379355.56250 31.00900
v 157059.87500 379387.15625 29.76300
v 157059.87500 379387.15625 31.17700
v 157032.92188 379338.68750 30.03500
v 157033.64062 379337.84375 30.67200
v 157033.64062 379337.84375 30.03700
v 157032.92188 379338.68750 30.78900
v 157042.25000 379339.31250 29.44000
v 157043.21875 379337.12500 30.04900
v 157043.21875 379337.12500 29.06300
v 157024.31250 379340.34375 30.39100
v 157022.42188 379340.40625 30.48200
v 157022.42188 379340.40625 30.02100
v 157024.31250 379340.34375 30.02400
v 157021.93750 379340.81250 30.54300
v 157021.93750 379340.81250 30.02000
v 157037.15625 379371.56250 30.99400
v 157037.15625 379371.56250 29.76000
v 157039.34375 379373.81250 32.06800
v 157039.34375 379373.81250 31.71500
v 157038.51562 379373.28125 31.83100
v 157038.31250 379373.21875 32.04800
v 157038.31250 379373.21875 31.81700
v 157038.51562 379373.28125 32.05300
v 157038.31250 379373.21875 31.70800
v 157037.81250 379374.50000 31.68500
v 157037.81250 379374.50000 32.00900
v 156986.03125 379410.18750 25.64900
v 156986.03125 379410.18750 25.19000
v 157042.06250 379373.43750 32.53600
v 157047.56250 379360.93750 32.56200
v 157047.56250 379360.93750 29.75900
v 157042.06250 379373.43750 29.76000
v 156975.45312 379433.12500 24.33500
v 156973.15625 379437.21875 25.26400
v 156973.15625 379437.21875 23.65500
v 156975.45312 379433.12500 25.24600
v 157045.15625 379410.46875 30.85500
v 157045.15625 379410.46875 37.29900
v 156987.46875 379352.25000 29.42600
v 156987.48438 379352.56250 29.75600
v 156987.48438 379352.56250 29.42300
v 156987.46875 379352.25000 29.75600
v 156987.48438 379352.56250 30.69100
v 156987.46875 379352.25000 22.35700
v 156986.45312 379357.50000 30.21400
v 156986.45312 379357.50000 29.75600
v 156988.45312 379356.96875 30.14000
v 156988.45312 379356.96875 29.81000
v 156988.45312 379356.96875 29.75600
v 157001.06250 379355.68750 30.63400
v 157001.06250 379355.68750 29.31100
v 157008.45312 379366.53125 29.42700
v 157008.45312 379366.53125 29.75800
v 157008.45312 379366.53125 22.50400
v 157103.73438 379409.28125 31.17900
v 157104.96875 379408.56250 31.27700
v 157104.96875 379408.56250 30.31800
v 157103.73438 379409.28125 30.35400
v 157104.89062 379407.50000 31.29100
v 157104.89062 379407.50000 30.29500
v 157103.59375 379410.56250 30.38500
v 157103.59375 379410.56250 29.85200
v 157103.73438 379409.28125 29.85600
v 157104.10938 379411.15625 29.85400
v 157104.45312 379411.28125 30.38700
v 157104.45312 379411.28125 29.85500
v 157104.10938 379411.15625 30.39000
v 156985.31250 379356.59375 29.75600
v 157017.68750 379340.43750 30.49900
v 157017.73438 379343.09375 30.74700
v 157017.73438 379343.09375 30.01200
v 157017.68750 379340.43750 30.01600
v 157017.23438 379347.56250 30.45400
v 157017.23438 379347.56250 30.00500
v 157014.60938 379347.06250 30.52900
v 157014.60938 379347.06250 30.00300
v 157012.93750 379348.53125 30.74800
v 157012.93750 379348.53125 29.99800
v 157025.89062 379351.31250 30.37600
v 157023.50000 379352.90625 30.64800
v 157023.50000 379352.90625 30.00300
v 157025.89062 379351.31250 30.00800
v 157148.23438 379392.06250 33.38200
v 157138.06250 379414.87500 34.65400
v 157138.06250 379414.87500 33.40300
v 157148.23438 379392.06250 34.67500
v 157032.60938 379347.09375 30.49100
v 157032.00000 379347.56250 30.56600
v 157032.00000 379347.56250 30.02100
v 157032.60938 379347.09375 30.02200
v 156962.85938 379425.62500 26.66800
v 156960.98438 379426.15625 26.36700
v 156960.98438 379426.15625 26.73700
v 157080.87500 379399.56250 30.21600
v 157080.87500 379399.56250 29.75200
v 157055.57812 379417.21875 40.58200
v 157051.79688 379416.90625 40.58400
v 157051.79688 379416.90625 33.77000
v 157059.95312 379386.43750 31.17700
v 157059.95312 379386.43750 29.76300
v 157145.37500 379378.81250 29.74700
v 157145.37500 379378.81250 34.77200
v 157144.89062 379379.90625 34.77100
v 157145.79688 379379.21875 34.76600
v 157145.79688 379379.21875 29.75000
v 157027.10938 379357.18750 30.46100
v 157025.60938 379357.93750 30.60100
v 157025.60938 379357.93750 29.99800
v 157027.10938 379357.18750 30.00000
v 157028.46875 379357.21875 30.40500
v 157028.46875 379357.21875 30.00200
v 157021.35938 379335.31250 30.48500
v 157019.31250 379337.28125 30.76000
v 157019.31250 379337.28125 30.02300
v 157021.35938 379335.31250 30.02800
v 157057.76562 379380.00000 30.24100
v 157057.76562 379380.00000 29.76200
v 157044.26562 379413.31250 40.59100
v 157044.26562 379413.31250 39.52700
v 157112.23438 379404.84375 32.12700
v 157112.45312 379405.65625 32.10900
v 157112.23438 379404.84375 29.76700
v 157112.90625 379405.18750 32.09700
v 157112.90625 379405.18750 29.76700
v 157032.79688 379344.40625 30.90800
v 157032.79688 379344.40625 30.02600
v 157042.75000 379376.65625 31.16300
v 157043.32812 379377.46875 31.18000
v 157026.40625 379348.50000 30.62700
v 157026.40625 379348.50000 30.01300
v 157018.87500 379345.28125 30.56300
v 157019.93750 379348.15625 30.80700
v 157019.93750 379348.15625 30.00700
v 157018.87500 379345.28125 30.01000
v 157026.51562 379349.62500 30.01200
v 157028.82812 379350.46875 30.65000
v 157028.82812 379350.46875 30.01300
v 157026.51562 379349.62500 30.71700
v 157031.37500 379372.96875 30.80600
v 157031.10938 379372.96875 30.87200
v 157031.10938 379372.96875 29.28400
v 157031.37500 379372.96875 30.85800
v 157031.37500 379372.96875 29.26100
v 157035.89062 379372.40625 30.95200
v 157035.81250 379372.96875 31.62600
v 157035.81250 379372.96875 30.94900
v 157035.89062 379372.40625 31.63100
v 157037.81250 379374.50000 31.01000
v 157023.39062 379336.71875 30.52900
v 157023.39062 379336.71875 30.02800
v 157024.76562 379336.31250 30.03000
v 157024.76562 379336.31250 30.76000
v 157024.93750 379335.62500 30.68200
v 157024.93750 379335.62500 30.03200
v 156994.54688 379379.65625 22.91700
v 156995.48438 379379.62500 22.91900
v 156995.48438 379379.62500 22.43100
v 156994.54688 379379.65625 22.42200
v 156987.45312 379379.37500 25.59700
v 156987.45312 379379.37500 22.90200
v 157030.92188 379384.09375 22.88300
v 157027.76562 379396.96875 25.58600
v 157027.76562 379396.96875 22.90400
v 157028.23438 379396.68750 25.58700
v 157028.23438 379396.68750 22.90300
v 157038.73438 379372.15625 32.51800
v 157038.34375 379373.18750 31.85400
v 157038.73438 379372.15625 29.76000
v 157058.28125 379386.43750 31.17500
v 157058.28125 379386.43750 30.93900
v 157055.39062 379385.12500 29.35200
v 156984.40625 379366.50000 23.53300
v 156984.40625 379366.50000 22.88900
v 156986.71875 379365.78125 23.37800
v 156986.71875 379365.78125 22.89400
v 156983.75000 379364.34375 24.27900
v 156983.75000 379364.34375 23.33300
v 156983.75000 379364.34375 22.88700
v 157089.48438 379403.46875 29.79000
v 157007.96875 379354.50000 29.98400
v 157007.96875 379354.50000 29.75700
v 157135.43750 379406.59375 36.10300
v 157135.43750 379406.59375 33.41200
v 157030.68750 379380.25000 30.28100
v 157030.68750 379380.25000 24.40100
v 157044.26562 379413.31250 37.33300
v 157051.09375 379413.12500 41.08600
v 157050.84375 379414.00000 41.08500
v 157050.84375 379414.00000 37.17500
v 157051.09375 379413.12500 37.16500
v 156992.48438 379356.68750 31.05700
v 156992.48438 379356.68750 29.81700
v 156992.48438 379356.68750 29.75600
v 156991.37500 379356.18750 29.81500
v 156991.37500 379356.18750 29.75600
v 157020.96875 379352.40625 30.70100
v 157020.96875 379352.40625 30.00100
v 157023.70312 379354.65625 30.81000
v 157024.34375 379355.18750 30.83400
v 157024.34375 379355.18750 30.00100
v 157023.70312 379354.65625 30.00100
v 157028.60938 379351.50000 30.75100
v 157030.31250 379354.37500 30.89500
v 157030.31250 379354.37500 30.00800
v 157028.60938 379351.50000 30.01100
v 157024.26562 379357.34375 30.41900
v 157024.26562 379357.34375 29.99700
v 157031.25000 379373.75000 30.98200
v 157033.43750 379373.09375 30.87200
v 157033.43750 379373.09375 29.06900
v 156972.56250 379446.06250 40.58200
v 157108.00000 379411.09375 30.78200
v 157108.51562 379411.37500 29.87700
v 157108.00000 379411.09375 29.87500
v 157107.68750 379412.37500 29.87000
v 157107.68750 379412.37500 31.54700
v 157107.34375 379411.12500 30.78200
v 157107.34375 379411.12500 29.87100
v 157109.51562 379416.53125 29.87100
v 157109.51562 379416.53125 32.10000
v 157101.64062 379415.93750 32.23700
v 157100.31250 379420.84375 32.33400
v 157100.31250 379420.84375 29.81100
v 157101.64062 379415.93750 29.82900
v 157101.81250 379416.03125 29.83000
v 157101.81250 379416.03125 32.24900
v 157089.59375 379403.25000 30.76100
v 157089.48438 379403.46875 30.76100
v 157021.68750 379359.03125 30.73300
v 157021.68750 379359.03125 29.99200
v 157058.29688 379375.28125 30.68900
v 157059.10938 379386.81250 31.17600
v 157059.10938 379386.81250 29.76300
v 157058.28125 379386.43750 29.76200
v 157055.92188 379408.87500 30.69300
v 157055.92188 379408.87500 29.76500
v 157081.07812 379399.21875 30.20600
v 157081.07812 379399.21875 30.75000
v 157081.07812 379399.21875 29.75400
v 157055.21875 379410.31250 30.68000
v 157055.21875 379410.31250 29.76500
v 157051.50000 379398.78125 30.89400
v 157051.50000 379398.78125 29.76300
v 156998.28125 379389.25000 22.50900
v 156998.28125 379389.25000 18.03500
v 157035.43750 379388.81250 22.88500
v 157019.43750 379342.84375 30.64800
v 157019.43750 379342.84375 30.01400
v 157021.51562 379344.25000 30.90200
v 157022.12500 379345.00000 30.94900
v 157022.12500 379345.00000 30.38400
v 157021.51562 379344.25000 30.01400
v 157022.12500 379345.00000 30.01400
v 157019.93750 379342.43750 30.01600
v 157020.14062 379342.09375 30.54700
v 157020.14062 379342.09375 30.01600
v 157019.93750 379342.43750 30.58800
v 157057.28125 379389.62500 30.97500
v 157057.28125 379389.62500 29.76300
v 157100.31250 379420.84375 33.42700
v 157098.68750 379428.71875 32.52000
v 157098.68750 379428.71875 31.49200
v 157098.68750 379428.71875 18.03500
v 157097.96875 379429.40625 31.48800
v 157099.75000 379430.28125 18.03500
v 157098.64062 379432.56250 29.77600
v 157098.64062 379432.56250 18.03500
v 157098.64062 379432.93750 18.03500
v 157093.09375 379432.31250 29.74600
v 157093.09375 379432.31250 18.03500
v 157098.64062 379432.93750 29.77500
v 157134.10938 379414.40625 35.10500
v 157133.64062 379415.06250 36.01500
v 157133.64062 379415.06250 35.09100
v 157134.10938 379414.40625 36.02700
v 157016.59375 379358.56250 29.98700
v 157016.59375 379358.56250 29.75800
v 157044.73438 379382.15625 29.86700
v 157044.67188 379380.28125 29.86700
v 157044.67188 379380.28125 29.76100
v 157044.73438 379382.15625 29.38500
v 157044.67188 379380.28125 29.37300
v 156962.95312 379292.96875 29.74800
v 156962.95312 379292.96875 32.75000
v 157022.70312 379335.09375 30.03000
v 157022.43750 379334.81250 30.39000
v 157022.43750 379334.81250 30.03000
v 157022.70312 379335.09375 30.40500
v 156994.51562 379362.87500 29.82600
v 156994.51562 379362.87500 22.90900
v 156997.51562 379361.78125 22.91500
v 156996.37500 379363.34375 29.82900
v 156996.37500 379363.34375 22.91300
v 156992.96875 379361.81250 29.82200
v 156992.96875 379361.81250 22.90500
v 157001.10938 379339.93750 29.75500
v 156999.29688 379340.15625 32.52100
v 156999.29688 379340.15625 29.75500
v 157001.10938 379339.93750 32.52600
v 156981.09375 379364.71875 23.49500
v 156981.20312 379365.31250 23.54900
v 156981.20312 379365.31250 22.88200
v 156981.09375 379364.71875 22.88200
v 157028.75000 379372.81250 29.52500
v 157029.56250 379372.84375 30.95800
v 157029.56250 379372.84375 29.52900
v 157028.75000 379372.81250 31.00300
v 157131.29688 379415.03125 34.62200
v 157131.29688 379415.03125 35.01800
v 157131.29688 379415.03125 33.42100
v 157135.45312 379414.15625 36.05800
v 157135.45312 379414.15625 33.41000
v 157133.57812 379415.90625 36.01300
v 157134.76562 379417.09375 36.03900
v 157134.76562 379417.09375 33.41100
v 157133.57812 379415.90625 33.41500
v 157135.53125 379415.46875 33.41000
v 157135.53125 379415.46875 34.67500
v 157135.23438 379414.25000 33.41100
v 157135.53125 379415.46875 36.05900
v 157135.23438 379414.25000 36.05300
v 157019.54688 379337.68750 30.78900
v 157019.54688 379337.68750 30.02200
v 157043.18750 379351.93750 29.75800
v 157043.18750 379351.93750 29.07200
v 157104.60938 379401.78125 31.25100
v 157104.35938 379401.71875 31.25100
v 157104.35938 379401.71875 29.76600
v 157104.60938 379401.78125 29.76600
v 157037.89062 379400.53125 24.71300
v 157037.89062 379400.53125 22.89800
v 157035.68750 379345.34375 30.86300
v 157035.68750 379345.34375 30.02800
v 157048.85938 379371.03125 29.76000
v 157055.81250 379374.15625 29.76100
v 157055.81250 379374.15625 30.82700
v 156963.51562 379291.78125 29.74800
v 156963.51562 379291.78125 32.75800
v 157047.15625 379386.09375 24.51200
v 157017.18750 379355.81250 30.78200
v 157019.40625 379357.12500 30.81800
v 157019.40625 379357.12500 29.99200
v 157017.18750 379355.81250 29.99200
v 156985.70312 379356.46875 30.69700
v 156985.70312 379356.46875 29.75600
v 156985.70312 379356.46875 29.38000
v 156987.60938 379355.40625 30.68900
v 156987.60938 379355.40625 29.75600
v 156985.39062 379356.65625 29.75600
v 156985.39062 379356.65625 29.37800
v 156988.62500 379362.34375 22.89600
v 156988.62500 379362.34375 24.36200
v 157017.75000 379317.59375 30.71300
v 157027.34375 379354.71875 30.00500
v 157027.20312 379352.28125 30.40800
v 157027.20312 379352.28125 30.00800
v 157027.34375 379354.71875 30.64100
v 157122.84375 379415.28125 29.76900
v 157122.84375 379415.28125 30.44800
v 157122.84375 379415.28125 30.79400
v 157150.82812 379387.56250 34.67400
v 157150.82812 379387.56250 33.37600
v 157028.87500 379372.50000 30.94900
v 157028.87500 379372.50000 29.52600
v 157033.01562 379352.09375 30.01500
v 157033.01562 379352.09375 30.54100
v 157032.48438 379349.71875 30.01800
v 157032.48438 379349.71875 30.75600
v 157023.62500 379360.00000 30.75100
v 157023.62500 379360.00000 29.99200
v 157055.70312 379385.09375 29.76200
v 157055.70312 379385.09375 30.73300
v 157058.54688 379385.62500 30.93000
v 157058.54688 379385.62500 29.76200
v 156988.95312 379360.00000 29.81400
v 156988.95312 379360.00000 22.89600
v 156989.29688 379364.03125 24.36400
v 156989.29688 379364.03125 22.89900
v 157028.45312 379342.31250 30.02500
v 157030.31250 379342.37500 30.66800
v 157030.31250 379342.37500 30.02700
v 157028.45312 379342.31250 30.74000
v 157052.10938 379412.18750 30.72900
v 157052.10938 379412.18750 29.76500
v 157054.31250 379414.28125 33.77500
v 157054.31250 379414.28125 29.76500
v 157054.32812 379414.21875 29.76500
v 157041.70312 379375.21875 29.76100
v 157041.70312 379375.21875 31.13300
v 157023.90625 379359.03125 29.99400
v 157024.35938 379359.00000 30.60500
v 157024.35938 379359.00000 29.99500
v 157023.90625 379359.03125 30.62800
v 157047.01562 379360.12500 32.55800
v 157047.01562 379360.12500 29.75900
v 157044.98438 379361.18750 32.54800
v 157044.98438 379361.18750 29.75900
v 157017.54688 379354.00000 30.58000
v 157017.54688 379354.00000 29.99500
v 157149.39062 379387.03125 34.69000
v 157149.39062 379387.03125 33.38000
v 157149.56250 379386.03125 34.69400
v 157149.56250 379386.03125 33.38000
v 156990.03125 379364.43750 24.37300
v 156990.03125 379364.43750 22.90000
v 157008.93750 379364.28125 29.43500
v 157108.78125 379416.56250 32.12800
v 157108.78125 379416.56250 29.86700
v 156998.57812 379360.53125 30.96700
v 157138.25000 379419.03125 34.63000
v 157138.25000 379419.03125 33.40100
v 157102.89062 379416.15625 29.83600
v 157102.89062 379416.15625 32.30900
v 157038.50000 379402.12500 24.22500
v 157038.50000 379402.12500 22.90000
v 157044.31250 379382.78125 29.39100
v 156991.42188 379365.21875 24.39000
v 157044.64062 379379.68750 29.86700
v 157044.64062 379379.68750 29.76100
v 157056.03125 379384.43750 30.73300
v 157056.03125 379384.43750 29.76200
v 157030.48438 379341.62500 30.58700
v 157030.48438 379341.62500 30.02800
v 157107.64062 379412.21875 31.53700
v 157107.64062 379412.21875 29.87100
v 157111.10938 379414.84375 30.62500
v 157111.10938 379414.84375 32.05600
v 157111.20312 379414.90625 32.05200
v 157111.20312 379414.90625 30.62500
v 157022.64062 379344.93750 30.92200
v 157022.64062 379344.93750 30.35600
v 156981.98438 379354.53125 22.87900
v 156996.04688 379363.90625 29.82900
v 157133.04688 379415.37500 36.00100
v 157132.92188 379416.06250 35.99700
v 157132.92188 379416.06250 33.41700
v 157135.93750 379417.12500 36.06600
v 157135.93750 379417.12500 34.66300
v 157135.93750 379417.12500 33.40800
v 157139.00000 379405.78125 36.13100
v 157139.00000 379405.78125 33.40300
v 157135.64062 379405.46875 36.09300
v 157135.64062 379405.46875 33.41200
v 156957.21875 379424.18750 26.37000
v 156957.21875 379424.18750 26.81600
v 156953.20312 379418.59375 26.83300
v 157036.04688 379371.43750 29.76000
v 157036.07812 379371.12500 29.76000
v 157124.25000 379416.40625 30.46500
v 157123.67188 379416.09375 30.79600
v 157123.67188 379416.09375 30.46600
v 157099.03125 379422.81250 32.33600
v 157099.03125 379422.81250 29.80000
v 157025.57812 379333.87500 30.47800
v 157025.57812 379333.87500 30.03500
v 157026.73438 379334.18750 30.45300
v 157026.73438 379334.18750 30.03600
v 157014.71875 379359.28125 29.98400
v 157014.71875 379359.28125 29.59800
v 157022.46875 379348.53125 30.00900
v 157022.73438 379347.09375 30.57000
v 157022.73438 379347.09375 30.01100
v 157022.46875 379348.53125 30.72900
v 157023.25000 379346.34375 30.47000
v 157023.25000 379346.34375 30.01300
v 157022.93750 379345.96875 30.44600
v 157022.93750 379345.96875 30.01300
v 157136.00000 379417.12500 33.40800
v 157136.00000 379417.12500 34.66200
v 157057.04688 379385.34375 29.76200
v 157057.04688 379385.34375 30.82600
v 157021.26562 379349.18750 30.85100
v 157021.26562 379349.18750 30.00700
v 157021.90625 379349.06250 30.81000
v 157021.90625 379349.06250 30.00700
v 157042.89062 379361.71875 29.75900
v 157042.89062 379361.71875 32.53700
v 157035.31250 379379.18750 29.77400
v 157035.31250 379379.18750 30.20300
v 156988.98438 379359.46875 29.81300
v 156988.98438 379359.46875 30.20900
v 156988.98438 379359.46875 22.89600
v 156989.01562 379359.65625 29.81400
v 156989.01562 379359.65625 22.89600
v 156944.71875 379416.65625 25.10300
v 156944.71875 379416.65625 40.64000
v 156945.00000 379417.18750 40.64200
v 156945.00000 379417.18750 25.12900
v 157028.85938 379339.75000 30.47400
v 157028.85938 379339.75000 30.02900
v 157029.78125 379336.06250 30.64700
v 157029.68750 379337.62500 30.81500
v 157029.68750 379337.62500 30.03400
v 157029.78125 379336.06250 30.03600
v 157129.92188 379409.59375 33.42600
v 157129.92188 379409.59375 34.60300
v 157131.06250 379410.28125 34.63800
v 157131.06250 379410.28125 33.42300
v 156953.79688 379337.40625 29.37400
v 156953.79688 379337.40625 29.75200
v 156953.79688 379337.40625 30.71600
v 156952.68750 379337.25000 30.71800
v 156952.68750 379337.25000 29.75200
v 157035.92188 379367.71875 29.07000
v 157041.70312 379362.00000 29.75900
v 157041.70312 379362.00000 30.92600
v 157001.06250 379355.68750 29.15300
v 157023.06250 379345.34375 30.37700
v 157023.06250 379345.34375 30.01400
v 157023.07812 379345.28125 30.93500
v 157023.07812 379345.28125 30.36800
v 157023.06250 379345.34375 30.94300
v 157022.53125 379350.78125 30.00500
v 157021.43750 379349.53125 30.41200
v 157021.43750 379349.53125 30.00600
v 157022.53125 379350.78125 30.48700
v 157021.78125 379352.40625 30.00200
v 157021.78125 379352.40625 30.66900
v 157030.81250 379340.15625 30.43300
v 157030.81250 379340.15625 30.03100
v 157098.06250 379400.06250 30.23800
v 157098.06250 379400.06250 29.76600
v 157098.06250 379400.06250 31.24100
v 157098.34375 379398.81250 31.24000
v 157098.34375 379398.81250 29.76600
v 157051.84375 379413.68750 41.08800
v 157051.84375 379413.68750 33.77500
v 157051.09375 379413.12500 29.76500
v 157051.84375 379413.68750 29.76500
v 157105.95312 379410.37500 30.34300
v 157107.12500 379410.56250 30.78100
v 157107.12500 379410.56250 29.87200
v 157105.95312 379410.37500 30.78000
v 157105.95312 379410.37500 29.86500
v 157105.81250 379411.21875 29.86300
v 157105.81250 379411.21875 30.36300
v 157107.20312 379410.59375 30.78100
v 157107.20312 379410.59375 29.87200
v 157076.42188 379400.00000 30.34300
v 156955.64062 379390.31250 40.63800
v 156955.64062 379390.31250 24.86600
v 156960.15625 379389.18750 25.11600
v 156960.15625 379389.18750 22.85000
v 156960.15625 379389.18750 40.64900
v 156937.95312 379334.96875 30.69500
v 156964.81250 379388.03125 25.37300
v 157094.79688 379391.81250 29.76500
v 156825.51562 379604.71875 18.32700
v 156815.50000 379597.62500 18.32700
v 156825.18750 379605.15625 18.32700
v 156832.07812 379596.25000 18.32700
v 156822.85938 379588.09375 18.32700
v 156832.56250 379595.62500 18.32700
v 156825.18750 379605.15625 26.20400
v 156815.50000 379597.62500 26.21900
v 156825.51562 379604.71875 24.39100
v 156816.23438 379597.56250 26.21800
v 156816.23438 379597.56250 24.34700
v 156825.51562 379604.71875 26.20400
v 156819.54688 379596.18750 25.95500
v 156824.29688 379600.37500 25.96300
v 156824.29688 379600.37500 24.37300
v 156819.54688 379596.18750 24.34800
v 156822.85938 379588.09375 26.20500
v 156832.56250 379595.62500 26.19000
v 156827.20312 379594.75000 25.78900
v 156828.04688 379595.56250 25.78700
v 156828.04688 379595.56250 24.36200
v 156827.20312 379594.75000 24.35700
v 156823.28125 379588.59375 26.20400
v 156828.87500 379593.46875 26.19600
v 156828.87500 379593.46875 25.74600
v 156823.28125 379588.59375 24.32700
v 156828.87500 379593.46875 24.35600
v 156832.07812 379596.25000 24.37200
v 156832.07812 379596.25000 26.19100
v 156830.20312 379594.62500 26.19400
v 156830.20312 379594.62500 25.74100
v 156830.20312 379594.62500 24.36200
v 156826.09375 379598.43750 25.94800
v 156826.09375 379598.43750 24.36900
v 156820.65625 379594.62500 25.94400
v 156820.65625 379594.62500 24.34400
v 156589.51562 379387.37500 19.01300
v 156586.81250 379395.50000 19.01300
v 156586.95312 379395.53125 19.01300
v 156586.90625 379395.68750 19.01300
v 156596.84375 379399.00000 19.01300
v 156596.92188 379398.75000 19.01300
v 156599.65625 379390.78125 19.01300
v 156596.98438 379398.75000 19.01300
v 156596.84375 379399.00000 24.42600
v 156586.90625 379395.68750 24.44600
v 156599.65625 379390.78125 24.25700
v 156596.98438 379398.75000 24.42100
v 156596.92188 379398.75000 24.42100
v 156586.81250 379395.50000 24.44300
v 156586.95312 379395.53125 24.44300
v 156589.51562 379387.37500 24.27700
v 156594.50000 379463.15625 18.74300
v 156596.07812 379458.43750 18.74300
v 156594.98438 379454.34375 18.74300
v 156597.01562 379455.56250 18.74300
v 156596.95312 379455.50000 18.74300
v 156565.31250 379446.00000 18.74300
v 156569.53125 379439.46875 18.74300
v 156599.85938 379440.12500 18.74300
v 156588.81250 379436.43750 18.74300
v 156565.37500 379445.81250 18.74300
v 156597.78125 379409.53125 18.74300
v 156581.20312 379404.00000 18.74300
v 156565.31250 379445.78125 18.74300
v 156567.75000 379438.43750 18.74300
v 156596.07812 379458.43750 27.11000
v 156594.50000 379463.15625 27.18100
v 156599.85938 379440.12500 26.06200
v 156588.81250 379436.43750 26.10300
v 156597.01562 379455.56250 27.06700
v 156596.95312 379455.50000 27.06700
v 156565.37500 379445.81250 27.17600
v 156565.31250 379446.00000 27.17800
v 156567.75000 379438.43750 27.06600
v 156565.31250 379445.78125 27.17600
v 156594.98438 379454.34375 27.06700
v 156594.98438 379454.34375 26.12200
v 156569.53125 379439.46875 27.06600
v 156569.53125 379439.46875 26.19900
v 156597.78125 379409.53125 25.99200
v 156581.20312 379404.00000 26.05300
v 156843.01562 379602.18750 18.28300
v 156825.95312 379604.15625 18.28300
v 156835.64062 379611.68750 18.28300
v 156833.32812 379594.65625 18.28300
v 156835.64062 379611.68750 28.70000
v 156843.01562 379602.18750 28.70300
v 156841.92188 379601.93750 28.70400
v 156836.54688 379609.12500 28.70100
v 156836.54688 379609.12500 26.52800
v 156841.92188 379601.93750 25.70000
v 156836.54688 379609.12500 25.71600
v 156833.32812 379594.65625 28.71500
v 156834.82812 379608.28125 26.55900
v 156834.82812 379608.28125 25.72000
v 156833.18750 379595.53125 25.72200
v 156833.18750 379595.53125 28.71400
v 156835.70312 379610.28125 28.70100
v 156835.10938 379610.09375 28.70100
v 156835.10938 379610.09375 26.51500
v 156835.70312 379610.28125 26.50700
v 156826.65625 379604.06250 25.74100
v 156826.65625 379604.06250 28.71100
v 156825.95312 379604.15625 28.71200
v 156833.64062 379609.40625 26.54000
v 156833.64062 379609.40625 25.72400
v 156833.64062 379609.40625 28.70300
v 156834.82812 379610.34375 28.70100
v 156834.82812 379610.34375 26.51100
v 156748.06250 379530.00000 18.20100
v 156738.57812 379542.18750 18.20100
v 156744.54688 379546.87500 18.20100
v 156746.85938 379548.68750 18.20100
v 156747.50000 379547.84375 18.20100
v 156745.59375 379547.68750 18.20100
v 156748.59375 379548.71875 18.20100
v 156754.09375 379553.03125 18.20100
v 156759.53125 379538.90625 18.20100
v 156757.42188 379555.62500 18.20100
v 156765.87500 379543.81250 18.20100
v 156766.39062 379544.21875 18.20100
v 156766.39062 379544.21875 30.96500
v 156765.87500 379543.81250 30.96500
v 156765.87500 379543.81250 27.12400
v 156754.09375 379553.03125 30.32700
v 156748.59375 379548.71875 30.33500
v 156743.20312 379539.78125 27.96800
v 156746.95312 379543.84375 30.98100
v 156746.95312 379543.84375 27.94000
v 156743.20312 379539.78125 30.97600
v 156748.06250 379530.00000 30.95000
v 156738.57812 379542.18750 30.98500
v 156757.42188 379555.62500 30.99800
v 156747.50000 379547.84375 30.99000
v 156746.85938 379548.68750 30.99200
v 156748.59375 379548.71875 30.99100
v 156748.81250 379547.56250 30.98800
v 156748.81250 379547.56250 30.35500
v 156755.56250 379550.75000 30.37700
v 156757.35938 379547.93750 30.43800
v 156757.35938 379547.93750 27.17400
v 156755.56250 379550.75000 27.16200
v 156754.09375 379553.03125 30.99500
v 156747.62500 379541.62500 27.19600
v 156746.98438 379542.68750 27.56200
v 156746.98438 379542.68750 24.92400
v 156747.62500 379541.62500 24.92600
v 156747.84375 379541.78125 25.79700
v 156747.84375 379541.78125 27.19100
v 156747.84375 379541.78125 24.92800
v 156749.03125 379544.31250 27.57300
v 156748.14062 379543.62500 30.98000
v 156748.14062 379543.62500 27.56800
v 156749.03125 379544.31250 30.98100
v 156759.53125 379538.90625 27.25700
v 156759.53125 379538.90625 30.96000
v 156746.21875 379547.00000 27.91600
v 156747.96875 379545.00000 27.93200
v 156747.96875 379545.00000 27.10900
v 156746.21875 379547.00000 27.11000
v 156751.59375 379535.12500 24.93700
v 156749.09375 379534.50000 26.88200
v 156749.09375 379534.50000 24.91500
v 156751.59375 379535.12500 26.90300
v 156752.84375 379536.56250 26.91200
v 156748.54688 379542.25000 26.88600
v 156748.54688 379542.25000 25.80200
v 156752.84375 379536.56250 24.95100
v 156748.54688 379542.25000 24.93500
v 156748.29688 379545.28125 30.98300
v 156749.01562 379546.06250 30.98400
v 156749.01562 379546.06250 27.11200
v 156748.29688 379545.28125 27.11000
v 156747.90625 379543.43750 30.98000
v 156747.90625 379543.43750 27.56700
v 156747.90625 379543.43750 25.74700
v 156748.14062 379543.62500 25.74800
v 156747.43750 379531.53125 24.89200
v 156747.98438 379530.84375 30.95200
v 156747.98438 379530.84375 24.89400
v 156747.43750 379531.53125 30.95400
v 156751.95312 379543.68750 30.44500
v 156751.95312 379543.68750 27.28900
v 156742.51562 379537.65625 27.52600
v 156744.93750 379534.65625 30.96300
v 156744.93750 379534.65625 27.53500
v 156742.51562 379537.65625 30.97200
v 156742.09375 379538.59375 30.97400
v 156742.09375 379538.59375 27.39600
v 156754.65625 379552.78125 30.33700
v 156754.65625 379552.78125 27.14800
v 156754.65625 379552.78125 30.99400
v 156754.35938 379552.59375 30.99400
v 156754.35938 379552.59375 30.33700
v 156751.71875 379543.50000 30.97700
v 156751.71875 379543.50000 27.29400
v 156751.95312 379543.68750 30.97700
v 156752.17188 379542.84375 30.97500
v 156752.17188 379542.84375 27.29700
v 156754.34375 379541.43750 26.91400
v 156753.14062 379542.68750 27.28800
v 156753.14062 379542.68750 26.90700
v 156754.34375 379541.43750 27.28800
v 156755.87500 379543.78125 30.30100
v 156755.87500 379543.78125 27.24200
v 156754.34375 379541.43750 30.33000
v 156757.48438 379554.71875 30.99600
v 156757.48438 379554.71875 27.09200
v 156757.73438 379539.03125 30.41200
v 156757.26562 379538.62500 30.41500
v 156757.26562 379538.62500 27.36800
v 156757.73438 379539.03125 27.23100
v 156739.01562 379542.03125 30.98400
v 156740.90625 379539.68750 30.97800
v 156740.90625 379539.68750 27.96800
v 156739.01562 379542.03125 27.94900
v 156756.15625 379537.71875 27.69100
v 156755.42188 379538.34375 27.86100
v 156755.42188 379538.34375 26.92200
v 156756.15625 379537.71875 24.98100
v 156755.42188 379538.34375 24.97700
v 156747.62500 379536.40625 26.87900
v 156747.62500 379536.40625 25.88800
v 156747.62500 379536.40625 24.90900
v 156757.70312 379538.00000 30.95900
v 156757.73438 379539.03125 30.96200
v 156757.70312 379538.00000 27.27300
v 156757.26562 379538.62500 30.96100
v 156747.48438 379532.59375 24.89600
v 156747.48438 379532.59375 30.95700
v 156756.15625 379537.71875 30.96000
v 156758.71875 379539.84375 27.25600
v 156758.71875 379539.84375 30.40600
v 156758.71875 379539.84375 30.96300
v 156745.59375 379547.68750 27.91000
v 156745.59375 379547.68750 30.99100
v 156747.06250 379547.56250 30.98900
v 156746.21875 379547.00000 30.98900
v 156747.06250 379547.56250 27.11200
v 156744.54688 379546.87500 27.91600
v 156757.76562 379540.93750 30.37500
v 156757.76562 379540.93750 27.25400
v 156742.40625 379540.46875 30.97800
v 156742.40625 379540.46875 27.96300
v 156749.79688 379543.31250 30.97800
v 156749.79688 379543.31250 27.19200
v 156747.96875 379544.81250 27.93300
v 156748.48438 379545.03125 30.98300
v 156748.48438 379545.03125 27.11000
v 156747.96875 379544.81250 30.98300
v 156747.96875 379544.81250 27.10900
v 156741.15625 379539.46875 30.97700
v 156741.15625 379539.46875 27.97000
v 156751.06250 379544.40625 30.97900
v 156751.06250 379544.40625 30.42500
v 156752.17188 379542.84375 26.90200
v 156750.04688 379543.25000 26.89200
v 156750.04688 379543.25000 30.97700
v 156744.54688 379546.87500 30.99000
v 156744.98438 379546.12500 30.98800
v 156744.98438 379546.12500 27.92200
v 156747.92188 379543.65625 27.94200
v 156747.92188 379543.65625 30.98000
v 156742.14062 379538.62500 24.87300
v 156743.09375 379537.81250 27.24200
v 156743.09375 379537.81250 24.87800
v 156742.14062 379538.62500 27.36400
v 156742.73438 379539.28125 30.97500
v 156742.14062 379538.62500 30.97400
v 156742.73438 379539.28125 24.88000
v 156747.20312 379540.65625 26.89500
v 156747.20312 379540.65625 24.92000
v 156746.98438 379542.68750 30.97900
v 156745.89062 379533.87500 30.96100
v 156745.89062 379533.87500 27.40000
v 156747.56250 379534.59375 26.50200
v 156747.56250 379534.59375 24.90300
v 156745.89062 379533.87500 24.88700
v 156746.43750 379540.81250 26.89000
v 156746.90625 379540.46875 26.89200
v 156746.90625 379540.46875 24.91700
v 156746.43750 379540.81250 24.91400
v 156749.79688 379543.31250 25.80500
v 156749.89062 379543.18750 26.89200
v 156749.89062 379543.18750 25.81100
v 156749.89062 379543.18750 30.97700
v 156750.00000 379543.25000 30.97700
v 156750.00000 379543.25000 26.89200
v 156754.20312 379539.43750 28.14200
v 156754.20312 379539.43750 26.91500
v 156756.12500 379540.25000 30.37200
v 156756.12500 379540.25000 27.60700
v 156755.68750 379540.06250 30.37100
v 156755.68750 379540.06250 27.72700
v 156755.68750 379540.06250 26.92100
v 156757.78125 379542.03125 30.35400
v 156757.78125 379542.03125 27.24000
v 156744.21875 379544.31250 27.93500
v 156744.46875 379544.00000 30.51500
v 156744.46875 379544.00000 27.93700
v 156744.21875 379544.31250 30.52000
v 156745.04688 379542.81250 30.49800
v 156745.04688 379542.81250 27.94700
v 156743.98438 379542.00000 30.49300
v 156743.98438 379542.00000 27.95200
v 156743.90625 379541.93750 30.49200
v 156743.90625 379541.93750 27.95300
v 156746.40625 379540.09375 26.88600
v 156746.14062 379540.59375 26.88700
v 156746.14062 379540.59375 24.91100
v 156746.40625 379540.09375 24.91100
v 156745.34375 379539.37500 25.84400
v 156745.34375 379539.37500 26.87500
v 156745.34375 379539.37500 24.90100
v 156742.18750 379540.65625 30.48600
v 156742.18750 379540.65625 27.96100
v 156741.04688 379542.28125 30.51100
v 156741.04688 379542.28125 27.94900
v 156747.09375 379547.62500 27.11300
v 156747.09375 379547.62500 30.98900
v 156662.93750 379885.28125 18.96600
v 156689.45312 379870.25000 18.96600
v 156662.46875 379884.37500 18.96600
v 156663.01562 379885.71875 18.96600
v 156665.06250 379905.78125 18.96600
v 156698.82812 379888.28125 18.96600
v 156704.29688 379885.46875 18.96600
v 156704.20312 379885.28125 18.96600
v 156695.70312 379868.71875 18.96600
v 156704.26562 379885.21875 18.96600
v 156690.21875 379871.53125 18.96600
v 156690.12500 379871.56250 18.96600
v 156659.20312 379894.50000 18.96600
v 156662.81250 379885.31250 18.96600
v 156656.34375 379888.96875 18.96600
v 156662.46875 379884.37500 23.76900
v 156689.45312 379870.25000 23.83100
v 156663.01562 379885.71875 22.98400
v 156665.68750 379891.03125 23.76000
v 156665.68750 379891.03125 22.97700
v 156663.01562 379885.71875 23.76700
v 156690.12500 379871.56250 23.82900
v 156662.93750 379885.28125 23.76800
v 156690.21875 379871.53125 22.36600
v 156690.21875 379871.53125 23.83000
v 156698.82812 379888.28125 23.80900
v 156698.82812 379888.28125 22.34800
v 156704.26562 379885.21875 22.36100
v 156695.70312 379868.71875 22.37900
v 156662.81250 379885.31250 23.76700
v 156659.20312 379894.50000 22.99500
v 156656.34375 379888.96875 23.00200
v 156659.20312 379894.50000 23.74500
v 156665.06250 379905.78125 23.73200
v 156704.29688 379885.46875 22.36100
v 156704.20312 379885.28125 22.36100
v 156598.03125 379813.46875 19.25200
v 156599.10938 379814.81250 19.25200
v 156604.37500 379808.31250 19.25200
v 156600.67188 379821.78125 19.25200
v 156598.87500 379815.00000 19.25200
v 156596.60938 379816.87500 19.25200
v 156601.29688 379822.84375 19.25200
v 156607.23438 379825.37500 19.25200
v 156603.67188 379820.90625 19.25200
v 156601.29688 379804.46875 19.25200
v 156594.87500 379809.62500 19.25200
v 156600.54688 379821.87500 19.25200
v 156604.76562 379827.34375 19.25200
v 156603.46875 379820.65625 19.25200
v 156607.17188 379817.78125 19.25200
v 156604.93750 379814.90625 19.25200
v 156607.85938 379812.62500 19.25200
v 156594.87500 379809.62500 25.46400
v 156601.29688 379804.46875 25.55300
v 156607.17188 379817.78125 22.49700
v 156603.46875 379820.65625 22.55800
v 156604.93750 379814.90625 25.06500
v 156607.85938 379812.62500 25.01800
v 156604.37500 379808.31250 28.92200
v 156599.10938 379814.81250 27.67800
v 156598.03125 379813.46875 28.87300
v 156600.54688 379821.87500 22.33800
v 156601.29688 379822.84375 22.31400
v 156601.29688 379822.84375 22.07300
v 156600.67188 379821.78125 22.33800
v 156604.76562 379827.34375 22.15900
v 156607.23438 379825.37500 22.18100
v 156603.67188 379820.90625 22.09400
v 156603.67188 379820.90625 22.32100
v 156603.32812 379821.18750 22.32000
v 156603.32812 379821.18750 22.09100
v 156598.87500 379815.00000 22.47200
v 156598.84375 379815.21875 27.55900
v 156598.84375 379815.21875 22.46800
v 156598.87500 379815.00000 27.67400
v 156599.00000 379815.12500 27.55200
v 156599.00000 379815.12500 22.46800
v 156596.60938 379816.87500 22.46400
v 156673.95312 379852.71875 18.89300
v 156656.62500 379880.37500 18.89300
v 156681.59375 379867.37500 18.89300
v 156673.85938 379852.56250 18.89300
v 156636.45312 379840.34375 18.89300
v 156685.56250 379846.50000 18.89300
v 156671.98438 379820.28125 18.89300
v 156659.65625 379828.06250 18.89300
v 156659.07812 379826.96875 18.89300
v 156659.50000 379828.15625 18.89300
v 156636.37500 379840.18750 18.89300
v 156635.95312 379840.59375 18.89300
v 156681.59375 379867.37500 23.75900
v 156656.62500 379880.37500 23.76900
v 156635.95312 379840.59375 23.76000
v 156659.07812 379826.96875 25.82700
v 156659.65625 379828.06250 25.82700
v 156673.95312 379852.71875 23.75600
v 156649.14062 379862.28125 23.76500
v 156651.79688 379859.84375 24.45900
v 156651.79688 379859.84375 23.76300
v 156649.14062 379862.28125 24.51800
v 156673.85938 379852.56250 25.82200
v 156673.95312 379852.71875 25.82200
v 156650.96875 379858.21875 23.76300
v 156647.21875 379860.09375 24.31300
v 156647.21875 379860.09375 23.76400
v 156650.96875 379858.21875 24.32800
v 156658.90625 379835.43750 24.34800
v 156658.87500 379834.46875 24.35100
v 156658.87500 379834.46875 23.75300
v 156658.90625 379835.43750 23.75400
v 156654.85938 379855.68750 23.76100
v 156655.93750 379858.28125 24.36900
v 156655.93750 379858.28125 23.76200
v 156654.85938 379855.68750 24.49000
v 156636.45312 379840.34375 23.76000
v 156636.37500 379840.18750 23.76000
v 156674.35938 379864.00000 23.76000
v 156670.29688 379866.34375 24.32500
v 156670.29688 379866.34375 23.76100
v 156674.35938 379864.00000 24.34400
v 156660.15625 379855.96875 24.37600
v 156659.40625 379854.21875 24.45700
v 156659.40625 379854.21875 23.76000
v 156660.15625 379855.96875 23.76000
v 156638.18750 379843.65625 23.76100
v 156639.12500 379845.46875 24.30000
v 156639.12500 379845.46875 23.76100
v 156638.18750 379843.65625 24.30600
v 156643.18750 379843.62500 24.30600
v 156642.28125 379841.71875 24.31200
v 156642.28125 379841.71875 23.75900
v 156643.18750 379843.62500 23.76000
v 156646.48438 379839.46875 23.75800
v 156647.45312 379841.25000 24.31400
v 156647.45312 379841.25000 23.75800
v 156646.48438 379839.46875 24.31900
v 156664.14062 379853.96875 23.75900
v 156667.82812 379852.40625 24.36400
v 156667.82812 379852.40625 23.75700
v 156664.14062 379853.96875 24.37500
v 156667.10938 379850.21875 24.46000
v 156667.10938 379850.21875 23.75700
v 156662.28125 379870.90625 23.76500
v 156663.06250 379871.90625 24.27000
v 156663.06250 379871.90625 23.76500
v 156662.28125 379870.90625 24.28900
v 156666.26562 379868.21875 23.76300
v 156663.21875 379869.93750 24.29900
v 156663.21875 379869.93750 23.76400
v 156666.26562 379868.21875 24.31300
v 156667.23438 379869.68750 24.28600
v 156667.23438 379869.68750 23.76300
v 156654.28125 379835.34375 23.75500
v 156654.96875 379836.90625 24.33300
v 156654.96875 379836.90625 23.75500
v 156654.28125 379835.34375 24.33600
v 156658.34375 379833.40625 24.35200
v 156658.34375 379833.40625 23.75300
v 156658.01562 379833.21875 24.35200
v 156658.01562 379833.21875 23.75300
v 156664.73438 379850.93750 24.48000
v 156664.73438 379850.93750 23.75700
v 156663.40625 379852.31250 24.45300
v 156663.40625 379852.31250 23.75800
v 156655.84375 379836.75000 24.33600
v 156655.84375 379836.75000 23.75500
v 156646.56250 379839.21875 23.75800
v 156646.56250 379839.21875 24.32000
v 156651.07812 379839.25000 24.32000
v 156651.07812 379839.25000 23.75700
v 156650.07812 379837.53125 24.32500
v 156650.07812 379837.53125 23.75600
v 156671.98438 379820.28125 25.82800
v 156672.68750 379853.40625 23.75700
v 156672.68750 379853.40625 25.82200
v 156675.54688 379866.09375 24.30600
v 156675.54688 379866.09375 23.76000
v 156671.23438 379868.18750 24.29200
v 156671.23438 379868.18750 23.76200
v 156659.50000 379828.15625 23.75100
v 156685.56250 379846.50000 25.82300
v 156659.50000 379828.15625 25.82700
v 156648.93750 379786.59375 18.99300
v 156655.35938 379793.12500 18.99300
v 156649.67188 379786.03125 18.99300
v 156648.48438 379786.93750 18.99300
v 156652.25000 379795.62500 18.99300
v 156623.79688 379838.50000 18.99300
v 156667.25000 379818.46875 18.99300
v 156623.07812 379818.15625 18.99300
v 156646.42188 379784.31250 18.99300
v 156626.12500 379787.56250 18.99300
v 156646.17188 379783.56250 18.99300
v 156646.62500 379784.15625 18.99300
v 156640.40625 379776.25000 18.99300
v 156652.20312 379795.65625 18.99300
v 156624.62500 379787.06250 18.99300
v 156624.29688 379787.56250 18.99300
v 156625.31250 379786.53125 18.99300
v 156624.18750 379787.43750 18.99300
v 156608.62500 379800.03125 18.99300
v 156622.95312 379818.00000 18.99300
v 156665.65625 379815.21875 18.99300
v 156616.07812 379823.65625 18.99300
v 156624.54688 379839.96875 18.99300
v 156666.95312 379814.15625 18.99300
v 156624.18750 379787.43750 29.01300
v 156624.29688 379787.56250 29.01300
v 156640.40625 379776.25000 22.74800
v 156626.12500 379787.56250 22.74900
v 156648.93750 379786.59375 22.76700
v 156648.48438 379786.93750 25.68100
v 156648.93750 379786.59375 25.68100
v 156652.25000 379795.62500 22.77900
v 156655.35938 379793.12500 22.77900
v 156652.25000 379795.62500 24.12900
v 156648.32812 379790.68750 24.15200
v 156648.32812 379790.68750 22.77100
v 156665.65625 379815.21875 24.04200
v 156666.95312 379814.15625 24.04200
v 156652.20312 379795.65625 24.12900
v 156650.46875 379788.37500 22.77000
v 156650.46875 379788.37500 25.67900
v 156649.67188 379786.03125 22.76700
v 156622.95312 379818.00000 24.99800
v 156623.07812 379818.15625 24.99800
v 156608.62500 379800.03125 28.95300
v 156616.07812 379823.65625 24.98000
v 156624.62500 379787.06250 22.74700
v 156624.62500 379787.06250 29.01500
v 156625.31250 379786.53125 22.74700
v 156646.17188 379783.56250 22.76100
v 156631.20312 379795.53125 25.67200
v 156631.20312 379795.53125 22.76200
v 156646.17188 379783.56250 25.68400
v 156631.89062 379803.21875 29.00400
v 156635.14062 379800.59375 29.01700
v 156635.14062 379800.59375 25.66700
v 156631.89062 379803.21875 24.15700
v 156635.14062 379800.59375 24.15700
v 156646.62500 379784.15625 25.68400
v 156646.42188 379784.31250 25.68400
v 156627.93750 379824.71875 24.99000
v 156625.64062 379826.56250 25.64100
v 156625.64062 379826.56250 24.98400
v 156627.93750 379824.71875 25.64300
v 156623.79688 379838.50000 24.95900
v 156636.48438 379828.25000 24.99200
v 156636.48438 379828.25000 24.07700
v 156623.79688 379838.50000 24.08000
v 156628.03125 379829.68750 25.63800
v 156630.34375 379827.81250 25.64000
v 156630.34375 379827.81250 24.98600
v 156628.03125 379829.68750 24.98000
v 156646.23438 379821.53125 26.93700
v 156640.81250 379814.68750 26.96100
v 156640.81250 379814.68750 24.10400
v 156646.23438 379821.53125 24.07200
v 156637.29688 379817.81250 26.93600
v 156637.29688 379817.81250 24.10400
v 156631.20312 379795.53125 29.01600
v 156648.03125 379790.31250 25.67700
v 156648.03125 379790.31250 24.15400
v 156649.21875 379789.37500 25.67800
v 156649.21875 379789.37500 22.77000
v 156648.32812 379790.68750 25.67700
v 156646.70312 379822.12500 26.19300
v 156646.70312 379822.12500 24.06900
v 156635.18750 379819.65625 24.10400
v 156647.17188 379822.71875 25.42200
v 156647.14062 379822.25000 25.81300
v 156647.14062 379822.25000 24.06800
v 156647.17188 379822.71875 24.06600
v 156642.40625 379824.28125 24.07400
v 156642.64062 379824.59375 26.91300
v 156642.64062 379824.59375 24.07200
v 156642.40625 379824.28125 26.91400
v 156624.54688 379839.96875 24.07400
v 156644.51562 379823.00000 26.92500
v 156644.51562 379823.00000 24.07200
v 156647.17188 379824.25000 24.24400
v 156647.17188 379824.25000 24.06200
v 156622.95312 379818.00000 28.95700
v 156626.37500 379815.25000 28.97000
v 156626.37500 379815.25000 25.00700
v 156635.70312 379807.78125 29.00600
v 156635.70312 379807.78125 24.13500
v 156626.37500 379815.25000 24.13700
v 156640.50000 379826.40625 24.09400
v 156640.50000 379826.40625 24.07200
v 156667.25000 379818.46875 24.02900
v 156647.89062 379823.90625 24.06100
v 156648.01562 379823.78125 24.06100
v 156746.06250 379909.31250 25.82600
v 156763.20312 379900.43750 25.82600
v 156746.20312 379909.56250 25.82600
v 156751.76562 379913.06250 25.82600
v 156757.45312 379910.12500 25.82600
v 156772.06250 379933.40625 25.82600
v 156694.20312 379802.06250 25.82600
v 156693.67188 379801.03125 25.82600
v 156727.35938 379756.18750 25.82600
v 156810.62500 379728.96875 25.82600
v 156815.75000 379738.93750 25.82600
v 156762.15625 379940.34375 25.82600
v 156748.31250 379914.84375 25.82600
v 156744.79688 379908.12500 25.82600
v 156745.07812 379908.00000 25.82600
v 156745.21875 379908.25000 25.82600
v 156745.98438 379909.71875 25.82600
v 156745.70312 379909.84375 25.82600
v 156745.84375 379909.43750 25.82600
v 156745.45312 379908.15625 25.82600
v 156778.50000 379842.93750 25.82600
v 156687.71875 379726.37500 25.82600
v 156724.25000 379632.31250 25.82600
v 156691.23438 379803.59375 25.82600
v 156668.42188 379668.03125 25.82600
v 156690.87500 379610.59375 25.82600
v 156659.37500 379736.37500 25.82600
v 156629.37500 379720.09375 25.82600
v 156657.59375 379599.43750 25.82600
v 156672.62500 379746.31250 25.82600
v 156656.37500 379740.34375 25.82600
v 156628.39062 379638.00000 25.82600
v 156818.43750 379718.62500 25.82600
v 156842.67188 379753.75000 25.82600
v 156831.57812 379731.15625 25.82600
v 156831.07812 379731.43750 25.82600
v 156831.37500 379730.81250 25.82600
v 156841.14062 379749.43750 25.82600
v 156842.98438 379753.06250 25.82600
v 156840.18750 379749.09375 25.82600
v 156842.18750 379748.93750 25.82600
v 156840.76562 379748.81250 25.82600
v 156843.18750 379753.53125 25.82600
v 156844.03125 379752.50000 25.82600
v 156865.68750 379798.18750 25.82600
v 156778.31250 379930.25000 25.82600
v 156866.23438 379797.90625 25.82600
v 156866.42188 379798.28125 25.82600
v 156837.54688 379957.46875 25.82600
v 156785.15625 379984.68750 25.82600
v 156761.95312 379940.46875 25.82600
v 156761.82812 379940.90625 25.82600
v 156762.10938 379940.75000 25.82600
v 156749.15625 379908.03125 25.82600
v 156754.78125 379905.00000 25.82600
v 156759.65625 379908.96875 25.82600
v 156778.31250 379930.25000 18.89200
v 156763.20312 379900.43750 18.89200
v 156746.20312 379909.56250 18.89200
v 156746.06250 379909.31250 18.89200
v 156745.84375 379909.43750 18.89200
v 156745.98438 379909.71875 18.89200
v 156745.70312 379909.84375 18.89200
v 156744.79688 379908.12500 18.89200
v 156745.07812 379908.00000 18.89200
v 156745.21875 379908.25000 18.89200
v 156745.45312 379908.15625 18.89200
v 156691.23438 379803.59375 18.89200
v 156694.20312 379802.06250 18.89200
v 156693.67188 379801.03125 18.89200
v 156727.35938 379756.18750 18.89200
v 156687.71875 379726.37500 18.89200
v 156672.62500 379746.31250 18.89200
v 156659.37500 379736.37500 18.89200
v 156656.37500 379740.34375 18.89200
v 156629.37500 379720.09375 18.89200
v 156668.42188 379668.03125 18.89200
v 156628.39062 379638.00000 18.89200
v 156657.59375 379599.43750 18.89200
v 156690.87500 379610.59375 18.89200
v 156724.25000 379632.31250 18.89200
v 156818.43750 379718.62500 18.89200
v 156810.62500 379728.96875 18.89200
v 156815.75000 379738.93750 18.89200
v 156831.37500 379730.81250 18.89200
v 156831.57812 379731.15625 18.89200
v 156831.07812 379731.43750 18.89200
v 156840.18750 379749.09375 18.89200
v 156840.76562 379748.81250 18.89200
v 156841.14062 379749.43750 18.89200
v 156842.18750 379748.93750 18.89200
v 156844.03125 379752.50000 18.89200
v 156842.98438 379753.06250 18.89200
v 156843.18750 379753.53125 18.89200
v 156842.67188 379753.75000 18.89200
v 156865.68750 379798.18750 18.89200
v 156866.23438 379797.90625 18.89200
v 156866.42188 379798.28125 18.89200
v 156778.50000 379842.93750 18.89200
v 156837.54688 379957.46875 18.89200
v 156785.15625 379984.68750 18.89200
v 156762.15625 379940.34375 18.89200
v 156761.95312 379940.46875 18.89200
v 156762.10938 379940.75000 18.89200
v 156761.82812 379940.90625 18.89200
v 156748.31250 379914.84375 18.89200
v 156751.76562 379913.06250 18.89200
v 156749.15625 379908.03125 18.89200
v 156754.78125 379905.00000 18.89200
v 156757.45312 379910.12500 18.89200
v 156759.65625 379908.96875 18.89200
v 156772.06250 379933.40625 18.89200
v 156611.15625 379625.90625 18.94400
v 156609.28125 379654.90625 18.94400
v 156623.87500 379635.46875 18.94400
v 156583.93750 379662.00000 18.94400
v 156606.70312 379702.75000 18.94400
v 156602.95312 379699.93750 18.94400
v 156606.57812 379702.90625 18.94400
v 156578.59375 379676.43750 18.94400
v 156588.17188 379683.12500 18.94400
v 156575.29688 379673.46875 18.94400
v 156575.18750 379673.71875 18.94400
v 156578.51562 379676.53125 18.94400
v 156574.93750 379673.53125 18.94400
v 156575.09375 379673.31250 18.94400
v 156575.03125 379673.93750 18.94400
v 156587.42188 379683.06250 18.94400
v 156588.70312 379683.53125 18.94400
v 156586.90625 379683.75000 18.94400
v 156587.40625 379684.12500 18.94400
v 156614.17188 379658.59375 18.94400
v 156593.17188 379686.87500 18.94400
v 156593.12500 379686.93750 18.94400
v 156590.06250 379691.09375 18.94400
v 156590.92188 379690.84375 18.94400
v 156590.51562 379691.40625 18.94400
v 156602.82812 379700.09375 18.94400
v 156618.35938 379711.53125 18.94400
v 156625.29688 379710.96875 18.94400
v 156622.39062 379714.84375 18.94400
v 156646.54688 379682.90625 18.94400
v 156618.21875 379711.68750 18.94400
v 156625.37500 379711.03125 18.94400
v 156625.29688 379710.96875 26.42200
v 156622.39062 379714.84375 26.43000
v 156618.21875 379711.68750 26.42800
v 156618.35938 379711.53125 26.42800
v 156608.78125 379693.03125 28.56800
v 156610.04688 379693.56250 28.57100
v 156610.04688 379693.56250 26.40800
v 156608.78125 379693.03125 26.40800
v 156646.54688 379682.90625 26.36900
v 156625.37500 379711.03125 26.42200
v 156606.70312 379702.75000 26.42300
v 156606.57812 379702.90625 26.42400
v 156602.95312 379699.93750 26.42200
v 156602.82812 379700.09375 26.42200
v 156614.12500 379658.65625 26.35700
v 156593.48438 379687.18750 26.41100
v 156593.48438 379687.18750 25.26700
v 156614.12500 379658.65625 25.28100
v 156593.17188 379686.87500 25.26800
v 156593.12500 379686.93750 25.26800
v 156593.12500 379686.93750 26.41000
v 156614.17188 379658.59375 26.35700
v 156614.17188 379658.59375 23.40000
v 156606.96875 379653.21875 25.29800
v 156606.96875 379653.21875 23.40500
v 156614.12500 379658.65625 23.40000
v 156590.92188 379690.84375 26.41700
v 156590.51562 379691.40625 26.41800
v 156590.06250 379691.09375 26.41800
v 156583.93750 379662.00000 23.46000
v 156583.93750 379662.00000 27.14200
v 156575.29688 379673.46875 27.13600
v 156623.87500 379635.46875 23.34700
v 156609.28125 379654.90625 23.40300
v 156587.42188 379683.06250 26.89800
v 156578.59375 379676.43750 27.06800
v 156578.51562 379676.53125 27.06800
v 156587.40625 379684.12500 26.88800
v 156586.90625 379683.75000 26.89800
v 156588.17188 379683.12500 26.88900
v 156575.09375 379673.31250 27.14000
v 156575.03125 379673.93750 27.13400
v 156575.18750 379673.71875 27.13500
v 156574.93750 379673.53125 27.14000
v 156588.70312 379683.53125 25.27900
v 156588.70312 379683.53125 26.87800
v 156596.12500 379671.21875 26.90700
v 156596.12500 379671.21875 25.28700
v 156611.15625 379625.90625 23.35500
v 156600.81250 379692.15625 26.91700
v 156602.09375 379693.43750 26.93300
v 156602.09375 379693.43750 26.41300
v 156600.81250 379692.15625 26.41300
v 156620.42188 379669.31250 26.89400
v 156620.42188 379669.31250 26.36700
v 156618.64062 379682.15625 28.48600
v 156618.64062 379682.15625 26.38700
v 156591.42188 379664.71875 24.91300
v 156590.90625 379665.37500 24.91800
v 156590.90625 379665.37500 23.45200
v 156591.42188 379664.71875 23.45000
v 156596.12500 379671.21875 23.45200
v 156617.34375 379681.09375 28.48000
v 156617.34375 379681.09375 26.38600
v 156618.93750 379668.12500 26.87800
v 156618.93750 379668.12500 26.36700
v 156593.53125 379666.15625 23.44900
v 156597.68750 379660.43750 24.86600
v 156597.68750 379660.43750 23.43300
v 156593.53125 379666.15625 24.90300
v 156593.40625 379662.25000 24.89700
v 156593.32812 379662.96875 24.89800
v 156593.32812 379662.96875 23.44400
v 156593.40625 379662.25000 23.44300
v 156595.21875 379659.96875 24.88100
v 156595.21875 379659.96875 23.43600
v 156593.14062 379665.84375 24.90400
v 156593.14062 379665.84375 23.44900
v 156601.15625 379867.34375 19.58200
v 156601.50000 379867.78125 19.58200
v 156606.89062 379863.46875 19.58200
v 156593.12500 379857.18750 19.58200
v 156593.64062 379847.28125 19.58200
v 156590.03125 379850.18750 19.58200
v 156593.93750 379847.06250 19.58200
v 156584.87500 379854.21875 19.58200
v 156588.48438 379859.75000 19.58200
v 156587.10938 379852.46875 19.58200
v 156588.68750 379860.06250 19.58200
v 156592.73438 379857.43750 19.58200
v 156607.00000 379863.37500 19.58200
v 156592.73438 379857.43750 22.09100
v 156588.68750 379860.06250 22.15200
v 156594.37500 379854.21875 23.90600
v 156594.31250 379854.15625 24.00700
v 156594.31250 379854.15625 23.90700
v 156590.03125 379850.18750 22.91600
v 156587.10938 379852.46875 23.19600
v 156587.50000 379853.09375 24.03200
v 156587.10938 379852.46875 24.04500
v 156591.85938 379850.15625 24.28800
v 156594.79688 379853.81250 24.28400
v 156594.79688 379853.81250 24.22900
v 156591.85938 379850.15625 24.09100
v 156594.79688 379853.81250 24.01400
v 156607.00000 379863.37500 22.31900
v 156606.89062 379863.46875 22.32600
v 156606.89062 379863.46875 22.39800
v 156593.93750 379847.06250 22.29600
v 156593.64062 379847.28125 22.50800
v 156601.50000 379867.78125 21.72300
v 156601.15625 379867.34375 22.29300
v 156584.87500 379854.21875 22.32200
v 156588.48438 379859.75000 22.31800
v 156592.14062 379849.96875 24.09500
v 156594.46875 379854.03125 24.01000
v 156594.21875 379854.00000 24.18200
v 156594.21875 379854.00000 24.01000
v 156588.75000 379859.59375 22.50700
v 156588.48438 379859.75000 22.54000
v 156591.21875 379856.28125 23.96400
v 156593.42188 379854.21875 24.00600
v 156593.42188 379854.21875 24.45200
v 156602.87500 379863.81250 24.26700
v 156602.87500 379863.81250 24.25500
v 156606.84375 379863.40625 22.39800
v 156593.12500 379857.18750 22.33900
v 156589.96875 379857.12500 23.94700
v 156594.96875 379835.03125 19.25000
v 156600.54688 379821.87500 19.25000
v 156586.03125 379823.53125 19.25000
v 156624.43750 379840.00000 19.25000
v 156624.54688 379839.96875 19.25000
v 156616.07812 379823.65625 19.25000
v 156604.76562 379827.34375 19.25000
v 156622.53125 379841.50000 19.25000
v 156616.15625 379823.62500 19.25000
v 156614.15625 379819.84375 19.25000
v 156596.60938 379816.87500 19.25000
v 156596.48438 379816.96875 19.25000
v 156600.67188 379821.78125 19.25000
v 156595.42188 379815.62500 19.25000
v 156618.73438 379864.53125 19.25000
v 156624.81250 379875.56250 19.25000
v 156635.59375 379866.09375 19.25000
v 156585.85938 379823.31250 19.25000
v 156585.84375 379823.68750 19.25000
v 156617.17188 379865.84375 19.25000
v 156600.67188 379821.78125 23.61700
v 156596.60938 379816.87500 23.62400
v 156596.48438 379816.96875 23.62300
v 156616.15625 379823.62500 25.53900
v 156614.15625 379819.84375 25.54500
v 156624.43750 379840.00000 25.51500
v 156624.54688 379839.96875 25.51500
v 156622.53125 379841.50000 25.51800
v 156635.59375 379866.09375 25.48100
v 156624.81250 379875.56250 25.49700
v 156617.17188 379865.84375 25.51700
v 156600.54688 379821.87500 23.61700
v 156594.96875 379835.03125 23.58500
v 156585.84375 379823.68750 23.60100
v 156604.76562 379827.34375 25.55900
v 156604.76562 379827.34375 23.60900
v 156604.75000 379833.15625 25.55700
v 156603.39062 379834.21875 26.01000
v 156603.39062 379834.21875 25.55900
v 156604.75000 379833.15625 26.03300
v 156621.89062 379856.90625 25.97500
v 156623.12500 379855.93750 25.99600
v 156623.12500 379855.93750 25.51000
v 156621.89062 379856.90625 25.51200
v 156618.85938 379837.75000 25.99000
v 156611.10938 379828.25000 26.01800
v 156611.10938 379828.25000 25.54700
v 156618.85938 379837.75000 25.52700
v 156618.73438 379864.53125 25.51400
v 156594.96875 379835.03125 25.57400
v 156609.82812 379828.90625 25.54900
v 156617.59375 379838.68750 25.95000
v 156617.59375 379838.68750 25.52900
v 156609.82812 379828.90625 25.98200
v 156595.42188 379815.62500 23.62500
v 156586.03125 379823.53125 23.60100
v 156585.85938 379823.31250 23.60100
v 156610.40625 379828.53125 25.54800
v 156610.40625 379828.53125 26.00000
v 156616.07812 379823.65625 25.53900
v 157071.54688 379407.25000 18.20100
v 157068.78125 379413.43750 18.20100
v 157069.06250 379413.56250 18.20100
v 157074.75000 379416.21875 18.20100
v 157075.64062 379414.65625 18.20100
v 157069.01562 379413.62500 18.20100
v 157071.71875 379422.90625 18.20100
v 157074.43750 379424.15625 18.20100
v 157078.18750 379415.90625 18.20100
v 157078.07812 379415.87500 18.20100
v 157078.10938 379415.78125 18.20100
v 157076.87500 379409.84375 18.20100
v 157077.64062 379410.18750 18.20100
v 157076.89062 379409.71875 18.20100
v 157074.43750 379424.15625 21.66700
v 157078.18750 379415.90625 21.68700
v 157071.71875 379422.90625 21.64800
v 157074.75000 379416.21875 21.66500
v 157068.78125 379413.43750 21.62300
v 157071.54688 379407.25000 21.63800
v 157078.07812 379415.87500 21.68600
v 157069.01562 379413.62500 21.62500
v 157069.06250 379413.56250 21.62500
v 157076.89062 379409.71875 21.67500
v 157076.87500 379409.84375 21.67500
v 157077.64062 379410.18750 21.68000
v 157075.64062 379414.65625 21.67000
v 157078.10938 379415.78125 21.68700
v 157067.21875 379512.96875 19.07200
v 157066.75000 379512.84375 19.07200
v 157067.17188 379513.06250 19.07200
v 157067.65625 379513.15625 19.07200
v 157066.78125 379512.75000 19.07200
v 157070.29688 379474.46875 19.07200
v 157064.60938 379487.00000 19.07200
v 157080.84375 379484.09375 19.07200
v 157081.17188 379483.37500 19.07200
v 157081.04688 379483.75000 19.07200
v 157082.34375 379480.78125 19.07200
v 157082.70312 379479.96875 19.07200
v 157079.34375 379454.09375 19.07200
v 157070.14062 379474.40625 19.07200
v 157091.10938 379459.50000 19.07200
v 157088.90625 379466.34375 19.07200
v 157091.39062 379459.62500 19.07200
v 157091.15625 379459.40625 19.07200
v 157091.84375 379459.84375 19.07200
v 157091.43750 379459.53125 19.07200
v 157057.62500 379502.40625 19.07200
v 157064.45312 379486.90625 19.07200
v 157057.45312 379502.37500 19.07200
v 157085.46875 379473.90625 19.07200
v 157061.48438 379510.37500 19.07200
v 157055.25000 379507.62500 19.07200
v 157061.45312 379510.46875 19.07200
v 157091.10938 379459.50000 98.54700
v 157091.15625 379459.40625 98.54800
v 157064.60938 379487.00000 98.58700
v 157064.45312 379486.90625 98.58700
v 157070.29688 379474.46875 98.58800
v 157070.14062 379474.40625 98.58900
v 157079.70312 379481.21875 94.98500
v 157074.31250 379478.87500 97.94200
v 157074.31250 379478.87500 94.98200
v 157079.70312 379481.21875 97.95300
v 157081.84375 379479.59375 98.54500
v 157081.42188 379480.53125 98.54500
v 157081.42188 379480.53125 94.98600
v 157081.84375 379479.59375 94.98600
v 157082.70312 379479.96875 98.54200
v 157082.70312 379479.96875 94.98700
v 157085.46875 379473.90625 98.54300
v 157082.34375 379480.78125 94.98600
v 157082.34375 379480.78125 98.54200
v 157081.56250 379480.84375 98.54400
v 157081.56250 379480.84375 94.98600
v 157081.17188 379483.37500 98.54200
v 157072.34375 379480.65625 97.93800
v 157072.73438 379480.84375 97.93900
v 157072.73438 379480.84375 94.98100
v 157072.34375 379480.65625 94.98000
v 157062.06250 379507.75000 98.56300
v 157063.01562 379503.40625 99.81200
v 157063.01562 379503.40625 98.56700
v 157062.06250 379507.75000 99.86000
v 157067.17188 379513.06250 98.53900
v 157066.75000 379512.84375 98.54100
v 157066.78125 379512.75000 98.54100
v 157085.46875 379473.90625 101.56300
v 157088.90625 379466.34375 101.57300
v 157088.90625 379466.34375 98.54400
v 157083.60938 379472.90625 101.53100
v 157083.60938 379472.90625 98.55000
v 157072.53125 379475.46875 94.98100
v 157072.53125 379475.46875 98.58000
v 157066.59375 379487.96875 98.57900
v 157066.59375 379487.96875 94.97600
v 157076.09375 379492.65625 98.54300
v 157076.09375 379492.65625 94.98200
v 157067.21875 379512.96875 98.53900
v 157074.76562 379481.78125 97.94300
v 157078.65625 379483.56250 97.95100
v 157078.65625 379483.56250 94.98400
v 157074.76562 379481.78125 94.98200
v 157073.60938 379481.25000 94.98100
v 157073.65625 379481.25000 97.94100
v 157073.65625 379481.25000 94.98100
v 157073.60938 379481.25000 97.94100
v 157074.70312 379481.46875 97.94300
v 157074.70312 379481.46875 94.98200
v 157069.10938 379487.37500 97.93200
v 157076.12500 379490.50000 97.94700
v 157076.12500 379490.50000 94.98200
v 157069.10938 379487.37500 94.97800
v 157076.93750 379487.65625 94.98200
v 157073.92188 379486.21875 97.94200
v 157073.92188 379486.21875 94.98100
v 157076.93750 379487.65625 97.94800
v 157057.45312 379502.37500 98.58500
v 157079.34375 379454.09375 98.59200
v 157091.43750 379459.53125 98.54600
v 157091.39062 379459.62500 98.54600
v 157082.45312 379463.31250 101.46500
v 157082.45312 379463.31250 98.56800
v 157091.84375 379459.84375 98.54500
v 157072.62500 379481.06250 97.93900
v 157072.62500 379481.06250 94.98000
v 157074.00000 379478.18750 94.98200
v 157073.76562 379478.65625 97.94100
v 157073.76562 379478.65625 94.98100
v 157074.00000 379478.18750 97.94100
v 157074.12500 379478.78125 94.98200
v 157074.12500 379478.78125 97.94200
v 157074.32812 379478.81250 97.94200
v 157074.32812 379478.81250 94.98200
v 157082.45312 379464.12500 101.46900
v 157082.45312 379464.12500 98.56700
v 157078.57812 379471.50000 101.45100
v 157078.57812 379471.50000 98.56800
v 157069.82812 379485.28125 97.93400
v 157069.82812 379485.28125 94.97800
v 157061.45312 379510.46875 98.56100
v 157055.25000 379507.62500 98.58400
v 157061.46875 379507.62500 98.56500
v 157061.46875 379507.62500 99.86300
v 157061.48438 379510.37500 98.56100
v 157060.71875 379502.96875 99.82500
v 157059.26562 379506.62500 99.87000
v 157059.26562 379506.62500 98.57300
v 157060.71875 379502.96875 98.57400
v 157072.90625 379478.40625 97.93900
v 157072.90625 379478.40625 94.98100
v 157061.51562 379507.53125 99.86200
v 157061.51562 379507.53125 98.56500
v 157067.65625 379513.15625 98.53800
v 157080.84375 379484.09375 98.54200
v 157081.04688 379483.75000 98.54100
v 157057.62500 379502.40625 98.58500
v 157051.35938 379426.53125 18.12000
v 157017.25000 379469.40625 18.12000
v 157029.40625 379474.93750 18.12000
v 157039.23438 379421.00000 18.12000
v 157029.40625 379474.93750 40.56100
v 157017.25000 379469.40625 40.57000
v 157051.35938 379426.53125 40.57500
v 157039.23438 379421.00000 40.58400
v 156993.31250 379400.21875 18.12400
v 156971.40625 379448.59375 18.12400
v 156983.53125 379454.09375 18.12400
v 157005.46875 379405.71875 18.12400
v 156983.53125 379454.09375 40.56400
v 156971.40625 379448.59375 40.57700
v 157005.46875 379405.71875 40.58700
v 156993.31250 379400.21875 40.60000
v 156822.40625 379413.03125 27.75000
v 156816.14062 379410.18750 27.75000
v 156822.48438 379411.37500 27.75000
v 156761.60938 379438.68750 27.75000
v 156762.21875 379437.87500 27.75000
v 156767.06250 379441.65625 27.75000
v 156773.06250 379428.43750 27.75000
v 156774.62500 379424.90625 27.75000
v 156948.39062 379560.46875 27.75000
v 156946.12500 379563.37500 27.75000
v 156917.64062 379560.40625 27.75000
v 156760.37500 379434.31250 27.75000
v 156768.04688 379424.50000 27.75000
v 156739.43750 379462.06250 27.75000
v 156742.67188 379462.37500 27.75000
v 156741.59375 379463.75000 27.75000
v 156767.78125 379440.12500 27.75000
v 156779.95312 379413.25000 27.75000
v 156768.67188 379420.28125 27.75000
v 156776.34375 379410.43750 27.75000
v 156781.53125 379409.71875 27.75000
v 156786.81250 379398.06250 27.75000
v 156775.56250 379405.06250 27.75000
v 156783.21875 379395.25000 27.75000
v 156787.26562 379397.06250 27.75000
v 156817.32812 379409.03125 27.75000
v 156817.20312 379407.84375 27.75000
v 156817.75000 379408.09375 27.75000
v 156850.95312 379450.56250 27.75000
v 156822.90625 379410.43750 27.75000
v 156823.45312 379410.68750 27.75000
v 156955.23438 379497.93750 27.75000
v 156968.32812 379534.93750 27.75000
v 156966.01562 379537.87500 27.75000
v 156864.60938 379432.09375 27.75000
v 156868.56250 379427.03125 27.75000
v 156869.06250 379427.43750 27.75000
v 156902.29688 379466.40625 27.75000
v 156907.81250 379470.71875 27.75000
v 156897.98438 379471.90625 27.75000
v 156956.06250 379550.65625 27.75000
v 156921.71875 379474.06250 27.75000
v 156916.71875 379480.43750 27.75000
v 156976.00000 379525.09375 27.75000
v 156911.46875 379466.03125 27.75000
v 156974.04688 379539.37500 27.75000
v 156986.20312 379512.00000 27.75000
v 156951.15625 379475.78125 27.75000
v 156964.43750 379486.15625 27.75000
v 156939.43750 379490.75000 27.75000
v 156958.35938 379547.68750 27.75000
v 156970.28125 379541.18750 27.75000
v 156962.62500 379551.03125 27.75000
v 156981.73438 379529.56250 27.75000
v 156970.21875 379606.50000 27.75000
v 156976.07812 379611.09375 27.75000
v 156937.95312 379618.50000 27.75000
v 156855.43750 379592.31250 27.75000
v 156898.98438 379584.25000 27.75000
v 156896.65625 379587.21875 27.75000
v 156952.67188 379563.78125 27.75000
v 156960.31250 379553.96875 27.75000
v 156939.53125 379571.81250 27.75000
v 156936.78125 379575.34375 27.75000
v 156950.39062 379566.71875 27.75000
v 156943.79688 379575.15625 27.75000
v 156916.60938 379561.71875 27.75000
v 156913.20312 379574.84375 27.75000
v 156908.93750 379571.53125 27.75000
v 156826.96875 379570.06250 27.75000
v 156906.64062 379574.46875 27.75000
v 156934.09375 379622.25000 27.75000
v 156933.73438 379623.65625 27.75000
v 156933.26562 379623.75000 27.75000
v 156920.85938 379565.03125 27.75000
v 156865.25000 379599.96875 27.75000
v 156937.21875 379621.62500 27.75000
v 156934.37500 379619.18750 27.75000
v 156917.32812 379582.90625 27.75000
v 156910.89062 379577.78125 27.75000
v 156928.03125 379584.09375 27.75000
v 156928.70312 379583.21875 27.75000
v 156947.20312 379598.87500 27.75000
v 156920.81250 379578.43750 27.75000
v 156948.50000 379598.62500 27.75000
v 156925.84375 379607.81250 27.75000
v 156928.26562 379607.15625 27.75000
v 156952.10938 379602.68750 27.75000
v 156970.31250 379599.12500 27.75000
v 156971.43750 379604.93750 27.75000
v 156900.34375 379620.12500 27.75000
v 156898.67188 379618.90625 27.75000
v 156897.65625 379613.34375 27.75000
v 156879.00000 379609.81250 27.75000
v 156886.67188 379600.00000 27.75000
v 156883.29688 379613.15625 27.75000
v 156895.09375 379626.84375 27.75000
v 156916.95312 379598.28125 27.75000
v 156923.56250 379603.46875 27.75000
v 156925.79688 379607.62500 27.75000
v 156910.98438 379605.90625 27.75000
v 156888.96875 379597.06250 27.75000
v 156868.21875 379602.28125 27.75000
v 156893.28125 379600.40625 27.75000
v 156900.95312 379590.59375 27.75000
v 156890.96875 379603.37500 27.75000
v 156878.01562 379609.93750 27.75000
v 156864.85938 379606.56250 27.75000
v 156878.57812 379610.37500 27.75000
v 156852.07812 379596.62500 27.75000
v 156874.67188 379614.25000 27.75000
v 156861.90625 379604.28125 27.75000
v 156817.12500 379562.40625 27.75000
v 156814.18750 379560.09375 27.75000
v 156813.76562 379566.71875 27.75000
v 156823.59375 379574.40625 27.75000
v 156799.92188 379558.12500 27.75000
v 156809.75000 379565.81250 27.75000
v 156801.42188 379550.12500 27.75000
v 156804.35938 379552.43750 27.75000
v 156786.28125 379549.28125 27.75000
v 156791.59375 379542.46875 27.75000
v 156796.10938 379556.93750 27.75000
v 156774.37500 379538.25000 27.75000
v 156778.79688 379532.56250 27.75000
v 156784.18750 379545.90625 27.75000
v 156788.67188 379540.18750 27.75000
v 156753.76562 379471.00000 27.75000
v 156766.06250 379522.56250 27.75000
v 156752.17188 379474.50000 27.75000
v 156760.50000 379529.68750 27.75000
v 156775.85938 379530.28125 27.75000
v 156770.32812 379537.34375 27.75000
v 156746.85938 379486.15625 27.75000
v 156741.96875 379482.31250 27.75000
v 156748.79688 379518.31250 27.75000
v 156753.20312 379512.62500 27.75000
v 156758.65625 379525.93750 27.75000
v 156739.93750 379501.37500 27.75000
v 156745.25000 379489.68750 27.75000
v 156739.64062 379502.03125 27.75000
v 156735.46875 379497.84375 27.75000
v 156763.09375 379520.25000 27.75000
v 156759.04688 379459.31250 27.75000
v 156744.21875 379460.40625 27.75000
v 156744.87500 379455.28125 27.75000
v 156746.95312 379456.90625 27.75000
v 156743.14062 379488.06250 27.75000
v 156755.43750 379456.53125 27.75000
v 156749.31250 379464.40625 27.75000
v 156749.64062 379472.53125 27.75000
v 156765.92188 379444.15625 27.75000
v 156753.26562 379450.09375 27.75000
v 156760.89062 379440.25000 27.75000
v 156686.56250 379424.31250 27.75000
v 156680.90625 379438.46875 27.75000
v 156747.56250 379448.65625 27.75000
v 156760.64062 379455.84375 27.75000
v 156766.62500 379442.59375 27.75000
v 156761.60938 379438.68750 18.19800
v 156762.21875 379437.87500 18.19800
v 156767.06250 379441.65625 18.19800
v 156767.78125 379440.12500 18.19800
v 156760.37500 379434.31250 18.19800
v 156768.04688 379424.50000 18.19800
v 156773.06250 379428.43750 18.19800
v 156774.62500 379424.90625 18.19800
v 156768.67188 379420.28125 18.19800
v 156776.34375 379410.43750 18.19800
v 156779.95312 379413.25000 18.19800
v 156781.53125 379409.71875 18.19800
v 156775.56250 379405.06250 18.19800
v 156783.21875 379395.25000 18.19800
v 156786.81250 379398.06250 18.19800
v 156787.26562 379397.06250 18.19800
v 156816.14062 379410.18750 18.19800
v 156817.20312 379407.84375 18.19800
v 156817.75000 379408.09375 18.19800
v 156817.32812 379409.03125 18.19800
v 156822.48438 379411.37500 18.19800
v 156822.90625 379410.43750 18.19800
v 156823.45312 379410.68750 18.19800
v 156822.40625 379413.03125 18.19800
v 156864.60938 379432.09375 18.19800
v 156868.56250 379427.03125 18.19800
v 156869.06250 379427.43750 18.19800
v 156850.95312 379450.56250 18.19800
v 156897.98438 379471.90625 18.19800
v 156902.29688 379466.40625 18.19800
v 156907.81250 379470.71875 18.19800
v 156911.46875 379466.03125 18.19800
v 156921.71875 379474.06250 18.19800
v 156916.71875 379480.43750 18.19800
v 156939.43750 379490.75000 18.19800
v 156951.15625 379475.78125 18.19800
v 156964.43750 379486.15625 18.19800
v 156955.23438 379497.93750 18.19800
v 156986.20312 379512.00000 18.19800
v 156976.00000 379525.09375 18.19800
v 156981.73438 379529.56250 18.19800
v 156974.04688 379539.37500 18.19800
v 156968.32812 379534.93750 18.19800
v 156966.01562 379537.87500 18.19800
v 156970.28125 379541.18750 18.19800
v 156962.62500 379551.03125 18.19800
v 156958.35938 379547.68750 18.19800
v 156956.06250 379550.65625 18.19800
v 156960.31250 379553.96875 18.19800
v 156952.67188 379563.78125 18.19800
v 156948.39062 379560.46875 18.19800
v 156946.12500 379563.37500 18.19800
v 156950.39062 379566.71875 18.19800
v 156943.79688 379575.15625 18.19800
v 156939.53125 379571.81250 18.19800
v 156936.78125 379575.34375 18.19800
v 156917.64062 379560.40625 18.19800
v 156916.60938 379561.71875 18.19800
v 156920.85938 379565.03125 18.19800
v 156913.20312 379574.84375 18.19800
v 156908.93750 379571.53125 18.19800
v 156906.64062 379574.46875 18.19800
v 156910.89062 379577.78125 18.19800
v 156917.32812 379582.90625 18.19800
v 156920.81250 379578.43750 18.19800
v 156928.03125 379584.09375 18.19800
v 156928.70312 379583.21875 18.19800
v 156948.50000 379598.62500 18.19800
v 156947.20312 379598.87500 18.19800
v 156952.10938 379602.68750 18.19800
v 156970.31250 379599.12500 18.19800
v 156971.43750 379604.93750 18.19800
v 156970.21875 379606.50000 18.19800
v 156976.07812 379611.09375 18.19800
v 156937.95312 379618.50000 18.19800
v 156937.21875 379621.62500 18.19800
v 156934.09375 379622.25000 18.19800
v 156933.73438 379623.65625 18.19800
v 156933.26562 379623.75000 18.19800
v 156934.37500 379619.18750 18.19800
v 156895.09375 379626.84375 18.19800
v 156900.34375 379620.12500 18.19800
v 156898.67188 379618.90625 18.19800
v 156897.65625 379613.34375 18.19800
v 156925.84375 379607.81250 18.19800
v 156925.79688 379607.62500 18.19800
v 156928.26562 379607.15625 18.19800
v 156923.56250 379603.46875 18.19800
v 156910.98438 379605.90625 18.19800
v 156916.95312 379598.28125 18.19800
v 156898.98438 379584.25000 18.19800
v 156896.65625 379587.21875 18.19800
v 156900.95312 379590.59375 18.19800
v 156893.28125 379600.40625 18.19800
v 156888.96875 379597.06250 18.19800
v 156886.67188 379600.00000 18.19800
v 156890.96875 379603.37500 18.19800
v 156883.29688 379613.15625 18.19800
v 156879.00000 379609.81250 18.19800
v 156878.57812 379610.37500 18.19800
v 156878.01562 379609.93750 18.19800
v 156874.67188 379614.25000 18.19800
v 156864.85938 379606.56250 18.19800
v 156868.21875 379602.28125 18.19800
v 156865.25000 379599.96875 18.19800
v 156861.90625 379604.28125 18.19800
v 156852.07812 379596.62500 18.19800
v 156855.43750 379592.31250 18.19800
v 156826.96875 379570.06250 18.19800
v 156823.59375 379574.40625 18.19800
v 156813.76562 379566.71875 18.19800
v 156817.12500 379562.40625 18.19800
v 156814.18750 379560.09375 18.19800
v 156809.75000 379565.81250 18.19800
v 156799.92188 379558.12500 18.19800
v 156804.35938 379552.43750 18.19800
v 156801.42188 379550.12500 18.19800
v 156796.10938 379556.93750 18.19800
v 156786.28125 379549.28125 18.19800
v 156791.59375 379542.46875 18.19800
v 156788.67188 379540.18750 18.19800
v 156784.18750 379545.90625 18.19800
v 156774.37500 379538.25000 18.19800
v 156778.79688 379532.56250 18.19800
v 156775.85938 379530.28125 18.19800
v 156770.32812 379537.34375 18.19800
v 156760.50000 379529.68750 18.19800
v 156766.06250 379522.56250 18.19800
v 156763.09375 379520.25000 18.19800
v 156758.65625 379525.93750 18.19800
v 156748.79688 379518.31250 18.19800
v 156753.20312 379512.62500 18.19800
v 156739.64062 379502.03125 18.19800
v 156739.93750 379501.37500 18.19800
v 156735.46875 379497.84375 18.19800
v 156743.14062 379488.06250 18.19800
v 156745.25000 379489.68750 18.19800
v 156746.85938 379486.15625 18.19800
v 156741.96875 379482.31250 18.19800
v 156749.64062 379472.53125 18.19800
v 156752.17188 379474.50000 18.19800
v 156753.76562 379471.00000 18.19800
v 156742.67188 379462.37500 18.19800
v 156741.59375 379463.75000 18.19800
v 156739.43750 379462.06250 18.19800
v 156680.90625 379438.46875 18.19800
v 156686.56250 379424.31250 18.19800
v 156747.56250 379448.65625 18.19800
v 156744.87500 379455.28125 18.19800
v 156746.95312 379456.90625 18.19800
v 156744.21875 379460.40625 18.19800
v 156749.31250 379464.40625 18.19800
v 156755.43750 379456.53125 18.19800
v 156759.04688 379459.31250 18.19800
v 156760.64062 379455.84375 18.19800
v 156753.26562 379450.09375 18.19800
v 156760.89062 379440.25000 18.19800
v 156765.92188 379444.15625 18.19800
v 156766.62500 379442.59375 18.19800
v 157082.62500 379454.84375 17.91600
v 157091.37500 379436.37500 17.91600
v 157091.07812 379436.18750 17.91600
v 157085.65625 379456.28125 17.91600
v 157093.96875 379438.00000 17.91600
v 157091.57812 379435.90625 17.91600
v 157094.15625 379438.12500 17.91600
v 157094.54688 379437.25000 17.91600
v 157085.65625 379456.28125 30.07700
v 157082.62500 379454.84375 30.15400
v 157091.37500 379436.37500 30.20500
v 157091.07812 379436.18750 30.21300
v 157093.96875 379438.00000 30.13400
v 157094.15625 379438.12500 30.12900
v 157094.54688 379437.25000 30.13200
v 157091.57812 379435.90625 30.20600
v 156959.14062 379570.53125 18.23900
v 157004.82812 379606.46875 18.23900
v 156969.71875 379557.34375 18.23900
v 157049.93750 379548.93750 18.23900
v 157050.40625 379548.34375 18.23900
v 157030.98438 379533.09375 18.23900
v 156973.29688 379553.12500 18.23900
v 156971.73438 379555.50000 18.23900
v 156969.42188 379557.46875 18.23900
v 157050.03125 379549.03125 18.23900
v 156975.89062 379549.25000 18.23900
v 157011.25000 379518.56250 18.23900
v 157011.73438 379517.93750 18.23900
v 157004.31250 379513.09375 18.23900
v 156959.14062 379570.53125 54.35700
v 157004.82812 379606.46875 54.36300
v 157015.00000 379529.65625 59.50000
v 157014.12500 379529.87500 59.50000
v 157014.12500 379529.87500 54.35200
v 157015.00000 379529.65625 54.35200
v 157013.89062 379530.21875 59.50000
v 157013.89062 379530.21875 58.02400
v 157013.89062 379530.21875 54.35200
v 157037.78125 379557.21875 59.49900
v 157037.29688 379556.78125 59.49900
v 157037.29688 379556.78125 59.39400
v 157037.78125 379557.21875 58.79400
v 157042.29688 379550.06250 59.50000
v 157042.29688 379550.06250 59.43600
v 157020.75000 379580.65625 57.39700
v 157028.06250 379571.12500 58.01400
v 157028.06250 379571.12500 54.35800
v 157020.75000 379580.65625 54.35900
v 157008.01562 379538.25000 59.49900
v 157008.01562 379538.25000 58.63800
v 157033.32812 379562.84375 59.49800
v 157037.95312 379557.37500 59.49900
v 157037.95312 379557.37500 54.35600
v 157033.32812 379562.84375 54.35700
v 157037.78125 379557.21875 54.35600
v 156995.00000 379550.78125 32.48700
v 157009.90625 379562.37500 32.47500
v 157009.90625 379562.37500 32.02400
v 156995.00000 379550.78125 31.69300
v 157038.09375 379557.21875 54.35600
v 157043.42188 379550.90625 58.17100
v 157043.42188 379550.90625 54.35500
v 157038.09375 379557.21875 58.58300
v 157042.29688 379550.06250 54.35500
v 157006.14062 379598.00000 54.36200
v 157012.32812 379589.78125 59.49300
v 157012.32812 379589.78125 54.36000
v 157006.14062 379598.00000 59.49200
v 157012.85938 379589.62500 59.49300
v 157012.85938 379589.62500 54.36000
v 157050.03125 379549.03125 54.35500
v 157007.42188 379586.68750 59.49300
v 157007.26562 379586.84375 59.49300
v 157007.26562 379586.84375 58.40600
v 157007.42188 379586.68750 58.40300
v 157009.78125 379565.68750 54.35700
v 157002.17188 379575.46875 54.35800
v 157002.17188 379575.46875 32.06100
v 157009.78125 379565.68750 32.05800
v 157005.78125 379584.03125 58.50300
v 157007.37500 379585.21875 59.49300
v 157007.37500 379585.21875 58.42800
v 157005.78125 379584.03125 59.49300
v 157049.93750 379548.93750 54.35500
v 157049.93750 379548.93750 55.59900
v 157050.40625 379548.34375 55.47600
v 157011.73438 379517.93750 54.35000
v 157030.98438 379533.09375 54.35200
v 157031.10938 379534.15625 55.58700
v 157031.10938 379534.15625 54.35200
v 157005.60938 379532.59375 54.35200
v 157006.73438 379533.87500 56.00700
v 157006.73438 379533.87500 54.35200
v 157005.60938 379532.59375 56.05900
v 157001.28125 379542.71875 32.50000
v 156999.42188 379545.93750 32.49700
v 156999.42188 379545.93750 31.70100
v 157001.28125 379542.71875 31.69100
v 157015.82812 379553.90625 32.01200
v 157015.82812 379553.90625 32.48100
v 157012.62500 379529.90625 56.30500
v 157011.87500 379528.93750 56.34700
v 157011.87500 379528.93750 54.35100
v 157012.62500 379529.90625 54.35200
v 157011.76562 379529.71875 57.99900
v 157011.76562 379529.71875 56.30300
v 157012.62500 379529.90625 58.00900
v 157007.79688 379538.56250 59.49900
v 157007.82812 379538.75000 59.49900
v 157007.82812 379538.75000 54.35300
v 157007.79688 379538.56250 54.35300
v 157012.56250 379526.34375 54.35100
v 157010.03125 379524.96875 57.43700
v 157010.03125 379524.96875 54.35100
v 157012.56250 379526.34375 57.56600
v 157009.93750 379526.43750 57.06300
v 157009.93750 379526.43750 56.45300
v 157009.93750 379526.43750 54.35100
v 157008.46875 379538.59375 59.49900
v 157008.46875 379538.59375 54.35300
v 157018.06250 379555.06250 54.35500
v 157017.78125 379555.40625 54.35500
v 157017.78125 379555.40625 32.05600
v 157018.06250 379555.06250 32.05600
v 157030.98438 379533.09375 55.46000
v 157005.79688 379585.65625 59.49300
v 157005.81250 379585.43750 59.49300
v 157005.81250 379585.43750 58.48000
v 157005.79688 379585.65625 58.47700
v 157005.96875 379536.50000 58.52100
v 157006.84375 379537.34375 58.57800
v 157006.84375 379537.34375 54.35300
v 157005.96875 379536.50000 54.35300
v 157001.65625 379572.68750 32.02400
v 157003.79688 379569.37500 32.47000
v 157003.79688 379569.37500 32.01700
v 157001.65625 379572.68750 32.46700
v 157005.32812 379585.09375 59.49300
v 157005.32812 379585.09375 58.50200
v 156990.45312 379566.00000 31.79700
v 156989.43750 379565.62500 54.35700
v 156989.43750 379565.62500 31.77900
v 156990.45312 379566.00000 54.35700
v 156990.71875 379566.59375 31.80700
v 156990.71875 379566.59375 54.35700
v 156989.40625 379558.06250 31.69600
v 156986.95312 379561.28125 32.48600
v 156986.95312 379561.28125 31.69700
v 156989.40625 379558.06250 32.48800
v 157018.96875 379563.43750 59.49700
v 157018.45312 379563.78125 59.49700
v 157018.45312 379563.78125 54.35700
v 157018.96875 379563.43750 54.35700
v 157027.17188 379553.25000 59.49900
v 157027.17188 379553.25000 54.35500
v 157013.70312 379557.03125 32.01800
v 157013.70312 379557.03125 32.47900
v 157018.56250 379563.93750 59.49700
v 157018.56250 379563.93750 54.35700
v 157004.62500 379599.56250 59.49200
v 157004.62500 379599.56250 54.36200
v 156969.42188 379557.46875 54.35500
v 156974.35938 379569.84375 59.49200
v 156972.64062 379569.65625 59.49200
v 156972.64062 379569.65625 54.35700
v 156974.35938 379569.84375 54.35700
v 156975.68750 379568.12500 54.35700
v 156975.68750 379568.12500 59.49300
v 157018.60938 379581.90625 59.49500
v 157018.60938 379581.90625 56.56600
v 157018.60938 379581.90625 54.35900
v 157019.76562 379579.87500 56.58500
v 157019.87500 379579.96875 59.49500
v 157019.87500 379579.96875 56.57400
v 157019.76562 379579.87500 59.49500
v 157020.26562 379579.50000 59.49500
v 157020.26562 379579.50000 54.35900
v 157019.87500 379579.96875 54.35900
v 157019.98438 379580.06250 56.56600
v 157019.98438 379580.06250 54.35900
v 157011.84375 379558.87500 32.46700
v 157011.84375 379558.87500 32.01200
v 156970.93750 379573.43750 59.49200
v 156970.93750 379573.43750 54.35800
v 157017.73438 379555.46875 55.59800
v 157017.78125 379555.40625 55.59800
v 157017.73438 379555.46875 54.35500
v 157017.51562 379555.18750 55.59800
v 157017.51562 379555.18750 32.05000
v 157017.73438 379555.46875 32.05600
v 157016.25000 379553.59375 54.35500
v 157016.25000 379553.59375 32.01500
v 157007.76562 379564.09375 32.01300
v 156993.43750 379552.81250 32.49800
v 156993.43750 379552.81250 31.69400
v 157007.76562 379564.09375 32.47600
v 156975.28125 379566.09375 59.49300
v 156975.28125 379566.09375 54.35700
v 156977.59375 379565.90625 59.49300
v 156977.59375 379565.90625 54.35700
v 156969.71875 379557.34375 54.35500
v 156978.12500 379564.53125 59.49300
v 156978.12500 379564.53125 54.35700
v 157004.31250 379513.09375 31.40900
v 156975.89062 379549.25000 31.41400
v 157011.90625 379527.46875 57.17000
v 157011.90625 379527.46875 54.35100
v 157010.96875 379527.75000 56.93000
v 157010.96875 379527.75000 56.39700
v 157011.25000 379518.56250 54.35000
v 157006.35938 379524.65625 54.35100
v 157006.35938 379524.65625 31.56300
v 157011.25000 379518.56250 31.56400
v 157016.87500 379552.34375 54.35500
v 157016.12500 379553.43750 54.35500
v 157016.12500 379553.43750 32.01200
v 157016.87500 379552.34375 32.01000
v 156973.29688 379553.12500 31.42100
v 157008.34375 379585.71875 59.49300
v 157008.34375 379585.71875 58.38600
v 157008.21875 379585.84375 59.49300
v 157008.21875 379585.84375 58.38800
v 157002.98438 379583.31250 54.35900
v 157002.98438 379583.31250 59.49300
v 157008.50000 379587.15625 59.49300
v 157008.50000 379587.15625 58.35800
v 157008.54688 379586.09375 58.37300
v 157008.54688 379586.09375 59.49300
v 157034.06250 379563.28125 59.49800
v 157034.06250 379563.28125 54.35700
v 157029.82812 379568.81250 59.49700
v 157029.82812 379568.81250 54.35700
v 157029.21875 379568.43750 59.49700
v 157029.21875 379568.43750 54.35700
v 157000.76562 379578.34375 56.25200
v 156999.01562 379577.78125 56.25200
v 156999.01562 379577.78125 54.35900
v 157000.76562 379578.34375 54.35900
v 156998.87500 379578.90625 56.25700
v 156998.87500 379578.90625 54.35900
v 156997.64062 379547.78125 32.47900
v 156997.64062 379547.78125 31.69600
v 157006.93750 379565.65625 32.46800
v 157006.93750 379565.65625 32.01900
v 157004.54688 379526.93750 54.35100
v 157004.14062 379527.43750 54.35100
v 157004.14062 379527.43750 31.56300
v 157004.54688 379526.93750 31.56300
v 157011.89062 379528.28125 56.38200
v 157011.89062 379528.28125 56.96700
v 157011.89062 379528.28125 54.35100
v 157000.85938 379529.40625 54.35200
v 157000.85938 379529.40625 31.54000
v 157003.98438 379526.31250 54.35100
v 157003.98438 379526.31250 31.54900
v 156971.73438 379555.50000 54.35500
v 156973.29688 379553.12500 54.35500
v 157007.04688 379535.21875 58.42400
v 157007.04688 379535.21875 55.93900
v 157007.04688 379535.21875 54.35200
v 157001.71875 379530.46875 54.35200
v 156997.06250 379536.28125 54.35200
v 156997.06250 379536.28125 31.56300
v 157001.71875 379530.46875 31.56300
v 157004.78125 379566.81250 32.45900
v 157004.78125 379566.81250 32.00200
v 157018.34375 379581.78125 56.58600
v 157018.34375 379581.78125 59.49500
v 157027.21875 379570.90625 59.49700
v 157027.21875 379570.90625 54.35800
v 156991.29688 379556.34375 32.47800
v 156991.29688 379556.34375 31.70300
v 157007.65625 379537.96875 58.62000
v 157008.01562 379538.25000 54.35300
v 157007.65625 379537.96875 54.35300
v 157007.53125 379537.43750 58.58100
v 157007.53125 379537.43750 54.35300
v 157007.17188 379537.59375 54.35300
v 157007.17188 379537.59375 58.59500
v 157000.65625 379579.46875 56.25700
v 157000.65625 379579.46875 54.35900
v 157079.04688 379776.59375 19.09400
v 157077.96875 379770.78125 19.09400
v 157075.26562 379774.18750 19.09400
v 157086.35938 379766.34375 19.09400
v 157080.82812 379767.15625 19.09400
v 157079.29688 379769.09375 19.09400
v 157079.76562 379776.87500 19.09400
v 157087.34375 379778.87500 19.09400
v 157083.07812 379778.12500 19.09400
v 157086.21875 379766.28125 19.09400
v 157084.54688 379765.62500 19.09400
v 157082.89062 379764.56250 19.09400
v 157088.26562 379766.65625 19.09400
v 157090.14062 379778.81250 19.09400
v 157090.20312 379766.59375 19.09400
v 157091.70312 379778.78125 19.09400
v 157092.12500 379766.18750 19.09400
v 157095.93750 379777.84375 19.09400
v 157098.73438 379767.96875 19.09400
v 157099.93750 379776.09375 19.09400
v 157101.64062 379771.28125 19.09400
v 157103.51562 379773.46875 19.09400
v 157097.64062 379766.68750 19.09400
v 157093.89062 379765.43750 19.09400
v 157095.51562 379764.25000 19.09400
v 157075.26562 379774.18750 22.21000
v 157077.96875 379770.78125 22.83700
v 157077.96875 379770.78125 23.86000
v 157080.64062 379773.50000 23.31200
v 157080.64062 379773.50000 23.49800
v 157080.64062 379773.50000 22.90400
v 157079.04688 379776.59375 22.17000
v 157084.45312 379771.96875 22.19300
v 157084.64062 379771.71875 22.48800
v 157084.64062 379771.71875 22.07000
v 157084.45312 379771.96875 22.52100
v 157091.70312 379778.78125 22.32400
v 157090.14062 379778.81250 22.48500
v 157079.29688 379769.09375 22.60000
v 157082.89062 379764.56250 22.20200
v 157080.82812 379767.15625 23.49800
v 157088.26562 379766.65625 22.43800
v 157090.20312 379766.59375 22.51500
v 157086.35938 379766.34375 22.24800
v 157086.21875 379766.28125 22.22600
v 157086.21875 379766.28125 22.19300
v 157095.51562 379764.25000 22.10700
v 157093.89062 379765.43750 22.36800
v 157097.64062 379766.68750 22.91200
v 157095.93750 379777.84375 22.15000
v 157099.93750 379776.09375 22.24900
v 157103.51562 379773.46875 22.65800
v 157087.75000 379773.28125 22.52700
v 157088.26562 379773.53125 22.63100
v 157088.26562 379773.53125 22.41400
v 157087.75000 379773.28125 22.42300
v 157087.75000 379773.28125 22.36500
v 157101.64062 379771.28125 23.53200
v 157098.73438 379767.96875 22.00400
v 157081.89062 379774.25000 23.49400
v 157081.21875 379774.09375 23.41800
v 157081.21875 379774.09375 23.50000
v 157083.73438 379774.71875 23.47700
v 157083.73438 379774.71875 23.70300
v 157081.18750 379776.09375 22.74900
v 157079.76562 379776.87500 22.34800
v 157079.76562 379776.87500 22.22100
v 157083.73438 379774.71875 23.47300
v 157083.07812 379778.12500 22.14900
v 157087.34375 379778.87500 22.22600
v 157099.12500 379772.46875 23.44300
v 157099.09375 379773.00000 23.28400
v 157099.09375 379773.00000 23.59600
v 157097.10938 379773.65625 23.43400
v 157097.10938 379773.65625 23.30600
v 157088.17188 379773.15625 22.52700
v 157087.29688 379775.62500 23.43800
v 157085.85938 379775.25000 23.45300
v 157085.85938 379775.25000 19.09400
v 157087.29688 379775.62500 19.09400
v 157088.01562 379774.84375 23.78100
v 157086.84375 379775.06250 23.60400
v 157086.84375 379775.06250 23.25400
v 157088.01562 379774.84375 23.02100
v 157084.54688 379765.62500 22.27700
v 157097.79688 379771.21875 22.32100
v 157096.90625 379770.96875 22.59000
v 157096.90625 379770.96875 22.44700
v 157097.79688 379771.21875 22.72400
v 157097.79688 379771.21875 22.82400
v 157098.73438 379767.96875 23.04500
v 157097.64062 379766.68750 23.42700
v 157086.75000 379770.12500 23.35700
v 157086.67188 379769.96875 23.40200
v 157086.67188 379769.96875 23.30600
v 157087.10938 379770.90625 23.59700
v 157087.10938 379770.90625 23.14500
v 157086.14062 379766.46875 22.27800
v 157085.50000 379767.90625 22.65800
v 157085.50000 379767.90625 22.89900
v 157085.93750 379769.62500 23.16700
v 157085.93750 379769.62500 23.41400
v 157081.04688 379773.90625 23.44300
v 157082.75000 379772.65625 22.69200
v 157086.84375 379775.06250 19.09400
v 157098.10938 379770.15625 22.55700
v 157089.06250 379775.62500 23.23300
v 157088.43750 379775.15625 23.70300
v 157088.43750 379775.15625 23.06900
v 157089.06250 379775.62500 23.58700
v 157089.25000 379776.18750 23.39400
v 157088.40625 379774.93750 23.00800
v 157088.42188 379775.09375 23.04800
v 157088.42188 379775.09375 23.07100
v 157088.42188 379775.09375 23.73000
v 157088.35938 379775.09375 23.71700
v 157088.35938 379775.09375 23.08800
v 157095.07812 379772.46875 22.85500
v 157095.07812 379772.46875 22.20500
v 157092.12500 379766.18750 22.49300
v 157092.03125 379768.93750 23.27700
v 157089.26562 379772.84375 22.52500
v 157078.37500 379760.84375 19.07900
v 157076.00000 379767.15625 19.07900
v 157078.71875 379763.68750 19.07900
v 157079.84375 379762.21875 19.07900
v 157064.59375 379760.25000 19.07900
v 157076.07812 379755.56250 19.07900
v 157063.87500 379757.06250 19.07900
v 157077.25000 379759.21875 19.07900
v 157063.85938 379756.34375 19.07900
v 157076.01562 379754.46875 19.07900
v 157075.98438 379753.65625 19.07900
v 157063.76562 379752.75000 19.07900
v 157072.20312 379747.37500 19.07900
v 157064.46875 379748.43750 19.07900
v 157074.57812 379748.56250 19.07900
v 157076.31250 379751.75000 19.07900
v 157077.04688 379749.81250 19.07900
v 157068.25000 379745.40625 19.07900
v 157066.10938 379744.34375 19.07900
v 157076.46875 379757.50000 19.07900
v 157064.82812 379761.31250 19.07900
v 157066.59375 379765.25000 19.07900
v 157069.09375 379768.81250 19.07900
v 157074.21875 379769.43750 19.07900
v 157072.31250 379771.87500 19.07900
v 157064.46875 379748.43750 22.19200
v 157066.10938 379744.34375 22.55700
v 157066.59375 379765.25000 22.10000
v 157069.09375 379768.81250 22.13400
v 157073.21875 379752.25000 23.17700
v 157073.03125 379752.71875 23.43200
v 157073.03125 379752.71875 19.07900
v 157073.21875 379752.25000 23.41100
v 157073.21875 379752.25000 19.07900
v 157073.17188 379755.12500 23.14500
v 157072.95312 379754.31250 23.10100
v 157072.95312 379754.31250 23.30800
v 157073.32812 379754.03125 24.49400
v 157073.32812 379754.03125 23.19000
v 157072.95312 379754.31250 24.57900
v 157079.84375 379762.21875 22.12400
v 157078.37500 379760.84375 22.36900
v 157077.04688 379749.81250 22.19800
v 157076.31250 379751.75000 22.28100
v 157077.25000 379759.21875 22.49000
v 157076.46875 379757.50000 22.49200
v 157075.79688 379762.62500 23.35000
v 157078.71875 379763.68750 22.63700
v 157078.71875 379763.68750 23.91900
v 157075.98438 379753.65625 22.22500
v 157063.85938 379756.34375 22.30500
v 157066.48438 379758.21875 23.22800
v 157066.48438 379758.21875 23.00300
v 157063.85938 379756.34375 22.16200
v 157066.89062 379760.31250 23.02800
v 157065.65625 379759.71875 22.92600
v 157065.65625 379759.71875 22.62000
v 157066.89062 379760.31250 23.17400
v 157066.89062 379758.34375 23.36400
v 157066.89062 379758.34375 23.14300
v 157067.10938 379759.18750 23.27900
v 157067.10938 379759.18750 23.17500
v 157068.25000 379745.40625 23.28900
v 157072.20312 379747.37500 22.07900
v 157076.00000 379767.15625 22.39600
v 157074.21875 379769.43750 23.53400
v 157072.31250 379771.87500 22.48300
v 157064.59375 379760.25000 22.20800
v 157064.59375 379760.25000 22.50500
v 157064.82812 379761.31250 22.36700
v 157071.04688 379761.68750 22.60500
v 157070.98438 379761.53125 22.59300
v 157070.98438 379761.53125 22.27200
v 157071.04688 379761.68750 22.25300
v 157073.10938 379760.50000 23.08700
v 157074.15625 379760.00000 23.32900
v 157074.15625 379760.00000 23.48600
v 157069.18750 379758.96875 22.67600
v 157067.10938 379759.18750 23.46700
v 157067.37500 379760.18750 23.59300
v 157067.37500 379760.18750 23.34400
v 157067.37500 379760.18750 23.21200
v 157073.42188 379764.31250 22.32100
v 157072.78125 379757.81250 23.60000
v 157072.78125 379757.81250 23.03400
v 157067.51562 379760.71875 23.65900
v 157067.51562 379760.71875 23.27800
v 157068.48438 379761.34375 23.44400
v 157063.87500 379757.06250 22.12800
v 157063.76562 379752.75000 22.13200
v 157073.46875 379753.15625 24.18400
v 157073.18750 379753.18750 24.19100
v 157073.18750 379753.18750 23.32800
v 157073.46875 379753.15625 23.22700
v 157073.84375 379750.53125 23.33600
v 157074.57812 379748.56250 23.51800
v 157074.57812 379748.56250 23.24900
v 157072.51562 379752.65625 23.98000
v 157072.51562 379752.65625 23.01400
v 157070.40625 379749.12500 22.56200
v 157072.20312 379747.37500 22.98600
v 157073.03125 379752.71875 24.01700
v 157076.07812 379755.56250 22.35800
v 157076.01562 379754.46875 22.23100
v 157076.01562 379754.46875 22.13100
v 157075.89062 379754.06250 22.21900
v 157072.93750 379752.40625 23.11300
v 157072.93750 379752.40625 19.07900
v 157072.93750 379752.40625 23.90200
v 157071.68750 379766.37500 23.38900
v 157070.07812 379759.18750 22.40700
v 157051.53125 379685.62500 19.64500
v 157041.06250 379688.87500 19.64500
v 157051.79688 379685.90625 19.64500
v 157052.01562 379685.00000 19.64500
v 157046.32812 379680.59375 19.64500
v 157042.70312 379697.59375 19.64500
v 157040.31250 379680.00000 19.64500
v 157050.51562 379666.93750 19.64500
v 157054.46875 379670.06250 19.64500
v 157036.26562 379685.18750 19.64500
v 157036.98438 379685.71875 19.64500
v 157037.48438 379693.56250 19.64500
v 157042.70312 379697.59375 22.76900
v 157037.48438 379693.56250 22.78400
v 157041.06250 379688.87500 22.78600
v 157045.15625 379683.84375 22.78700
v 157040.31250 379680.00000 24.34500
v 157040.31250 379680.00000 22.80100
v 157045.15625 379683.84375 24.42200
v 157054.46875 379670.06250 22.79300
v 157050.51562 379666.93750 22.80500
v 157046.32812 379680.59375 22.79000
v 157036.26562 379685.18750 24.32800
v 157036.98438 379685.71875 24.33900
v 157036.98438 379685.71875 22.79700
v 157051.53125 379685.62500 22.77400
v 157052.01562 379685.00000 22.77400
v 157051.79688 379685.90625 22.77300
v 157037.03125 379685.65625 24.33900
v 157037.03125 379685.65625 22.79700
v 157041.29688 379688.90625 24.40600
v 157041.29688 379688.90625 22.78500
v 157061.51562 379689.50000 19.59300
v 157056.71875 379685.75000 19.59300
v 157045.65625 379699.90625 19.59300
v 157050.45312 379703.65625 19.59300
v 157045.65625 379699.90625 24.34000
v 157056.71875 379685.75000 24.34900
v 157061.51562 379689.50000 24.41500
v 157050.45312 379703.65625 24.40600
v 157271.00000 379518.50000 18.83700
v 157271.12500 379518.59375 18.83700
v 157274.03125 379514.59375 18.83700
v 157271.01562 379518.71875 18.83700
v 157296.14062 379538.28125 18.83700
v 157299.28125 379534.25000 18.83700
v 157296.14062 379538.28125 21.33900
v 157299.28125 379534.25000 21.34100
v 157271.01562 379518.71875 21.33800
v 157271.12500 379518.59375 21.33800
v 157271.00000 379518.50000 21.33800
v 157274.03125 379514.59375 21.34100
v 157179.26562 379686.03125 32.40200
v 157175.01562 379686.15625 32.40200
v 157176.67188 379684.03125 32.40200
v 157214.23438 379703.31250 32.40200
v 157218.09375 379706.46875 32.40200
v 157214.17188 379703.40625 32.40200
v 157218.90625 379680.75000 32.40200
v 157180.14062 379553.37500 32.40200
v 157161.40625 379577.46875 32.40200
v 157158.76562 379575.40625 32.40200
v 157244.79688 379660.68750 32.40200
v 157230.82812 379678.62500 32.40200
v 157224.45312 379673.65625 32.40200
v 157256.65625 379664.12500 32.40200
v 157257.62500 379663.50000 32.40200
v 157259.14062 379668.09375 32.40200
v 157237.28125 379654.84375 32.40200
v 157168.75000 379644.31250 32.40200
v 157215.42188 379696.46875 32.40200
v 157211.67188 379701.28125 32.40200
v 157224.90625 379697.68750 32.40200
v 157228.21875 379688.53125 32.40200
v 157235.54688 379694.21875 32.40200
v 157224.35938 379685.03125 32.40200
v 157218.81250 379715.75000 32.40200
v 157213.85938 379711.90625 32.40200
v 157218.03125 379698.53125 32.40200
v 157215.64062 379701.56250 32.40200
v 157206.81250 379707.53125 32.40200
v 157222.53125 379695.84375 32.40200
v 157219.54688 379704.59375 32.40200
v 157313.53125 379598.43750 32.40200
v 157325.53125 379583.06250 32.40200
v 157327.14062 379584.31250 32.40200
v 157292.15625 379630.06250 32.40200
v 157294.64062 379634.03125 32.40200
v 157290.37500 379631.15625 32.40200
v 157157.07812 379682.78125 32.40200
v 157208.54688 379716.71875 32.40200
v 157199.10938 379728.93750 32.40200
v 157161.56250 379672.25000 32.40200
v 157162.57812 379670.96875 32.40200
v 157133.18750 379684.96875 32.40200
v 157076.92188 379643.40625 32.40200
v 157078.00000 379641.96875 32.40200
v 157177.59375 379688.18750 32.40200
v 157160.20312 379669.09375 32.40200
v 157174.53125 379636.75000 32.40200
v 157166.37500 379642.46875 32.40200
v 157108.50000 379716.59375 32.40200
v 157110.87500 379718.43750 32.40200
v 157100.51562 379732.12500 32.40200
v 157218.50000 379724.21875 32.40200
v 157208.89062 379736.65625 32.40200
v 157208.64062 379716.59375 32.40200
v 157106.93750 379737.12500 32.40200
v 157117.62500 379723.68750 32.40200
v 157159.92188 379679.12500 32.40200
v 157199.00000 379729.06250 32.40200
v 157221.48438 379576.75000 32.40200
v 157225.84375 379571.15625 32.40200
v 157288.87500 379630.00000 32.40200
v 157153.26562 379687.68750 32.40200
v 157150.46875 379691.28125 32.40200
v 157133.51562 379708.21875 32.40200
v 157186.62500 379743.65625 32.40200
v 157182.87500 379748.46875 32.40200
v 157152.37500 379679.15625 32.40200
v 157148.56250 379684.03125 32.40200
v 157096.73438 379731.81250 32.40200
v 157057.60938 379709.25000 32.40200
v 157075.43750 379686.43750 32.40200
v 157192.18750 379746.09375 32.40200
v 157189.57812 379739.87500 32.40200
v 157194.23438 379743.50000 32.40200
v 157194.85938 379733.06250 32.40200
v 157143.26562 379695.75000 32.40200
v 157180.21875 379751.71875 32.40200
v 157184.96875 379755.40625 32.40200
v 157167.18750 379768.50000 32.40200
v 157144.67188 379693.93750 32.40200
v 157199.78125 379736.40625 32.40200
v 157205.48438 379740.84375 32.40200
v 157272.25000 379654.37500 32.40200
v 157274.01562 379653.28125 32.40200
v 157276.50000 379657.25000 32.40200
v 157177.59375 379776.56250 32.40200
v 157187.53125 379742.46875 32.40200
v 157120.03125 379725.53125 32.40200
v 157122.12500 379722.84375 32.40200
v 157132.25000 379730.75000 32.40200
v 157132.10938 379710.03125 32.40200
v 157190.26562 379746.46875 32.40200
v 157186.56250 379751.28125 32.40200
v 157182.31250 379749.18750 32.40200
v 157131.78125 379686.78125 32.40200
v 157122.03125 379699.28125 32.40200
v 157140.87500 379693.90625 32.40200
v 157131.12500 379706.37500 32.40200
v 157139.57812 379773.21875 32.40200
v 157108.17188 379740.75000 32.40200
v 157134.71875 379732.65625 32.40200
v 157104.31250 379745.68750 32.40200
v 157148.67188 379739.75000 32.40200
v 157136.57812 379730.28125 32.40200
v 157152.48438 379734.87500 32.40200
v 157137.92188 379723.50000 32.40200
v 157157.42188 379750.37500 32.40200
v 157105.65625 379738.78125 32.40200
v 157120.62500 379701.06250 32.40200
v 157066.25000 379657.03125 32.40200
v 157057.15625 379644.81250 32.40200
v 157060.84375 379640.06250 32.40200
v 157065.29688 379656.71875 32.40200
v 157060.54688 379657.93750 32.40200
v 157042.93750 379653.75000 32.40200
v 157099.21875 379733.78125 32.40200
v 157092.87500 379736.78125 32.40200
v 157074.68750 379641.65625 32.40200
v 157046.93750 379641.46875 32.40200
v 157134.15625 379688.62500 32.40200
v 157124.40625 379701.12500 32.40200
v 157110.59375 379713.90625 32.40200
v 157065.45312 379658.06250 32.40200
v 157173.06250 379620.78125 32.40200
v 157126.92188 379598.65625 32.40200
v 157141.89062 379579.31250 32.40200
v 157064.50000 379659.21875 32.40200
v 157060.09375 379659.31250 32.40200
v 157057.78125 379621.25000 32.40200
v 157049.81250 379631.46875 32.40200
v 157078.18750 379637.18750 32.40200
v 157139.73438 379681.46875 32.40200
v 157140.37500 379673.12500 32.40200
v 157136.07812 379678.62500 32.40200
v 157117.54688 379601.53125 32.40200
v 157113.17188 379638.62500 32.40200
v 157106.79688 379646.75000 32.40200
v 157112.60938 379638.18750 32.40200
v 157114.26562 379605.75000 32.40200
v 157086.40625 379629.00000 32.40200
v 157096.50000 379615.71875 32.40200
v 157101.03125 379619.93750 32.40200
v 157094.45312 379635.18750 32.40200
v 157093.64062 379636.21875 32.40200
v 157102.46875 379641.53125 32.40200
v 157101.71875 379642.53125 32.40200
v 157107.14062 379645.18750 32.40200
v 157124.35938 379556.06250 32.40200
v 157114.01562 379549.37500 32.40200
v 157141.34375 379514.28125 32.40200
v 157112.85938 379604.65625 32.40200
v 157167.37500 379641.18750 32.40200
v 157181.00000 379616.62500 32.40200
v 157190.48438 379616.37500 32.40200
v 157176.00000 379623.03125 32.40200
v 157168.81250 379632.25000 32.40200
v 157184.39062 379547.90625 32.40200
v 157181.45312 379609.93750 32.40200
v 157178.04688 379614.34375 32.40200
v 157166.48438 379629.28125 32.40200
v 157154.45312 379580.93750 32.40200
v 157131.01562 379559.59375 32.40200
v 157184.70312 379611.84375 32.40200
v 157157.06250 379583.06250 32.40200
v 157191.73438 379609.87500 32.40200
v 157240.76562 379650.34375 32.40200
v 157194.10938 379611.71875 32.40200
v 157177.48438 379551.31250 32.40200
v 157191.62500 379610.03125 32.40200
v 157129.53125 379561.50000 32.40200
v 157248.93750 379555.03125 32.40200
v 157228.14062 379568.21875 32.40200
v 157233.40625 379561.46875 32.40200
v 157123.67188 379556.90625 32.40200
v 157181.79688 379545.78125 32.40200
v 157239.95312 379547.96875 32.40200
v 157307.01562 379606.75000 32.40200
v 157295.39062 379621.65625 32.40200
v 157172.28125 379513.87500 32.40200
v 157150.18750 379496.56250 32.40200
v 157174.68750 379465.28125 32.40200
v 157220.12500 379566.68750 32.40200
v 157222.42188 379563.75000 32.40200
v 157196.79688 379482.59375 32.40200
v 157255.40625 379528.25000 32.40200
v 157264.42188 379535.28125 32.40200
v 157325.59375 379583.00000 32.40200
v 157330.92188 379587.56250 32.40200
v 157328.39062 379583.56250 32.40200
v 157310.29688 379606.81250 32.40200
v 157312.76562 379610.78125 32.40200
v 157308.51562 379607.93750 32.40200
v 157277.25000 379644.87500 32.40200
v 157270.75000 379653.21875 32.40200
v 157257.62500 379663.50000 18.94700
v 157240.76562 379650.34375 18.94700
v 157237.28125 379654.84375 18.94700
v 157244.79688 379660.68750 18.94700
v 157230.82812 379678.62500 18.94700
v 157224.45312 379673.65625 18.94700
v 157218.90625 379680.75000 18.94700
v 157224.35938 379685.03125 18.94700
v 157215.42188 379696.46875 18.94700
v 157218.03125 379698.53125 18.94700
v 157215.64062 379701.56250 18.94700
v 157219.54688 379704.59375 18.94700
v 157224.90625 379697.68750 18.94700
v 157222.53125 379695.84375 18.94700
v 157228.21875 379688.53125 18.94700
v 157235.54688 379694.21875 18.94700
v 157218.81250 379715.75000 18.94700
v 157213.85938 379711.90625 18.94700
v 157218.09375 379706.46875 18.94700
v 157214.17188 379703.40625 18.94700
v 157214.23438 379703.31250 18.94700
v 157211.67188 379701.28125 18.94700
v 157206.81250 379707.53125 18.94700
v 157179.26562 379686.03125 18.94700
v 157177.59375 379688.18750 18.94700
v 157175.01562 379686.15625 18.94700
v 157176.67188 379684.03125 18.94700
v 157161.56250 379672.25000 18.94700
v 157162.57812 379670.96875 18.94700
v 157160.20312 379669.09375 18.94700
v 157152.37500 379679.15625 18.94700
v 157157.07812 379682.78125 18.94700
v 157159.92188 379679.12500 18.94700
v 157208.54688 379716.71875 18.94700
v 157208.64062 379716.59375 18.94700
v 157218.50000 379724.21875 18.94700
v 157208.89062 379736.65625 18.94700
v 157199.00000 379729.06250 18.94700
v 157199.10938 379728.93750 18.94700
v 157150.46875 379691.28125 18.94700
v 157153.26562 379687.68750 18.94700
v 157148.56250 379684.03125 18.94700
v 157140.87500 379693.90625 18.94700
v 157143.26562 379695.75000 18.94700
v 157144.67188 379693.93750 18.94700
v 157194.85938 379733.06250 18.94700
v 157189.57812 379739.87500 18.94700
v 157194.23438 379743.50000 18.94700
v 157199.78125 379736.40625 18.94700
v 157205.48438 379740.84375 18.94700
v 157177.59375 379776.56250 18.94700
v 157167.18750 379768.50000 18.94700
v 157180.21875 379751.71875 18.94700
v 157184.96875 379755.40625 18.94700
v 157192.18750 379746.09375 18.94700
v 157187.53125 379742.46875 18.94700
v 157186.62500 379743.65625 18.94700
v 157190.26562 379746.46875 18.94700
v 157186.56250 379751.28125 18.94700
v 157182.87500 379748.46875 18.94700
v 157182.31250 379749.18750 18.94700
v 157132.10938 379710.03125 18.94700
v 157133.51562 379708.21875 18.94700
v 157131.12500 379706.37500 18.94700
v 157117.62500 379723.68750 18.94700
v 157120.03125 379725.53125 18.94700
v 157122.12500 379722.84375 18.94700
v 157132.25000 379730.75000 18.94700
v 157137.92188 379723.50000 18.94700
v 157152.48438 379734.87500 18.94700
v 157148.67188 379739.75000 18.94700
v 157136.57812 379730.28125 18.94700
v 157134.71875 379732.65625 18.94700
v 157157.42188 379750.37500 18.94700
v 157139.57812 379773.21875 18.94700
v 157104.31250 379745.68750 18.94700
v 157108.17188 379740.75000 18.94700
v 157105.65625 379738.78125 18.94700
v 157106.93750 379737.12500 18.94700
v 157100.51562 379732.12500 18.94700
v 157099.21875 379733.78125 18.94700
v 157096.73438 379731.81250 18.94700
v 157092.87500 379736.78125 18.94700
v 157057.60938 379709.25000 18.94700
v 157075.43750 379686.43750 18.94700
v 157110.59375 379713.90625 18.94700
v 157108.50000 379716.59375 18.94700
v 157110.87500 379718.43750 18.94700
v 157124.40625 379701.12500 18.94700
v 157122.03125 379699.28125 18.94700
v 157120.62500 379701.06250 18.94700
v 157065.45312 379658.06250 18.94700
v 157066.25000 379657.03125 18.94700
v 157065.29688 379656.71875 18.94700
v 157064.50000 379659.21875 18.94700
v 157060.54688 379657.93750 18.94700
v 157060.09375 379659.31250 18.94700
v 157042.93750 379653.75000 18.94700
v 157046.93750 379641.46875 18.94700
v 157057.15625 379644.81250 18.94700
v 157060.84375 379640.06250 18.94700
v 157049.81250 379631.46875 18.94700
v 157057.78125 379621.25000 18.94700
v 157078.18750 379637.18750 18.94700
v 157074.68750 379641.65625 18.94700
v 157076.92188 379643.40625 18.94700
v 157078.00000 379641.96875 18.94700
v 157133.18750 379684.96875 18.94700
v 157131.78125 379686.78125 18.94700
v 157134.15625 379688.62500 18.94700
v 157139.73438 379681.46875 18.94700
v 157136.07812 379678.62500 18.94700
v 157140.37500 379673.12500 18.94700
v 157106.79688 379646.75000 18.94700
v 157113.17188 379638.62500 18.94700
v 157112.60938 379638.18750 18.94700
v 157107.14062 379645.18750 18.94700
v 157102.46875 379641.53125 18.94700
v 157101.71875 379642.53125 18.94700
v 157093.64062 379636.21875 18.94700
v 157094.45312 379635.18750 18.94700
v 157086.40625 379629.00000 18.94700
v 157096.50000 379615.71875 18.94700
v 157101.03125 379619.93750 18.94700
v 157112.85938 379604.65625 18.94700
v 157114.26562 379605.75000 18.94700
v 157117.54688 379601.53125 18.94700
v 157167.37500 379641.18750 18.94700
v 157166.37500 379642.46875 18.94700
v 157168.75000 379644.31250 18.94700
v 157174.53125 379636.75000 18.94700
v 157168.81250 379632.25000 18.94700
v 157176.00000 379623.03125 18.94700
v 157173.06250 379620.78125 18.94700
v 157166.48438 379629.28125 18.94700
v 157126.92188 379598.65625 18.94700
v 157141.89062 379579.31250 18.94700
v 157181.45312 379609.93750 18.94700
v 157178.04688 379614.34375 18.94700
v 157181.00000 379616.62500 18.94700
v 157184.70312 379611.84375 18.94700
v 157190.48438 379616.37500 18.94700
v 157194.10938 379611.71875 18.94700
v 157191.73438 379609.87500 18.94700
v 157191.62500 379610.03125 18.94700
v 157157.06250 379583.06250 18.94700
v 157161.40625 379577.46875 18.94700
v 157158.76562 379575.40625 18.94700
v 157154.45312 379580.93750 18.94700
v 157129.53125 379561.50000 18.94700
v 157131.01562 379559.59375 18.94700
v 157124.35938 379556.06250 18.94700
v 157123.67188 379556.90625 18.94700
v 157114.01562 379549.37500 18.94700
v 157141.34375 379514.28125 18.94700
v 157181.79688 379545.78125 18.94700
v 157177.48438 379551.31250 18.94700
v 157180.14062 379553.37500 18.94700
v 157184.39062 379547.90625 18.94700
v 157221.48438 379576.75000 18.94700
v 157225.84375 379571.15625 18.94700
v 157220.12500 379566.68750 18.94700
v 157222.42188 379563.75000 18.94700
v 157228.14062 379568.21875 18.94700
v 157233.40625 379561.46875 18.94700
v 157172.28125 379513.87500 18.94700
v 157150.18750 379496.56250 18.94700
v 157174.68750 379465.28125 18.94700
v 157196.79688 379482.59375 18.94700
v 157255.40625 379528.25000 18.94700
v 157239.95312 379547.96875 18.94700
v 157248.93750 379555.03125 18.94700
v 157264.42188 379535.28125 18.94700
v 157325.59375 379583.00000 18.94700
v 157325.53125 379583.06250 18.94700
v 157327.14062 379584.31250 18.94700
v 157328.39062 379583.56250 18.94700
v 157330.92188 379587.56250 18.94700
v 157313.53125 379598.43750 18.94700
v 157307.01562 379606.75000 18.94700
v 157308.51562 379607.93750 18.94700
v 157310.29688 379606.81250 18.94700
v 157312.76562 379610.78125 18.94700
v 157295.39062 379621.65625 18.94700
v 157288.87500 379630.00000 18.94700
v 157290.37500 379631.15625 18.94700
v 157292.15625 379630.06250 18.94700
v 157294.64062 379634.03125 18.94700
v 157277.25000 379644.87500 18.94700
v 157270.75000 379653.21875 18.94700
v 157272.25000 379654.37500 18.94700
v 157274.01562 379653.28125 18.94700
v 157276.50000 379657.25000 18.94700
v 157259.14062 379668.09375 18.94700
v 157256.65625 379664.12500 18.94700
v 157177.57812 379678.34375 32.40200
v 157182.04688 379672.62500 18.94700
v 157177.57812 379678.34375 18.94700
v 157182.04688 379672.62500 32.40200
v 157181.75000 379681.59375 32.40200
v 157181.75000 379681.59375 18.94700
v 157186.21875 379675.87500 32.40200
v 157186.21875 379675.87500 18.94700
v 157129.65625 379551.84375 32.40200
v 157137.09375 379542.28125 18.94700
v 157129.65625 379551.84375 18.94700
v 157137.09375 379542.28125 32.40200
v 157138.90625 379557.75000 32.40200
v 157138.90625 379557.75000 18.94700
v 157145.70312 379549.00000 32.40200
v 157145.70312 379549.00000 18.94700
v 157139.43750 379539.28125 32.40200
v 157146.85938 379529.75000 18.94700
v 157139.43750 379539.28125 18.94700
v 157146.85938 379529.75000 32.40200
v 157148.04688 379545.96875 32.40200
v 157148.04688 379545.96875 18.94700
v 157154.84375 379537.25000 32.40200
v 157154.84375 379537.25000 18.94700
v 157160.67188 379572.96875 32.40200
v 157175.57812 379553.75000 18.94700
v 157160.67188 379572.96875 18.94700
v 157175.57812 379553.75000 32.40200
v 157163.31250 379575.03125 32.40200
v 157163.31250 379575.03125 18.94700
v 157166.00000 379571.56250 32.40200
v 157166.00000 379571.56250 18.94700
v 157180.28125 379582.75000 32.40200
v 157180.28125 379582.75000 18.94700
v 157189.82812 379570.53125 32.40200
v 157189.82812 379570.53125 18.94700
v 157175.46875 379559.40625 32.40200
v 157175.46875 379559.40625 18.94700
v 157178.25000 379555.81250 32.40200
v 157178.25000 379555.81250 18.94700
v 157198.71875 379577.37500 32.40200
v 157210.09375 379586.31250 18.94700
v 157198.71875 379577.37500 18.94700
v 157210.09375 379586.31250 32.40200
v 157188.93750 379589.81250 32.40200
v 157188.93750 379589.81250 18.94700
v 157200.26562 379598.71875 32.40200
v 157200.26562 379598.71875 18.94700
v 157199.26562 379599.96875 32.40200
v 157199.26562 379599.96875 18.94700
v 157201.85938 379602.03125 32.40200
v 157201.85938 379602.03125 18.94700
v 157213.81250 379586.81250 32.40200
v 157213.81250 379586.81250 18.94700
v 157211.28125 379584.81250 32.40200
v 157211.28125 379584.81250 18.94700
v 157221.48438 379594.81250 32.40200
v 157232.92188 379603.59375 18.94700
v 157221.48438 379594.81250 18.94700
v 157232.92188 379603.59375 32.40200
v 157222.50000 379593.46875 32.40200
v 157222.50000 379593.46875 18.94700
v 157219.92188 379591.50000 32.40200
v 157219.92188 379591.50000 18.94700
v 157208.42188 379606.46875 32.40200
v 157208.42188 379606.46875 18.94700
v 157211.01562 379608.46875 32.40200
v 157211.01562 379608.46875 18.94700
v 157211.96875 379607.21875 32.40200
v 157211.96875 379607.21875 18.94700
v 157223.39062 379616.00000 32.40200
v 157223.39062 379616.00000 18.94700
v 157232.34375 379623.31250 32.40200
v 157241.84375 379611.12500 18.94700
v 157232.34375 379623.31250 18.94700
v 157241.84375 379611.12500 32.40200
v 157246.39062 379634.25000 32.40200
v 157246.39062 379634.25000 18.94700
v 157247.21875 379633.21875 32.40200
v 157247.21875 379633.21875 18.94700
v 157244.57812 379631.15625 32.40200
v 157244.57812 379631.15625 18.94700
v 157248.28125 379626.40625 32.40200
v 157248.28125 379626.40625 18.94700
v 157250.92188 379628.46875 32.40200
v 157250.92188 379628.46875 18.94700
v 157255.89062 379622.09375 32.40200
v 157255.89062 379622.09375 18.94700
v 157251.68750 379637.62500 32.40200
v 157259.59375 379627.50000 18.94700
v 157251.68750 379637.62500 18.94700
v 157259.59375 379627.50000 32.40200
v 157262.34375 379645.96875 32.40200
v 157262.34375 379645.96875 18.94700
v 157270.25000 379635.84375 32.40200
v 157270.25000 379635.84375 18.94700
v 157269.84375 379614.40625 32.40200
v 157277.75000 379604.31250 18.94700
v 157269.84375 379614.40625 18.94700
v 157277.75000 379604.31250 32.40200
v 157280.50000 379622.75000 32.40200
v 157280.50000 379622.75000 18.94700
v 157288.42188 379612.62500 32.40200
v 157288.42188 379612.62500 18.94700
v 157228.00000 379581.90625 32.40200
v 157235.93750 379571.75000 18.94700
v 157228.00000 379581.90625 18.94700
v 157235.93750 379571.75000 32.40200
v 157237.64062 379589.43750 32.40200
v 157237.64062 379589.43750 18.94700
v 157239.04688 379587.65625 32.40200
v 157239.04688 379587.65625 18.94700
v 157259.09375 379603.31250 32.40200
v 157259.09375 379603.31250 18.94700
v 157257.71875 379605.06250 32.40200
v 157257.71875 379605.06250 18.94700
v 157264.73438 379610.50000 32.40200
v 157264.73438 379610.50000 18.94700
v 157272.64062 379600.37500 32.40200
v 157272.64062 379600.37500 18.94700
v 157269.90625 379598.25000 32.40200
v 157269.90625 379598.25000 18.94700
v 157269.64062 379598.59375 32.40200
v 157269.64062 379598.59375 18.94700
v 157267.62500 379597.56250 32.40200
v 157267.62500 379597.56250 18.94700
v 157265.64062 379596.46875 32.40200
v 157265.64062 379596.46875 18.94700
v 157263.70312 379595.28125 32.40200
v 157263.70312 379595.28125 18.94700
v 157261.81250 379594.06250 32.40200
v 157261.81250 379594.06250 18.94700
v 157259.95312 379592.75000 32.40200
v 157259.95312 379592.75000 18.94700
v 157258.14062 379591.40625 32.40200
v 157258.14062 379591.40625 18.94700
v 157256.39062 379589.96875 32.40200
v 157256.39062 379589.96875 18.94700
v 157254.67188 379588.50000 32.40200
v 157254.67188 379588.50000 18.94700
v 157253.01562 379586.93750 32.40200
v 157253.01562 379586.93750 18.94700
v 157251.42188 379585.34375 32.40200
v 157251.42188 379585.34375 18.94700
v 157249.87500 379583.68750 32.40200
v 157249.87500 379583.68750 18.94700
v 157248.37500 379582.00000 32.40200
v 157248.37500 379582.00000 18.94700
v 157248.64062 379581.65625 32.40200
v 157248.64062 379581.65625 18.94700
v 157288.01562 379591.18750 32.40200
v 157295.92188 379581.09375 18.94700
v 157288.01562 379591.18750 18.94700
v 157295.92188 379581.09375 32.40200
v 157298.67188 379599.53125 32.40200
v 157298.67188 379599.53125 18.94700
v 157306.57812 379589.43750 32.40200
v 157306.57812 379589.43750 18.94700
v 157282.29688 379570.40625 32.40200
v 157292.95312 379578.75000 18.94700
v 157282.29688 379570.40625 18.94700
v 157292.95312 379578.75000 32.40200
v 157274.39062 379580.53125 32.40200
v 157274.39062 379580.53125 18.94700
v 157285.04688 379588.84375 32.40200
v 157285.04688 379588.84375 18.94700
v 157263.39062 379555.62500 32.40200
v 157273.51562 379563.53125 18.94700
v 157263.39062 379555.62500 18.94700
v 157273.51562 379563.53125 32.40200
v 157252.84375 379569.12500 32.40200
v 157252.84375 379569.12500 18.94700
v 157262.95312 379577.03125 32.40200
v 157262.95312 379577.03125 18.94700
v 157208.10938 379511.56250 32.40200
v 157226.28125 379525.71875 18.94700
v 157208.10938 379511.56250 18.94700
v 157226.28125 379525.71875 32.40200
v 157201.17188 379520.50000 32.40200
v 157201.17188 379520.50000 18.94700
v 157219.31250 379534.62500 32.40200
v 157219.31250 379534.62500 18.94700
v 157213.73438 379676.71875 32.40200
v 157179.14062 379649.78125 18.94700
v 157213.73438 379676.71875 18.94700
v 157179.14062 379649.78125 32.40200
v 157219.28125 379669.59375 32.40200
v 157219.28125 379669.59375 18.94700
v 157184.53125 379642.50000 32.40200
v 157184.53125 379642.50000 18.94700
v 157185.65625 379641.03125 32.40200
v 157185.65625 379641.03125 18.94700
v 157183.43750 379639.31250 32.40200
v 157183.43750 379639.31250 18.94700
v 157175.78125 379649.15625 32.40200
v 157175.78125 379649.15625 18.94700
v 157178.17188 379651.00000 32.40200
v 157178.17188 379651.00000 18.94700
v 157195.15625 379624.31250 32.40200
v 157200.87500 379616.96875 18.94700
v 157195.15625 379624.31250 18.94700
v 157200.87500 379616.96875 32.40200
v 157197.35938 379626.03125 32.40200
v 157197.35938 379626.03125 18.94700
v 157198.50000 379624.59375 32.40200
v 157198.50000 379624.59375 18.94700
v 157233.25000 379651.68750 32.40200
v 157233.25000 379651.68750 18.94700
v 157237.73438 379645.96875 32.40200
v 157237.73438 379645.96875 18.94700
v 157217.59375 379630.28125 32.40200
v 157217.59375 379630.28125 18.94700
v 157217.23438 379630.71875 32.40200
v 157217.23438 379630.71875 18.94700
v 157214.40625 379628.53125 32.40200
v 157214.40625 379628.53125 18.94700
v 157214.78125 379628.06250 32.40200
v 157214.78125 379628.06250 18.94700
v 157209.07812 379623.62500 32.40200
v 157209.07812 379623.62500 18.94700
v 157208.71875 379624.09375 32.40200
v 157208.71875 379624.09375 18.94700
v 157205.89062 379621.90625 32.40200
v 157205.89062 379621.90625 18.94700
v 157206.26562 379621.40625 32.40200
v 157206.26562 379621.40625 18.94700
v 157203.15625 379618.96875 32.40200
v 157203.15625 379618.96875 18.94700
v 157203.25000 379618.84375 32.40200
v 157203.25000 379618.84375 18.94700
v 157325.98438 379879.56250 18.85600
v 157324.92188 379878.59375 18.85600
v 157301.12500 379904.90625 18.85600
v 157317.15625 379919.43750 18.85600
v 157345.87500 379945.43750 18.85600
v 157372.37500 379916.15625 18.85600
v 157382.96875 379904.46875 18.85600
v 157347.20312 379872.68750 18.85600
v 157342.70312 379874.75000 18.85600
v 157345.75000 379871.37500 18.85600
v 157329.20312 379876.00000 18.85600
v 157335.28125 379868.00000 18.85600
v 157328.56250 379875.43750 18.85600
v 157302.98438 379906.59375 18.85600
v 157324.92188 379878.59375 28.61300
v 157301.12500 379904.90625 28.61500
v 157325.98438 379879.56250 28.55400
v 157317.15625 379919.43750 27.76700
v 157317.15625 379919.43750 28.11900
v 157345.87500 379945.43750 28.05000
v 157358.95312 379890.78125 28.09000
v 157350.78125 379883.43750 28.35700
v 157350.78125 379883.43750 28.01900
v 157358.95312 379890.78125 28.42400
v 157341.90625 379892.93750 28.39700
v 157341.90625 379892.93750 27.95200
v 157354.46875 379893.18750 28.42900
v 157341.90625 379892.93750 28.62600
v 157354.46875 379893.18750 28.72500
v 157347.20312 379872.68750 27.98300
v 157345.75000 379871.37500 28.17400
v 157347.20312 379872.68750 28.09300
v 157342.70312 379874.75000 28.17500
v 157302.98438 379906.59375 28.51100
v 157302.98438 379906.59375 27.64300
v 157355.67188 379893.81250 28.43600
v 157355.67188 379893.81250 28.72800
v 157355.04688 379895.59375 28.70200
v 157355.04688 379895.59375 28.44600
v 157329.20312 379876.00000 28.55400
v 157328.56250 379875.43750 28.58900
v 157336.31250 379869.87500 28.50600
v 157342.96875 379875.90625 28.13300
v 157342.96875 379875.90625 27.95000
v 157336.31250 379869.87500 23.46300
v 157342.96875 379875.90625 23.49300
v 157335.28125 379868.00000 28.58900
v 157342.23438 379877.15625 27.94500
v 157342.23438 379877.15625 23.49500
v 157343.29688 379876.21875 28.11600
v 157343.29688 379876.21875 27.95300
v 157332.34375 379874.25000 23.46800
v 157332.34375 379874.25000 27.86300
v 157332.34375 379874.25000 28.50600
v 157358.60938 379895.59375 28.45400
v 157358.60938 379895.59375 28.73100
v 157357.60938 379899.62500 28.67600
v 157357.60938 379899.62500 28.47800
v 157364.68750 379904.06250 28.14500
v 157363.98438 379902.15625 28.51000
v 157363.98438 379902.15625 28.13800
v 157364.68750 379904.06250 28.52400
v 157362.98438 379902.21875 28.50800
v 157362.98438 379902.21875 28.13000
v 157372.37500 379916.15625 28.21500
v 157365.20312 379909.56250 28.62200
v 157365.20312 379909.56250 28.15200
v 157372.37500 379916.15625 28.60400
v 157365.51562 379906.34375 28.66200
v 157365.51562 379906.34375 28.15300
v 157382.96875 379904.46875 28.29400
v 157358.92188 379895.50000 28.09200
v 157358.51562 379892.21875 28.43200
v 157358.51562 379892.21875 28.08700
v 157358.92188 379895.50000 28.45400
v 157338.35938 379879.59375 23.92700
v 157339.37500 379878.40625 24.30000
v 157339.37500 379878.40625 23.49300
v 157338.35938 379879.59375 23.49400
v 157337.04688 379876.53125 24.31200
v 157337.04688 379876.53125 23.48300
v 157361.46875 379896.81250 28.11400
v 157361.46875 379896.81250 28.46900
v 157336.71875 379877.00000 24.17100
v 157336.71875 379877.00000 23.48400
v 157335.96875 379877.46875 23.97100
v 157335.96875 379877.46875 23.48400
v 157358.68750 379901.18750 28.66700
v 157358.92188 379899.68750 28.68600
v 157358.92188 379899.68750 28.48200
v 157358.68750 379901.18750 28.49100
v 157359.01562 379901.18750 28.49200
v 157359.01562 379901.18750 28.66900
v 157362.54688 379899.56250 28.12400
v 157362.21875 379899.46875 28.48800
v 157362.21875 379899.46875 28.12200
v 157362.54688 379899.56250 28.49000
v 157362.62500 379900.93750 28.12600
v 157362.62500 379900.93750 28.49900
v 157361.92188 379904.06250 28.65900
v 157361.92188 379904.06250 28.51700
v 157364.68750 379904.06250 28.68200
v 157361.12500 379902.34375 28.50400
v 157358.71875 379902.53125 28.65100
v 157358.71875 379902.53125 28.50000
v 157361.12500 379902.34375 28.67300
v 157338.95312 379880.12500 27.92000
v 157338.95312 379880.12500 23.49700
v 157338.35938 379879.59375 27.91500
v 157335.96875 379877.46875 27.89400
v 157358.23438 379615.43750 19.04900
v 157357.59375 379620.59375 19.04900
v 157360.17188 379619.84375 19.04900
v 157355.57812 379616.50000 19.04900
v 157352.14062 379621.62500 19.04900
v 157350.50000 379617.90625 19.04900
v 157346.20312 379618.43750 19.04900
v 157346.46875 379621.81250 19.04900
v 157346.60938 379621.81250 19.04900
v 157346.20312 379618.43750 22.48400
v 157350.50000 379617.90625 22.82100
v 157346.46875 379621.81250 21.81700
v 157346.60938 379621.81250 21.82300
v 157352.14062 379621.62500 22.15200
v 157355.57812 379616.50000 23.36800
v 157358.23438 379615.43750 23.72500
v 157357.59375 379620.59375 22.64000
v 157360.17188 379619.84375 22.93200
v 157366.29688 379610.28125 19.03100
v 157372.10938 379613.06250 19.03100
v 157375.09375 379610.31250 19.03100
v 157369.50000 379614.93750 19.03100
v 157364.76562 379611.50000 19.03100
v 157367.46875 379616.37500 19.03100
v 157370.54688 379602.28125 19.03100
v 157379.29688 379605.03125 19.03100
v 157371.09375 379601.43750 19.03100
v 157385.40625 379580.62500 19.03100
v 157378.45312 379581.12500 19.03100
v 157378.46875 379581.59375 19.03100
v 157364.71875 379611.53125 19.03100
v 157363.06250 379612.71875 19.03100
v 157366.09375 379617.18750 19.03100
v 157355.21875 379581.65625 19.03100
v 157354.73438 379584.96875 19.03100
v 157361.96875 379583.34375 19.03100
v 157363.95312 379588.96875 19.03100
v 157355.25000 379593.21875 19.03100
v 157364.35938 379591.59375 19.03100
v 157365.67188 379610.78125 19.03100
v 157375.87500 379609.46875 19.03100
v 157382.03125 379600.15625 19.03100
v 157373.06250 379597.90625 19.03100
v 157374.18750 379595.37500 19.03100
v 157383.28125 379597.18750 19.03100
v 157375.07812 379592.71875 19.03100
v 157383.95312 379595.18750 19.03100
v 157385.17188 379589.81250 19.03100
v 157375.71875 379589.96875 19.03100
v 157376.12500 379587.15625 19.03100
v 157385.59375 379584.28125 19.03100
v 157376.28125 379584.34375 19.03100
v 157376.20312 379581.75000 19.03100
v 157357.20312 379599.31250 19.03100
v 157358.82812 379602.40625 19.03100
v 157366.14062 379596.56250 19.03100
v 157382.54688 379599.00000 19.03100
v 157362.78125 379607.09375 19.03100
v 157364.64062 379608.87500 19.03100
v 157371.73438 379600.46875 19.03100
v 157369.17188 379600.93750 19.03100
v 157361.67188 379606.37500 19.03100
v 157367.51562 379598.84375 19.03100
v 157355.62500 379594.84375 19.03100
v 157363.89062 379586.21875 19.03100
v 157365.09375 379594.12500 19.03100
v 157354.73438 379589.78125 19.03100
v 157364.23438 379583.78125 19.03100
v 157362.04688 379582.90625 19.03100
v 157360.18750 379604.43750 19.03100
v 157362.48438 379607.34375 19.03100
v 157361.96875 379583.34375 25.87000
v 157364.23438 379583.78125 26.02300
v 157362.04688 379582.90625 25.87000
v 157362.78125 379607.09375 26.21400
v 157364.64062 379608.87500 26.35600
v 157366.09375 379617.18750 23.35900
v 157363.06250 379612.71875 24.09400
v 157364.71875 379611.53125 24.27400
v 157366.29688 379610.28125 26.48100
v 157365.67188 379610.78125 26.44600
v 157365.67188 379610.78125 26.14500
v 157363.95312 379588.96875 26.06800
v 157364.35938 379591.59375 26.12600
v 157362.48438 379607.34375 26.19700
v 157361.67188 379606.37500 26.13200
v 157358.82812 379602.40625 25.89900
v 157360.18750 379604.43750 26.01200
v 157363.89062 379586.21875 26.03100
v 157357.20312 379599.31250 25.75500
v 157354.73438 379584.96875 25.42000
v 157354.73438 379589.78125 25.47900
v 157355.62500 379594.84375 25.59900
v 157355.21875 379581.65625 25.41100
v 157355.25000 379593.21875 25.55500
v 157365.09375 379594.12500 26.20500
v 157369.17188 379600.93750 26.55300
v 157370.54688 379602.28125 26.65900
v 157366.14062 379596.56250 26.30300
v 157367.51562 379598.84375 26.42000
v 157379.29688 379605.03125 24.91700
v 157382.03125 379600.15625 25.36300
v 157382.54688 379599.00000 25.47300
v 157383.28125 379597.18750 25.64800
v 157371.09375 379601.43750 25.59400
v 157371.73438 379600.46875 25.68000
v 157373.06250 379597.90625 25.91600
v 157375.07812 379592.71875 26.42200
v 157375.71875 379589.96875 26.70400
v 157374.18750 379595.37500 26.15700
v 157376.12500 379587.15625 26.99800
v 157376.28125 379584.34375 27.30500
v 157385.59375 379584.28125 26.99400
v 157385.40625 379580.62500 27.40500
v 157376.20312 379581.75000 27.59400
v 157367.46875 379616.37500 23.48100
v 157378.46875 379581.59375 27.53300
v 157378.45312 379581.12500 27.58800
v 157385.17188 379589.81250 26.40000
v 157383.95312 379595.18750 25.84700
v 157371.09375 379601.43750 26.68500
v 157375.09375 379610.31250 24.47800
v 157375.87500 379609.46875 24.54400
v 157369.82812 379610.81250 26.45900
v 157374.21875 379603.34375 26.91100
v 157374.21875 379603.34375 25.27500
v 157369.82812 379610.81250 26.71700
v 157369.82812 379610.81250 24.60000
v 157372.10938 379613.06250 24.27400
v 157369.50000 379614.93750 23.70500
v 157369.50000 379614.93750 24.15700
v 157366.50000 379611.87500 26.51300
v 157366.50000 379611.87500 26.17000
v 157364.76562 379611.50000 26.05200
v 157364.76562 379611.50000 24.28200
v 157368.03125 379613.87500 26.21700
v 157368.03125 379613.87500 24.32400
v 157368.03125 379613.87500 23.88400
v 157575.93750 379838.65625 18.90200
v 157574.37500 379838.40625 18.90200
v 157574.70312 379838.75000 18.90200
v 157574.70312 379838.93750 18.90200
v 157575.20312 379839.43750 18.90200
v 157584.32812 379830.00000 18.90200
v 157582.65625 379828.37500 18.90200
v 157571.68750 379832.09375 18.90200
v 157579.53125 379825.34375 18.90200
v 157569.46875 379829.93750 18.90200
v 157576.62500 379822.53125 18.90200
v 157571.25000 379832.53125 18.90200
v 157569.82812 379834.03125 18.90200
v 157574.26562 379838.50000 18.90200
v 157575.93750 379838.65625 21.80200
v 157584.32812 379830.00000 21.88600
v 157569.46875 379829.93750 24.40700
v 157571.68750 379832.09375 26.46500
v 157576.62500 379822.53125 24.37900
v 157571.39062 379832.62500 26.58800
v 157571.81250 379832.25000 26.60700
v 157571.81250 379832.25000 22.97200
v 157571.39062 379832.62500 22.72600
v 157575.20312 379839.43750 21.77300
v 157575.93750 379838.65625 22.22900
v 157579.53125 379825.34375 27.09200
v 157582.65625 379828.37500 22.84400
v 157582.65625 379828.37500 24.17500
v 157572.25000 379832.84375 27.09300
v 157572.25000 379832.84375 22.91900
v 157574.70312 379838.93750 21.77900
v 157574.70312 379838.75000 21.83900
v 157574.37500 379838.40625 21.84600
v 157569.82812 379834.03125 21.83500
v 157571.25000 379832.53125 22.71400
v 157571.25000 379832.53125 26.47000
v 157574.26562 379838.50000 21.78400
v 157575.18750 379837.37500 22.40000
v 157572.87500 379833.68750 26.40300
v 157572.87500 379833.68750 22.84400
v 157575.12500 379835.28125 23.02500
v 157575.14062 379836.00000 24.21100
v 157575.14062 379836.00000 22.80600
v 157575.12500 379835.28125 24.56600
v 157374.73438 379858.21875 19.34000
v 157392.56250 379848.68750 19.34000
v 157375.81250 379850.56250 19.34000
v 157410.76562 379865.21875 19.34000
v 157410.84375 379865.15625 19.34000
v 157392.60938 379848.71875 19.34000
v 157378.82812 379847.21875 19.34000
v 157375.39062 379850.15625 19.34000
v 157410.95312 379865.37500 19.34000
v 157394.31250 379883.90625 19.34000
v 157394.96875 379846.00000 19.34000
v 157386.67188 379838.53125 19.34000
v 157378.39062 379846.84375 19.34000
v 157371.54688 379855.31250 19.34000
v 157374.23438 379858.75000 19.34000
v 157370.71875 379862.65625 19.34000
v 157374.73438 379858.21875 27.20200
v 157371.54688 379855.31250 27.21900
v 157375.81250 379850.56250 27.20600
v 157374.23438 379858.75000 27.20300
v 157374.23438 379858.75000 26.22500
v 157378.82812 379847.21875 27.19700
v 157378.39062 379846.84375 27.19900
v 157375.39062 379850.15625 27.20800
v 157386.67188 379838.53125 27.17400
v 157394.96875 379846.00000 27.13000
v 157392.56250 379848.68750 27.13700
v 157379.76562 379863.03125 26.24800
v 157392.60938 379848.71875 27.13700
v 157392.60938 379848.71875 26.28300
v 157379.76562 379863.03125 27.17500
v 157370.71875 379862.65625 26.21500
v 157377.29688 379860.78125 26.23700
v 157377.29688 379860.78125 27.18800
v 157394.31250 379883.90625 26.31500
v 157410.76562 379865.21875 26.35900
v 157410.95312 379865.37500 26.36000
v 157410.84375 379865.15625 26.36000
v 157566.67188 379746.71875 18.95500
v 157553.09375 379723.84375 18.95500
v 157552.87500 379724.06250 18.95500
v 157559.21875 379691.37500 18.95500
v 157547.98438 379707.43750 18.95500
v 157548.03125 379707.50000 18.95500
v 157547.96875 379707.59375 18.95500
v 157553.51562 379713.06250 18.95500
v 157553.40625 379713.18750 18.95500
v 157570.21875 379750.18750 18.95500
v 157576.31250 379741.56250 18.95500
v 157547.92188 379718.75000 18.95500
v 157550.07812 379726.93750 18.95500
v 157546.64062 379730.46875 18.95500
v 157564.42188 379749.03125 18.95500
v 157577.43750 379742.65625 18.95500
v 157578.39062 379740.56250 18.95500
v 157583.39062 379735.09375 18.95500
v 157577.82812 379740.00000 18.95500
v 157584.35938 379735.96875 18.95500
v 157583.59375 379734.90625 18.95500
v 157572.21875 379703.96875 18.95500
v 157573.79688 379704.03125 18.95500
v 157593.50000 379724.59375 18.95500
v 157593.65625 379724.75000 18.95500
v 157594.09375 379724.03125 18.95500
v 157547.92188 379718.75000 27.07300
v 157553.09375 379723.84375 27.09600
v 157583.59375 379734.90625 23.01800
v 157577.78125 379729.40625 25.03600
v 157577.78125 379729.40625 23.01400
v 157583.59375 379734.90625 25.03800
v 157576.14062 379731.21875 25.03700
v 157576.14062 379731.21875 23.02200
v 157583.39062 379735.09375 25.03800
v 157577.43750 379742.65625 25.04300
v 157570.21875 379750.18750 25.04900
v 157577.82812 379740.00000 25.04200
v 157576.31250 379741.56250 25.04300
v 157550.07812 379726.93750 23.05900
v 157546.64062 379730.46875 25.04200
v 157550.07812 379726.93750 25.03900
v 157552.87500 379724.06250 27.09200
v 157553.00000 379724.18750 27.09200
v 157553.00000 379724.18750 23.04600
v 157552.87500 379724.06250 23.04600
v 157567.46875 379711.25000 23.93500
v 157566.84375 379712.03125 23.93600
v 157566.84375 379712.03125 22.98600
v 157567.46875 379711.25000 22.98300
v 157558.42188 379718.50000 27.21100
v 157558.42188 379718.50000 23.02000
v 157551.70312 379728.56250 23.06100
v 157551.70312 379728.56250 25.04000
v 157568.46875 379744.46875 23.07300
v 157568.46875 379744.46875 25.04600
v 157570.90625 379736.53125 25.04100
v 157573.29688 379739.65625 25.04200
v 157573.29688 379739.65625 23.05000
v 157570.90625 379736.53125 23.04600
v 157566.67188 379746.71875 25.04700
v 157564.42188 379749.03125 25.04900
v 157547.98438 379707.43750 31.19200
v 157548.03125 379707.50000 31.19200
v 157559.21875 379691.37500 30.88400
v 157547.96875 379707.59375 31.19400
v 157553.51562 379713.06250 31.19900
v 157553.40625 379713.18750 31.20100
v 157553.40625 379713.18750 27.19200
v 157558.42188 379718.50000 31.20900
v 157593.65625 379724.75000 22.97000
v 157593.50000 379724.59375 22.97000
v 157572.21875 379703.96875 22.95400
v 157572.21875 379703.96875 30.89100
v 157573.79688 379704.03125 22.95100
v 157594.09375 379724.03125 22.96800
v 157571.48438 379709.75000 22.97100
v 157568.82812 379711.84375 23.96400
v 157568.82812 379711.84375 22.98200
v 157571.48438 379709.75000 23.97700
v 157567.87500 379713.75000 23.97600
v 157573.45312 379713.18750 24.05500
v 157573.45312 379713.18750 22.97700
v 157567.87500 379713.75000 22.98900
v 157574.26562 379711.78125 22.97100
v 157574.26562 379711.78125 24.04800
v 157578.39062 379740.56250 25.04200
v 157584.35938 379735.96875 25.03800
v 157572.18750 379909.90625 18.71900
v 157564.06250 379901.90625 18.71900
v 157563.10938 379919.34375 18.71900
v 157591.60938 379873.56250 18.71900
v 157579.76562 379862.06250 18.71900
v 157579.73438 379862.09375 18.71900
v 157560.39062 379881.87500 18.71900
v 157579.67188 379862.03125 18.71900
v 157539.06250 379861.25000 18.71900
v 157521.68750 379879.09375 18.71900
v 157539.12500 379861.15625 18.71900
v 157543.26562 379900.06250 18.71900
v 157563.10938 379919.34375 24.16400
v 157572.18750 379909.90625 24.16400
v 157564.06250 379901.90625 24.10700
v 157539.12500 379861.15625 23.87700
v 157560.39062 379881.87500 24.02500
v 157539.06250 379861.25000 23.87700
v 157579.67188 379862.03125 24.02700
v 157570.79688 379886.68750 24.07900
v 157580.18750 379877.15625 24.49000
v 157580.18750 379877.15625 24.08100
v 157570.79688 379886.68750 24.51300
v 157568.14062 379890.78125 24.51200
v 157558.21875 379900.78125 24.53700
v 157558.21875 379900.78125 24.08200
v 157568.14062 379890.78125 24.08400
v 157569.10938 379892.53125 24.49500
v 157569.10938 379892.53125 24.09300
v 157559.60938 379901.75000 24.52100
v 157559.60938 379901.75000 24.09100
v 157543.26562 379900.06250 24.02600
v 157579.76562 379862.06250 24.02700
v 157579.73438 379862.09375 24.02700
v 157591.60938 379873.56250 24.11000
v 157521.68750 379879.09375 25.60400
v 157543.26562 379900.06250 25.69400
v 157560.53125 379882.09375 24.02700
v 157539.06250 379861.25000 25.60200
v 157560.53125 379882.09375 25.69100
v 157579.03125 379875.90625 24.50600
v 157579.03125 379875.90625 24.07200
v 157569.62500 379885.62500 24.52800
v 157569.62500 379885.62500 24.07200
v 157506.25000 379789.18750 18.64600
v 157512.81250 379802.78125 18.64600
v 157516.20312 379799.31250 18.64600
v 157512.87500 379802.84375 18.64600
v 157485.20312 379810.81250 18.64600
v 157520.01562 379844.62500 18.64600
v 157502.40625 379793.12500 18.64600
v 157518.42188 379801.46875 18.64600
v 157518.67188 379801.21875 18.64600
v 157537.45312 379826.71875 18.64600
v 157533.89062 379823.25000 18.64600
v 157524.04688 379840.50000 18.64600
v 157518.67188 379801.21875 25.14600
v 157518.42188 379801.46875 25.15100
v 157516.20312 379799.31250 25.16500
v 157506.25000 379789.18750 25.22700
v 157493.31250 379807.71875 23.73800
v 157491.92188 379809.03125 24.18600
v 157491.92188 379809.03125 23.74100
v 157493.31250 379807.71875 24.19300
v 157537.45312 379826.71875 24.30700
v 157533.89062 379823.25000 24.29700
v 157533.89062 379823.25000 23.65400
v 157520.50000 379837.50000 24.30500
v 157524.04688 379840.50000 24.31400
v 157524.04688 379840.50000 23.66800
v 157520.50000 379837.50000 23.67600
v 157520.01562 379844.62500 23.67400
v 157502.40625 379793.12500 25.29800
v 157502.40625 379793.12500 23.72500
v 157485.20312 379810.81250 23.75300
v 157500.29688 379816.50000 24.21300
v 157500.29688 379816.50000 23.72200
v 157526.64062 379831.12500 24.30100
v 157526.64062 379831.12500 23.66500
v 157500.78125 379815.09375 23.72100
v 157500.78125 379815.09375 24.21600
v 157512.57812 379802.93750 23.70200
v 157512.68750 379802.81250 25.22900
v 157512.68750 379802.81250 23.70200
v 157512.57812 379802.93750 25.23200
v 157522.75000 379835.21875 24.30400
v 157522.75000 379835.21875 23.67200
v 157510.78125 379819.56250 24.26200
v 157524.43750 379832.87500 24.30200
v 157524.43750 379832.87500 23.66900
v 157510.78125 379819.56250 23.70000
v 157512.64062 379817.93750 24.26200
v 157512.64062 379817.93750 23.69700
v 157513.56250 379814.46875 23.69600
v 157514.73438 379813.21875 24.25600
v 157514.73438 379813.21875 23.69400
v 157513.56250 379814.46875 24.25700
v 157512.81250 379802.78125 25.22800
v 157512.81250 379802.78125 23.70100
v 157512.87500 379802.84375 23.70100
v 157501.20312 379799.53125 24.21600
v 157499.70312 379801.18750 24.21700
v 157499.70312 379801.18750 23.72800
v 157501.20312 379799.53125 23.72500
v 157465.45312 379848.75000 18.54800
v 157466.67188 379847.46875 18.54800
v 157463.68750 379844.71875 18.54800
v 157474.57812 379858.09375 18.54800
v 157478.65625 379853.21875 18.54800
v 157474.35938 379857.62500 18.54800
v 157472.45312 379872.12500 18.54800
v 157471.17188 379860.90625 18.54800
v 157471.79688 379872.81250 18.54800
v 157480.64062 379854.15625 18.54800
v 157468.60938 379876.12500 18.54800
v 157471.92188 379860.50000 18.54800
v 157471.79688 379860.28125 18.54800
v 157468.06250 379857.90625 18.54800
v 157458.39062 379848.65625 18.54800
v 157444.64062 379853.21875 18.54800
v 157471.35938 379854.50000 18.54800
v 157463.78125 379844.65625 18.54800
v 157462.95312 379843.96875 18.54800
v 157468.53125 379876.40625 18.54800
v 157453.62500 379844.00000 18.54800
v 157468.68750 379876.18750 18.54800
v 157480.12500 379879.56250 18.54800
v 157481.82812 379879.53125 18.54800
v 157483.81250 379877.50000 18.54800
v 157483.84375 379875.75000 18.54800
v 157484.79688 379874.78125 18.54800
v 157486.48438 379874.71875 18.54800
v 157488.40625 379871.03125 18.54800
v 157488.45312 379872.75000 18.54800
v 157489.37500 379870.03125 18.54800
v 157493.06250 379867.87500 18.54800
v 157491.06250 379869.96875 18.54800
v 157493.06250 379866.21875 18.54800
v 157479.75000 379853.28125 18.54800
v 157484.79688 379874.78125 25.65900
v 157486.48438 379874.71875 25.65900
v 157468.53125 379876.40625 22.06300
v 157444.64062 379853.21875 22.12100
v 157480.12500 379879.56250 25.65800
v 157481.82812 379879.53125 25.65900
v 157468.68750 379876.18750 22.06400
v 157468.60938 379876.12500 22.06500
v 157471.79688 379872.81250 22.08400
v 157458.39062 379848.65625 22.16400
v 157453.62500 379844.00000 22.17600
v 157462.95312 379843.96875 22.19200
v 157465.45312 379848.75000 22.17600
v 157466.67188 379847.46875 22.18400
v 157471.35938 379854.50000 22.16200
v 157468.06250 379857.90625 22.14200
v 157471.17188 379860.90625 22.13400
v 157471.79688 379860.28125 22.13800
v 157463.78125 379844.65625 22.19100
v 157468.31250 379865.21875 22.11100
v 157466.89062 379865.50000 24.63000
v 157466.89062 379865.50000 22.10700
v 157468.31250 379865.21875 24.64700
v 157469.81250 379863.09375 24.63500
v 157469.81250 379863.09375 22.12200
v 157474.35938 379857.62500 24.61400
v 157474.57812 379858.09375 24.62500
v 157489.37500 379870.03125 25.66000
v 157491.06250 379869.96875 25.66000
v 157478.65625 379853.21875 24.60700
v 157479.75000 379853.28125 24.62500
v 157493.06250 379867.87500 25.66000
v 157493.06250 379866.21875 25.66100
v 157480.64062 379854.15625 25.65900
v 157480.64062 379854.15625 24.65200
v 157473.01562 379862.75000 22.12900
v 157472.50000 379864.43750 25.65800
v 157472.50000 379864.43750 22.12100
v 157473.01562 379862.75000 25.65800
v 157488.40625 379871.03125 25.66000
v 157488.45312 379872.75000 25.66000
v 157472.65625 379861.81250 22.13300
v 157472.65625 379861.81250 24.65700
v 157472.90625 379862.25000 22.13100
v 157472.65625 379861.81250 25.65800
v 157472.90625 379862.25000 25.65800
v 157483.81250 379877.50000 25.65900
v 157483.84375 379875.75000 25.65900
v 157472.45312 379872.12500 25.65800
v 157471.92188 379860.50000 22.13700
v 157467.87500 379867.50000 22.10000
v 157467.87500 379867.50000 24.67700
v 157472.21875 379871.75000 22.09000
v 157467.87500 379867.50000 25.65700
v 157472.21875 379871.75000 25.65800
v 157471.56250 379872.56250 22.08500
v 157471.79688 379872.81250 25.65700
v 157471.56250 379872.56250 25.65700
v 157471.92188 379860.50000 24.62400
v 157470.71875 379863.56250 25.65800
v 157470.71875 379863.56250 24.65600
v 157470.71875 379863.56250 22.12200
v 157463.68750 379844.71875 22.19000
v 157473.57812 379860.90625 25.65800
v 157473.57812 379860.90625 24.65600
v 157480.32812 379854.43750 24.65200
v 157480.18750 379854.18750 25.65900
v 157480.18750 379854.18750 24.64600
v 157480.32812 379854.43750 25.65900
v 157478.45312 379855.12500 25.65900
v 157478.45312 379855.12500 24.63500
v 157473.85938 379860.00000 25.65800
v 157473.85938 379860.00000 24.64500
v 157476.01562 379858.59375 24.65500
v 157476.01562 379858.59375 25.65800
v 157478.54688 379856.15625 25.65900
v 157478.54688 379856.15625 24.65300
v 157467.20312 379866.81250 24.65600
v 157467.20312 379866.81250 22.10200
v 157467.50000 379866.40625 24.65400
v 157467.50000 379866.40625 22.10400
v 157409.03125 379847.03125 19.14500
v 157411.10938 379844.96875 19.14500
v 157407.78125 379841.62500 19.14500
v 157406.31250 379835.93750 19.14500
v 157400.40625 379841.78125 19.14500
v 157410.73438 379848.75000 19.14500
v 157409.01562 379850.46875 19.14500
v 157409.87500 379839.53125 19.14500
v 157409.87500 379839.53125 21.34100
v 157407.78125 379841.62500 21.50600
v 157406.31250 379835.93750 21.32600
v 157409.03125 379847.03125 21.68300
v 157410.73438 379848.75000 21.69000
v 157411.10938 379844.96875 21.52000
v 157400.40625 379841.78125 21.78800
v 157409.01562 379850.46875 21.82400
v 157485.46875 379811.06250 19.10800
v 157474.68750 379801.50000 19.10800
v 157481.96875 379814.68750 19.10800
v 157481.40625 379795.12500 19.10800
v 157481.26562 379794.75000 19.10800
v 157481.12500 379794.90625 19.10800
v 157475.78125 379800.37500 19.10800
v 157482.45312 379795.90625 19.10800
v 157495.59375 379783.59375 19.10800
v 157504.03125 379791.43750 19.10800
v 157512.20312 379776.62500 19.10800
v 157506.18750 379789.15625 19.10800
v 157515.45312 379779.84375 19.10800
v 157478.01562 379818.21875 19.10800
v 157469.95312 379796.84375 19.10800
v 157463.87500 379804.50000 19.10800
v 157506.48438 379768.25000 19.10800
v 157503.06250 379767.87500 19.10800
v 157499.70312 379779.40625 19.10800
v 157514.57812 379774.15625 19.10800
v 157506.09375 379767.84375 19.10800
v 157507.46875 379767.21875 19.10800
v 157492.35938 379772.21875 19.10800
v 157495.84375 379783.34375 19.10800
v 157499.73438 379764.62500 19.10800
v 157495.03125 379783.03125 19.10800
v 157499.73438 379764.62500 23.09900
v 157503.06250 379767.87500 23.10200
v 157492.35938 379772.21875 23.10200
v 157506.09375 379767.84375 23.10300
v 157506.48438 379768.25000 23.10300
v 157507.46875 379767.21875 23.10300
v 157514.57812 379774.15625 23.10800
v 157512.20312 379776.62500 23.10900
v 157515.45312 379779.84375 23.11200
v 157504.03125 379791.43750 23.11700
v 157495.84375 379783.34375 25.23200
v 157495.84375 379783.34375 23.11000
v 157504.03125 379791.43750 25.43000
v 157469.95312 379796.84375 25.05200
v 157463.87500 379804.50000 25.06100
v 157474.68750 379801.50000 25.16600
v 157481.96875 379814.68750 25.41200
v 157485.46875 379811.06250 25.41600
v 157478.01562 379818.21875 25.40100
v 157475.78125 379800.37500 25.16800
v 157482.45312 379795.90625 25.20300
v 157495.03125 379783.03125 25.21800
v 157499.70312 379779.40625 23.10800
v 157495.59375 379783.59375 25.23100
v 157506.18750 379789.15625 23.11600
v 157481.26562 379794.75000 25.17400
v 157481.40625 379795.12500 25.18000
v 157481.12500 379794.90625 25.17400
v 157515.68750 379847.59375 18.68000
v 157515.78125 379847.53125 18.68000
v 157481.96875 379814.68750 18.68000
v 157481.68750 379814.43750 18.68000
v 157464.93750 379831.84375 18.68000
v 157464.84375 379831.75000 18.68000
v 157503.76562 379859.59375 18.68000
v 157503.89062 379859.46875 18.68000
v 157500.73438 379856.62500 18.68000
v 157495.62500 379861.78125 18.68000
v 157500.65625 379856.53125 18.68000
v 157464.84375 379831.93750 18.68000
v 157508.89062 379854.75000 18.68000
v 157504.10938 379859.65625 18.68000
v 157515.76562 379847.65625 18.68000
v 157495.62500 379861.78125 24.62100
v 157500.65625 379856.53125 24.62700
v 157500.73438 379856.62500 24.34100
v 157505.35938 379851.84375 24.63300
v 157505.35938 379851.84375 24.32300
v 157500.73438 379856.62500 24.62800
v 157508.89062 379854.75000 24.34100
v 157504.10938 379859.65625 24.36000
v 157515.76562 379847.65625 24.65400
v 157508.89062 379854.75000 24.64500
v 157481.96875 379814.68750 24.53700
v 157515.78125 379847.53125 24.65400
v 157464.84375 379831.75000 24.51500
v 157464.93750 379831.84375 24.51600
v 157464.84375 379831.93750 24.51500
v 157515.68750 379847.59375 24.65300
v 157481.68750 379814.43750 24.53600
v 157503.76562 379859.59375 24.35900
v 157503.89062 379859.46875 24.35900
v 157518.67188 379801.21875 18.75900
v 157520.35938 379774.81250 18.75900
v 157515.45312 379779.84375 18.75900
v 157506.18750 379789.15625 18.75900
v 157552.50000 379806.09375 18.75900
v 157538.25000 379820.28125 18.75900
v 157541.79688 379823.71875 18.75900
v 157555.81250 379809.31250 18.75900
v 157541.79688 379823.71875 21.95200
v 157538.25000 379820.28125 21.99600
v 157515.45312 379779.84375 24.96500
v 157520.35938 379774.81250 24.96600
v 157518.67188 379801.21875 24.94100
v 157506.18750 379789.15625 24.96300
v 157552.50000 379806.09375 22.08000
v 157552.50000 379806.09375 24.90800
v 157538.25000 379820.28125 24.90600
v 157543.43750 379815.12500 24.90700
v 157543.43750 379815.12500 22.02600
v 157543.59375 379814.93750 24.90700
v 157543.59375 379814.93750 22.02700
v 157543.54688 379815.25000 24.90600
v 157543.54688 379815.25000 22.02500
v 157555.81250 379809.31250 22.03900
v 157444.14062 379830.03125 19.03300
v 157444.18750 379830.09375 19.03300
v 157465.32812 379808.78125 19.03300
v 157448.50000 379792.15625 19.03300
v 157444.96875 379795.75000 19.03300
v 157465.12500 379808.56250 19.03300
v 157421.73438 379803.90625 19.03300
v 157423.09375 379818.31250 19.03300
v 157428.03125 379797.43750 19.03300
v 157432.50000 379793.00000 19.03300
v 157438.96875 379789.90625 19.03300
v 157434.84375 379785.90625 19.03300
v 157430.62500 379790.18750 19.03300
v 157430.79688 379791.34375 19.03300
v 157436.09375 379785.87500 19.03300
v 157439.09375 379788.78125 19.03300
v 157442.21875 379793.06250 19.03300
v 157431.79688 379793.71875 19.03300
v 157431.14062 379793.06250 19.03300
v 157431.00000 379793.18750 19.03300
v 157429.82812 379795.59375 19.03300
v 157429.25000 379795.00000 19.03300
v 157426.87500 379797.31250 19.03300
v 157421.56250 379802.71875 19.03300
v 157421.45312 379804.18750 19.03300
v 157415.18750 379810.65625 19.03300
v 157416.59375 379812.00000 19.03300
v 157415.09375 379809.93750 19.03300
v 157420.78125 379804.12500 19.03300
v 157409.95312 379831.90625 19.03300
v 157410.18750 379832.12500 19.03300
v 157426.67188 379847.78125 19.03300
v 157410.14062 379832.18750 19.03300
v 157426.50000 379847.93750 19.03300
v 157426.82812 379847.90625 19.03300
v 157421.73438 379803.90625 26.35700
v 157421.45312 379804.18750 26.35700
v 157428.75000 379813.09375 26.35300
v 157428.93750 379812.90625 26.35200
v 157428.93750 379812.90625 25.79900
v 157428.75000 379813.09375 25.79600
v 157465.12500 379808.56250 24.99900
v 157465.32812 379808.78125 25.00100
v 157437.84375 379803.78125 24.90200
v 157445.14062 379796.31250 26.33100
v 157445.14062 379796.31250 24.90500
v 157437.84375 379803.78125 26.34100
v 157428.03125 379797.43750 26.34900
v 157426.87500 379797.31250 26.35000
v 157429.82812 379795.59375 26.34700
v 157429.25000 379795.00000 26.34700
v 157421.56250 379802.71875 26.35700
v 157430.62500 379790.18750 26.34400
v 157430.79688 379791.34375 26.34400
v 157434.84375 379785.90625 26.33900
v 157420.78125 379804.12500 26.35800
v 157415.09375 379809.93750 26.36600
v 157439.09375 379788.78125 26.33500
v 157436.09375 379785.87500 26.33700
v 157448.50000 379792.15625 24.90400
v 157409.95312 379831.90625 24.89000
v 157410.18750 379832.12500 24.89100
v 157423.09375 379818.31250 24.89500
v 157415.18750 379810.65625 26.36600
v 157442.21875 379793.06250 24.88700
v 157444.96875 379795.75000 24.90300
v 157442.21875 379793.06250 26.33300
v 157438.96875 379789.90625 26.33600
v 157423.65625 379818.31250 26.35900
v 157423.65625 379818.31250 24.89600
v 157428.75000 379813.09375 24.89800
v 157416.59375 379812.00000 26.36500
v 157416.59375 379812.00000 24.85800
v 157426.50000 379847.93750 24.98400
v 157426.67188 379847.78125 24.98400
v 157426.82812 379847.90625 24.98500
v 157444.14062 379830.03125 24.99100
v 157444.18750 379830.09375 24.99100
v 157430.64062 379815.28125 27.08500
v 157431.95312 379815.46875 27.13000
v 157431.95312 379815.46875 24.91500
v 157430.64062 379815.28125 24.91000
v 157433.12500 379816.34375 27.18800
v 157433.12500 379816.34375 24.92100
v 157431.12500 379812.53125 24.90400
v 157428.93750 379812.90625 24.89800
v 157431.12500 379812.53125 26.30300
v 157437.06250 379804.59375 24.90200
v 157437.06250 379804.59375 26.34200
v 157431.12500 379814.84375 24.91000
v 157431.12500 379814.84375 26.87500
v 157431.12500 379814.84375 27.09000
v 157432.01562 379814.06250 24.91100
v 157432.01562 379814.06250 26.92300
v 157432.01562 379814.06250 27.09900
v 157438.03125 379805.43750 24.90700
v 157438.92188 379804.40625 26.34000
v 157438.92188 379804.40625 24.90700
v 157438.03125 379805.43750 26.34100
v 157439.90625 379809.09375 27.22600
v 157439.90625 379809.09375 24.92200
v 157431.00000 379793.18750 26.34500
v 157432.50000 379793.00000 26.34300
v 157431.79688 379793.71875 26.34400
v 157431.14062 379793.06250 26.34400
v 157438.78125 379808.03125 27.16600
v 157438.78125 379808.03125 24.91600
v 157410.14062 379832.18750 24.89100
v 157541.89062 379721.18750 19.12900
v 157546.15625 379725.15625 19.12900
v 157541.96875 379721.09375 19.12900
v 157541.76562 379721.06250 19.12900
v 157536.45312 379726.53125 19.12900
v 157545.93750 379725.34375 19.12900
v 157540.67188 379730.68750 19.12900
v 157540.57812 379730.56250 19.12900
v 157536.84375 379726.90625 19.12900
v 157539.82812 379730.03125 19.12900
v 157536.60938 379726.90625 19.12900
v 157540.60938 379730.75000 19.12900
v 157546.15625 379725.15625 22.25700
v 157541.96875 379721.09375 22.40200
v 157541.76562 379721.06250 22.44200
v 157536.45312 379726.53125 22.46100
v 157545.93750 379725.34375 22.37900
v 157545.93750 379725.34375 22.60600
v 157545.73438 379725.15625 22.60300
v 157542.53125 379724.50000 24.73600
v 157541.89062 379721.18750 22.57400
v 157541.89062 379721.18750 22.55200
v 157536.60938 379726.90625 22.32400
v 157539.82812 379730.03125 22.37900
v 157540.60938 379730.75000 22.42400
v 157540.57812 379730.56250 22.53200
v 157539.82812 379730.03125 23.24000
v 157537.90625 379726.84375 23.44700
v 157536.84375 379726.90625 22.52300
v 157536.84375 379726.90625 22.87800
v 157540.67188 379730.68750 22.42400
v 157540.32812 379729.43750 23.28100
v 157539.85938 379727.25000 24.73900
v 157574.17188 379667.15625 18.46800
v 157576.48438 379679.50000 18.46800
v 157581.53125 379674.28125 18.46800
v 157569.10938 379672.37500 18.46800
v 157574.17188 379667.15625 24.13800
v 157581.53125 379674.28125 24.14000
v 157569.10938 379672.37500 25.05000
v 157576.48438 379679.50000 25.05100
o NL.IMBAG.Pand.0861100000376288-0
usemtl 0
f 1 2 3
usemtl 0
f 4 1 3
usemtl 0
f 5 4 3
usemtl 0
f 1 6 2
usemtl 2
f 7 8 1
usemtl 2
f 4 7 1
usemtl 2
f 1 9 6
usemtl 2
f 1 8 9
usemtl 2
f 10 7 4
usemtl 2
f 5 10 4
usemtl 2
f 3 10 5
usemtl 2
f 3 11 10
usemtl 2
f 6 12 2
usemtl 2
f 6 9 12
usemtl 2
f 12 11 3
usemtl 2
f 2 12 3
usemtl 1
f 7 11 8
usemtl 1
f 7 10 11
usemtl 1
f 12 8 11
usemtl 1
f 12 9 8
o NL.IMBAG.Pand.0861100000421031-1
usemtl 0
f 13 14 15
usemtl 0
f 13 16 14
usemtl 2
f 17 18 15
usemtl 2
f 14 17 15
usemtl 2
f 16 17 14
usemtl 2
f 16 19 17
usemtl 2
f 18 20 13
usemtl 2
f 15 18 13
usemtl 2
f 13 19 16
usemtl 2
f 13 20 19
usemtl 1
f 17 19 20
usemtl 1
f 18 17 20
o NL.IMBAG.Pand.0861100000376285-2
usemtl 0
f 21 22 23
usemtl 0
f 23 22 24
usemtl 0
f 25 21 23
usemtl 0
f 26 27 28
usemtl 0
f 22 27 24
usemtl 0
f 29 30 22
usemtl 0
f 30 27 22
usemtl 0
f 28 27 30
usemtl 2
f 31 32 26
usemtl 2
f 28 31 26
usemtl 2
f 33 34 30
usemtl 2
f 29 33 30
usemtl 2
f 35 36 25
usemtl 2
f 23 35 25
usemtl 2
f 36 37 38
usemtl 2
f 25 36 38
usemtl 2
f 21 25 38
usemtl 2
f 22 33 29
usemtl 2
f 22 39 33
usemtl 2
f 34 31 28
usemtl 2
f 30 34 28
usemtl 2
f 38 39 22
usemtl 2
f 21 38 22
usemtl 2
f 40 38 37
usemtl 2
f 26 41 27
usemtl 2
f 26 32 41
usemtl 2
f 27 42 24
usemtl 2
f 27 41 42
usemtl 2
f 42 35 23
usemtl 2
f 24 42 23
usemtl 1
f 42 41 40
usemtl 1
f 35 42 40
usemtl 1
f 37 36 40
usemtl 1
f 36 35 40
usemtl 1
f 39 40 41
usemtl 1
f 32 31 41
usemtl 1
f 41 31 34
usemtl 1
f 39 34 33
usemtl 1
f 40 39 38
usemtl 1
f 41 34 39
o NL.IMBAG.Pand.0861100000376286-3
usemtl 0
f 43 44 45
usemtl 0
f 46 47 45
usemtl 0
f 46 48 47
usemtl 0
f 47 49 50
usemtl 0
f 51 49 47
usemtl 0
f 47 50 45
usemtl 0
f 50 52 45
usemtl 0
f 53 54 50
usemtl 0
f 54 55 50
usemtl 0
f 56 55 54
usemtl 0
f 55 57 50
usemtl 0
f 58 59 55
usemtl 0
f 59 57 55
usemtl 0
f 57 60 52
usemtl 0
f 61 62 63
usemtl 0
f 61 63 57
usemtl 0
f 63 64 60
usemtl 0
f 65 64 63
usemtl 0
f 63 60 57
usemtl 0
f 66 60 64
usemtl 0
f 60 67 52
usemtl 0
f 68 69 60
usemtl 0
f 69 70 71
usemtl 0
f 72 70 69
usemtl 0
f 69 71 60
usemtl 0
f 71 67 60
usemtl 0
f 67 73 52
usemtl 0
f 74 73 67
usemtl 0
f 57 52 50
usemtl 0
f 75 76 73
usemtl 0
f 76 52 73
usemtl 0
f 52 43 45
usemtl 0
f 77 43 52
usemtl 0
f 78 43 77
usemtl 2
f 79 80 73
usemtl 2
f 74 79 73
usemtl 2
f 80 81 75
usemtl 2
f 73 80 75
usemtl 2
f 82 83 52
usemtl 2
f 76 82 52
usemtl 2
f 83 84 77
usemtl 2
f 52 83 77
usemtl 2
f 81 82 76
usemtl 2
f 75 81 76
usemtl 2
f 85 86 60
usemtl 2
f 66 85 60
usemtl 2
f 87 85 66
usemtl 2
f 64 87 66
usemtl 2
f 88 89 71
usemtl 2
f 70 88 71
usemtl 2
f 89 90 67
usemtl 2
f 71 89 67
usemtl 2
f 90 79 74
usemtl 2
f 67 90 74
usemtl 2
f 91 92 69
usemtl 2
f 68 91 69
usemtl 2
f 86 91 68
usemtl 2
f 60 86 68
usemtl 2
f 93 88 70
usemtl 2
f 72 93 70
usemtl 2
f 92 93 72
usemtl 2
f 69 92 72
usemtl 2
f 94 87 64
usemtl 2
f 65 94 64
usemtl 2
f 95 96 63
usemtl 2
f 62 95 63
usemtl 2
f 96 94 65
usemtl 2
f 63 96 65
usemtl 2
f 61 95 62
usemtl 2
f 61 97 95
usemtl 2
f 98 97 61
usemtl 2
f 57 98 61
usemtl 2
f 99 98 57
usemtl 2
f 59 99 57
usemtl 2
f 55 100 58
usemtl 2
f 55 101 100
usemtl 2
f 100 99 59
usemtl 2
f 58 100 59
usemtl 2
f 102 101 55
usemtl 2
f 56 102 55
usemtl 2
f 103 104 45
usemtl 2
f 44 103 45
usemtl 2
f 105 102 56
usemtl 2
f 54 105 56
usemtl 2
f 53 105 54
usemtl 2
f 53 106 105
usemtl 2
f 107 106 53
usemtl 2
f 50 107 53
usemtl 2
f 108 107 50
usemtl 2
f 49 108 50
usemtl 2
f 109 108 49
usemtl 2
f 51 109 49
usemtl 2
f 110 111 47
usemtl 2
f 48 110 47
usemtl 2
f 111 109 51
usemtl 2
f 47 111 51
usemtl 2
f 104 112 46
usemtl 2
f 45 104 46
usemtl 2
f 112 110 48
usemtl 2
f 46 112 48
usemtl 2
f 113 103 44
usemtl 2
f 43 113 44
usemtl 2
f 114 113 43
usemtl 2
f 78 114 43
usemtl 2
f 84 114 78
usemtl 2
f 77 84 78
usemtl 1
f 113 114 84
usemtl 1
f 82 81 80
usemtl 1
f 83 113 84
usemtl 1
f 82 80 83
usemtl 1
f 80 90 83
usemtl 1
f 79 90 80
usemtl 1
f 90 89 86
usemtl 1
f 89 92 86
usemtl 1
f 88 92 89
usemtl 1
f 93 92 88
usemtl 1
f 90 86 83
usemtl 1
f 91 86 92
usemtl 1
f 86 96 98
usemtl 1
f 85 87 86
usemtl 1
f 87 96 86
usemtl 1
f 94 96 87
usemtl 1
f 86 98 83
usemtl 1
f 95 97 96
usemtl 1
f 97 98 96
usemtl 1
f 107 101 105
usemtl 1
f 99 100 101
usemtl 1
f 99 101 98
usemtl 1
f 98 101 107
usemtl 1
f 102 105 101
usemtl 1
f 98 107 83
usemtl 1
f 106 107 105
usemtl 1
f 107 104 83
usemtl 1
f 108 109 111
usemtl 1
f 108 111 107
usemtl 1
f 111 104 107
usemtl 1
f 110 112 111
usemtl 1
f 112 104 111
usemtl 1
f 104 113 83
usemtl 1
f 103 113 104
o NL.IMBAG.Pand.0861100000375458-4
usemtl 0
f 115 116 117
usemtl 0
f 115 118 116
usemtl 0
f 119 117 116
usemtl 0
f 120 116 121
usemtl 0
f 122 116 120
usemtl 0
f 123 116 122
usemtl 0
f 124 122 125
usemtl 0
f 123 122 124
usemtl 0
f 119 123 126
usemtl 0
f 119 116 123
usemtl 0
f 119 126 127
usemtl 0
f 126 128 127
usemtl 0
f 128 129 127
usemtl 2
f 115 130 118
usemtl 2
f 115 131 130
usemtl 2
f 130 132 116
usemtl 2
f 118 130 116
usemtl 2
f 133 134 135
usemtl 2
f 136 133 135
usemtl 2
f 137 138 139
usemtl 2
f 140 137 139
usemtl 2
f 141 142 143
usemtl 2
f 129 141 143
usemtl 2
f 127 129 143
usemtl 2
f 143 144 119
usemtl 2
f 127 143 119
usemtl 2
f 124 145 123
usemtl 2
f 145 146 147
usemtl 2
f 123 145 147
usemtl 2
f 148 149 145
usemtl 2
f 149 150 146
usemtl 2
f 145 149 146
usemtl 2
f 151 145 124
usemtl 2
f 125 151 124
usemtl 2
f 147 152 153
usemtl 2
f 123 147 153
usemtl 2
f 126 123 153
usemtl 2
f 152 154 155
usemtl 2
f 153 152 155
usemtl 2
f 156 153 155
usemtl 2
f 126 157 128
usemtl 2
f 126 153 157
usemtl 2
f 158 159 160
usemtl 2
f 161 158 160
usemtl 2
f 162 163 161
usemtl 2
f 162 161 160
usemtl 2
f 142 164 165
usemtl 2
f 143 142 165
usemtl 2
f 166 167 168
usemtl 2
f 166 169 167
usemtl 2
f 170 166 168
usemtl 2
f 171 169 166
usemtl 2
f 171 172 169
usemtl 2
f 162 173 174
usemtl 2
f 162 160 173
usemtl 2
f 160 172 171
usemtl 2
f 160 159 172
usemtl 2
f 134 150 149
usemtl 2
f 135 134 149
usemtl 2
f 175 176 177
usemtl 2
f 178 175 177
usemtl 2
f 173 166 170
usemtl 2
f 174 173 170
usemtl 2
f 155 179 180
usemtl 2
f 155 154 179
usemtl 2
f 181 180 182
usemtl 2
f 183 181 182
usemtl 2
f 184 185 144
usemtl 2
f 184 186 185
usemtl 2
f 187 188 189
usemtl 2
f 190 187 189
usemtl 2
f 191 192 193
usemtl 2
f 191 194 192
usemtl 2
f 193 186 184
usemtl 2
f 193 192 186
usemtl 2
f 195 196 197
usemtl 2
f 198 195 197
usemtl 2
f 199 197 200
usemtl 2
f 201 199 200
usemtl 2
f 188 137 140
usemtl 2
f 189 188 140
usemtl 2
f 138 175 178
usemtl 2
f 139 138 178
usemtl 2
f 202 203 204
usemtl 2
f 202 205 203
usemtl 2
f 122 120 204
usemtl 2
f 120 202 204
usemtl 2
f 203 206 207
usemtl 2
f 204 203 207
usemtl 2
f 208 195 198
usemtl 2
f 209 208 198
usemtl 2
f 210 211 212
usemtl 2
f 211 213 214
usemtl 2
f 212 211 214
usemtl 2
f 215 213 211
usemtl 2
f 216 215 211
usemtl 2
f 200 197 191
usemtl 2
f 197 196 194
usemtl 2
f 191 197 194
usemtl 2
f 207 211 210
usemtl 2
f 207 206 211
usemtl 2
f 217 218 219
usemtl 2
f 220 217 219
usemtl 2
f 221 222 220
usemtl 2
f 221 220 219
usemtl 2
f 116 223 121
usemtl 2
f 116 132 223
usemtl 2
f 223 202 120
usemtl 2
f 121 223 120
usemtl 2
f 122 151 125
usemtl 2
f 122 204 151
usemtl 2
f 176 215 216
usemtl 2
f 177 176 216
usemtl 2
f 212 149 148
usemtl 2
f 212 214 149
usemtl 2
f 224 217 220
usemtl 2
f 224 225 217
usemtl 2
f 164 220 222
usemtl 2
f 165 164 222
usemtl 2
f 128 141 129
usemtl 2
f 128 157 141
usemtl 2
f 155 225 224
usemtl 2
f 156 155 224
usemtl 2
f 226 227 228
usemtl 2
f 229 226 228
usemtl 2
f 221 226 229
usemtl 2
f 221 219 226
usemtl 2
f 230 187 190
usemtl 2
f 231 230 190
usemtl 2
f 231 232 199
usemtl 2
f 233 231 199
usemtl 2
f 201 233 199
usemtl 2
f 117 131 115
usemtl 2
f 117 234 131
usemtl 2
f 185 235 234
usemtl 2
f 144 185 234
usemtl 2
f 117 119 144
usemtl 2
f 117 144 234
usemtl 2
f 234 208 209
usemtl 2
f 234 235 208
usemtl 2
f 167 133 136
usemtl 2
f 168 167 136
usemtl 2
f 236 168 136
usemtl 2
f 236 237 238
usemtl 2
f 236 136 237
usemtl 2
f 237 230 231
usemtl 2
f 238 237 231
usemtl 2
f 233 238 231
usemtl 2
f 228 239 240
usemtl 2
f 228 227 239
usemtl 2
f 239 161 163
usemtl 2
f 240 239 163
usemtl 2
f 180 158 161
usemtl 2
f 180 179 158
usemtl 2
f 182 180 161
usemtl 2
f 218 181 183
usemtl 2
f 219 218 183
usemtl 2
f 199 205 202
usemtl 2
f 199 232 205
usemtl 1
f 171 166 173
usemtl 1
f 160 171 173
usemtl 1
f 145 212 148
usemtl 1
f 151 212 145
usemtl 1
f 207 212 204
usemtl 1
f 204 212 151
usemtl 1
f 207 210 212
usemtl 1
f 224 157 153
usemtl 1
f 153 156 224
usemtl 1
f 220 164 224
usemtl 1
f 224 164 157
usemtl 1
f 142 141 164
usemtl 1
f 141 157 164
usemtl 1
f 217 155 218
usemtl 1
f 217 225 155
usemtl 1
f 155 181 218
usemtl 1
f 180 181 155
usemtl 1
f 195 208 235
usemtl 1
f 194 195 235
usemtl 1
f 185 192 235
usemtl 1
f 196 195 194
usemtl 1
f 186 192 185
usemtl 1
f 192 194 235
usemtl 1
f 140 178 216
usemtl 1
f 190 140 232
usemtl 1
f 190 189 140
usemtl 1
f 231 190 232
usemtl 1
f 216 178 177
usemtl 1
f 139 178 140
usemtl 1
f 206 203 205
usemtl 1
f 232 140 216
usemtl 1
f 232 216 211
usemtl 1
f 232 206 205
usemtl 1
f 232 211 206
usemtl 1
f 187 230 237
usemtl 1
f 188 187 237
usemtl 1
f 136 135 188
usemtl 1
f 214 213 215
usemtl 1
f 138 137 135
usemtl 1
f 176 214 215
usemtl 1
f 149 176 175
usemtl 1
f 149 214 176
usemtl 1
f 149 175 138
usemtl 1
f 149 138 135
usemtl 1
f 136 188 237
usemtl 1
f 135 137 188
usemtl 1
f 162 174 163
usemtl 1
f 174 240 163
usemtl 1
f 222 143 165
usemtl 1
f 222 229 143
usemtl 1
f 170 240 174
usemtl 1
f 168 238 184
usemtl 1
f 238 193 184
usemtl 1
f 238 168 236
usemtl 1
f 233 191 193
usemtl 1
f 201 200 233
usemtl 1
f 200 191 233
usemtl 1
f 233 193 238
usemtl 1
f 168 184 170
usemtl 1
f 184 240 170
usemtl 1
f 144 240 184
usemtl 1
f 143 240 144
usemtl 1
f 229 222 221
usemtl 1
f 240 229 228
usemtl 1
f 240 143 229
usemtl 1
f 147 150 134
usemtl 1
f 159 158 179
usemtl 1
f 154 152 179
usemtl 1
f 172 167 169
usemtl 1
f 179 152 147
usemtl 1
f 179 147 159
usemtl 1
f 146 150 147
usemtl 1
f 147 134 133
usemtl 1
f 167 172 133
usemtl 1
f 172 147 133
usemtl 1
f 159 147 172
usemtl 1
f 182 227 183
usemtl 1
f 182 161 227
usemtl 1
f 239 227 161
usemtl 1
f 227 219 183
usemtl 1
f 226 219 227
usemtl 1
f 223 132 202
usemtl 1
f 132 209 199
usemtl 1
f 202 132 199
usemtl 1
f 130 131 132
usemtl 1
f 131 234 209
usemtl 1
f 209 198 199
usemtl 1
f 131 209 132
usemtl 1
f 198 197 199
o NL.IMBAG.Pand.0861100000422323-5
usemtl 0
f 241 242 243
usemtl 0
f 244 241 243
usemtl 0
f 245 242 241
usemtl 0
f 246 244 243
usemtl 0
f 247 248 249
usemtl 0
f 243 250 246
usemtl 0
f 244 246 251
usemtl 0
f 242 245 252
usemtl 0
f 245 253 252
usemtl 0
f 254 255 248
usemtl 0
f 253 256 249
usemtl 0
f 253 249 252
usemtl 0
f 249 257 252
usemtl 0
f 258 256 253
usemtl 0
f 248 255 249
usemtl 0
f 259 247 249
usemtl 0
f 260 255 254
usemtl 0
f 248 261 254
usemtl 0
f 255 257 249
usemtl 0
f 262 263 264
usemtl 0
f 265 263 262
usemtl 0
f 260 263 265
usemtl 0
f 266 257 255
usemtl 0
f 263 260 254
usemtl 0
f 260 267 255
usemtl 0
f 266 255 268
usemtl 0
f 255 269 268
usemtl 2
f 270 271 255
usemtl 2
f 267 270 255
usemtl 2
f 272 273 262
usemtl 2
f 264 272 262
usemtl 2
f 263 272 264
usemtl 2
f 263 274 272
usemtl 2
f 275 276 277
usemtl 2
f 275 278 276
usemtl 2
f 259 279 247
usemtl 2
f 259 280 279
usemtl 2
f 281 282 283
usemtl 2
f 284 281 283
usemtl 2
f 285 286 287
usemtl 2
f 251 285 287
usemtl 2
f 244 251 287
usemtl 2
f 288 289 246
usemtl 2
f 250 288 246
usemtl 2
f 290 291 292
usemtl 2
f 293 290 292
usemtl 2
f 294 293 292
usemtl 2
f 294 292 295
usemtl 2
f 292 291 296
usemtl 2
f 297 294 295
usemtl 2
f 295 292 296
usemtl 2
f 298 299 300
usemtl 2
f 298 301 299
usemtl 2
f 302 303 304
usemtl 2
f 302 305 303
usemtl 2
f 306 307 303
usemtl 2
f 306 308 307
usemtl 2
f 309 310 311
usemtl 2
f 312 309 311
usemtl 2
f 313 305 302
usemtl 2
f 314 313 302
usemtl 2
f 315 314 302
usemtl 2
f 316 308 306
usemtl 2
f 317 316 306
usemtl 2
f 318 319 320
usemtl 2
f 321 318 320
usemtl 2
f 322 321 320
usemtl 2
f 323 324 325
usemtl 2
f 326 323 325
usemtl 2
f 283 327 328
usemtl 2
f 283 282 327
usemtl 2
f 327 329 330
usemtl 2
f 328 327 330
usemtl 2
f 331 332 333
usemtl 2
f 331 334 332
usemtl 2
f 302 335 323
usemtl 2
f 315 302 323
usemtl 2
f 326 315 323
usemtl 2
f 258 336 256
usemtl 2
f 258 337 336
usemtl 2
f 253 337 258
usemtl 2
f 253 338 337
usemtl 2
f 256 336 249
usemtl 2
f 336 339 340
usemtl 2
f 249 336 340
usemtl 2
f 249 280 259
usemtl 2
f 249 340 280
usemtl 2
f 341 342 343
usemtl 2
f 341 344 342
usemtl 2
f 345 290 293
usemtl 2
f 346 345 293
usemtl 2
f 347 348 349
usemtl 2
f 350 347 349
usemtl 2
f 351 352 353
usemtl 2
f 354 351 353
usemtl 2
f 355 356 357
usemtl 2
f 358 355 357
usemtl 2
f 245 359 253
usemtl 2
f 359 360 338
usemtl 2
f 253 359 338
usemtl 2
f 361 360 359
usemtl 2
f 362 361 359
usemtl 2
f 363 270 267
usemtl 2
f 260 363 267
usemtl 2
f 273 364 265
usemtl 2
f 262 273 265
usemtl 2
f 365 366 367
usemtl 2
f 368 365 367
usemtl 2
f 369 365 368
usemtl 2
f 370 369 368
usemtl 2
f 371 372 373
usemtl 2
f 374 371 373
usemtl 2
f 375 376 377
usemtl 2
f 375 378 376
usemtl 2
f 379 380 381
usemtl 2
f 382 379 381
usemtl 2
f 383 384 385
usemtl 2
f 383 386 384
usemtl 2
f 387 386 383
usemtl 2
f 387 388 386
usemtl 2
f 385 389 390
usemtl 2
f 385 384 389
usemtl 2
f 391 281 284
usemtl 2
f 392 391 284
usemtl 2
f 320 391 392
usemtl 2
f 320 319 391
usemtl 2
f 393 394 395
usemtl 2
f 393 396 394
usemtl 2
f 397 330 398
usemtl 2
f 397 399 330
usemtl 2
f 400 396 393
usemtl 2
f 401 400 393
usemtl 2
f 402 403 404
usemtl 2
f 405 402 404
usemtl 2
f 406 407 408
usemtl 2
f 406 409 407
usemtl 2
f 406 301 298
usemtl 2
f 410 406 298
usemtl 2
f 303 409 406
usemtl 2
f 303 307 409
usemtl 2
f 410 304 303
usemtl 2
f 410 303 406
usemtl 2
f 286 411 412
usemtl 2
f 287 286 412
usemtl 2
f 413 287 412
usemtl 2
f 414 415 416
usemtl 2
f 414 417 415
usemtl 2
f 418 419 420
usemtl 2
f 421 418 420
usemtl 2
f 420 422 423
usemtl 2
f 420 419 422
usemtl 2
f 423 422 424
usemtl 2
f 422 425 426
usemtl 2
f 424 422 426
usemtl 2
f 424 427 428
usemtl 2
f 424 426 427
usemtl 2
f 429 430 387
usemtl 2
f 430 431 388
usemtl 2
f 387 430 388
usemtl 2
f 432 433 434
usemtl 2
f 435 432 434
usemtl 2
f 433 436 437
usemtl 2
f 434 433 437
usemtl 2
f 436 438 439
usemtl 2
f 437 436 439
usemtl 2
f 440 441 427
usemtl 2
f 442 440 427
usemtl 2
f 443 440 442
usemtl 2
f 444 443 442
usemtl 2
f 445 444 442
usemtl 2
f 427 443 444
usemtl 2
f 427 441 443
usemtl 2
f 428 427 444
usemtl 2
f 442 446 447
usemtl 2
f 445 442 447
usemtl 2
f 448 449 450
usemtl 2
f 451 448 450
usemtl 2
f 452 309 312
usemtl 2
f 453 452 312
usemtl 2
f 454 455 456
usemtl 2
f 457 454 456
usemtl 2
f 352 458 459
usemtl 2
f 352 460 458
usemtl 2
f 353 352 459
usemtl 2
f 456 461 462
usemtl 2
f 456 455 461
usemtl 2
f 311 334 331
usemtl 2
f 311 310 334
usemtl 2
f 408 463 464
usemtl 2
f 408 407 463
usemtl 2
f 465 466 467
usemtl 2
f 468 465 467
usemtl 2
f 463 465 468
usemtl 2
f 464 463 468
usemtl 2
f 469 316 317
usemtl 2
f 470 469 317
usemtl 2
f 471 469 470
usemtl 2
f 472 471 470
usemtl 2
f 473 474 475
usemtl 2
f 476 473 475
usemtl 2
f 475 477 478
usemtl 2
f 475 474 477
usemtl 2
f 479 480 481
usemtl 2
f 479 482 480
usemtl 2
f 483 482 479
usemtl 2
f 484 483 479
usemtl 2
f 485 486 483
usemtl 2
f 487 485 483
usemtl 2
f 484 488 483
usemtl 2
f 488 487 483
usemtl 2
f 489 344 341
usemtl 2
f 490 489 341
usemtl 2
f 483 489 490
usemtl 2
f 483 486 489
usemtl 2
f 491 448 451
usemtl 2
f 491 492 448
usemtl 2
f 493 494 492
usemtl 2
f 495 493 492
usemtl 2
f 491 495 492
usemtl 2
f 449 496 497
usemtl 2
f 450 449 497
usemtl 2
f 492 498 496
usemtl 2
f 492 494 498
usemtl 2
f 499 500 501
usemtl 2
f 502 499 501
usemtl 2
f 503 499 502
usemtl 2
f 503 504 499
usemtl 2
f 505 503 502
usemtl 2
f 296 506 507
usemtl 2
f 295 296 507
usemtl 2
f 506 508 509
usemtl 2
f 507 506 509
usemtl 2
f 510 507 509
usemtl 2
f 500 300 511
usemtl 2
f 501 500 511
usemtl 2
f 346 503 505
usemtl 2
f 351 346 505
usemtl 2
f 512 504 503
usemtl 2
f 513 512 503
usemtl 2
f 511 300 352
usemtl 2
f 300 299 460
usemtl 2
f 352 300 460
usemtl 2
f 514 515 516
usemtl 2
f 514 517 515
usemtl 2
f 243 242 516
usemtl 2
f 242 514 516
usemtl 2
f 356 518 519
usemtl 2
f 357 356 519
usemtl 2
f 518 520 521
usemtl 2
f 519 518 521
usemtl 2
f 522 359 245
usemtl 2
f 241 522 245
usemtl 2
f 523 345 346
usemtl 2
f 354 524 351
usemtl 2
f 351 524 523
usemtl 2
f 523 525 345
usemtl 2
f 351 523 346
usemtl 2
f 526 527 364
usemtl 2
f 528 526 364
usemtl 2
f 364 363 260
usemtl 2
f 364 527 363
usemtl 2
f 265 364 260
usemtl 2
f 248 529 261
usemtl 2
f 248 530 529
usemtl 2
f 531 347 350
usemtl 2
f 532 531 350
usemtl 2
f 349 533 534
usemtl 2
f 349 348 533
usemtl 2
f 535 534 536
usemtl 2
f 535 537 534
usemtl 2
f 534 531 532
usemtl 2
f 534 533 531
usemtl 2
f 538 536 532
usemtl 2
f 536 534 532
usemtl 2
f 538 487 488
usemtl 2
f 538 532 487
usemtl 2
f 539 537 535
usemtl 2
f 269 539 535
usemtl 2
f 268 269 535
usemtl 2
f 243 288 250
usemtl 2
f 243 516 288
usemtl 2
f 540 541 542
usemtl 2
f 543 540 542
usemtl 2
f 544 543 542
usemtl 2
f 542 545 546
usemtl 2
f 544 542 546
usemtl 2
f 547 542 541
usemtl 2
f 547 516 515
usemtl 2
f 335 548 549
usemtl 2
f 323 335 549
usemtl 2
f 549 550 551
usemtl 2
f 549 548 550
usemtl 2
f 552 313 314
usemtl 2
f 552 553 313
usemtl 2
f 554 555 556
usemtl 2
f 557 554 556
usemtl 2
f 333 558 559
usemtl 2
f 333 332 558
usemtl 2
f 559 452 453
usemtl 2
f 559 558 452
usemtl 2
f 560 561 402
usemtl 2
f 562 560 402
usemtl 2
f 405 562 402
usemtl 2
f 563 560 562
usemtl 2
f 563 564 560
usemtl 2
f 395 394 565
usemtl 2
f 394 566 567
usemtl 2
f 565 394 567
usemtl 2
f 567 553 552
usemtl 2
f 565 567 552
usemtl 2
f 568 566 394
usemtl 2
f 569 568 394
usemtl 2
f 400 568 569
usemtl 2
f 400 570 568
usemtl 2
f 571 379 382
usemtl 2
f 572 571 382
usemtl 2
f 342 485 487
usemtl 2
f 343 342 487
usemtl 2
f 271 539 269
usemtl 2
f 255 271 269
usemtl 2
f 446 432 435
usemtl 2
f 447 446 435
usemtl 2
f 573 574 575
usemtl 2
f 576 573 575
usemtl 2
f 439 573 576
usemtl 2
f 439 438 573
usemtl 2
f 466 471 472
usemtl 2
f 467 466 472
usemtl 2
f 577 454 457
usemtl 2
f 578 577 457
usemtl 2
f 579 418 421
usemtl 2
f 580 579 421
usemtl 2
f 581 378 375
usemtl 2
f 581 582 378
usemtl 2
f 583 582 581
usemtl 2
f 583 584 582
usemtl 2
f 585 584 583
usemtl 2
f 585 586 584
usemtl 2
f 556 587 588
usemtl 2
f 556 555 587
usemtl 2
f 588 493 495
usemtl 2
f 588 587 493
usemtl 2
f 276 589 590
usemtl 2
f 277 276 590
usemtl 2
f 509 591 592
usemtl 2
f 510 509 592
usemtl 2
f 244 522 241
usemtl 2
f 244 287 522
usemtl 2
f 593 355 358
usemtl 2
f 594 593 358
usemtl 2
f 595 596 597
usemtl 2
f 595 598 596
usemtl 2
f 599 571 572
usemtl 2
f 599 600 571
usemtl 2
f 366 586 585
usemtl 2
f 367 366 585
usemtl 2
f 601 577 578
usemtl 2
f 602 601 578
usemtl 2
f 603 604 289
usemtl 2
f 540 603 289
usemtl 2
f 246 289 251
usemtl 2
f 289 604 285
usemtl 2
f 251 289 285
usemtl 2
f 411 603 540
usemtl 2
f 412 411 540
usemtl 2
f 543 412 540
usemtl 2
f 402 605 574
usemtl 2
f 402 561 605
usemtl 2
f 606 607 361
usemtl 2
f 608 606 361
usemtl 2
f 362 608 361
usemtl 2
f 609 431 430
usemtl 2
f 609 610 431
usemtl 2
f 609 606 608
usemtl 2
f 611 609 608
usemtl 2
f 381 600 599
usemtl 2
f 381 380 600
usemtl 2
f 279 612 530
usemtl 2
f 279 613 612
usemtl 2
f 248 247 530
usemtl 2
f 247 279 530
usemtl 2
f 589 613 279
usemtl 2
f 590 589 279
usemtl 2
f 530 278 275
usemtl 2
f 530 612 278
usemtl 2
f 529 614 254
usemtl 2
f 261 529 254
usemtl 2
f 376 369 370
usemtl 2
f 377 376 370
usemtl 2
f 320 523 524
usemtl 2
f 322 320 524
usemtl 2
f 615 425 422
usemtl 2
f 615 616 425
usemtl 2
f 617 514 242
usemtl 2
f 617 618 514
usemtl 2
f 252 617 242
usemtl 2
f 619 517 514
usemtl 2
f 619 512 513
usemtl 2
f 415 620 621
usemtl 2
f 416 415 621
usemtl 2
f 621 525 523
usemtl 2
f 621 620 525
usemtl 2
f 622 593 594
usemtl 2
f 622 623 593
usemtl 2
f 521 623 622
usemtl 2
f 521 520 623
usemtl 2
f 624 526 528
usemtl 2
f 625 624 528
usemtl 2
f 626 624 625
usemtl 2
f 274 626 625
usemtl 2
f 614 626 274
usemtl 2
f 254 614 274
usemtl 2
f 263 254 274
usemtl 2
f 550 618 617
usemtl 2
f 551 550 617
usemtl 2
f 361 430 429
usemtl 2
f 361 607 430
usemtl 2
f 574 564 563
usemtl 2
f 574 605 564
usemtl 2
f 575 574 563
usemtl 2
f 268 627 266
usemtl 2
f 268 535 627
usemtl 2
f 628 629 627
usemtl 2
f 630 628 627
usemtl 2
f 389 417 414
usemtl 2
f 390 389 414
usemtl 2
f 257 617 252
usemtl 2
f 257 631 617
usemtl 2
f 627 632 631
usemtl 2
f 627 629 632
usemtl 2
f 257 266 631
usemtl 2
f 266 627 631
usemtl 2
f 631 633 634
usemtl 2
f 631 632 633
usemtl 2
f 633 628 630
usemtl 2
f 634 633 630
usemtl 2
f 635 318 321
usemtl 2
f 636 635 321
usemtl 2
f 458 635 636
usemtl 2
f 459 458 636
usemtl 2
f 637 546 545
usemtl 2
f 637 294 292
usemtl 2
f 412 292 294
usemtl 2
f 413 412 294
usemtl 2
f 297 413 294
usemtl 2
f 638 399 397
usemtl 2
f 638 639 399
usemtl 2
f 325 639 638
usemtl 2
f 325 324 639
usemtl 2
f 403 616 615
usemtl 2
f 404 403 615
usemtl 2
f 640 404 615
usemtl 2
f 615 579 580
usemtl 2
f 640 615 580
usemtl 2
f 477 554 557
usemtl 2
f 478 477 557
usemtl 2
f 508 641 642
usemtl 2
f 509 508 642
usemtl 2
f 641 610 609
usemtl 2
f 642 641 609
usemtl 2
f 611 643 642
usemtl 2
f 611 642 609
usemtl 2
f 592 642 643
usemtl 2
f 592 591 642
usemtl 2
f 644 598 595
usemtl 2
f 645 644 595
usemtl 2
f 372 644 645
usemtl 2
f 373 372 645
usemtl 2
f 597 371 374
usemtl 2
f 597 596 371
usemtl 2
f 497 496 476
usemtl 2
f 496 498 473
usemtl 2
f 476 496 473
usemtl 2
f 329 570 400
usemtl 2
f 330 329 400
usemtl 2
f 401 398 330
usemtl 2
f 401 330 400
usemtl 2
f 481 339 336
usemtl 2
f 481 480 339
usemtl 2
f 462 601 602
usemtl 2
f 462 461 601
usemtl 1
f 440 443 441
usemtl 1
f 449 492 496
usemtl 1
f 449 448 492
usemtl 1
f 501 511 352
usemtl 1
f 351 501 352
usemtl 1
f 351 505 501
usemtl 1
f 505 502 501
usemtl 1
f 347 531 533
usemtl 1
f 348 347 533
usemtl 1
f 332 452 558
usemtl 1
f 334 310 332
usemtl 1
f 332 310 452
usemtl 1
f 310 309 452
usemtl 1
f 394 400 569
usemtl 1
f 394 396 400
usemtl 1
f 344 485 342
usemtl 1
f 489 486 344
usemtl 1
f 344 486 485
usemtl 1
f 463 409 465
usemtl 1
f 465 471 466
usemtl 1
f 407 409 463
usemtl 1
f 409 471 465
usemtl 1
f 316 471 307
usemtl 1
f 307 471 409
usemtl 1
f 316 307 308
usemtl 1
f 469 471 316
usemtl 1
f 547 540 288
usemtl 1
f 288 540 289
usemtl 1
f 547 288 516
usemtl 1
f 541 540 547
usemtl 1
f 604 603 411
usemtl 1
f 286 285 411
usemtl 1
f 411 285 604
usemtl 1
f 571 600 380
usemtl 1
f 379 571 380
usemtl 1
f 613 278 612
usemtl 1
f 589 276 278
usemtl 1
f 613 589 278
usemtl 1
f 365 369 376
usemtl 1
f 582 365 376
usemtl 1
f 378 582 376
usemtl 1
f 366 365 586
usemtl 1
f 584 586 582
usemtl 1
f 586 365 582
usemtl 1
f 518 623 520
usemtl 1
f 356 355 518
usemtl 1
f 518 593 623
usemtl 1
f 355 593 518
usemtl 1
f 272 274 625
usemtl 1
f 364 273 625
usemtl 1
f 528 364 625
usemtl 1
f 625 273 272
usemtl 1
f 548 618 550
usemtl 1
f 335 302 548
usemtl 1
f 548 499 618
usemtl 1
f 298 304 410
usemtl 1
f 499 300 500
usemtl 1
f 504 514 499
usemtl 1
f 302 304 298
usemtl 1
f 302 298 548
usemtl 1
f 499 514 618
usemtl 1
f 298 300 499
usemtl 1
f 298 499 548
usemtl 1
f 619 514 504
usemtl 1
f 512 619 504
usemtl 1
f 606 430 607
usemtl 1
f 606 609 430
usemtl 1
f 561 564 605
usemtl 1
f 561 560 564
usemtl 1
f 544 292 412
usemtl 1
f 544 637 292
usemtl 1
f 543 544 412
usemtl 1
f 546 637 544
usemtl 1
f 632 628 633
usemtl 1
f 632 629 628
usemtl 1
f 321 459 636
usemtl 1
f 354 459 524
usemtl 1
f 321 322 459
usemtl 1
f 322 524 459
usemtl 1
f 459 354 353
usemtl 1
f 337 338 336
usemtl 1
f 383 429 387
usemtl 1
f 385 338 383
usemtl 1
f 360 361 338
usemtl 1
f 361 429 383
usemtl 1
f 523 392 390
usemtl 1
f 416 523 390
usemtl 1
f 390 338 385
usemtl 1
f 338 361 383
usemtl 1
f 390 392 338
usemtl 1
f 320 392 523
usemtl 1
f 621 523 416
usemtl 1
f 414 416 390
usemtl 1
f 336 284 283
usemtl 1
f 283 328 324
usemtl 1
f 336 392 284
usemtl 1
f 336 338 392
usemtl 1
f 481 336 283
usemtl 1
f 328 399 324
usemtl 1
f 399 639 324
usemtl 1
f 283 324 481
usemtl 1
f 330 399 328
usemtl 1
f 324 634 481
usemtl 1
f 323 551 324
usemtl 1
f 549 551 323
usemtl 1
f 551 631 634
usemtl 1
f 617 631 551
usemtl 1
f 634 488 481
usemtl 1
f 630 538 634
usemtl 1
f 551 634 324
usemtl 1
f 627 535 630
usemtl 1
f 535 536 630
usemtl 1
f 484 479 481
usemtl 1
f 536 538 630
usemtl 1
f 538 488 634
usemtl 1
f 488 484 481
usemtl 1
f 293 294 637
usemtl 1
f 547 515 545
usemtl 1
f 545 293 637
usemtl 1
f 346 293 513
usemtl 1
f 547 545 542
usemtl 1
f 515 293 545
usemtl 1
f 517 293 515
usemtl 1
f 619 293 517
usemtl 1
f 513 293 619
usemtl 1
f 503 346 513
usemtl 1
f 611 608 522
usemtl 1
f 611 522 643
usemtl 1
f 359 522 608
usemtl 1
f 359 608 362
usemtl 1
f 522 287 643
usemtl 1
f 287 592 643
usemtl 1
f 413 592 287
usemtl 1
f 413 507 592
usemtl 1
f 297 507 413
usemtl 1
f 297 295 507
usemtl 1
f 507 510 592
usemtl 1
f 282 281 329
usemtl 1
f 567 568 470
usemtl 1
f 313 317 306
usemtl 1
f 281 319 318
usemtl 1
f 566 568 567
usemtl 1
f 327 282 329
usemtl 1
f 319 281 391
usemtl 1
f 318 329 281
usemtl 1
f 570 329 318
usemtl 1
f 570 318 635
usemtl 1
f 570 635 568
usemtl 1
f 468 467 464
usemtl 1
f 408 464 299
usemtl 1
f 408 299 301
usemtl 1
f 467 458 464
usemtl 1
f 464 460 299
usemtl 1
f 406 408 301
usemtl 1
f 467 472 635
usemtl 1
f 458 460 464
usemtl 1
f 472 568 635
usemtl 1
f 458 467 635
usemtl 1
f 470 568 472
usemtl 1
f 567 317 553
usemtl 1
f 553 317 313
usemtl 1
f 306 303 305
usemtl 1
f 305 313 306
usemtl 1
f 317 567 470
usemtl 1
f 402 616 403
usemtl 1
f 574 573 438
usemtl 1
f 402 574 616
usemtl 1
f 438 425 616
usemtl 1
f 436 433 438
usemtl 1
f 574 438 616
usemtl 1
f 433 425 438
usemtl 1
f 432 446 433
usemtl 1
f 446 425 433
usemtl 1
f 442 425 446
usemtl 1
f 427 425 442
usemtl 1
f 426 425 427
usemtl 1
f 418 579 615
usemtl 1
f 419 418 422
usemtl 1
f 422 418 615
usemtl 1
f 525 620 345
usemtl 1
f 508 296 345
usemtl 1
f 641 508 345
usemtl 1
f 508 506 296
usemtl 1
f 345 296 290
usemtl 1
f 291 290 296
usemtl 1
f 620 641 345
usemtl 1
f 388 641 620
usemtl 1
f 388 620 417
usemtl 1
f 388 417 384
usemtl 1
f 620 415 417
usemtl 1
f 417 389 384
usemtl 1
f 388 384 386
usemtl 1
f 610 388 431
usemtl 1
f 610 641 388
usemtl 1
f 509 642 591
usemtl 1
f 372 371 596
usemtl 1
f 644 372 596
usemtl 1
f 598 644 596
usemtl 1
f 474 473 498
usemtl 1
f 493 587 494
usemtl 1
f 494 474 498
usemtl 1
f 587 555 554
usemtl 1
f 587 554 494
usemtl 1
f 554 477 494
usemtl 1
f 477 474 494
usemtl 1
f 393 398 401
usemtl 1
f 395 325 393
usemtl 1
f 393 397 398
usemtl 1
f 565 326 395
usemtl 1
f 552 326 565
usemtl 1
f 326 325 395
usemtl 1
f 315 552 314
usemtl 1
f 326 552 315
usemtl 1
f 638 397 393
usemtl 1
f 325 638 393
usemtl 1
f 482 490 480
usemtl 1
f 340 339 480
usemtl 1
f 490 271 480
usemtl 1
f 271 363 526
usemtl 1
f 277 590 480
usemtl 1
f 343 539 271
usemtl 1
f 483 490 482
usemtl 1
f 341 343 490
usemtl 1
f 350 349 343
usemtl 1
f 349 539 343
usemtl 1
f 487 532 343
usemtl 1
f 532 350 343
usemtl 1
f 363 527 526
usemtl 1
f 534 537 349
usemtl 1
f 537 539 349
usemtl 1
f 343 271 490
usemtl 1
f 271 270 363
usemtl 1
f 614 529 277
usemtl 1
f 614 624 626
usemtl 1
f 614 277 526
usemtl 1
f 275 277 529
usemtl 1
f 526 624 614
usemtl 1
f 275 529 530
usemtl 1
f 280 590 279
usemtl 1
f 277 271 526
usemtl 1
f 480 271 277
usemtl 1
f 340 480 590
usemtl 1
f 340 590 280
usemtl 1
f 577 601 461
usemtl 1
f 454 577 455
usemtl 1
f 455 577 461
o NL.IMBAG.Pand.0861100000371443-6
usemtl 0
f 646 647 648
usemtl 0
f 649 647 646
usemtl 0
f 650 651 652
usemtl 0
f 649 646 653
usemtl 0
f 654 655 656
usemtl 0
f 657 658 654
usemtl 0
f 658 655 654
usemtl 0
f 655 659 656
usemtl 0
f 660 661 659
usemtl 0
f 662 663 664
usemtl 0
f 665 666 667
usemtl 0
f 665 667 668
usemtl 0
f 667 660 668
usemtl 0
f 663 669 670
usemtl 0
f 670 671 672
usemtl 0
f 673 671 669
usemtl 0
f 671 674 672
usemtl 0
f 675 676 674
usemtl 0
f 677 676 675
usemtl 0
f 678 662 679
usemtl 0
f 662 664 679
usemtl 0
f 675 674 671
usemtl 0
f 669 671 670
usemtl 0
f 663 670 664
usemtl 0
f 679 680 678
usemtl 0
f 681 682 680
usemtl 0
f 683 684 682
usemtl 0
f 685 684 683
usemtl 0
f 683 682 681
usemtl 0
f 681 680 679
usemtl 0
f 667 663 662
usemtl 0
f 667 662 660
usemtl 0
f 662 661 660
usemtl 0
f 660 659 655
usemtl 0
f 654 656 686
usemtl 0
f 654 686 649
usemtl 0
f 686 687 649
usemtl 0
f 687 647 649
usemtl 0
f 688 647 687
usemtl 0
f 689 690 691
usemtl 0
f 692 693 694
usemtl 0
f 693 695 694
usemtl 0
f 695 696 694
usemtl 0
f 697 693 692
usemtl 0
f 698 699 700
usemtl 0
f 701 702 703
usemtl 0
f 704 705 706
usemtl 0
f 705 707 706
usemtl 0
f 707 708 706
usemtl 0
f 709 705 704
usemtl 0
f 710 706 708
usemtl 0
f 711 704 712
usemtl 0
f 713 702 701
usemtl 0
f 714 715 716
usemtl 0
f 717 718 719
usemtl 0
f 711 718 717
usemtl 0
f 711 717 716
usemtl 0
f 714 716 720
usemtl 0
f 715 702 716
usemtl 0
f 702 711 716
usemtl 0
f 721 722 713
usemtl 0
f 723 721 724
usemtl 0
f 721 713 724
usemtl 0
f 722 725 713
usemtl 0
f 725 702 713
usemtl 0
f 711 702 725
usemtl 0
f 726 727 698
usemtl 0
f 728 729 727
usemtl 0
f 730 725 731
usemtl 0
f 711 725 730
usemtl 0
f 730 727 704
usemtl 0
f 726 709 727
usemtl 0
f 727 709 704
usemtl 0
f 711 730 704
usemtl 0
f 727 729 699
usemtl 0
f 732 729 728
usemtl 0
f 727 699 698
usemtl 0
f 699 733 700
usemtl 0
f 700 694 696
usemtl 0
f 691 734 650
usemtl 0
f 698 700 696
usemtl 0
f 735 736 737
usemtl 0
f 738 737 739
usemtl 0
f 739 740 738
usemtl 0
f 690 734 691
usemtl 0
f 741 690 689
usemtl 0
f 735 737 738
usemtl 0
f 689 736 735
usemtl 0
f 691 650 742
usemtl 0
f 692 736 689
usemtl 0
f 690 741 743
usemtl 0
f 650 734 651
usemtl 0
f 734 744 651
usemtl 0
f 745 746 747
usemtl 0
f 748 749 750
usemtl 0
f 647 748 751
usemtl 0
f 689 691 692
usemtl 0
f 747 691 745
usemtl 0
f 691 697 692
usemtl 0
f 747 697 691
usemtl 0
f 746 748 747
usemtl 0
f 748 688 747
usemtl 0
f 751 748 750
usemtl 0
f 647 688 748
usemtl 0
f 647 751 752
usemtl 0
f 751 753 752
usemtl 0
f 647 752 754
usemtl 0
f 752 755 754
usemtl 2
f 756 757 758
usemtl 2
f 759 756 758
usemtl 2
f 675 760 677
usemtl 2
f 760 761 762
usemtl 2
f 677 760 762
usemtl 2
f 763 764 765
usemtl 2
f 763 766 764
usemtl 2
f 767 763 765
usemtl 2
f 765 768 769
usemtl 2
f 765 764 768
usemtl 2
f 770 761 760
usemtl 2
f 770 771 761
usemtl 2
f 772 771 770
usemtl 2
f 676 772 770
usemtl 2
f 674 676 770
usemtl 2
f 773 774 671
usemtl 2
f 673 773 671
usemtl 2
f 774 760 675
usemtl 2
f 671 774 675
usemtl 2
f 775 773 673
usemtl 2
f 775 776 773
usemtl 2
f 669 775 673
usemtl 2
f 666 777 667
usemtl 2
f 666 778 777
usemtl 2
f 777 779 780
usemtl 2
f 667 777 780
usemtl 2
f 663 667 780
usemtl 2
f 781 782 783
usemtl 2
f 781 784 782
usemtl 2
f 785 786 787
usemtl 2
f 788 785 787
usemtl 2
f 789 790 791
usemtl 2
f 792 789 791
usemtl 2
f 793 794 657
usemtl 2
f 793 795 794
usemtl 2
f 654 793 657
usemtl 2
f 796 795 793
usemtl 2
f 797 796 793
usemtl 2
f 798 796 797
usemtl 2
f 798 799 796
usemtl 2
f 800 801 665
usemtl 2
f 668 800 665
usemtl 2
f 802 803 804
usemtl 2
f 805 802 804
usemtl 2
f 806 807 739
usemtl 2
f 806 808 807
usemtl 2
f 737 806 739
usemtl 2
f 749 809 750
usemtl 2
f 749 810 809
usemtl 2
f 811 812 689
usemtl 2
f 735 811 689
usemtl 2
f 812 813 814
usemtl 2
f 689 812 814
usemtl 2
f 741 689 814
usemtl 2
f 803 808 806
usemtl 2
f 804 803 806
usemtl 2
f 739 815 740
usemtl 2
f 739 807 815
usemtl 2
f 816 817 818
usemtl 2
f 816 819 817
usemtl 2
f 820 821 822
usemtl 2
f 820 823 821
usemtl 2
f 824 820 822
usemtl 2
f 825 826 827
usemtl 2
f 825 828 826
usemtl 2
f 829 828 825
usemtl 2
f 829 830 828
usemtl 2
f 831 832 833
usemtl 2
f 834 831 833
usemtl 2
f 835 836 718
usemtl 2
f 711 835 718
usemtl 2
f 837 838 731
usemtl 2
f 725 837 731
usemtl 2
f 839 837 725
usemtl 2
f 839 840 837
usemtl 2
f 722 839 725
usemtl 2
f 838 841 730
usemtl 2
f 731 838 730
usemtl 2
f 842 843 723
usemtl 2
f 724 842 723
usemtl 2
f 844 845 715
usemtl 2
f 714 844 715
usemtl 2
f 846 847 848
usemtl 2
f 849 846 848
usemtl 2
f 850 851 852
usemtl 2
f 850 853 851
usemtl 2
f 854 855 852
usemtl 2
f 855 850 852
usemtl 2
f 856 844 714
usemtl 2
f 720 856 714
usemtl 2
f 857 856 720
usemtl 2
f 716 857 720
usemtl 2
f 858 857 716
usemtl 2
f 717 858 716
usemtl 2
f 859 858 717
usemtl 2
f 719 859 717
usemtl 2
f 836 859 719
usemtl 2
f 718 836 719
usemtl 2
f 860 861 862
usemtl 2
f 860 863 861
usemtl 2
f 864 865 866
usemtl 2
f 867 864 866
usemtl 2
f 866 868 869
usemtl 2
f 866 865 868
usemtl 2
f 870 871 706
usemtl 2
f 710 870 706
usemtl 2
f 871 872 873
usemtl 2
f 706 871 873
usemtl 2
f 704 706 873
usemtl 2
f 708 870 710
usemtl 2
f 708 874 870
usemtl 2
f 875 876 877
usemtl 2
f 878 875 877
usemtl 2
f 876 879 880
usemtl 2
f 877 876 880
usemtl 2
f 881 882 883
usemtl 2
f 884 881 883
usemtl 2
f 885 881 884
usemtl 2
f 886 885 884
usemtl 2
f 658 887 655
usemtl 2
f 658 888 887
usemtl 2
f 688 889 747
usemtl 2
f 688 890 889
usemtl 2
f 891 776 775
usemtl 2
f 891 892 776
usemtl 2
f 893 892 891
usemtl 2
f 893 894 892
usemtl 2
f 895 896 897
usemtl 2
f 895 898 896
usemtl 2
f 762 772 676
usemtl 2
f 677 762 676
usemtl 2
f 685 899 684
usemtl 2
f 685 900 899
usemtl 2
f 901 902 903
usemtl 2
f 901 904 902
usemtl 2
f 905 903 906
usemtl 2
f 907 905 906
usemtl 2
f 683 900 685
usemtl 2
f 908 909 900
usemtl 2
f 683 908 900
usemtl 2
f 736 806 737
usemtl 2
f 736 910 806
usemtl 2
f 911 802 805
usemtl 2
f 912 911 805
usemtl 2
f 912 811 735
usemtl 2
f 738 912 735
usemtl 2
f 913 914 915
usemtl 2
f 916 913 915
usemtl 2
f 814 917 743
usemtl 2
f 741 814 743
usemtl 2
f 918 919 914
usemtl 2
f 920 918 914
usemtl 2
f 921 922 923
usemtl 2
f 921 924 922
usemtl 2
f 925 926 646
usemtl 2
f 648 925 646
usemtl 2
f 927 928 659
usemtl 2
f 661 927 659
usemtl 2
f 899 929 682
usemtl 2
f 684 899 682
usemtl 2
f 930 931 932
usemtl 2
f 930 933 931
usemtl 2
f 934 810 749
usemtl 2
f 748 934 749
usemtl 2
f 779 935 936
usemtl 2
f 780 779 936
usemtl 2
f 937 780 936
usemtl 2
f 663 775 669
usemtl 2
f 663 780 775
usemtl 2
f 938 939 744
usemtl 2
f 734 938 744
usemtl 2
f 700 940 694
usemtl 2
f 700 941 940
usemtl 2
f 942 943 944
usemtl 2
f 945 942 944
usemtl 2
f 946 945 944
usemtl 2
f 943 947 830
usemtl 2
f 944 943 830
usemtl 2
f 829 944 830
usemtl 2
f 948 949 950
usemtl 2
f 951 948 950
usemtl 2
f 950 952 953
usemtl 2
f 950 949 952
usemtl 2
f 868 954 955
usemtl 2
f 869 868 955
usemtl 2
f 746 934 748
usemtl 2
f 746 956 934
usemtl 2
f 956 957 958
usemtl 2
f 956 959 957
usemtl 2
f 960 961 962
usemtl 2
f 963 960 962
usemtl 2
f 964 965 966
usemtl 2
f 967 964 966
usemtl 2
f 965 968 938
usemtl 2
f 966 965 938
usemtl 2
f 734 690 966
usemtl 2
f 734 966 938
usemtl 2
f 704 969 712
usemtl 2
f 704 873 969
usemtl 2
f 970 971 972
usemtl 2
f 970 973 971
usemtl 2
f 972 974 975
usemtl 2
f 972 971 974
usemtl 2
f 976 977 978
usemtl 2
f 976 979 977
usemtl 2
f 976 980 981
usemtl 2
f 982 976 981
usemtl 2
f 983 984 985
usemtl 2
f 986 983 985
usemtl 2
f 987 988 951
usemtl 2
f 988 989 948
usemtl 2
f 951 988 948
usemtl 2
f 990 988 987
usemtl 2
f 990 991 988
usemtl 2
f 992 993 846
usemtl 2
f 994 992 846
usemtl 2
f 849 994 846
usemtl 2
f 995 996 997
usemtl 2
f 998 995 997
usemtl 2
f 818 999 1000
usemtl 2
f 818 817 999
usemtl 2
f 882 1001 1002
usemtl 2
f 883 882 1002
usemtl 2
f 1003 883 1002
usemtl 2
f 1004 1005 1006
usemtl 2
f 1004 1007 1005
usemtl 2
f 682 1008 680
usemtl 2
f 929 1009 1008
usemtl 2
f 682 929 1008
usemtl 2
f 1010 1011 1012
usemtl 2
f 1010 1013 1011
usemtl 2
f 1014 894 893
usemtl 2
f 1015 1014 893
usemtl 2
f 1016 1017 1018
usemtl 2
f 1016 1019 1017
usemtl 2
f 1020 1021 1022
usemtl 2
f 1023 1020 1022
usemtl 2
f 1024 1025 1026
usemtl 2
f 1027 1024 1026
usemtl 2
f 1025 1028 1029
usemtl 2
f 1026 1025 1029
usemtl 2
f 1030 1031 1032
usemtl 2
f 1033 1030 1032
usemtl 2
f 1034 1035 1036
usemtl 2
f 1034 1037 1035
usemtl 2
f 821 1038 1039
usemtl 2
f 822 821 1039
usemtl 2
f 1040 1041 1042
usemtl 2
f 1040 1043 1041
usemtl 2
f 1044 1045 1046
usemtl 2
f 1044 1047 1045
usemtl 2
f 1048 1047 1044
usemtl 2
f 1049 1048 1044
usemtl 2
f 1050 1049 1044
usemtl 2
f 1051 1052 1053
usemtl 2
f 1051 1054 1052
usemtl 2
f 1055 1051 1053
usemtl 2
f 1056 1054 1051
usemtl 2
f 1056 1057 1054
usemtl 2
f 935 756 759
usemtl 2
f 936 935 759
usemtl 2
f 1058 1059 1060
usemtl 2
f 1058 1061 1059
usemtl 2
f 1062 904 901
usemtl 2
f 1061 1062 901
usemtl 2
f 1063 1064 1065
usemtl 2
f 1063 1066 1064
usemtl 2
f 1064 1062 1061
usemtl 2
f 1065 1064 1061
usemtl 2
f 1058 1065 1061
usemtl 2
f 1067 1068 1069
usemtl 2
f 1067 1070 1068
usemtl 2
f 1071 1072 1073
usemtl 2
f 1074 1071 1073
usemtl 2
f 1075 1074 1073
usemtl 2
f 1076 1077 1078
usemtl 2
f 1079 1076 1078
usemtl 2
f 1080 1081 1082
usemtl 2
f 1080 1083 1081
usemtl 2
f 1084 853 850
usemtl 2
f 1083 1084 850
usemtl 2
f 659 928 656
usemtl 2
f 928 1085 1086
usemtl 2
f 656 928 1086
usemtl 2
f 1087 820 824
usemtl 2
f 1088 1087 824
usemtl 2
f 1089 959 956
usemtl 2
f 745 1089 956
usemtl 2
f 746 745 956
usemtl 2
f 651 1090 652
usemtl 2
f 651 1091 1090
usemtl 2
f 652 1092 650
usemtl 2
f 652 1090 1092
usemtl 2
f 1093 1094 1095
usemtl 2
f 1093 1096 1094
usemtl 2
f 955 954 1097
usemtl 2
f 954 1098 1099
usemtl 2
f 1097 954 1099
usemtl 2
f 1100 1098 954
usemtl 2
f 1100 1101 1098
usemtl 2
f 730 1102 727
usemtl 2
f 730 841 1102
usemtl 2
f 1103 985 1104
usemtl 2
f 1105 1103 1104
usemtl 2
f 1106 1105 1104
usemtl 2
f 1107 1108 1109
usemtl 2
f 732 1107 1109
usemtl 2
f 729 732 1109
usemtl 2
f 1109 1039 699
usemtl 2
f 729 1109 699
usemtl 2
f 699 1039 733
usemtl 2
f 1039 1038 1110
usemtl 2
f 733 1039 1110
usemtl 2
f 1111 1112 1113
usemtl 2
f 1114 1111 1113
usemtl 2
f 1115 1116 1117
usemtl 2
f 1118 1115 1117
usemtl 2
f 1119 1120 1121
usemtl 2
f 1120 1122 1117
usemtl 2
f 1121 1120 1117
usemtl 2
f 832 1097 1123
usemtl 2
f 833 832 1123
usemtl 2
f 1124 1125 1126
usemtl 2
f 1127 1124 1126
usemtl 2
f 1128 1127 1126
usemtl 2
f 1129 1130 1131
usemtl 2
f 1132 1129 1131
usemtl 2
f 1133 1134 1132
usemtl 2
f 1133 1132 1131
usemtl 2
f 1135 1136 1137
usemtl 2
f 1138 1135 1137
usemtl 2
f 1139 1138 1137
usemtl 2
f 1036 1035 1140
usemtl 2
f 1035 1141 1142
usemtl 2
f 1140 1035 1142
usemtl 2
f 1142 979 976
usemtl 2
f 1140 1142 976
usemtl 2
f 982 1140 976
usemtl 2
f 1143 1144 1145
usemtl 2
f 1146 1143 1145
usemtl 2
f 1007 1143 1146
usemtl 2
f 1007 1147 1143
usemtl 2
f 1148 1149 1150
usemtl 2
f 1151 1148 1150
usemtl 2
f 1152 1151 1150
usemtl 2
f 1150 1153 1154
usemtl 2
f 1152 1150 1154
usemtl 2
f 727 1155 728
usemtl 2
f 727 1102 1155
usemtl 2
f 1121 1117 1155
usemtl 2
f 1117 1116 1156
usemtl 2
f 1155 1117 1156
usemtl 2
f 1157 1158 1159
usemtl 2
f 1160 1157 1159
usemtl 2
f 1112 1161 1162
usemtl 2
f 1113 1112 1162
usemtl 2
f 1163 1164 1165
usemtl 2
f 1163 1166 1164
usemtl 2
f 1165 1167 1168
usemtl 2
f 1165 1164 1167
usemtl 2
f 1169 1170 1171
usemtl 2
f 1172 1169 1171
usemtl 2
f 961 1169 1172
usemtl 2
f 962 961 1172
usemtl 2
f 848 1173 1174
usemtl 2
f 848 847 1173
usemtl 2
f 1130 864 867
usemtl 2
f 1131 1130 867
usemtl 2
f 1175 1131 867
usemtl 2
f 752 1176 755
usemtl 2
f 752 921 1176
usemtl 2
f 787 1177 1178
usemtl 2
f 787 786 1177
usemtl 2
f 1179 942 945
usemtl 2
f 1180 1179 945
usemtl 2
f 1181 1182 1183
usemtl 2
f 1181 1141 1035
usemtl 2
f 1184 1185 1186
usemtl 2
f 1184 1187 1185
usemtl 2
f 1188 1111 1114
usemtl 2
f 1189 1188 1114
usemtl 2
f 1190 1191 1188
usemtl 2
f 1192 1190 1188
usemtl 2
f 1189 1192 1188
usemtl 2
f 1193 1194 1195
usemtl 2
f 1193 1196 1194
usemtl 2
f 1197 1187 1184
usemtl 2
f 1198 1197 1184
usemtl 2
f 910 1179 1180
usemtl 2
f 910 1199 1179
usemtl 2
f 1011 1200 1201
usemtl 2
f 1012 1011 1201
usemtl 2
f 1202 1012 1201
usemtl 2
f 1203 766 763
usemtl 2
f 1203 1204 766
usemtl 2
f 1205 763 767
usemtl 2
f 1205 1206 763
usemtl 2
f 1207 1208 696
usemtl 2
f 1207 1209 1208
usemtl 2
f 695 1207 696
usemtl 2
f 1208 1210 698
usemtl 2
f 696 1208 698
usemtl 2
f 1167 1190 1192
usemtl 2
f 1168 1167 1192
usemtl 2
f 1211 1212 1089
usemtl 2
f 691 1211 1089
usemtl 2
f 745 691 1089
usemtl 2
f 1089 1213 1214
usemtl 2
f 1089 1212 1213
usemtl 2
f 1188 1196 1193
usemtl 2
f 1188 1191 1196
usemtl 2
f 1215 1216 753
usemtl 2
f 1215 1217 1216
usemtl 2
f 751 1215 753
usemtl 2
f 750 1215 751
usemtl 2
f 750 809 1215
usemtl 2
f 1218 1219 1220
usemtl 2
f 1218 1221 1219
usemtl 2
f 1222 1223 1224
usemtl 2
f 1222 1225 1223
usemtl 2
f 1226 923 1227
usemtl 2
f 923 922 1228
usemtl 2
f 1227 923 1228
usemtl 2
f 733 941 700
usemtl 2
f 733 1110 941
usemtl 2
f 1159 1229 1230
usemtl 2
f 1159 1158 1229
usemtl 2
f 1231 1232 1233
usemtl 2
f 1234 1231 1233
usemtl 2
f 1235 1236 1237
usemtl 2
f 1235 1238 1236
usemtl 2
f 1239 1240 890
usemtl 2
f 1241 1239 890
usemtl 2
f 688 687 890
usemtl 2
f 687 1241 890
usemtl 2
f 890 1238 1235
usemtl 2
f 890 1240 1238
usemtl 2
f 1200 1242 1243
usemtl 2
f 1201 1200 1243
usemtl 2
f 1244 1245 1246
usemtl 2
f 1247 1244 1246
usemtl 2
f 1216 924 921
usemtl 2
f 753 1216 921
usemtl 2
f 752 753 921
usemtl 2
f 1248 831 834
usemtl 2
f 1249 1248 834
usemtl 2
f 958 1227 1250
usemtl 2
f 958 957 1227
usemtl 2
f 1251 1252 1070
usemtl 2
f 1251 1253 1252
usemtl 2
f 1067 1254 1070
usemtl 2
f 1254 1251 1070
usemtl 2
f 1227 1217 1215
usemtl 2
f 1227 1228 1217
usemtl 2
f 1250 1227 1215
usemtl 2
f 1255 793 654
usemtl 2
f 649 1255 654
usemtl 2
f 926 1256 653
usemtl 2
f 926 1257 1256
usemtl 2
f 646 926 653
usemtl 2
f 1255 1258 1259
usemtl 2
f 1255 1260 1258
usemtl 2
f 1256 1260 1255
usemtl 2
f 653 1256 1255
usemtl 2
f 649 653 1255
usemtl 2
f 1261 1262 1263
usemtl 2
f 1264 1261 1263
usemtl 2
f 1263 1262 1265
usemtl 2
f 1262 1266 1267
usemtl 2
f 1265 1262 1267
usemtl 2
f 1259 1257 926
usemtl 2
f 1259 1258 1257
usemtl 2
f 1162 1261 1264
usemtl 2
f 1162 1161 1261
usemtl 2
f 783 789 792
usemtl 2
f 783 782 789
usemtl 2
f 1177 923 1226
usemtl 2
f 1178 1177 1226
usemtl 2
f 1268 1269 1270
usemtl 2
f 1268 1271 1269
usemtl 2
f 1272 1270 1273
usemtl 2
f 1274 1272 1273
usemtl 2
f 1273 1270 1275
usemtl 2
f 1270 1269 1276
usemtl 2
f 1275 1270 1276
usemtl 2
f 1277 1275 1278
usemtl 2
f 1279 1277 1278
usemtl 2
f 1203 1207 695
usemtl 2
f 693 1203 695
usemtl 2
f 1280 1281 1282
usemtl 2
f 1283 1280 1282
usemtl 2
f 1284 1204 1203
usemtl 2
f 697 1284 1203
usemtl 2
f 693 697 1203
usemtl 2
f 1285 1286 1287
usemtl 2
f 1288 1285 1287
usemtl 2
f 1223 1289 1290
usemtl 2
f 1224 1223 1290
usemtl 2
f 1290 1291 1292
usemtl 2
f 1290 1289 1291
usemtl 2
f 1293 1294 1295
usemtl 2
f 1296 1293 1295
usemtl 2
f 1279 1293 1296
usemtl 2
f 1297 1279 1296
usemtl 2
f 1298 960 963
usemtl 2
f 1299 1298 963
usemtl 2
f 1300 1301 1294
usemtl 2
f 1300 1302 1301
usemtl 2
f 1303 1304 1305
usemtl 2
f 1304 1306 1307
usemtl 2
f 1305 1304 1307
usemtl 2
f 880 1308 1309
usemtl 2
f 880 879 1308
usemtl 2
f 1310 1311 1312
usemtl 2
f 1313 1310 1312
usemtl 2
f 1068 1314 973
usemtl 2
f 1069 1068 973
usemtl 2
f 970 1069 973
usemtl 2
f 1314 1043 1040
usemtl 2
f 973 1314 1040
usemtl 2
f 975 974 1079
usemtl 2
f 974 1315 1076
usemtl 2
f 1079 974 1076
usemtl 2
f 1042 1315 974
usemtl 2
f 1042 1041 1315
usemtl 2
f 1281 1019 1016
usemtl 2
f 1282 1281 1016
usemtl 2
f 1316 1013 1010
usemtl 2
f 940 1316 1010
usemtl 2
f 692 694 1010
usemtl 2
f 694 940 1010
usemtl 2
f 1242 1317 1245
usemtl 2
f 1243 1242 1245
usemtl 2
f 1246 1245 1318
usemtl 2
f 1245 1317 1319
usemtl 2
f 1318 1245 1319
usemtl 2
f 1319 1316 940
usemtl 2
f 1318 1319 940
usemtl 2
f 887 1320 660
usemtl 2
f 655 887 660
usemtl 2
f 1321 1085 928
usemtl 2
f 1322 1321 928
usemtl 2
f 757 1321 1322
usemtl 2
f 1323 1324 1321
usemtl 2
f 758 757 1322
usemtl 2
f 757 1323 1321
usemtl 2
f 1325 1323 757
usemtl 2
f 1325 1326 1323
usemtl 2
f 1327 1326 1325
usemtl 2
f 1328 1327 1325
usemtl 2
f 1063 1329 662
usemtl 2
f 678 1063 662
usemtl 2
f 1329 927 661
usemtl 2
f 662 1329 661
usemtl 2
f 1265 1330 1331
usemtl 2
f 1265 1267 1330
usemtl 2
f 1332 1333 1334
usemtl 2
f 1335 1332 1334
usemtl 2
f 1336 1225 1222
usemtl 2
f 1337 1336 1222
usemtl 2
f 1274 1336 1337
usemtl 2
f 1338 1274 1337
usemtl 2
f 1339 1272 1274
usemtl 2
f 1340 1339 1274
usemtl 2
f 1338 1340 1274
usemtl 2
f 1341 1306 1304
usemtl 2
f 1341 1342 1306
usemtl 2
f 1128 1342 1341
usemtl 2
f 1128 1126 1342
usemtl 2
f 1343 1344 1345
usemtl 2
f 1346 1343 1345
usemtl 2
f 1347 1343 1346
usemtl 2
f 1347 1348 1343
usemtl 2
f 1349 799 798
usemtl 2
f 888 1349 798
usemtl 2
f 1350 888 798
usemtl 2
f 794 1349 888
usemtl 2
f 657 794 888
usemtl 2
f 658 657 888
usemtl 2
f 854 1351 1352
usemtl 2
f 854 852 1351
usemtl 2
f 1353 1354 1355
usemtl 2
f 1356 1353 1355
usemtl 2
f 1086 1353 1356
usemtl 2
f 656 1086 1356
usemtl 2
f 686 656 1356
usemtl 2
f 1357 1358 1359
usemtl 2
f 1360 1357 1359
usemtl 2
f 1361 1360 1359
usemtl 2
f 1359 1183 1362
usemtl 2
f 1361 1359 1362
usemtl 2
f 707 874 708
usemtl 2
f 707 816 874
usemtl 2
f 944 1197 1198
usemtl 2
f 946 944 1198
usemtl 2
f 1082 1332 1335
usemtl 2
f 1082 1081 1332
usemtl 2
f 1363 1266 1262
usemtl 2
f 1364 1363 1262
usemtl 2
f 1365 1084 1083
usemtl 2
f 1365 1366 1084
usemtl 2
f 1080 1367 1083
usemtl 2
f 1367 1365 1083
usemtl 2
f 1368 1369 1370
usemtl 2
f 1368 1371 1369
usemtl 2
f 1369 1372 1373
usemtl 2
f 1370 1369 1373
usemtl 2
f 1374 1370 1373
usemtl 2
f 1109 1375 1376
usemtl 2
f 1109 1108 1375
usemtl 2
f 1150 1230 1377
usemtl 2
f 1150 1149 1230
usemtl 2
f 1378 933 930
usemtl 2
f 1378 1379 933
usemtl 2
f 1377 1230 1378
usemtl 2
f 1230 1229 1379
usemtl 2
f 1378 1230 1379
usemtl 2
f 1330 1239 1241
usemtl 2
f 1331 1330 1241
usemtl 2
f 1380 1381 1382
usemtl 2
f 1383 1380 1382
usemtl 2
f 1384 1030 1033
usemtl 2
f 1385 1384 1033
usemtl 2
f 1077 1310 1313
usemtl 2
f 1078 1077 1313
usemtl 2
f 1194 1071 1074
usemtl 2
f 1195 1194 1074
usemtl 2
f 947 1386 1387
usemtl 2
f 830 947 1387
usemtl 2
f 1386 1209 1207
usemtl 2
f 1387 1386 1207
usemtl 2
f 1305 1339 1340
usemtl 2
f 1305 1307 1339
usemtl 2
f 1388 1304 1303
usemtl 2
f 1389 1388 1303
usemtl 2
f 1390 1391 1308
usemtl 2
f 1139 1137 1391
usemtl 2
f 1390 1139 1391
usemtl 2
f 1137 1124 1127
usemtl 2
f 1137 1136 1124
usemtl 2
f 977 1135 1138
usemtl 2
f 977 1392 1135
usemtl 2
f 978 977 1138
usemtl 2
f 1106 1393 1394
usemtl 2
f 1106 1104 1393
usemtl 2
f 985 1395 1396
usemtl 2
f 985 984 1395
usemtl 2
f 1104 985 1396
usemtl 2
f 1397 1398 1399
usemtl 2
f 1397 1400 1398
usemtl 2
f 1096 1401 1402
usemtl 2
f 1096 1403 1401
usemtl 2
f 1095 1404 1405
usemtl 2
f 1095 1094 1404
usemtl 2
f 1404 1402 1406
usemtl 2
f 1405 1404 1406
usemtl 2
f 1407 1408 1409
usemtl 2
f 1410 1407 1409
usemtl 2
f 1411 1410 1409
usemtl 2
f 1412 1407 1410
usemtl 2
f 1412 1413 1407
usemtl 2
f 1414 1412 1410
usemtl 2
f 1000 1129 1132
usemtl 2
f 1000 999 1129
usemtl 2
f 1210 1415 1416
usemtl 2
f 1210 1417 1415
usemtl 2
f 726 698 1416
usemtl 2
f 698 1210 1416
usemtl 2
f 1416 1418 709
usemtl 2
f 726 1416 709
usemtl 2
f 1415 1419 1420
usemtl 2
f 1416 1415 1420
usemtl 2
f 1421 1416 1420
usemtl 2
f 1422 1423 1418
usemtl 2
f 1422 1424 1423
usemtl 2
f 1425 1422 1418
usemtl 2
f 1426 1424 1422
usemtl 2
f 1426 1427 1424
usemtl 2
f 1105 1422 1425
usemtl 2
f 1428 1105 1425
usemtl 2
f 1394 1427 1426
usemtl 2
f 1394 1393 1427
usemtl 2
f 1429 1430 1431
usemtl 2
f 1429 1432 1430
usemtl 2
f 1433 1432 1429
usemtl 2
f 1434 1433 1429
usemtl 2
f 1435 1436 1437
usemtl 2
f 1438 1435 1437
usemtl 2
f 1430 1435 1438
usemtl 2
f 1431 1430 1438
usemtl 2
f 1028 1433 1434
usemtl 2
f 1029 1028 1434
usemtl 2
f 1408 1024 1027
usemtl 2
f 1409 1408 1027
usemtl 2
f 861 1400 1397
usemtl 2
f 862 861 1397
usemtl 2
f 969 835 711
usemtl 2
f 712 969 711
usemtl 2
f 1420 1439 1440
usemtl 2
f 1421 1420 1440
usemtl 2
f 1439 1103 1105
usemtl 2
f 1440 1439 1105
usemtl 2
f 1428 1440 1105
usemtl 2
f 1441 1147 1007
usemtl 2
f 1442 1441 1007
usemtl 2
f 1004 1442 1007
usemtl 2
f 1443 1441 1442
usemtl 2
f 1444 1443 1442
usemtl 2
f 1445 1443 1444
usemtl 2
f 1445 1446 1443
usemtl 2
f 1402 1446 1445
usemtl 2
f 1402 1401 1446
usemtl 2
f 1406 1402 1445
usemtl 2
f 1447 1448 1449
usemtl 2
f 1450 1447 1449
usemtl 2
f 1003 1413 1412
usemtl 2
f 1003 1002 1413
usemtl 2
f 1409 1403 1096
usemtl 2
f 1411 1409 1096
usemtl 2
f 1093 1411 1096
usemtl 2
f 1354 1451 1452
usemtl 2
f 1355 1354 1452
usemtl 2
f 1453 1139 1390
usemtl 2
f 1454 1453 1390
usemtl 2
f 1309 1455 1456
usemtl 2
f 1308 1391 1455
usemtl 2
f 1309 1308 1455
usemtl 2
f 1456 1348 1347
usemtl 2
f 1456 1455 1348
usemtl 2
f 742 1211 691
usemtl 2
f 742 1457 1211
usemtl 2
f 650 1457 742
usemtl 2
f 650 1092 1457
usemtl 2
f 744 1091 651
usemtl 2
f 744 939 1091
usemtl 2
f 1133 840 839
usemtl 2
f 1133 1131 840
usemtl 2
f 1213 1458 1459
usemtl 2
f 1214 1213 1459
usemtl 2
f 1459 1384 1385
usemtl 2
f 1459 1458 1384
usemtl 2
f 1460 1461 1462
usemtl 2
f 1463 1460 1462
usemtl 2
f 1464 1460 1463
usemtl 2
f 1464 1465 1460
usemtl 2
f 1320 800 668
usemtl 2
f 660 1320 668
usemtl 2
f 1418 1466 705
usemtl 2
f 1418 1423 1466
usemtl 2
f 709 1418 705
usemtl 2
f 1437 1467 1468
usemtl 2
f 1437 1436 1467
usemtl 2
f 1469 1470 1466
usemtl 2
f 1471 1469 1466
usemtl 2
f 1449 1412 1414
usemtl 2
f 1449 1448 1412
usemtl 2
f 872 1132 1134
usemtl 2
f 873 872 1134
usemtl 2
f 1333 850 855
usemtl 2
f 1334 1333 855
usemtl 2
f 1001 1101 1100
usemtl 2
f 1002 1001 1100
usemtl 2
f 1472 839 722
usemtl 2
f 721 1472 722
usemtl 2
f 843 1472 721
usemtl 2
f 723 843 721
usemtl 2
f 769 898 895
usemtl 2
f 769 768 898
usemtl 2
f 897 1473 1474
usemtl 2
f 897 896 1473
usemtl 2
f 1185 1474 1475
usemtl 2
f 1186 1185 1475
usemtl 2
f 1476 1060 907
usemtl 2
f 1060 1059 905
usemtl 2
f 907 1060 905
usemtl 2
f 1477 1478 664
usemtl 2
f 670 1477 664
usemtl 2
f 906 903 1478
usemtl 2
f 903 902 1479
usemtl 2
f 1478 903 1479
usemtl 2
f 664 1478 679
usemtl 2
f 1478 1479 1480
usemtl 2
f 679 1478 1480
usemtl 2
f 1015 1477 670
usemtl 2
f 672 1015 670
usemtl 2
f 679 1481 681
usemtl 2
f 679 1480 1481
usemtl 2
f 889 1284 697
usemtl 2
f 889 1482 1284
usemtl 2
f 747 889 697
usemtl 2
f 1052 1482 889
usemtl 2
f 1053 1052 889
usemtl 2
f 1398 1483 1484
usemtl 2
f 1399 1398 1484
usemtl 2
f 1483 1447 1450
usemtl 2
f 1484 1483 1450
usemtl 2
f 1485 1486 1487
usemtl 2
f 1488 1485 1487
usemtl 2
f 1486 875 878
usemtl 2
f 1487 1486 878
usemtl 2
f 1286 1485 1488
usemtl 2
f 1287 1286 1488
usemtl 2
f 1489 1490 1491
usemtl 2
f 1489 1145 1144
usemtl 2
f 1492 1493 1494
usemtl 2
f 1492 1495 1493
usemtl 2
f 1496 1495 1492
usemtl 2
f 1496 1497 1495
usemtl 2
f 1075 1498 1499
usemtl 2
f 1075 1073 1498
usemtl 2
f 1498 1500 1501
usemtl 2
f 1499 1498 1501
usemtl 2
f 1502 1363 1364
usemtl 2
f 1502 1503 1363
usemtl 2
f 1504 1502 1364
usemtl 2
f 1044 1051 1055
usemtl 2
f 1050 1044 1055
usemtl 2
f 1501 1505 1506
usemtl 2
f 1501 1500 1505
usemtl 2
f 1507 1508 1509
usemtl 2
f 1510 1507 1509
usemtl 2
f 1508 1511 1512
usemtl 2
f 1509 1508 1512
usemtl 2
f 1513 1115 1118
usemtl 2
f 1513 1514 1115
usemtl 2
f 1359 1417 1210
usemtl 2
f 1359 1358 1417
usemtl 2
f 1362 1183 1515
usemtl 2
f 1183 1182 1516
usemtl 2
f 1515 1183 1516
usemtl 2
f 1515 1516 986
usemtl 2
f 1516 1517 983
usemtl 2
f 986 1516 983
usemtl 2
f 1518 1324 1323
usemtl 2
f 1519 1518 1323
usemtl 2
f 790 784 781
usemtl 2
f 791 790 781
usemtl 2
f 1452 1518 1519
usemtl 2
f 1452 1451 1518
usemtl 2
f 1356 1241 687
usemtl 2
f 686 1356 687
usemtl 2
f 1520 1521 1522
usemtl 2
f 1523 1520 1522
usemtl 2
f 1524 1253 1251
usemtl 2
f 1525 1524 1251
usemtl 2
f 1521 1020 1023
usemtl 2
f 1522 1521 1023
usemtl 2
f 1526 1527 1528
usemtl 2
f 1526 1529 1527
usemtl 2
f 1530 1526 1528
usemtl 2
f 1252 1529 1526
usemtl 2
f 1070 1252 1526
usemtl 2
f 1531 1520 1523
usemtl 2
f 1531 1525 1520
usemtl 2
f 1311 1526 1530
usemtl 2
f 1312 1311 1530
usemtl 2
f 851 1366 1365
usemtl 2
f 852 851 1365
usemtl 2
f 1532 1365 1367
usemtl 2
f 1533 1532 1367
usemtl 2
f 1466 819 816
usemtl 2
f 1466 1470 819
usemtl 2
f 707 705 816
usemtl 2
f 705 1466 816
usemtl 2
f 1468 1469 1471
usemtl 2
f 1468 1467 1469
usemtl 2
f 1534 1380 1383
usemtl 2
f 1535 1534 1383
usemtl 2
f 1481 908 683
usemtl 2
f 681 1481 683
usemtl 2
f 1536 1009 929
usemtl 2
f 1536 909 908
usemtl 2
f 1008 1066 1063
usemtl 2
f 680 1008 1063
usemtl 2
f 678 680 1063
usemtl 2
f 1537 1285 1288
usemtl 2
f 1538 1537 1288
usemtl 2
f 1539 1231 1234
usemtl 2
f 1540 1539 1234
usemtl 2
f 1173 1537 1538
usemtl 2
f 1174 1173 1538
usemtl 2
f 1170 1157 1160
usemtl 2
f 1171 1170 1160
usemtl 2
f 1541 1171 1160
usemtl 2
f 1160 1514 1513
usemtl 2
f 1541 1160 1513
usemtl 2
f 1276 1507 1510
usemtl 2
f 1275 1276 1510
usemtl 2
f 1542 1278 1275
usemtl 2
f 1542 1275 1510
usemtl 2
f 815 911 912
usemtl 2
f 740 815 912
usemtl 2
f 738 740 912
usemtl 2
f 938 1543 1544
usemtl 2
f 938 968 1543
usemtl 2
f 1201 1545 1546
usemtl 2
f 1202 1201 1546
usemtl 2
f 1546 1547 1548
usemtl 2
f 1546 1545 1547
usemtl 2
f 1547 1244 1247
usemtl 2
f 1548 1547 1247
usemtl 2
f 1510 1549 1550
usemtl 2
f 1542 1510 1550
usemtl 2
f 1010 1199 910
usemtl 2
f 692 1010 910
usemtl 2
f 736 692 910
usemtl 2
f 1294 1539 1540
usemtl 2
f 1294 1301 1539
usemtl 2
f 1295 1294 1540
usemtl 2
f 1551 1302 1300
usemtl 2
f 1551 1552 1302
usemtl 2
f 1553 1298 1299
usemtl 2
f 1552 1553 1299
usemtl 2
f 1126 1392 977
usemtl 2
f 1126 1125 1392
usemtl 2
f 1345 1465 1464
usemtl 2
f 1345 1344 1465
usemtl 2
f 1291 1277 1279
usemtl 2
f 1292 1291 1279
usemtl 2
f 1297 1292 1279
usemtl 2
f 801 778 666
usemtl 2
f 665 801 666
usemtl 2
f 952 1553 1552
usemtl 2
f 953 952 1552
usemtl 2
f 1551 953 1552
usemtl 2
f 1381 1532 1533
usemtl 2
f 1382 1381 1533
usemtl 2
f 1233 1554 1555
usemtl 2
f 1233 1232 1554
usemtl 2
f 1556 1557 1558
usemtl 2
f 1559 1556 1558
usemtl 2
f 1420 1357 1360
usemtl 2
f 1420 1419 1357
usemtl 2
f 1395 1560 1491
usemtl 2
f 1396 1395 1491
usemtl 2
f 1490 1396 1491
usemtl 2
f 813 1221 1218
usemtl 2
f 814 813 1218
usemtl 2
f 1220 913 916
usemtl 2
f 1220 1219 913
usemtl 2
f 1561 1371 1368
usemtl 2
f 1561 1562 1371
usemtl 2
f 1563 1087 1088
usemtl 2
f 1563 1564 1087
usemtl 2
f 1557 1564 1563
usemtl 2
f 1558 1557 1563
usemtl 2
f 1565 1566 1567
usemtl 2
f 1565 1568 1566
usemtl 2
f 1550 1556 1559
usemtl 2
f 1550 1549 1556
usemtl 2
f 1569 1570 1559
usemtl 2
f 1570 1550 1559
usemtl 2
f 1571 1550 1570
usemtl 2
f 1571 1572 1550
usemtl 2
f 1021 1251 1254
usemtl 2
f 1022 1021 1254
usemtl 2
f 1527 1524 1525
usemtl 2
f 1528 1527 1525
usemtl 2
f 1531 1528 1525
usemtl 2
f 1573 1376 1561
usemtl 2
f 1376 1375 1562
usemtl 2
f 1561 1376 1562
usemtl 2
f 996 1574 1575
usemtl 2
f 997 996 1575
usemtl 2
f 1574 1376 1573
usemtl 2
f 1575 1574 1573
usemtl 2
f 1576 1577 1578
usemtl 2
f 1579 1576 1578
usemtl 2
f 1580 1579 1578
usemtl 2
f 1578 1581 1582
usemtl 2
f 1580 1578 1582
usemtl 2
f 1582 1572 1571
usemtl 2
f 1582 1581 1572
usemtl 2
f 1577 991 990
usemtl 2
f 1578 1577 990
usemtl 2
f 932 989 988
usemtl 2
f 932 931 989
usemtl 2
f 1583 964 967
usemtl 2
f 1584 1583 967
usemtl 2
f 914 1585 1586
usemtl 2
f 914 919 1585
usemtl 2
f 915 914 1586
usemtl 2
f 1585 1583 1584
usemtl 2
f 1586 1585 1584
usemtl 2
f 1587 918 920
usemtl 2
f 1587 1588 918
usemtl 2
f 1589 1544 1587
usemtl 2
f 1544 1543 1588
usemtl 2
f 1587 1544 1588
usemtl 2
f 995 1590 1566
usemtl 2
f 1153 1591 1590
usemtl 2
f 1154 1153 1590
usemtl 2
f 1018 1280 1283
usemtl 2
f 1018 1017 1280
usemtl 2
f 1475 1474 1163
usemtl 2
f 1474 1473 1166
usemtl 2
f 1163 1474 1166
usemtl 2
f 827 1206 1205
usemtl 2
f 827 826 1206
usemtl 2
f 1592 1534 1535
usemtl 2
f 1592 1593 1534
usemtl 2
f 1594 1593 1592
usemtl 2
f 1595 1594 1592
usemtl 2
f 1351 1594 1595
usemtl 2
f 1352 1351 1595
usemtl 2
f 846 1122 1120
usemtl 2
f 846 993 1122
usemtl 2
f 1554 992 994
usemtl 2
f 1555 1554 994
usemtl 2
f 1596 1120 1119
usemtl 2
f 1596 1597 1120
usemtl 2
f 1598 1597 1596
usemtl 2
f 1598 1249 1597
usemtl 2
f 1350 1327 1328
usemtl 2
f 1350 798 1327
usemtl 2
f 867 1248 1249
usemtl 2
f 1175 867 1249
usemtl 2
f 1598 1175 1249
usemtl 2
f 1373 1148 1151
usemtl 2
f 1373 1372 1148
usemtl 2
f 1559 1568 1565
usemtl 2
f 1569 1559 1565
usemtl 2
f 1373 995 998
usemtl 2
f 1374 1373 998
usemtl 2
f 1567 1566 1579
usemtl 2
f 1590 1591 1576
usemtl 2
f 1579 1566 1576
usemtl 2
f 1566 1590 1576
usemtl 2
f 937 1060 1476
usemtl 2
f 937 936 1060
usemtl 2
f 1599 1600 1601
usemtl 2
f 1602 1599 1601
usemtl 2
f 1600 1037 1034
usemtl 2
f 1601 1600 1034
usemtl 2
f 1603 1604 1605
usemtl 2
f 1606 1603 1605
usemtl 2
f 1494 1603 1606
usemtl 2
f 1494 1493 1603
usemtl 2
f 1605 1599 1602
usemtl 2
f 1605 1604 1599
usemtl 2
f 1005 1497 1496
usemtl 2
f 1006 1005 1496
usemtl 2
f 1560 1517 1516
usemtl 2
f 1491 1560 1516
usemtl 2
f 1045 1503 1502
usemtl 2
f 1046 1045 1502
usemtl 2
f 1506 1502 1504
usemtl 2
f 1506 1505 1502
usemtl 2
f 1236 1048 1049
usemtl 2
f 1237 1236 1049
usemtl 2
f 1607 1453 1454
usemtl 2
f 1607 1608 1453
usemtl 2
f 1097 885 886
usemtl 2
f 1097 1099 885
usemtl 2
f 1609 1123 1097
usemtl 2
f 1609 1097 886
usemtl 2
f 886 1608 1607
usemtl 2
f 1609 886 1607
usemtl 2
f 980 863 860
usemtl 2
f 981 980 860
usemtl 2
f 770 1014 1015
usemtl 2
f 674 770 1015
usemtl 2
f 672 674 1015
usemtl 2
f 1031 1544 1589
usemtl 2
f 1032 1031 1589
usemtl 2
f 917 966 690
usemtl 2
f 743 917 690
usemtl 2
f 1072 1610 1611
usemtl 2
f 1073 1072 1611
usemtl 2
f 1610 1057 1056
usemtl 2
f 1611 1610 1056
usemtl 2
f 1612 1388 1389
usemtl 2
f 1613 1612 1389
usemtl 2
f 1462 1612 1613
usemtl 2
f 1462 1461 1612
usemtl 2
f 1614 1615 1616
usemtl 2
f 1614 1617 1615
usemtl 2
f 1618 1619 1620
usemtl 2
f 1617 1618 1620
usemtl 2
f 1620 1271 1268
usemtl 2
f 1620 1619 1271
usemtl 2
f 1615 823 820
usemtl 2
f 1616 1615 820
usemtl 2
f 1511 1618 1617
usemtl 2
f 1512 1511 1617
usemtl 2
f 1614 1512 1617
usemtl 2
f 1176 785 788
usemtl 2
f 755 1176 788
usemtl 2
f 754 755 788
usemtl 2
f 788 1621 647
usemtl 2
f 754 788 647
usemtl 2
f 1621 925 648
usemtl 2
f 647 1621 648
usemtl 2
f 1155 1107 732
usemtl 2
f 1155 1156 1107
usemtl 2
f 728 1155 732
usemtl 2
f 845 1622 702
usemtl 2
f 715 845 702
usemtl 2
f 1622 1623 703
usemtl 2
f 702 1622 703
usemtl 2
f 1623 1624 701
usemtl 2
f 703 1623 701
usemtl 2
f 1624 1625 713
usemtl 2
f 701 1624 713
usemtl 2
f 1625 842 724
usemtl 2
f 713 1625 724
usemtl 1
f 761 772 762
usemtl 1
f 761 771 772
usemtl 1
f 809 1250 1215
usemtl 1
f 956 958 934
usemtl 1
f 934 958 1250
usemtl 1
f 809 934 1250
usemtl 1
f 809 810 934
usemtl 1
f 922 1217 1228
usemtl 1
f 924 1216 1217
usemtl 1
f 922 924 1217
usemtl 1
f 1256 1257 1258
usemtl 1
f 1260 1256 1258
usemtl 1
f 971 973 974
usemtl 1
f 973 1040 1042
usemtl 1
f 974 973 1042
usemtl 1
f 1317 1316 1319
usemtl 1
f 1242 1013 1316
usemtl 1
f 1317 1242 1316
usemtl 1
f 1200 1011 1242
usemtl 1
f 1011 1013 1242
usemtl 1
f 799 1349 794
usemtl 1
f 796 799 795
usemtl 1
f 795 799 794
usemtl 1
f 1094 1402 1404
usemtl 1
f 1094 1096 1402
usemtl 1
f 1105 1394 1426
usemtl 1
f 1105 1106 1394
usemtl 1
f 1422 1105 1426
usemtl 1
f 1421 1440 1428
usemtl 1
f 1425 1421 1428
usemtl 1
f 1425 1418 1421
usemtl 1
f 1418 1416 1421
usemtl 1
f 871 1132 872
usemtl 1
f 870 874 871
usemtl 1
f 871 1000 1132
usemtl 1
f 874 1000 871
usemtl 1
f 816 1000 874
usemtl 1
f 818 1000 816
usemtl 1
f 1332 1081 1333
usemtl 1
f 1081 1083 850
usemtl 1
f 1333 1081 850
usemtl 1
f 767 769 895
usemtl 1
f 897 1185 1197
usemtl 1
f 1187 1197 1185
usemtl 1
f 767 765 769
usemtl 1
f 1205 767 895
usemtl 1
f 1205 895 827
usemtl 1
f 895 897 944
usemtl 1
f 1474 1185 897
usemtl 1
f 944 897 1197
usemtl 1
f 827 895 944
usemtl 1
f 827 944 829
usemtl 1
f 827 829 825
usemtl 1
f 901 905 1059
usemtl 1
f 901 903 905
usemtl 1
f 1061 901 1059
usemtl 1
f 907 937 1476
usemtl 1
f 1477 1015 893
usemtl 1
f 907 780 937
usemtl 1
f 1478 1477 906
usemtl 1
f 1477 907 906
usemtl 1
f 1477 893 891
usemtl 1
f 1477 891 907
usemtl 1
f 891 780 907
usemtl 1
f 775 780 891
usemtl 1
f 1417 1357 1415
usemtl 1
f 1415 1357 1419
usemtl 1
f 1358 1357 1417
usemtl 1
f 789 784 790
usemtl 1
f 789 782 784
usemtl 1
f 1324 1518 1451
usemtl 1
f 1354 1353 1086
usemtl 1
f 1321 1086 1085
usemtl 1
f 1451 1354 1086
usemtl 1
f 1451 1321 1324
usemtl 1
f 1451 1086 1321
usemtl 1
f 1070 1526 1311
usemtl 1
f 1041 1076 1315
usemtl 1
f 1310 1070 1311
usemtl 1
f 1043 1314 1068
usemtl 1
f 1068 1070 1310
usemtl 1
f 1077 1041 1043
usemtl 1
f 1077 1076 1041
usemtl 1
f 1077 1043 1310
usemtl 1
f 1310 1043 1068
usemtl 1
f 1084 1366 851
usemtl 1
f 853 1084 851
usemtl 1
f 1436 1435 1467
usemtl 1
f 1430 1433 1028
usemtl 1
f 1407 1129 1024
usemtl 1
f 1467 1435 1469
usemtl 1
f 1435 1430 1469
usemtl 1
f 1432 1433 1430
usemtl 1
f 1028 1025 1024
usemtl 1
f 1430 1028 1469
usemtl 1
f 817 1024 1129
usemtl 1
f 1413 1002 1130
usemtl 1
f 1028 1024 1469
usemtl 1
f 868 1100 954
usemtl 1
f 1024 1408 1407
usemtl 1
f 999 817 1129
usemtl 1
f 868 1002 1100
usemtl 1
f 1130 1002 868
usemtl 1
f 1130 868 864
usemtl 1
f 865 864 868
usemtl 1
f 1413 1130 1407
usemtl 1
f 1130 1129 1407
usemtl 1
f 1469 817 819
usemtl 1
f 1469 1024 817
usemtl 1
f 1469 819 1470
usemtl 1
f 1481 1009 1536
usemtl 1
f 908 1481 1536
usemtl 1
f 1009 1481 1008
usemtl 1
f 899 909 1536
usemtl 1
f 899 900 909
usemtl 1
f 929 899 1536
usemtl 1
f 1064 1066 1008
usemtl 1
f 1480 1064 1481
usemtl 1
f 1481 1064 1008
usemtl 1
f 902 904 1480
usemtl 1
f 902 1480 1479
usemtl 1
f 1062 1064 1480
usemtl 1
f 904 1062 1480
usemtl 1
f 802 911 815
usemtl 1
f 808 803 807
usemtl 1
f 807 802 815
usemtl 1
f 803 802 807
usemtl 1
f 1545 1244 1547
usemtl 1
f 1201 1243 1545
usemtl 1
f 1545 1245 1244
usemtl 1
f 1545 1243 1245
usemtl 1
f 1223 1277 1291
usemtl 1
f 1289 1223 1291
usemtl 1
f 1274 1273 1225
usemtl 1
f 1275 1277 1223
usemtl 1
f 1274 1225 1336
usemtl 1
f 1273 1223 1225
usemtl 1
f 1275 1223 1273
usemtl 1
f 1124 1392 1125
usemtl 1
f 1136 1135 1124
usemtl 1
f 1124 1135 1392
usemtl 1
f 1489 1396 1490
usemtl 1
f 1144 1147 1441
usemtl 1
f 1489 1144 1396
usemtl 1
f 1143 1147 1144
usemtl 1
f 1144 1441 1396
usemtl 1
f 1434 1446 1026
usemtl 1
f 1443 1446 1441
usemtl 1
f 1434 1026 1029
usemtl 1
f 1401 1403 1026
usemtl 1
f 1403 1027 1026
usemtl 1
f 1409 1027 1403
usemtl 1
f 1393 1446 1434
usemtl 1
f 1393 1104 1396
usemtl 1
f 1401 1026 1446
usemtl 1
f 1441 1446 1393
usemtl 1
f 1429 1438 1393
usemtl 1
f 1431 1438 1429
usemtl 1
f 1438 1427 1393
usemtl 1
f 1468 1471 1424
usemtl 1
f 1466 1423 1424
usemtl 1
f 1466 1424 1471
usemtl 1
f 1468 1424 1437
usemtl 1
f 1437 1427 1438
usemtl 1
f 1437 1424 1427
usemtl 1
f 1441 1393 1396
usemtl 1
f 1434 1429 1393
usemtl 1
f 986 1420 1360
usemtl 1
f 1362 1515 986
usemtl 1
f 1361 1362 1360
usemtl 1
f 1103 1439 985
usemtl 1
f 986 1439 1420
usemtl 1
f 985 1439 986
usemtl 1
f 1362 986 1360
usemtl 1
f 1552 1539 1302
usemtl 1
f 1302 1539 1301
usemtl 1
f 1172 1171 962
usemtl 1
f 1232 1231 1554
usemtl 1
f 1552 1231 1539
usemtl 1
f 1299 963 1552
usemtl 1
f 963 1231 1552
usemtl 1
f 1554 963 962
usemtl 1
f 1554 1231 963
usemtl 1
f 1554 962 992
usemtl 1
f 992 962 1171
usemtl 1
f 1118 1171 1513
usemtl 1
f 1171 1541 1513
usemtl 1
f 992 1171 1118
usemtl 1
f 992 1118 1122
usemtl 1
f 1118 1117 1122
usemtl 1
f 992 1122 993
usemtl 1
f 820 1087 1614
usemtl 1
f 1614 1087 1512
usemtl 1
f 1616 820 1614
usemtl 1
f 1087 1509 1512
usemtl 1
f 1564 1509 1087
usemtl 1
f 1557 1509 1564
usemtl 1
f 1556 1549 1557
usemtl 1
f 1549 1509 1557
usemtl 1
f 1510 1509 1549
usemtl 1
f 1525 1251 1021
usemtl 1
f 1520 1525 1020
usemtl 1
f 1020 1525 1021
usemtl 1
f 1520 1020 1521
usemtl 1
f 1253 1524 1527
usemtl 1
f 1529 1252 1527
usemtl 1
f 1527 1252 1253
usemtl 1
f 951 1578 990
usemtl 1
f 987 951 990
usemtl 1
f 1278 951 953
usemtl 1
f 1572 1578 951
usemtl 1
f 1293 1278 1300
usemtl 1
f 951 950 953
usemtl 1
f 1293 1300 1294
usemtl 1
f 953 1551 1300
usemtl 1
f 1278 953 1300
usemtl 1
f 1278 1293 1279
usemtl 1
f 1542 951 1278
usemtl 1
f 1550 1572 1542
usemtl 1
f 1572 951 1542
usemtl 1
f 1581 1578 1572
usemtl 1
f 1379 1157 931
usemtl 1
f 1169 1157 1170
usemtl 1
f 1158 1379 1229
usemtl 1
f 931 933 1379
usemtl 1
f 1157 1379 1158
usemtl 1
f 1157 1169 931
usemtl 1
f 1169 1298 949
usemtl 1
f 1169 949 931
usemtl 1
f 961 960 1169
usemtl 1
f 949 989 931
usemtl 1
f 1553 952 949
usemtl 1
f 960 1298 1169
usemtl 1
f 948 989 949
usemtl 1
f 1553 949 1298
usemtl 1
f 919 1588 1543
usemtl 1
f 968 965 964
usemtl 1
f 1585 964 1583
usemtl 1
f 1585 968 964
usemtl 1
f 1543 968 1585
usemtl 1
f 1588 919 918
usemtl 1
f 1543 1585 919
usemtl 1
f 1580 1582 1579
usemtl 1
f 1582 1565 1567
usemtl 1
f 1579 1582 1567
usemtl 1
f 1571 1569 1582
usemtl 1
f 1570 1569 1571
usemtl 1
f 1569 1565 1582
usemtl 1
f 1019 1280 1017
usemtl 1
f 1019 1281 1280
usemtl 1
f 1235 1237 1049
usemtl 1
f 1055 1053 889
usemtl 1
f 1050 1055 1049
usemtl 1
f 1049 1055 889
usemtl 1
f 1049 889 890
usemtl 1
f 1049 890 1235
usemtl 1
f 1207 1203 828
usemtl 1
f 828 1206 826
usemtl 1
f 1203 1206 828
usemtl 1
f 1387 1207 830
usemtl 1
f 1207 828 830
usemtl 1
f 1203 763 1206
usemtl 1
f 1534 1594 1351
usemtl 1
f 852 1532 1380
usemtl 1
f 1365 1532 852
usemtl 1
f 1534 1593 1594
usemtl 1
f 852 1380 1351
usemtl 1
f 1532 1381 1380
usemtl 1
f 1380 1534 1351
usemtl 1
f 1123 1609 1607
usemtl 1
f 1390 1308 1454
usemtl 1
f 1454 1123 1607
usemtl 1
f 1285 1537 1173
usemtl 1
f 1308 879 1454
usemtl 1
f 879 1123 1454
usemtl 1
f 876 833 879
usemtl 1
f 1486 1485 834
usemtl 1
f 1486 876 875
usemtl 1
f 1485 1286 834
usemtl 1
f 847 834 1173
usemtl 1
f 1173 834 1285
usemtl 1
f 834 1286 1285
usemtl 1
f 834 847 1249
usemtl 1
f 847 846 1597
usemtl 1
f 847 1597 1249
usemtl 1
f 1120 1597 846
usemtl 1
f 833 1486 834
usemtl 1
f 879 833 1123
usemtl 1
f 876 1486 833
usemtl 1
f 1344 1348 1391
usemtl 1
f 1388 1612 1461
usemtl 1
f 1465 1341 1461
usemtl 1
f 1460 1465 1461
usemtl 1
f 1348 1455 1391
usemtl 1
f 1465 1344 1391
usemtl 1
f 1343 1348 1344
usemtl 1
f 1465 1391 1341
usemtl 1
f 1391 1137 1127
usemtl 1
f 1391 1127 1341
usemtl 1
f 1461 1341 1388
usemtl 1
f 1127 1128 1341
usemtl 1
f 1341 1304 1388
usemtl 1
f 1596 1175 1598
usemtl 1
f 1119 1121 1175
usemtl 1
f 1596 1119 1175
usemtl 1
f 1121 1131 1175
usemtl 1
f 1102 1131 1121
usemtl 1
f 841 1131 1102
usemtl 1
f 1155 1102 1121
usemtl 1
f 838 837 841
usemtl 1
f 837 840 841
usemtl 1
f 840 1131 841
usemtl 1
f 887 1350 1328
usemtl 1
f 756 935 1320
usemtl 1
f 887 888 1350
usemtl 1
f 779 777 935
usemtl 1
f 756 1325 757
usemtl 1
f 1320 777 800
usemtl 1
f 777 778 801
usemtl 1
f 777 801 800
usemtl 1
f 756 1320 1325
usemtl 1
f 935 777 1320
usemtl 1
f 1325 887 1328
usemtl 1
f 1325 1320 887
usemtl 1
f 866 1248 867
usemtl 1
f 869 955 866
usemtl 1
f 866 955 1248
usemtl 1
f 955 831 1248
usemtl 1
f 1097 832 955
usemtl 1
f 832 831 955
usemtl 1
f 1151 1154 1373
usemtl 1
f 1152 1154 1151
usemtl 1
f 1373 1154 995
usemtl 1
f 1154 1590 995
usemtl 1
f 1558 1574 1559
usemtl 1
f 1563 1376 1574
usemtl 1
f 1574 1568 1559
usemtl 1
f 1088 824 1109
usemtl 1
f 824 1039 1109
usemtl 1
f 822 1039 824
usemtl 1
f 1088 1109 1376
usemtl 1
f 1574 996 1568
usemtl 1
f 996 995 1568
usemtl 1
f 1088 1376 1563
usemtl 1
f 1563 1574 1558
usemtl 1
f 995 1566 1568
usemtl 1
f 997 1374 998
usemtl 1
f 1575 1561 997
usemtl 1
f 997 1561 1374
usemtl 1
f 1573 1561 1575
usemtl 1
f 1561 1368 1374
usemtl 1
f 1368 1370 1374
usemtl 1
f 1377 1378 1153
usemtl 1
f 1153 1576 1591
usemtl 1
f 1377 1153 1150
usemtl 1
f 930 1576 1153
usemtl 1
f 988 991 932
usemtl 1
f 932 1576 930
usemtl 1
f 1378 930 1153
usemtl 1
f 991 1576 932
usemtl 1
f 1577 1576 991
usemtl 1
f 1063 1060 1329
usemtl 1
f 1329 1060 936
usemtl 1
f 1060 1063 1058
usemtl 1
f 1322 928 758
usemtl 1
f 928 759 758
usemtl 1
f 927 759 928
usemtl 1
f 1065 1058 1063
usemtl 1
f 759 1329 936
usemtl 1
f 927 1329 759
usemtl 1
f 1181 1035 1037
usemtl 1
f 1181 1037 1516
usemtl 1
f 1182 1181 1516
usemtl 1
f 1491 1516 1037
usemtl 1
f 1604 1495 1600
usemtl 1
f 1493 1495 1604
usemtl 1
f 1600 1599 1604
usemtl 1
f 1495 1037 1600
usemtl 1
f 1604 1603 1493
usemtl 1
f 1491 1037 1497
usemtl 1
f 1497 1037 1495
usemtl 1
f 1146 1145 1497
usemtl 1
f 1146 1005 1007
usemtl 1
f 1491 1497 1145
usemtl 1
f 1497 1005 1146
usemtl 1
f 1491 1145 1489
usemtl 1
f 1395 1517 1560
usemtl 1
f 984 983 1395
usemtl 1
f 1395 983 1517
usemtl 1
f 896 1196 1166
usemtl 1
f 1166 1196 1190
usemtl 1
f 1284 1057 764
usemtl 1
f 1072 1071 1610
usemtl 1
f 1071 1194 1610
usemtl 1
f 1166 1190 1167
usemtl 1
f 764 766 1204
usemtl 1
f 1191 1190 1196
usemtl 1
f 1166 1167 1164
usemtl 1
f 1473 896 1166
usemtl 1
f 896 898 768
usemtl 1
f 768 1194 1196
usemtl 1
f 764 1194 768
usemtl 1
f 1610 1194 764
usemtl 1
f 896 768 1196
usemtl 1
f 1610 764 1057
usemtl 1
f 764 1204 1284
usemtl 1
f 1052 1284 1482
usemtl 1
f 1057 1052 1054
usemtl 1
f 1057 1284 1052
usemtl 1
f 1111 1161 1112
usemtl 1
f 1501 1506 1504
usemtl 1
f 1364 1262 1504
usemtl 1
f 1075 1501 1074
usemtl 1
f 1504 1262 1501
usemtl 1
f 1262 1261 1501
usemtl 1
f 1261 1161 1111
usemtl 1
f 1195 1111 1188
usemtl 1
f 1195 1188 1193
usemtl 1
f 1074 1111 1195
usemtl 1
f 1261 1074 1501
usemtl 1
f 1261 1111 1074
usemtl 1
f 1501 1075 1499
usemtl 1
f 1238 1239 1236
usemtl 1
f 1045 1048 1236
usemtl 1
f 1239 1363 1045
usemtl 1
f 1240 1239 1238
usemtl 1
f 1239 1330 1266
usemtl 1
f 1330 1267 1266
usemtl 1
f 1045 1363 1503
usemtl 1
f 1239 1266 1363
usemtl 1
f 1048 1045 1047
usemtl 1
f 1236 1239 1045
usemtl 1
f 882 885 1099
usemtl 1
f 882 881 885
usemtl 1
f 1098 1101 1099
usemtl 1
f 1101 882 1099
usemtl 1
f 1101 1001 882
usemtl 1
f 1483 1398 886
usemtl 1
f 861 863 980
usemtl 1
f 976 978 980
usemtl 1
f 980 978 861
usemtl 1
f 978 1138 861
usemtl 1
f 1447 884 1448
usemtl 1
f 1139 1453 1138
usemtl 1
f 883 1003 884
usemtl 1
f 1453 1608 1138
usemtl 1
f 1447 1483 884
usemtl 1
f 1448 884 1412
usemtl 1
f 1003 1412 884
usemtl 1
f 1483 886 884
usemtl 1
f 1398 1608 886
usemtl 1
f 1400 1608 1398
usemtl 1
f 1138 1608 1400
usemtl 1
f 1400 861 1138
usemtl 1
f 1397 1444 1006
usemtl 1
f 1397 1399 1444
usemtl 1
f 1140 982 1036
usemtl 1
f 860 862 1397
usemtl 1
f 1449 1093 1095
usemtl 1
f 1450 1399 1484
usemtl 1
f 1414 1411 1449
usemtl 1
f 1405 1399 1450
usemtl 1
f 1411 1093 1449
usemtl 1
f 1411 1414 1410
usemtl 1
f 1095 1405 1450
usemtl 1
f 1445 1444 1405
usemtl 1
f 1406 1445 1405
usemtl 1
f 1449 1095 1450
usemtl 1
f 1405 1444 1399
usemtl 1
f 1444 1442 1004
usemtl 1
f 1494 1496 1492
usemtl 1
f 1444 1004 1006
usemtl 1
f 1397 1006 1494
usemtl 1
f 1494 1606 860
usemtl 1
f 1602 981 1606
usemtl 1
f 1605 1602 1606
usemtl 1
f 1397 1494 860
usemtl 1
f 1006 1496 1494
usemtl 1
f 860 1606 981
usemtl 1
f 982 981 1602
usemtl 1
f 1036 1602 1034
usemtl 1
f 1602 1601 1034
usemtl 1
f 982 1602 1036
usemtl 1
f 894 1014 770
usemtl 1
f 774 894 760
usemtl 1
f 760 894 770
usemtl 1
f 892 894 774
usemtl 1
f 773 776 774
usemtl 1
f 776 892 774
usemtl 1
f 1211 1213 1212
usemtl 1
f 938 1544 1031
usemtl 1
f 1030 1384 1031
usemtl 1
f 1031 1384 1458
usemtl 1
f 1092 1458 1457
usemtl 1
f 1458 1211 1457
usemtl 1
f 1458 1213 1211
usemtl 1
f 1090 1091 1092
usemtl 1
f 1091 1458 1092
usemtl 1
f 1031 1458 1091
usemtl 1
f 1031 1091 938
usemtl 1
f 1091 939 938
usemtl 1
f 916 1584 917
usemtl 1
f 1218 916 917
usemtl 1
f 814 1218 917
usemtl 1
f 1220 916 1218
usemtl 1
f 1584 967 966
usemtl 1
f 915 1586 1584
usemtl 1
f 917 1584 966
usemtl 1
f 916 915 1584
usemtl 1
f 1051 1611 1056
usemtl 1
f 1044 1073 1051
usemtl 1
f 1051 1073 1611
usemtl 1
f 1046 1502 1505
usemtl 1
f 1046 1505 1044
usemtl 1
f 1505 1500 1498
usemtl 1
f 1498 1073 1044
usemtl 1
f 1505 1498 1044
usemtl 1
f 1174 849 848
usemtl 1
f 1222 1462 1613
usemtl 1
f 1538 1233 1174
usemtl 1
f 1290 1347 1346
usemtl 1
f 1389 1303 1613
usemtl 1
f 1303 1305 1613
usemtl 1
f 1305 1340 1337
usemtl 1
f 1305 1337 1613
usemtl 1
f 1340 1338 1337
usemtl 1
f 1462 1222 1463
usemtl 1
f 1613 1337 1222
usemtl 1
f 1222 1224 1346
usemtl 1
f 1347 1290 1456
usemtl 1
f 1292 1295 1540
usemtl 1
f 1233 994 849
usemtl 1
f 1297 1296 1292
usemtl 1
f 1296 1295 1292
usemtl 1
f 1288 1540 1538
usemtl 1
f 1234 1538 1540
usemtl 1
f 1555 994 1233
usemtl 1
f 1487 878 1488
usemtl 1
f 1540 1287 1456
usemtl 1
f 1234 1233 1538
usemtl 1
f 1233 849 1174
usemtl 1
f 1287 1540 1288
usemtl 1
f 1287 1488 878
usemtl 1
f 1287 878 1456
usemtl 1
f 1540 1456 1292
usemtl 1
f 877 880 878
usemtl 1
f 880 1309 878
usemtl 1
f 1345 1464 1463
usemtl 1
f 1292 1456 1290
usemtl 1
f 878 1309 1456
usemtl 1
f 1222 1346 1463
usemtl 1
f 1224 1290 1346
usemtl 1
f 1346 1345 1463
usemtl 1
f 1620 1268 1272
usemtl 1
f 821 823 1615
usemtl 1
f 1620 821 1615
usemtl 1
f 1038 821 1110
usemtl 1
f 1617 1620 1615
usemtl 1
f 1268 1270 1272
usemtl 1
f 1247 1246 1318
usemtl 1
f 1620 1272 1339
usemtl 1
f 1306 1342 1126
usemtl 1
f 1620 1339 821
usemtl 1
f 1202 1546 1548
usemtl 1
f 941 1141 1181
usemtl 1
f 1306 1126 1142
usemtl 1
f 1126 977 1142
usemtl 1
f 977 979 1142
usemtl 1
f 1306 1142 1307
usemtl 1
f 1359 1208 1183
usemtl 1
f 1247 940 1208
usemtl 1
f 1210 1208 1359
usemtl 1
f 1208 941 1183
usemtl 1
f 941 1181 1183
usemtl 1
f 1142 1141 941
usemtl 1
f 1386 947 942
usemtl 1
f 1209 1386 1208
usemtl 1
f 1010 1012 1199
usemtl 1
f 947 943 942
usemtl 1
f 1202 942 1012
usemtl 1
f 941 1307 1142
usemtl 1
f 1012 1179 1199
usemtl 1
f 942 1179 1012
usemtl 1
f 942 1202 1548
usemtl 1
f 1307 941 1110
usemtl 1
f 1386 942 1548
usemtl 1
f 1386 1247 1208
usemtl 1
f 1386 1548 1247
usemtl 1
f 1307 1110 1339
usemtl 1
f 1247 1318 940
usemtl 1
f 940 941 1208
usemtl 1
f 1339 1110 821
usemtl 1
f 1271 1618 1511
usemtl 1
f 1507 1276 1511
usemtl 1
f 1508 1507 1511
usemtl 1
f 1511 1276 1269
usemtl 1
f 1618 1271 1619
usemtl 1
f 1511 1269 1271
usemtl 1
f 786 785 1176
usemtl 1
f 923 786 921
usemtl 1
f 921 786 1176
usemtl 1
f 1177 786 923
usemtl 1
f 1165 1184 1186
usemtl 1
f 926 925 1621
usemtl 1
f 1178 1331 1621
usemtl 1
f 788 787 1621
usemtl 1
f 910 1180 804
usemtl 1
f 787 1178 1621
usemtl 1
f 1168 1385 1033
usemtl 1
f 1165 1186 1475
usemtl 1
f 1168 1587 1165
usemtl 1
f 1165 1475 1163
usemtl 1
f 959 1089 957
usemtl 1
f 1089 1214 957
usemtl 1
f 1587 1168 1033
usemtl 1
f 1459 1385 1214
usemtl 1
f 811 804 1180
usemtl 1
f 1198 1184 913
usemtl 1
f 1032 1589 1587
usemtl 1
f 1032 1587 1033
usemtl 1
f 1219 1198 913
usemtl 1
f 914 913 1184
usemtl 1
f 1198 811 1180
usemtl 1
f 1221 813 812
usemtl 1
f 910 804 806
usemtl 1
f 1221 812 1219
usemtl 1
f 912 805 811
usemtl 1
f 805 804 811
usemtl 1
f 1180 945 946
usemtl 1
f 914 1184 920
usemtl 1
f 1168 1192 1114
usemtl 1
f 1192 1189 1114
usemtl 1
f 1162 1265 1227
usemtl 1
f 812 1198 1219
usemtl 1
f 812 811 1198
usemtl 1
f 946 1198 1180
usemtl 1
f 1165 1587 920
usemtl 1
f 1168 1214 1385
usemtl 1
f 920 1184 1165
usemtl 1
f 1113 1168 1114
usemtl 1
f 1113 1214 1168
usemtl 1
f 1162 1227 957
usemtl 1
f 1265 1226 1227
usemtl 1
f 1263 1265 1264
usemtl 1
f 957 1113 1162
usemtl 1
f 957 1214 1113
usemtl 1
f 1265 1162 1264
usemtl 1
f 1331 1226 1265
usemtl 1
f 1621 1331 926
usemtl 1
f 1178 1226 1331
usemtl 1
f 1355 1241 1356
usemtl 1
f 1519 1355 1452
usemtl 1
f 1331 1241 1355
usemtl 1
f 797 1355 1519
usemtl 1
f 1327 1519 1323
usemtl 1
f 1327 1323 1326
usemtl 1
f 797 1519 1327
usemtl 1
f 798 797 1327
usemtl 1
f 1255 797 793
usemtl 1
f 1331 1355 797
usemtl 1
f 1331 797 1255
usemtl 1
f 1331 1259 926
usemtl 1
f 1331 1255 1259
usemtl 1
f 1116 1115 1156
usemtl 1
f 1148 1372 1369
usemtl 1
f 1156 1115 1514
usemtl 1
f 1375 1108 1562
usemtl 1
f 1156 1514 1159
usemtl 1
f 1156 1159 1230
usemtl 1
f 1514 1160 1159
usemtl 1
f 1156 1230 1107
usemtl 1
f 1230 1149 1107
usemtl 1
f 1149 1148 1107
usemtl 1
f 1371 1108 1107
usemtl 1
f 1148 1369 1107
usemtl 1
f 1562 1108 1371
usemtl 1
f 1369 1371 1107
usemtl 1
f 1133 873 1134
usemtl 1
f 839 1472 1625
usemtl 1
f 1624 1623 1622
usemtl 1
f 1625 1624 1622
usemtl 1
f 844 857 845
usemtl 1
f 857 1622 845
usemtl 1
f 857 844 856
usemtl 1
f 858 859 836
usemtl 1
f 858 836 835
usemtl 1
f 858 835 857
usemtl 1
f 835 1622 857
usemtl 1
f 839 1622 835
usemtl 1
f 1625 1622 839
usemtl 1
f 969 873 1133
usemtl 1
f 835 969 1133
usemtl 1
f 835 1133 839
usemtl 1
f 842 1625 1472
usemtl 1
f 842 1472 843
o NL.IMBAG.Pand.0861100000370702-7
usemtl 0
f 1626 1627 1628
usemtl 0
f 1629 1630 1631
usemtl 0
f 1632 1633 1634
usemtl 0
f 1635 1636 1637
usemtl 0
f 1638 1639 1640
usemtl 0
f 1641 1642 1643
usemtl 0
f 1636 1642 1641
usemtl 0
f 1644 1645 1646
usemtl 0
f 1634 1642 1635
usemtl 0
f 1642 1636 1635
usemtl 0
f 1638 1647 1639
usemtl 0
f 1634 1635 1632
usemtl 0
f 1638 1648 1647
usemtl 0
f 1649 1627 1650
usemtl 0
f 1627 1647 1650
usemtl 0
f 1639 1647 1627
usemtl 0
f 1651 1628 1652
usemtl 0
f 1653 1654 1644
usemtl 0
f 1628 1627 1652
usemtl 0
f 1630 1655 1626
usemtl 0
f 1630 1628 1656
usemtl 0
f 1630 1626 1628
usemtl 0
f 1629 1655 1630
usemtl 0
f 1627 1626 1639
usemtl 0
f 1626 1657 1658
usemtl 0
f 1657 1659 1658
usemtl 0
f 1626 1632 1639
usemtl 0
f 1658 1632 1626
usemtl 0
f 1633 1632 1658
usemtl 0
f 1658 1660 1661
usemtl 0
f 1654 1660 1658
usemtl 0
f 1633 1658 1661
usemtl 0
f 1653 1660 1654
usemtl 0
f 1662 1645 1644
usemtl 0
f 1644 1646 1653
usemtl 0
f 1646 1663 1653
usemtl 0
f 1646 1645 1664
usemtl 2
f 1665 1666 1660
usemtl 2
f 1665 1667 1666
usemtl 2
f 1653 1665 1660
usemtl 2
f 1668 1669 1643
usemtl 2
f 1642 1668 1643
usemtl 2
f 1669 1670 1641
usemtl 2
f 1643 1669 1641
usemtl 2
f 1641 1671 1636
usemtl 2
f 1641 1670 1671
usemtl 2
f 1672 1673 1674
usemtl 2
f 1672 1675 1673
usemtl 2
f 1658 1676 1654
usemtl 2
f 1658 1677 1676
usemtl 2
f 1666 1678 1661
usemtl 2
f 1660 1666 1661
usemtl 2
f 1646 1679 1663
usemtl 2
f 1646 1680 1679
usemtl 2
f 1679 1665 1653
usemtl 2
f 1663 1679 1653
usemtl 2
f 1681 1675 1672
usemtl 2
f 1681 1682 1675
usemtl 2
f 1683 1684 1682
usemtl 2
f 1685 1683 1682
usemtl 2
f 1681 1685 1682
usemtl 2
f 1686 1687 1662
usemtl 2
f 1644 1686 1662
usemtl 2
f 1688 1667 1665
usemtl 2
f 1688 1689 1667
usemtl 2
f 1654 1686 1644
usemtl 2
f 1654 1676 1686
usemtl 2
f 1690 1677 1658
usemtl 2
f 1659 1690 1658
usemtl 2
f 1691 1692 1651
usemtl 2
f 1652 1691 1651
usemtl 2
f 1674 1690 1659
usemtl 2
f 1674 1673 1690
usemtl 2
f 1657 1674 1659
usemtl 2
f 1626 1674 1657
usemtl 2
f 1626 1693 1674
usemtl 2
f 1694 1693 1626
usemtl 2
f 1655 1694 1626
usemtl 2
f 1695 1696 1629
usemtl 2
f 1631 1695 1629
usemtl 2
f 1696 1694 1655
usemtl 2
f 1629 1696 1655
usemtl 2
f 1697 1695 1631
usemtl 2
f 1630 1697 1631
usemtl 2
f 1698 1697 1630
usemtl 2
f 1656 1698 1630
usemtl 2
f 1699 1698 1656
usemtl 2
f 1628 1699 1656
usemtl 2
f 1692 1699 1628
usemtl 2
f 1651 1692 1628
usemtl 2
f 1650 1700 1649
usemtl 2
f 1650 1701 1700
usemtl 2
f 1700 1702 1627
usemtl 2
f 1649 1700 1627
usemtl 2
f 1702 1691 1652
usemtl 2
f 1627 1702 1652
usemtl 2
f 1703 1701 1650
usemtl 2
f 1647 1703 1650
usemtl 2
f 1648 1703 1647
usemtl 2
f 1648 1704 1703
usemtl 2
f 1638 1704 1648
usemtl 2
f 1638 1705 1704
usemtl 2
f 1636 1706 1637
usemtl 2
f 1636 1671 1706
usemtl 2
f 1640 1705 1638
usemtl 2
f 1640 1707 1705
usemtl 2
f 1708 1709 1710
usemtl 2
f 1708 1711 1709
usemtl 2
f 1634 1633 1710
usemtl 2
f 1633 1708 1710
usemtl 2
f 1710 1668 1642
usemtl 2
f 1634 1710 1642
usemtl 2
f 1712 1683 1685
usemtl 2
f 1712 1713 1683
usemtl 2
f 1639 1707 1640
usemtl 2
f 1639 1714 1707
usemtl 2
f 1632 1714 1639
usemtl 2
f 1632 1715 1714
usemtl 2
f 1706 1716 1635
usemtl 2
f 1637 1706 1635
usemtl 2
f 1710 1713 1712
usemtl 2
f 1710 1709 1713
usemtl 2
f 1687 1717 1718
usemtl 2
f 1662 1687 1718
usemtl 2
f 1645 1662 1718
usemtl 2
f 1718 1719 1664
usemtl 2
f 1645 1718 1664
usemtl 2
f 1664 1680 1646
usemtl 2
f 1664 1719 1680
usemtl 2
f 1720 1721 1722
usemtl 2
f 1720 1723 1721
usemtl 2
f 1718 1723 1720
usemtl 2
f 1718 1717 1723
usemtl 2
f 1722 1724 1725
usemtl 2
f 1722 1721 1724
usemtl 2
f 1724 1689 1688
usemtl 2
f 1725 1724 1688
usemtl 2
f 1635 1715 1632
usemtl 2
f 1635 1716 1715
usemtl 2
f 1661 1708 1633
usemtl 2
f 1661 1678 1708
usemtl 2
f 1684 1711 1708
usemtl 2
f 1682 1684 1708
usemtl 1
f 1665 1679 1688
usemtl 1
f 1722 1725 1680
usemtl 1
f 1688 1679 1725
usemtl 1
f 1679 1680 1725
usemtl 1
f 1720 1680 1719
usemtl 1
f 1722 1680 1720
usemtl 1
f 1718 1720 1719
usemtl 1
f 1670 1669 1668
usemtl 1
f 1697 1694 1696
usemtl 1
f 1685 1672 1693
usemtl 1
f 1674 1693 1672
usemtl 1
f 1706 1671 1716
usemtl 1
f 1697 1699 1693
usemtl 1
f 1671 1670 1668
usemtl 1
f 1712 1668 1710
usemtl 1
f 1716 1671 1668
usemtl 1
f 1716 1712 1685
usemtl 1
f 1716 1668 1712
usemtl 1
f 1716 1685 1715
usemtl 1
f 1681 1672 1685
usemtl 1
f 1715 1693 1714
usemtl 1
f 1715 1685 1693
usemtl 1
f 1693 1694 1697
usemtl 1
f 1697 1696 1695
usemtl 1
f 1698 1699 1697
usemtl 1
f 1699 1702 1693
usemtl 1
f 1692 1691 1699
usemtl 1
f 1691 1702 1699
usemtl 1
f 1702 1714 1693
usemtl 1
f 1700 1701 1702
usemtl 1
f 1701 1703 1702
usemtl 1
f 1703 1714 1702
usemtl 1
f 1704 1705 1703
usemtl 1
f 1705 1714 1703
usemtl 1
f 1707 1714 1705
usemtl 1
f 1689 1686 1676
usemtl 1
f 1675 1682 1678
usemtl 1
f 1678 1682 1708
usemtl 1
f 1675 1678 1666
usemtl 1
f 1724 1721 1689
usemtl 1
f 1676 1666 1667
usemtl 1
f 1686 1717 1687
usemtl 1
f 1690 1673 1677
usemtl 1
f 1723 1717 1721
usemtl 1
f 1721 1717 1686
usemtl 1
f 1721 1686 1689
usemtl 1
f 1677 1675 1676
usemtl 1
f 1689 1676 1667
usemtl 1
f 1675 1666 1676
usemtl 1
f 1677 1673 1675
usemtl 1
f 1709 1711 1684
usemtl 1
f 1713 1709 1683
usemtl 1
f 1683 1709 1684
o NL.IMBAG.Pand.0861100000371444-8
usemtl 1
f 1726 1727 1728
usemtl 1
f 1729 1730 1731
usemtl 1
f 1732 1733 1734
usemtl 1
f 1735 1729 1731
usemtl 1
f 1732 1729 1735
usemtl 1
f 1736 1737 1738
usemtl 1
f 1739 1740 1741
usemtl 1
f 1742 1743 1744
usemtl 1
f 1745 1746 1747
usemtl 1
f 1748 1749 1750
usemtl 1
f 1751 1745 1752
usemtl 1
f 1753 1749 1748
usemtl 1
f 1754 1755 1756
usemtl 1
f 1757 1758 1759
usemtl 1
f 1759 1760 1761
usemtl 1
f 1760 1762 1761
usemtl 1
f 1757 1759 1761
usemtl 1
f 1744 1763 1742
usemtl 1
f 1761 1762 1764
usemtl 1
f 1765 1764 1766
usemtl 1
f 1760 1743 1742
usemtl 1
f 1764 1762 1767
usemtl 1
f 1760 1742 1762
usemtl 1
f 1748 1768 1765
usemtl 1
f 1766 1769 1741
usemtl 1
f 1770 1771 1772
usemtl 1
f 1773 1741 1769
usemtl 1
f 1774 1775 1776
usemtl 1
f 1770 1776 1777
usemtl 1
f 1776 1778 1779
usemtl 1
f 1776 1779 1777
usemtl 1
f 1780 1771 1770
usemtl 1
f 1781 1770 1782
usemtl 1
f 1780 1770 1781
usemtl 1
f 1770 1772 1783
usemtl 1
f 1770 1783 1776
usemtl 1
f 1783 1784 1776
usemtl 1
f 1785 1754 1786
usemtl 1
f 1765 1787 1788
usemtl 1
f 1789 1790 1784
usemtl 1
f 1789 1784 1783
usemtl 1
f 1784 1774 1776
usemtl 1
f 1740 1774 1784
usemtl 1
f 1740 1784 1741
usemtl 1
f 1784 1787 1741
usemtl 1
f 1787 1766 1741
usemtl 1
f 1765 1766 1787
usemtl 1
f 1791 1792 1793
usemtl 1
f 1794 1795 1727
usemtl 1
f 1795 1796 1728
usemtl 1
f 1797 1796 1795
usemtl 1
f 1756 1786 1754
usemtl 1
f 1765 1756 1753
usemtl 1
f 1798 1746 1745
usemtl 1
f 1765 1786 1756
usemtl 1
f 1764 1765 1768
usemtl 1
f 1798 1745 1793
usemtl 1
f 1799 1800 1761
usemtl 1
f 1768 1799 1764
usemtl 1
f 1753 1748 1765
usemtl 1
f 1801 1802 1799
usemtl 1
f 1793 1751 1791
usemtl 1
f 1800 1792 1761
usemtl 1
f 1764 1799 1761
usemtl 1
f 1768 1801 1799
usemtl 1
f 1793 1792 1800
usemtl 1
f 1745 1751 1793
usemtl 1
f 1793 1803 1798
usemtl 1
f 1726 1804 1798
usemtl 1
f 1805 1795 1794
usemtl 1
f 1795 1728 1727
usemtl 1
f 1806 1727 1726
usemtl 1
f 1728 1807 1808
usemtl 1
f 1728 1796 1809
usemtl 1
f 1810 1807 1728
usemtl 1
f 1810 1728 1811
usemtl 1
f 1807 1812 1808
usemtl 1
f 1737 1813 1814
usemtl 1
f 1815 1812 1807
usemtl 1
f 1804 1736 1746
usemtl 1
f 1816 1817 1812
usemtl 1
f 1818 1736 1804
usemtl 1
f 1726 1808 1804
usemtl 1
f 1819 1737 1818
usemtl 1
f 1728 1808 1726
usemtl 1
f 1812 1817 1808
usemtl 1
f 1798 1804 1746
usemtl 1
f 1737 1736 1818
usemtl 1
f 1814 1820 1733
usemtl 1
f 1821 1822 1814
usemtl 1
f 1814 1822 1823
usemtl 1
f 1814 1823 1820
usemtl 1
f 1737 1733 1738
usemtl 1
f 1737 1814 1733
usemtl 1
f 1738 1732 1735
usemtl 1
f 1738 1733 1732
usemtl 2
f 1730 1824 1825
usemtl 2
f 1730 1729 1824
usemtl 2
f 1731 1825 1826
usemtl 2
f 1731 1730 1825
usemtl 2
f 1735 1826 1827
usemtl 2
f 1735 1731 1826
usemtl 2
f 1738 1827 1828
usemtl 2
f 1738 1735 1827
usemtl 2
f 1736 1828 1829
usemtl 2
f 1736 1738 1828
usemtl 2
f 1746 1829 1830
usemtl 2
f 1746 1736 1829
usemtl 2
f 1747 1830 1831
usemtl 2
f 1747 1746 1830
usemtl 2
f 1745 1831 1832
usemtl 2
f 1745 1747 1831
usemtl 2
f 1752 1832 1833
usemtl 2
f 1752 1745 1832
usemtl 2
f 1751 1833 1834
usemtl 2
f 1751 1752 1833
usemtl 2
f 1791 1834 1835
usemtl 2
f 1791 1751 1834
usemtl 2
f 1792 1835 1836
usemtl 2
f 1792 1791 1835
usemtl 2
f 1761 1836 1837
usemtl 2
f 1761 1792 1836
usemtl 2
f 1757 1837 1838
usemtl 2
f 1757 1761 1837
usemtl 2
f 1758 1838 1839
usemtl 2
f 1758 1757 1838
usemtl 2
f 1759 1839 1840
usemtl 2
f 1759 1758 1839
usemtl 2
f 1760 1840 1841
usemtl 2
f 1760 1759 1840
usemtl 2
f 1743 1841 1842
usemtl 2
f 1743 1760 1841
usemtl 2
f 1744 1842 1843
usemtl 2
f 1744 1743 1842
usemtl 2
f 1763 1843 1844
usemtl 2
f 1763 1744 1843
usemtl 2
f 1742 1844 1845
usemtl 2
f 1742 1763 1844
usemtl 2
f 1762 1845 1846
usemtl 2
f 1762 1742 1845
usemtl 2
f 1767 1846 1847
usemtl 2
f 1767 1762 1846
usemtl 2
f 1764 1847 1848
usemtl 2
f 1764 1767 1847
usemtl 2
f 1766 1848 1849
usemtl 2
f 1766 1764 1848
usemtl 2
f 1769 1849 1850
usemtl 2
f 1769 1766 1849
usemtl 2
f 1773 1850 1851
usemtl 2
f 1773 1769 1850
usemtl 2
f 1741 1851 1852
usemtl 2
f 1741 1773 1851
usemtl 2
f 1739 1852 1853
usemtl 2
f 1739 1741 1852
usemtl 2
f 1740 1853 1854
usemtl 2
f 1740 1739 1853
usemtl 2
f 1774 1854 1855
usemtl 2
f 1774 1740 1854
usemtl 2
f 1775 1855 1856
usemtl 2
f 1775 1774 1855
usemtl 2
f 1776 1856 1857
usemtl 2
f 1776 1775 1856
usemtl 2
f 1778 1857 1858
usemtl 2
f 1778 1776 1857
usemtl 2
f 1779 1858 1859
usemtl 2
f 1779 1778 1858
usemtl 2
f 1779 1859 1860
usemtl 2
f 1777 1779 1860
usemtl 2
f 1770 1860 1861
usemtl 2
f 1770 1777 1860
usemtl 2
f 1782 1861 1862
usemtl 2
f 1782 1770 1861
usemtl 2
f 1781 1862 1863
usemtl 2
f 1781 1782 1862
usemtl 2
f 1780 1863 1864
usemtl 2
f 1780 1781 1863
usemtl 2
f 1771 1864 1865
usemtl 2
f 1771 1780 1864
usemtl 2
f 1772 1865 1866
usemtl 2
f 1772 1771 1865
usemtl 2
f 1783 1866 1867
usemtl 2
f 1783 1772 1866
usemtl 2
f 1789 1867 1868
usemtl 2
f 1789 1783 1867
usemtl 2
f 1789 1868 1869
usemtl 2
f 1790 1789 1869
usemtl 2
f 1784 1869 1870
usemtl 2
f 1784 1790 1869
usemtl 2
f 1787 1870 1871
usemtl 2
f 1787 1784 1870
usemtl 2
f 1788 1871 1872
usemtl 2
f 1788 1787 1871
usemtl 2
f 1765 1872 1873
usemtl 2
f 1765 1788 1872
usemtl 2
f 1786 1873 1874
usemtl 2
f 1786 1765 1873
usemtl 2
f 1785 1874 1875
usemtl 2
f 1785 1786 1874
usemtl 2
f 1754 1875 1876
usemtl 2
f 1754 1785 1875
usemtl 2
f 1755 1876 1877
usemtl 2
f 1755 1754 1876
usemtl 2
f 1756 1877 1878
usemtl 2
f 1756 1755 1877
usemtl 2
f 1753 1878 1879
usemtl 2
f 1753 1756 1878
usemtl 2
f 1749 1879 1880
usemtl 2
f 1749 1753 1879
usemtl 2
f 1750 1880 1881
usemtl 2
f 1750 1749 1880
usemtl 2
f 1748 1881 1882
usemtl 2
f 1748 1750 1881
usemtl 2
f 1768 1882 1883
usemtl 2
f 1768 1748 1882
usemtl 2
f 1801 1883 1884
usemtl 2
f 1801 1768 1883
usemtl 2
f 1802 1884 1885
usemtl 2
f 1802 1801 1884
usemtl 2
f 1799 1885 1886
usemtl 2
f 1799 1802 1885
usemtl 2
f 1800 1886 1887
usemtl 2
f 1800 1799 1886
usemtl 2
f 1793 1887 1888
usemtl 2
f 1793 1800 1887
usemtl 2
f 1803 1888 1889
usemtl 2
f 1803 1793 1888
usemtl 2
f 1798 1889 1890
usemtl 2
f 1798 1803 1889
usemtl 2
f 1726 1890 1891
usemtl 2
f 1726 1798 1890
usemtl 2
f 1806 1891 1892
usemtl 2
f 1806 1726 1891
usemtl 2
f 1727 1892 1893
usemtl 2
f 1727 1806 1892
usemtl 2
f 1794 1893 1894
usemtl 2
f 1794 1727 1893
usemtl 2
f 1805 1894 1895
usemtl 2
f 1805 1794 1894
usemtl 2
f 1795 1895 1896
usemtl 2
f 1795 1805 1895
usemtl 2
f 1797 1896 1897
usemtl 2
f 1797 1795 1896
usemtl 2
f 1796 1897 1898
usemtl 2
f 1796 1797 1897
usemtl 2
f 1809 1898 1899
usemtl 2
f 1809 1796 1898
usemtl 2
f 1728 1899 1900
usemtl 2
f 1728 1809 1899
usemtl 2
f 1811 1900 1901
usemtl 2
f 1811 1728 1900
usemtl 2
f 1810 1901 1902
usemtl 2
f 1810 1811 1901
usemtl 2
f 1807 1902 1903
usemtl 2
f 1807 1810 1902
usemtl 2
f 1815 1903 1904
usemtl 2
f 1815 1807 1903
usemtl 2
f 1812 1904 1905
usemtl 2
f 1812 1815 1904
usemtl 2
f 1816 1905 1906
usemtl 2
f 1816 1812 1905
usemtl 2
f 1817 1906 1907
usemtl 2
f 1817 1816 1906
usemtl 2
f 1808 1907 1908
usemtl 2
f 1808 1817 1907
usemtl 2
f 1804 1908 1909
usemtl 2
f 1804 1808 1908
usemtl 2
f 1818 1909 1910
usemtl 2
f 1818 1804 1909
usemtl 2
f 1819 1910 1911
usemtl 2
f 1819 1818 1910
usemtl 2
f 1737 1911 1912
usemtl 2
f 1737 1819 1911
usemtl 2
f 1813 1912 1913
usemtl 2
f 1813 1737 1912
usemtl 2
f 1814 1913 1914
usemtl 2
f 1814 1813 1913
usemtl 2
f 1821 1914 1915
usemtl 2
f 1821 1814 1914
usemtl 2
f 1822 1915 1916
usemtl 2
f 1822 1821 1915
usemtl 2
f 1823 1916 1917
usemtl 2
f 1823 1822 1916
usemtl 2
f 1820 1917 1918
usemtl 2
f 1820 1823 1917
usemtl 2
f 1733 1918 1919
usemtl 2
f 1733 1820 1918
usemtl 2
f 1734 1919 1920
usemtl 2
f 1734 1733 1919
usemtl 2
f 1732 1920 1921
usemtl 2
f 1732 1734 1920
usemtl 2
f 1729 1921 1824
usemtl 2
f 1729 1732 1921
usemtl 2
f 1922 1923 1924
usemtl 2
f 1922 1925 1923
usemtl 2
f 1926 1924 1927
usemtl 2
f 1926 1922 1924
usemtl 2
f 1928 1927 1929
usemtl 2
f 1928 1926 1927
usemtl 2
f 1930 1929 1931
usemtl 2
f 1930 1928 1929
usemtl 2
f 1925 1931 1923
usemtl 2
f 1925 1930 1931
usemtl 0
f 1828 1912 1829
usemtl 0
f 1914 1917 1916
usemtl 0
f 1888 1836 1835
usemtl 0
f 1826 1824 1827
usemtl 0
f 1920 1919 1921
usemtl 0
f 1918 1917 1914
usemtl 0
f 1912 1911 1910
usemtl 0
f 1825 1824 1826
usemtl 0
f 1916 1915 1914
usemtl 0
f 1918 1914 1919
usemtl 0
f 1905 1904 1903
usemtl 0
f 1914 1913 1912
usemtl 0
f 1914 1912 1919
usemtl 0
f 1888 1832 1890
usemtl 0
f 1901 1900 1902
usemtl 0
f 1890 1909 1891
usemtl 0
f 1907 1906 1905
usemtl 0
f 1907 1905 1908
usemtl 0
f 1898 1897 1896
usemtl 0
f 1905 1903 1908
usemtl 0
f 1900 1903 1902
usemtl 0
f 1908 1903 1900
usemtl 0
f 1894 1893 1896
usemtl 0
f 1900 1899 1898
usemtl 0
f 1900 1898 1896
usemtl 0
f 1841 1846 1845
usemtl 0
f 1893 1900 1896
usemtl 0
f 1873 1883 1882
usemtl 0
f 1896 1895 1894
usemtl 0
f 1891 1893 1892
usemtl 0
f 1891 1900 1893
usemtl 0
f 1908 1891 1909
usemtl 0
f 1908 1900 1891
usemtl 0
f 1888 1890 1889
usemtl 0
f 1888 1835 1834
usemtl 0
f 1886 1837 1887
usemtl 0
f 1840 1837 1841
usemtl 0
f 1849 1848 1873
usemtl 0
f 1885 1884 1886
usemtl 0
f 1884 1883 1886
usemtl 0
f 1873 1879 1878
usemtl 0
f 1882 1879 1873
usemtl 0
f 1881 1880 1882
usemtl 0
f 1878 1874 1873
usemtl 0
f 1880 1879 1882
usemtl 0
f 1852 1870 1854
usemtl 0
f 1877 1876 1878
usemtl 0
f 1876 1875 1874
usemtl 0
f 1876 1874 1878
usemtl 0
f 1850 1849 1852
usemtl 0
f 1873 1872 1871
usemtl 0
f 1849 1871 1852
usemtl 0
f 1870 1867 1857
usemtl 0
f 1869 1868 1870
usemtl 0
f 1868 1867 1870
usemtl 0
f 1861 1866 1865
usemtl 0
f 1863 1861 1864
usemtl 0
f 1861 1865 1864
usemtl 0
f 1861 1863 1862
usemtl 0
f 1867 1866 1861
usemtl 0
f 1867 1861 1857
usemtl 0
f 1857 1860 1859
usemtl 0
f 1861 1860 1857
usemtl 0
f 1859 1858 1857
usemtl 0
f 1855 1857 1856
usemtl 0
f 1870 1857 1855
usemtl 0
f 1870 1855 1854
usemtl 0
f 1871 1870 1852
usemtl 0
f 1854 1853 1852
usemtl 0
f 1849 1873 1871
usemtl 0
f 1852 1851 1850
usemtl 0
f 1886 1883 1848
usemtl 0
f 1848 1883 1873
usemtl 0
f 1886 1848 1837
usemtl 0
f 1848 1847 1846
usemtl 0
f 1848 1846 1837
usemtl 0
f 1841 1845 1842
usemtl 0
f 1844 1843 1845
usemtl 0
f 1843 1842 1845
usemtl 0
f 1838 1837 1840
usemtl 0
f 1837 1846 1841
usemtl 0
f 1837 1836 1887
usemtl 0
f 1840 1839 1838
usemtl 0
f 1836 1888 1887
usemtl 0
f 1909 1830 1829
usemtl 0
f 1888 1834 1832
usemtl 0
f 1890 1832 1830
usemtl 0
f 1834 1833 1832
usemtl 0
f 1910 1909 1829
usemtl 0
f 1890 1830 1909
usemtl 0
f 1832 1831 1830
usemtl 0
f 1910 1829 1912
usemtl 0
f 1919 1912 1828
usemtl 0
f 1921 1827 1824
usemtl 0
f 1828 1921 1919
usemtl 0
f 1828 1827 1921
o NL.IMBAG.Pand.0861100000371564-9
usemtl 0
f 1932 1933 1934
usemtl 0
f 1935 1936 1937
usemtl 0
f 1938 1939 1940
usemtl 0
f 1941 1942 1943
usemtl 0
f 1944 1945 1946
usemtl 0
f 1947 1932 1934
usemtl 0
f 1948 1949 1939
usemtl 0
f 1950 1951 1952
usemtl 0
f 1953 1954 1955
usemtl 0
f 1948 1939 1938
usemtl 0
f 1951 1956 1952
usemtl 0
f 1932 1938 1957
usemtl 0
f 1932 1948 1938
usemtl 0
f 1932 1957 1933
usemtl 0
f 1958 1941 1959
usemtl 0
f 1960 1951 1950
usemtl 0
f 1961 1962 1963
usemtl 0
f 1964 1951 1960
usemtl 0
f 1965 1966 1967
usemtl 0
f 1961 1968 1969
usemtl 0
f 1970 1962 1971
usemtl 0
f 1971 1962 1961
usemtl 0
f 1972 1966 1965
usemtl 0
f 1973 1974 1975
usemtl 0
f 1963 1965 1976
usemtl 0
f 1963 1972 1965
usemtl 0
f 1963 1976 1961
usemtl 0
f 1971 1961 1977
usemtl 0
f 1978 1973 1977
usemtl 0
f 1961 1969 1977
usemtl 0
f 1969 1978 1977
usemtl 0
f 1974 1979 1975
usemtl 0
f 1980 1981 1951
usemtl 0
f 1982 1983 1984
usemtl 0
f 1985 1986 1987
usemtl 0
f 1988 1986 1985
usemtl 0
f 1982 1984 1979
usemtl 0
f 1989 1990 1984
usemtl 0
f 1942 1941 1991
usemtl 0
f 1981 1992 1993
usemtl 0
f 1988 1990 1986
usemtl 0
f 1984 1988 1979
usemtl 0
f 1984 1990 1988
usemtl 0
f 1973 1975 1977
usemtl 0
f 1964 1980 1951
usemtl 0
f 1988 1975 1979
usemtl 0
f 1994 1995 1996
usemtl 0
f 1980 1997 1981
usemtl 0
f 1992 1998 1999
usemtl 0
f 2000 2001 1964
usemtl 0
f 2000 1964 1960
usemtl 0
f 1998 1992 2002
usemtl 0
f 2003 2004 2005
usemtl 0
f 1996 2006 2004
usemtl 0
f 1994 1996 2003
usemtl 0
f 1955 2007 2008
usemtl 0
f 1996 2004 2003
usemtl 0
f 2003 2005 2009
usemtl 0
f 2003 2009 2002
usemtl 0
f 2009 2010 2002
usemtl 0
f 2010 2011 2002
usemtl 0
f 2011 1998 2002
usemtl 0
f 1991 2012 2013
usemtl 0
f 2014 2015 2016
usemtl 0
f 2016 2017 1959
usemtl 0
f 2002 1981 1997
usemtl 0
f 2002 1992 1981
usemtl 0
f 1956 1975 1952
usemtl 0
f 2016 1959 1941
usemtl 0
f 2012 1958 2018
usemtl 0
f 2019 2020 2021
usemtl 0
f 2014 2016 1941
usemtl 0
f 2019 1991 2020
usemtl 0
f 1991 2019 2022
usemtl 0
f 1991 1941 2012
usemtl 0
f 1991 2022 2023
usemtl 0
f 2020 1991 2013
usemtl 0
f 1941 1958 2012
usemtl 0
f 2024 2025 1977
usemtl 0
f 2021 2020 2026
usemtl 0
f 2025 2027 1977
usemtl 0
f 2028 2029 2030
usemtl 0
f 2030 2031 2032
usemtl 0
f 2033 2023 2034
usemtl 0
f 2023 2022 2034
usemtl 0
f 2031 2035 2032
usemtl 0
f 2033 2036 2023
usemtl 0
f 2033 2037 2036
usemtl 0
f 1942 1956 1943
usemtl 0
f 2038 1956 1942
usemtl 0
f 2024 1956 2038
usemtl 0
f 1975 2024 1977
usemtl 0
f 1975 1956 2024
usemtl 0
f 2031 2030 2027
usemtl 0
f 2030 1977 2027
usemtl 0
f 2039 2030 2029
usemtl 0
f 2028 2040 2029
usemtl 0
f 2040 2041 2042
usemtl 0
f 2039 1977 2030
usemtl 0
f 2043 2044 2045
usemtl 0
f 2041 2040 2046
usemtl 0
f 2044 2047 2045
usemtl 0
f 2046 2048 2049
usemtl 0
f 2050 2047 2051
usemtl 0
f 2046 2049 2041
usemtl 0
f 2029 2040 2042
usemtl 0
f 2043 2029 2044
usemtl 0
f 2043 2039 2029
usemtl 0
f 1957 2045 2047
usemtl 0
f 1957 2047 2050
usemtl 0
f 2052 2051 2053
usemtl 0
f 2050 2051 2052
usemtl 0
f 2050 2052 2054
usemtl 0
f 1933 1957 2050
usemtl 0
f 2055 2050 2056
usemtl 0
f 2057 2050 2055
usemtl 0
f 2058 2050 2057
usemtl 0
f 1933 2058 2059
usemtl 0
f 1933 2050 2058
usemtl 0
f 1933 2059 1954
usemtl 0
f 2059 2060 2061
usemtl 0
f 2060 2062 2063
usemtl 0
f 2060 2063 2061
usemtl 0
f 2059 2064 1954
usemtl 0
f 2059 2061 2064
usemtl 0
f 2064 2065 1954
usemtl 0
f 2065 2066 1954
usemtl 0
f 2066 1955 1954
usemtl 0
f 2007 2067 2008
usemtl 0
f 1955 2008 1936
usemtl 0
f 2008 2068 1936
usemtl 0
f 2069 1936 1935
usemtl 0
f 2069 1955 1936
usemtl 0
f 2070 1935 2071
usemtl 0
f 2069 1935 2070
usemtl 0
f 1946 2072 1944
usemtl 0
f 1953 1955 2069
usemtl 0
f 2073 1945 1944
usemtl 0
f 2074 2075 2073
usemtl 0
f 2075 2074 2076
usemtl 0
f 2073 2075 2077
usemtl 0
f 2073 2077 1945
usemtl 0
f 1945 1953 2069
usemtl 0
f 1945 2077 1953
usemtl 2
f 2078 2079 1955
usemtl 2
f 2078 2080 2079
usemtl 2
f 2066 2078 1955
usemtl 2
f 2081 2082 2083
usemtl 2
f 2084 2081 2083
usemtl 2
f 2001 2085 1964
usemtl 2
f 2001 2086 2085
usemtl 2
f 2087 2088 2069
usemtl 2
f 2070 2087 2069
usemtl 2
f 2089 2086 2001
usemtl 2
f 2000 2089 2001
usemtl 2
f 2090 2091 2004
usemtl 2
f 2006 2090 2004
usemtl 2
f 2092 2090 2006
usemtl 2
f 1996 2092 2006
usemtl 2
f 2093 2094 2095
usemtl 2
f 2093 2096 2094
usemtl 2
f 1984 2097 1989
usemtl 2
f 1984 2098 2097
usemtl 2
f 2099 2092 1996
usemtl 2
f 1995 2099 1996
usemtl 2
f 2100 2101 2102
usemtl 2
f 2100 2103 2101
usemtl 2
f 1966 2104 1967
usemtl 2
f 1966 2105 2104
usemtl 2
f 2106 2107 2108
usemtl 2
f 2107 2109 2110
usemtl 2
f 2108 2107 2110
usemtl 2
f 2111 2112 2113
usemtl 2
f 2111 2114 2112
usemtl 2
f 2115 2116 1972
usemtl 2
f 1963 2115 1972
usemtl 2
f 1967 2117 1965
usemtl 2
f 1967 2104 2117
usemtl 2
f 2117 2118 2119
usemtl 2
f 1965 2117 2119
usemtl 2
f 1976 1965 2119
usemtl 2
f 2116 2105 1966
usemtl 2
f 1972 2116 1966
usemtl 2
f 2120 2115 1963
usemtl 2
f 2120 2121 2115
usemtl 2
f 1962 2120 1963
usemtl 2
f 1939 2122 1940
usemtl 2
f 1939 2123 2122
usemtl 2
f 2124 2121 2120
usemtl 2
f 2125 2124 2120
usemtl 2
f 2126 2123 1939
usemtl 2
f 1949 2126 1939
usemtl 2
f 2127 2128 2129
usemtl 2
f 2127 2130 2128
usemtl 2
f 2074 2131 2076
usemtl 2
f 2074 2132 2131
usemtl 2
f 1937 2133 1935
usemtl 2
f 1937 2134 2133
usemtl 2
f 2135 2136 2137
usemtl 2
f 2075 2135 2137
usemtl 2
f 2077 2075 2137
usemtl 2
f 2076 2135 2075
usemtl 2
f 2076 2131 2135
usemtl 2
f 1946 2138 2072
usemtl 2
f 1946 2139 2138
usemtl 2
f 2071 2087 2070
usemtl 2
f 2071 2140 2087
usemtl 2
f 2141 2142 2143
usemtl 2
f 2141 2144 2142
usemtl 2
f 1935 2140 2071
usemtl 2
f 1935 2133 2140
usemtl 2
f 2137 2145 1953
usemtl 2
f 2077 2137 1953
usemtl 2
f 2146 2147 2148
usemtl 2
f 2146 2149 2147
usemtl 2
f 2150 2151 2152
usemtl 2
f 2150 2153 2151
usemtl 2
f 2151 2154 2155
usemtl 2
f 2152 2151 2155
usemtl 2
f 2156 2152 2155
usemtl 2
f 2157 2158 2159
usemtl 2
f 2157 2160 2158
usemtl 2
f 2079 2161 2007
usemtl 2
f 1955 2079 2007
usemtl 2
f 2045 2162 2043
usemtl 2
f 2045 2163 2162
usemtl 2
f 2164 2165 2166
usemtl 2
f 2164 2167 2165
usemtl 2
f 2168 2169 2170
usemtl 2
f 2171 2168 2170
usemtl 2
f 2172 2170 2173
usemtl 2
f 2174 2172 2173
usemtl 2
f 2175 2176 2177
usemtl 2
f 2175 2178 2176
usemtl 2
f 2179 2180 2176
usemtl 2
f 2181 2179 2176
usemtl 2
f 2182 2183 2033
usemtl 2
f 2034 2182 2033
usemtl 2
f 2184 2185 2186
usemtl 2
f 2187 2184 2186
usemtl 2
f 2188 2189 2190
usemtl 2
f 2188 2191 2189
usemtl 2
f 2192 2191 2188
usemtl 2
f 2193 2192 2188
usemtl 2
f 2194 2195 2196
usemtl 2
f 1942 2194 2196
usemtl 2
f 2038 1942 2196
usemtl 2
f 2032 2197 2030
usemtl 2
f 2032 2198 2197
usemtl 2
f 2199 2200 2201
usemtl 2
f 1975 2199 2201
usemtl 2
f 1952 1975 2201
usemtl 2
f 2202 2194 1942
usemtl 2
f 1991 2202 1942
usemtl 2
f 2203 2204 2205
usemtl 2
f 2206 2203 2205
usemtl 2
f 2207 2203 2206
usemtl 2
f 2208 2207 2206
usemtl 2
f 2209 2210 2211
usemtl 2
f 2209 2212 2210
usemtl 2
f 2048 2213 2049
usemtl 2
f 2048 2214 2213
usemtl 2
f 2036 2215 2023
usemtl 2
f 2036 2216 2215
usemtl 2
f 2217 2218 2219
usemtl 2
f 2012 2217 2219
usemtl 2
f 2013 2012 2219
usemtl 2
f 2220 2221 2222
usemtl 2
f 2221 2223 2224
usemtl 2
f 2222 2221 2224
usemtl 2
f 2225 2129 2226
usemtl 2
f 2225 2227 2129
usemtl 2
f 2228 2229 2230
usemtl 2
f 2228 2231 2229
usemtl 2
f 2232 2233 2230
usemtl 2
f 2233 2228 2230
usemtl 2
f 2234 2217 2012
usemtl 2
f 2018 2234 2012
usemtl 2
f 2235 2234 2018
usemtl 2
f 2235 2236 2234
usemtl 2
f 1958 2235 2018
usemtl 2
f 1941 2237 2014
usemtl 2
f 1941 2238 2237
usemtl 2
f 2013 2239 2020
usemtl 2
f 2013 2219 2239
usemtl 2
f 2240 2241 2016
usemtl 2
f 2015 2240 2016
usemtl 2
f 2237 2240 2015
usemtl 2
f 2014 2237 2015
usemtl 2
f 2242 2243 2002
usemtl 2
f 2242 2244 2243
usemtl 2
f 1997 2242 2002
usemtl 2
f 2245 2244 2242
usemtl 2
f 2245 2246 2244
usemtl 2
f 2247 2245 2242
usemtl 2
f 2129 2248 2249
usemtl 2
f 2129 2128 2248
usemtl 2
f 2250 2226 2249
usemtl 2
f 2226 2129 2249
usemtl 2
f 2251 2252 1951
usemtl 2
f 1981 2251 1951
usemtl 2
f 2253 2251 1981
usemtl 2
f 1993 2253 1981
usemtl 2
f 2254 2255 2256
usemtl 2
f 2257 2254 2256
usemtl 2
f 2258 2259 2260
usemtl 2
f 2258 2261 2259
usemtl 2
f 2262 2261 2258
usemtl 2
f 2262 2263 2261
usemtl 2
f 2264 2265 1999
usemtl 2
f 1998 2264 1999
usemtl 2
f 2002 2266 2003
usemtl 2
f 2002 2243 2266
usemtl 2
f 2267 2268 2010
usemtl 2
f 2009 2267 2010
usemtl 2
f 2269 2270 2271
usemtl 2
f 2272 2269 2271
usemtl 2
f 2271 2273 2274
usemtl 2
f 2271 2270 2273
usemtl 2
f 2275 2276 2277
usemtl 2
f 2278 2275 2277
usemtl 2
f 2279 2184 2187
usemtl 2
f 2280 2279 2187
usemtl 2
f 2281 2280 2187
usemtl 2
f 2282 2283 2284
usemtl 2
f 2282 2285 2283
usemtl 2
f 2283 2286 2287
usemtl 2
f 2284 2283 2287
usemtl 2
f 2288 2285 2282
usemtl 2
f 2289 2288 2282
usemtl 2
f 2290 2288 2289
usemtl 2
f 2291 2290 2289
usemtl 2
f 2292 2293 2294
usemtl 2
f 2292 2295 2293
usemtl 2
f 2294 2296 2297
usemtl 2
f 2294 2293 2296
usemtl 2
f 2298 2223 2221
usemtl 2
f 2299 2298 2221
usemtl 2
f 2300 2269 2272
usemtl 2
f 2300 2301 2269
usemtl 2
f 2302 2290 2291
usemtl 2
f 2303 2302 2291
usemtl 2
f 2304 2305 2306
usemtl 2
f 2305 2307 2308
usemtl 2
f 2306 2305 2308
usemtl 2
f 2306 2309 2310
usemtl 2
f 2306 2308 2309
usemtl 2
f 2311 2306 2310
usemtl 2
f 2210 2298 2299
usemtl 2
f 2211 2210 2299
usemtl 2
f 2312 2313 2314
usemtl 2
f 2315 2312 2314
usemtl 2
f 2316 2317 2318
usemtl 2
f 2316 2319 2320
usemtl 2
f 2317 2321 2322
usemtl 2
f 2323 2317 2322
usemtl 2
f 2324 2325 2326
usemtl 2
f 2327 2324 2326
usemtl 2
f 2325 2328 2329
usemtl 2
f 2326 2325 2329
usemtl 2
f 2330 2312 2315
usemtl 2
f 2330 2331 2312
usemtl 2
f 2332 2333 2334
usemtl 2
f 2335 2332 2334
usemtl 2
f 2336 2337 2338
usemtl 2
f 2339 2336 2338
usemtl 2
f 2338 2340 2341
usemtl 2
f 2338 2337 2340
usemtl 2
f 2342 2238 1941
usemtl 2
f 1943 2342 1941
usemtl 2
f 2273 2336 2339
usemtl 2
f 2274 2273 2339
usemtl 2
f 2122 2130 2127
usemtl 2
f 1940 2122 2127
usemtl 2
f 1938 1940 2127
usemtl 2
f 2343 2344 1947
usemtl 2
f 2343 2345 2344
usemtl 2
f 1934 2343 1947
usemtl 2
f 2249 2345 2343
usemtl 2
f 2250 2249 2343
usemtl 2
f 2346 2342 1943
usemtl 2
f 2346 2347 2342
usemtl 2
f 1956 2346 1943
usemtl 2
f 2252 2346 1956
usemtl 2
f 1951 2252 1956
usemtl 2
f 2348 2349 2350
usemtl 2
f 2351 2348 2350
usemtl 2
f 2351 2352 2353
usemtl 2
f 2354 2351 2353
usemtl 2
f 2355 2356 2357
usemtl 2
f 2358 2355 2357
usemtl 2
f 2183 2359 2037
usemtl 2
f 2033 2183 2037
usemtl 2
f 2359 2216 2036
usemtl 2
f 2037 2359 2036
usemtl 2
f 2170 2360 2361
usemtl 2
f 2170 2169 2360
usemtl 2
f 2173 2170 2361
usemtl 2
f 2362 2363 2054
usemtl 2
f 2052 2362 2054
usemtl 2
f 2061 2364 2064
usemtl 2
f 2364 2365 2366
usemtl 2
f 2064 2364 2366
usemtl 2
f 2366 2367 2368
usemtl 2
f 2064 2366 2368
usemtl 2
f 2065 2064 2368
usemtl 2
f 2369 2370 2371
usemtl 2
f 2372 2369 2371
usemtl 2
f 2373 2355 2358
usemtl 2
f 2374 2373 2358
usemtl 2
f 2375 2373 2374
usemtl 2
f 2376 2375 2374
usemtl 2
f 2377 2376 2374
usemtl 2
f 2361 2378 2379
usemtl 2
f 2361 2360 2378
usemtl 2
f 2200 2380 2381
usemtl 2
f 2201 2200 2381
usemtl 2
f 2382 2383 2384
usemtl 2
f 1987 2382 2384
usemtl 2
f 1985 1987 2384
usemtl 2
f 2383 2385 2386
usemtl 2
f 2384 2383 2386
usemtl 2
f 2384 2387 1988
usemtl 2
f 1985 2384 1988
usemtl 2
f 2241 2388 2389
usemtl 2
f 2016 2241 2389
usemtl 2
f 2017 2016 2389
usemtl 2
f 2390 2391 2392
usemtl 2
f 2393 2390 2392
usemtl 2
f 2394 2395 2396
usemtl 2
f 2394 2397 2395
usemtl 2
f 2398 2399 2390
usemtl 2
f 2400 2398 2390
usemtl 2
f 2393 2400 2390
usemtl 2
f 2401 2347 2346
usemtl 2
f 2401 2402 2347
usemtl 2
f 2401 2275 2278
usemtl 2
f 2403 2401 2278
usemtl 2
f 2404 2405 2406
usemtl 2
f 2407 2404 2406
usemtl 2
f 2405 2408 2409
usemtl 2
f 2406 2405 2409
usemtl 2
f 2410 2411 2412
usemtl 2
f 2410 2413 2411
usemtl 2
f 2414 2095 2415
usemtl 2
f 2416 2414 2415
usemtl 2
f 2417 2416 2415
usemtl 2
f 2418 2419 2420
usemtl 2
f 2418 2421 2419
usemtl 2
f 2422 2423 2424
usemtl 2
f 2425 2422 2424
usemtl 2
f 2426 2427 2428
usemtl 2
f 2429 2426 2428
usemtl 2
f 2427 2430 2431
usemtl 2
f 2428 2427 2431
usemtl 2
f 2432 2433 2434
usemtl 2
f 2435 2432 2434
usemtl 2
f 2436 2437 2438
usemtl 2
f 2436 2439 2437
usemtl 2
f 2412 2440 2441
usemtl 2
f 2412 2411 2440
usemtl 2
f 2442 2334 2443
usemtl 2
f 2334 2333 2444
usemtl 2
f 2443 2334 2444
usemtl 2
f 2445 2446 2447
usemtl 2
f 2448 2445 2447
usemtl 2
f 2449 2450 2451
usemtl 2
f 2452 2453 2454
usemtl 2
f 2452 2455 2453
usemtl 2
f 2456 2457 2458
usemtl 2
f 2456 2459 2457
usemtl 2
f 1970 2120 1962
usemtl 2
f 1970 2460 2120
usemtl 2
f 2461 2462 2463
usemtl 2
f 2464 2461 2463
usemtl 2
f 2465 2464 2463
usemtl 2
f 2466 2461 2464
usemtl 2
f 2467 2466 2464
usemtl 2
f 2468 2469 2470
usemtl 2
f 2471 2468 2470
usemtl 2
f 2472 2468 2471
usemtl 2
f 2472 2473 2468
usemtl 2
f 2474 2475 2476
usemtl 2
f 2477 2474 2476
usemtl 2
f 2478 2479 2480
usemtl 2
f 1968 2478 2480
usemtl 2
f 1969 1968 2480
usemtl 2
f 2481 2102 1982
usemtl 2
f 1979 2481 1982
usemtl 2
f 2482 2483 2484
usemtl 2
f 2485 2482 2484
usemtl 2
f 2229 2486 2487
usemtl 2
f 2230 2229 2487
usemtl 2
f 2488 2489 2478
usemtl 2
f 1961 2488 2478
usemtl 2
f 1968 1961 2478
usemtl 2
f 2489 2490 2491
usemtl 2
f 2478 2489 2491
usemtl 2
f 2492 2478 2491
usemtl 2
f 2493 2494 2378
usemtl 2
f 2493 2495 2494
usemtl 2
f 2496 2497 2498
usemtl 2
f 2499 2496 2498
usemtl 2
f 2500 2501 2502
usemtl 2
f 2503 2500 2502
usemtl 2
f 2504 2505 2506
usemtl 2
f 2507 2500 2508
usemtl 2
f 2508 2504 2506
usemtl 2
f 2500 2504 2508
usemtl 2
f 2509 2510 2511
usemtl 2
f 2509 2512 2510
usemtl 2
f 2513 2514 2515
usemtl 2
f 2513 2516 2514
usemtl 2
f 2517 2518 2519
usemtl 2
f 2518 2520 2521
usemtl 2
f 2519 2518 2521
usemtl 2
f 2475 2516 2513
usemtl 2
f 2476 2475 2513
usemtl 2
f 2522 2495 2493
usemtl 2
f 2523 2522 2493
usemtl 2
f 2524 2523 2493
usemtl 2
f 2166 2525 2526
usemtl 2
f 2166 2165 2525
usemtl 2
f 2527 2166 2526
usemtl 2
f 2309 2528 2302
usemtl 2
f 2309 2529 2528
usemtl 2
f 2303 2310 2302
usemtl 2
f 2310 2309 2302
usemtl 2
f 2530 2531 2532
usemtl 2
f 2533 2530 2532
usemtl 2
f 2534 2535 2536
usemtl 2
f 2537 2534 2536
usemtl 2
f 2536 2538 2539
usemtl 2
f 2536 2535 2538
usemtl 2
f 2540 2536 2539
usemtl 2
f 2541 2542 2543
usemtl 2
f 2544 2541 2543
usemtl 2
f 2545 2544 2543
usemtl 2
f 2543 2546 2547
usemtl 2
f 2545 2543 2547
usemtl 2
f 2548 2549 2550
usemtl 2
f 2551 2548 2550
usemtl 2
f 2552 2402 2401
usemtl 2
f 2553 2552 2401
usemtl 2
f 2403 2553 2401
usemtl 2
f 2554 2555 2556
usemtl 2
f 2557 2554 2556
usemtl 2
f 2555 2558 2559
usemtl 2
f 2556 2555 2559
usemtl 2
f 2560 2556 2559
usemtl 2
f 2561 2562 2563
usemtl 2
f 2564 2561 2563
usemtl 2
f 2565 2566 2567
usemtl 2
f 2568 2565 2567
usemtl 2
f 2438 2569 2570
usemtl 2
f 2438 2437 2569
usemtl 2
f 2571 2572 2081
usemtl 2
f 2569 2571 2081
usemtl 2
f 2084 2570 2569
usemtl 2
f 2084 2569 2081
usemtl 2
f 2573 2571 2569
usemtl 2
f 2574 2573 2569
usemtl 2
f 2574 2575 2576
usemtl 2
f 2577 2574 2576
usemtl 2
f 2578 2579 2580
usemtl 2
f 2581 2578 2580
usemtl 2
f 2582 2583 2581
usemtl 2
f 2582 2581 2580
usemtl 2
f 2584 2585 2586
usemtl 2
f 2587 2584 2586
usemtl 2
f 2586 2588 2589
usemtl 2
f 2586 2585 2588
usemtl 2
f 2590 2414 2416
usemtl 2
f 2591 2590 2416
usemtl 2
f 2592 2590 2591
usemtl 2
f 2593 2592 2591
usemtl 2
f 2594 2422 2425
usemtl 2
f 2595 2594 2425
usemtl 2
f 2596 2597 2598
usemtl 2
f 2596 2599 2597
usemtl 2
f 2046 2600 2048
usemtl 2
f 2600 2601 2214
usemtl 2
f 2048 2600 2214
usemtl 2
f 2602 2365 2364
usemtl 2
f 2602 2603 2365
usemtl 2
f 2604 2605 2606
usemtl 2
f 2604 2607 2605
usemtl 2
f 2388 2607 2604
usemtl 2
f 2389 2388 2604
usemtl 2
f 2608 2389 2604
usemtl 2
f 2604 2207 2208
usemtl 2
f 2608 2604 2208
usemtl 2
f 2395 2398 2400
usemtl 2
f 2396 2395 2400
usemtl 2
f 2609 2126 1949
usemtl 2
f 2609 2610 2126
usemtl 2
f 1948 2609 1949
usemtl 2
f 2611 2609 1948
usemtl 2
f 1932 2611 1948
usemtl 2
f 1947 2611 1932
usemtl 2
f 1947 2344 2611
usemtl 2
f 2612 2613 2614
usemtl 2
f 2612 2615 2613
usemtl 2
f 2614 2616 2617
usemtl 2
f 2614 2613 2616
usemtl 2
f 2068 2618 1936
usemtl 2
f 2068 2619 2618
usemtl 2
f 1936 2134 1937
usemtl 2
f 1936 2618 2134
usemtl 2
f 2620 2621 2008
usemtl 2
f 2067 2620 2008
usemtl 2
f 2007 2620 2067
usemtl 2
f 2007 2161 2620
usemtl 2
f 2008 2619 2068
usemtl 2
f 2008 2621 2619
usemtl 2
f 2622 2623 2624
usemtl 2
f 2625 2622 2624
usemtl 2
f 2095 2594 2595
usemtl 2
f 2095 2094 2594
usemtl 2
f 2626 2095 2595
usemtl 2
f 2415 2095 2626
usemtl 2
f 2627 2628 2629
usemtl 2
f 2627 2417 2415
usemtl 2
f 2630 2631 2632
usemtl 2
f 2630 2633 2631
usemtl 2
f 2634 2236 2235
usemtl 2
f 2634 2630 2236
usemtl 2
f 2635 2636 2637
usemtl 2
f 2638 2635 2637
usemtl 2
f 2636 2124 2125
usemtl 2
f 2636 2639 2124
usemtl 2
f 2640 2637 2125
usemtl 2
f 2637 2636 2125
usemtl 2
f 2248 2641 2642
usemtl 2
f 2249 2248 2642
usemtl 2
f 2579 2096 2093
usemtl 2
f 2580 2579 2093
usemtl 2
f 2643 2580 2093
usemtl 2
f 2644 2581 2583
usemtl 2
f 2644 2645 2581
usemtl 2
f 1980 2242 1997
usemtl 2
f 1980 2644 2242
usemtl 2
f 2085 2645 2644
usemtl 2
f 1964 2085 2644
usemtl 2
f 1980 1964 2644
usemtl 2
f 2646 2647 2648
usemtl 2
f 2026 2646 2648
usemtl 2
f 2021 2026 2648
usemtl 2
f 2020 2646 2026
usemtl 2
f 2020 2239 2646
usemtl 2
f 2021 2222 2019
usemtl 2
f 2021 2648 2222
usemtl 2
f 2649 2599 2596
usemtl 2
f 2649 2650 2599
usemtl 2
f 2651 2652 2649
usemtl 2
f 2651 2649 2596
usemtl 2
f 2651 2653 2654
usemtl 2
f 2651 2596 2653
usemtl 2
f 2655 2397 2394
usemtl 2
f 2655 2656 2397
usemtl 2
f 2657 2656 2655
usemtl 2
f 2658 2657 2655
usemtl 2
f 2659 2660 2661
usemtl 2
f 2662 2659 2661
usemtl 2
f 2663 2662 2661
usemtl 2
f 2664 2665 2659
usemtl 2
f 2666 2664 2659
usemtl 2
f 2662 2666 2659
usemtl 2
f 2667 2668 2669
usemtl 2
f 2667 2670 2668
usemtl 2
f 2671 2667 2669
usemtl 2
f 2672 2673 2674
usemtl 2
f 2675 2672 2674
usemtl 2
f 2028 2676 2040
usemtl 2
f 2676 2677 2678
usemtl 2
f 2040 2676 2678
usemtl 2
f 2486 2677 2676
usemtl 2
f 2486 2679 2677
usemtl 2
f 2487 2486 2676
usemtl 2
f 2030 2676 2028
usemtl 2
f 2030 2197 2676
usemtl 2
f 2680 2681 2682
usemtl 2
f 2683 2680 2682
usemtl 2
f 2684 2685 2686
usemtl 2
f 2681 2684 2686
usemtl 2
f 2687 2682 2681
usemtl 2
f 2687 2681 2686
usemtl 2
f 2688 2114 2111
usemtl 2
f 2688 2689 2114
usemtl 2
f 2368 2690 2691
usemtl 2
f 2368 2367 2690
usemtl 2
f 2447 2691 2692
usemtl 2
f 2447 2446 2691
usemtl 2
f 2693 2694 2695
usemtl 2
f 2696 2693 2695
usemtl 2
f 2697 2693 2696
usemtl 2
f 2697 2698 2693
usemtl 2
f 2699 2700 2701
usemtl 2
f 2702 2699 2701
usemtl 2
f 2703 2704 2705
usemtl 2
f 2703 2706 2704
usemtl 2
f 2707 2703 2705
usemtl 2
f 2708 2706 2703
usemtl 2
f 2709 2708 2703
usemtl 2
f 2314 2710 2711
usemtl 2
f 2314 2313 2710
usemtl 2
f 2712 2713 2714
usemtl 2
f 2712 2715 2713
usemtl 2
f 2716 2712 2714
usemtl 2
f 2713 2717 2718
usemtl 2
f 2714 2713 2718
usemtl 2
f 2063 2364 2061
usemtl 2
f 2063 2719 2364
usemtl 2
f 2720 2721 2320
usemtl 2
f 2720 2722 2721
usemtl 2
f 2319 2720 2320
usemtl 2
f 2723 2724 2725
usemtl 2
f 2723 2726 2724
usemtl 2
f 2727 2723 2725
usemtl 2
f 2728 2729 2730
usemtl 2
f 2728 2731 2729
usemtl 2
f 2647 2649 2652
usemtl 2
f 2648 2647 2652
usemtl 2
f 2387 2199 1975
usemtl 2
f 1988 2387 1975
usemtl 2
f 2732 2733 2734
usemtl 2
f 2735 2732 2734
usemtl 2
f 2700 2712 2716
usemtl 2
f 2701 2700 2716
usemtl 2
f 2736 2737 2738
usemtl 2
f 2736 2739 2737
usemtl 2
f 2740 2736 2738
usemtl 2
f 2737 2741 2742
usemtl 2
f 2738 2737 2742
usemtl 2
f 2743 2744 2745
usemtl 2
f 2743 2746 2744
usemtl 2
f 2747 2748 2749
usemtl 2
f 2747 2750 2748
usemtl 2
f 2232 2750 2747
usemtl 2
f 2232 2230 2750
usemtl 2
f 2686 2751 2752
usemtl 2
f 2687 2686 2752
usemtl 2
f 2753 2687 2752
usemtl 2
f 2752 2680 2683
usemtl 2
f 2753 2752 2683
usemtl 2
f 2093 2754 2755
usemtl 2
f 2643 2093 2755
usemtl 2
f 2754 2756 2757
usemtl 2
f 2755 2754 2757
usemtl 2
f 2758 2759 2163
usemtl 2
f 1957 2758 2163
usemtl 2
f 2045 1957 2163
usemtl 2
f 2127 2758 1957
usemtl 2
f 1938 2127 1957
usemtl 2
f 2760 2761 2762
usemtl 2
f 2760 2763 2761
usemtl 2
f 2764 2765 2766
usemtl 2
f 2764 2767 2765
usemtl 2
f 2768 2764 2766
usemtl 2
f 2751 2769 2770
usemtl 2
f 2752 2751 2770
usemtl 2
f 2771 2772 2708
usemtl 2
f 2773 2771 2708
usemtl 2
f 2709 2773 2708
usemtl 2
f 2774 2771 2773
usemtl 2
f 2775 2774 2773
usemtl 2
f 2776 2777 2778
usemtl 2
f 2779 2776 2778
usemtl 2
f 2780 2779 2778
usemtl 2
f 2514 2781 2782
usemtl 2
f 2514 2783 2781
usemtl 2
f 2515 2514 2782
usemtl 2
f 2784 2785 2786
usemtl 2
f 2787 2784 2786
usemtl 2
f 2788 2789 2790
usemtl 2
f 2788 2791 2789
usemtl 2
f 2792 2788 2790
usemtl 2
f 2793 2788 2792
usemtl 2
f 2793 2587 2788
usemtl 2
f 2733 2794 2795
usemtl 2
f 2734 2733 2795
usemtl 2
f 2391 2796 2797
usemtl 2
f 2392 2391 2797
usemtl 2
f 2266 2798 1994
usemtl 2
f 2003 2266 1994
usemtl 2
f 2799 2800 2798
usemtl 2
f 2799 2801 2800
usemtl 2
f 2798 2099 1995
usemtl 2
f 2798 2800 2099
usemtl 2
f 1994 2798 1995
usemtl 2
f 2802 2803 2804
usemtl 2
f 2802 2805 2803
usemtl 2
f 2806 2807 2805
usemtl 2
f 2808 2806 2805
usemtl 2
f 2802 2808 2805
usemtl 2
f 1986 2382 1987
usemtl 2
f 1986 2809 2382
usemtl 2
f 2810 2811 2812
usemtl 2
f 2813 2810 2812
usemtl 2
f 2814 2166 2527
usemtl 2
f 2814 2815 2166
usemtl 2
f 2816 2814 2527
usemtl 2
f 2817 2815 2814
usemtl 2
f 2817 2818 2815
usemtl 2
f 2819 2818 2817
usemtl 2
f 2059 2819 2817
usemtl 2
f 2060 2059 2817
usemtl 2
f 2164 2820 2821
usemtl 2
f 2822 2164 2821
usemtl 2
f 2823 2814 2816
usemtl 2
f 2824 2823 2816
usemtl 2
f 2691 2825 2826
usemtl 2
f 2691 2690 2825
usemtl 2
f 2692 2691 2826
usemtl 2
f 2826 2827 2828
usemtl 2
f 2826 2825 2827
usemtl 2
f 2827 2829 2830
usemtl 2
f 2828 2827 2830
usemtl 2
f 2831 2828 2830
usemtl 2
f 2832 2409 2833
usemtl 2
f 2834 2832 2833
usemtl 2
f 2409 2592 2593
usemtl 2
f 2409 2408 2592
usemtl 2
f 2833 2409 2593
usemtl 2
f 2835 2231 2228
usemtl 2
f 2836 2835 2228
usemtl 2
f 2837 2228 2233
usemtl 2
f 2838 2837 2233
usemtl 2
f 2839 2840 2838
usemtl 2
f 2840 2841 2837
usemtl 2
f 2838 2840 2837
usemtl 2
f 2842 2843 2844
usemtl 2
f 2845 2842 2844
usemtl 2
f 2846 2845 2844
usemtl 2
f 2847 2848 2497
usemtl 2
f 2849 2847 2497
usemtl 2
f 2497 2850 2851
usemtl 2
f 2497 2848 2850
usemtl 2
f 2498 2497 2851
usemtl 2
f 2852 2778 2853
usemtl 2
f 2778 2777 2854
usemtl 2
f 2853 2778 2854
usemtl 2
f 2853 2855 2856
usemtl 2
f 2853 2854 2855
usemtl 2
f 2281 2307 2305
usemtl 2
f 2281 2187 2307
usemtl 2
f 2857 2305 2304
usemtl 2
f 2858 2857 2304
usemtl 2
f 2859 2860 2861
usemtl 2
f 2041 2859 2861
usemtl 2
f 2042 2041 2861
usemtl 2
f 2862 2863 2864
usemtl 2
f 2862 2865 2863
usemtl 2
f 2866 2103 2100
usemtl 2
f 2866 2867 2103
usemtl 2
f 2868 2809 1986
usemtl 2
f 2868 2869 2809
usemtl 2
f 1990 2868 1986
usemtl 2
f 2097 2868 1990
usemtl 2
f 1989 2097 1990
usemtl 2
f 2870 2871 2872
usemtl 2
f 2873 2874 2875
usemtl 2
f 2873 2876 2874
usemtl 2
f 2811 2877 2878
usemtl 2
f 2812 2811 2878
usemtl 2
f 2879 2880 2881
usemtl 2
f 2882 2879 2881
usemtl 2
f 2883 2879 2882
usemtl 2
f 2884 2883 2882
usemtl 2
f 2493 2885 2886
usemtl 2
f 2524 2493 2886
usemtl 2
f 2887 2886 2044
usemtl 2
f 2029 2887 2044
usemtl 2
f 2759 2888 2889
usemtl 2
f 2163 2759 2889
usemtl 2
f 2741 2890 2891
usemtl 2
f 2742 2741 2891
usemtl 2
f 2268 2892 2011
usemtl 2
f 2268 2893 2892
usemtl 2
f 2010 2268 2011
usemtl 2
f 2091 2894 2895
usemtl 2
f 2004 2091 2895
usemtl 2
f 2005 2004 2895
usemtl 2
f 2896 2897 2898
usemtl 2
f 2899 2896 2898
usemtl 2
f 2900 2896 2899
usemtl 2
f 2900 2901 2896
usemtl 2
f 2902 2903 2904
usemtl 2
f 2905 2902 2904
usemtl 2
f 2629 2832 2834
usemtl 2
f 2629 2906 2832
usemtl 2
f 2907 2908 2909
usemtl 2
f 2907 2910 2908
usemtl 2
f 2889 2227 2225
usemtl 2
f 2889 2888 2227
usemtl 2
f 2911 2912 2913
usemtl 2
f 2914 2911 2913
usemtl 2
f 2915 2783 2514
usemtl 2
f 2916 2915 2514
usemtl 2
f 2917 2520 2518
usemtl 2
f 2918 2917 2518
usemtl 2
f 2919 2920 2921
usemtl 2
f 2919 2922 2920
usemtl 2
f 2923 2924 2925
usemtl 2
f 2926 2923 2925
usemtl 2
f 2054 2925 2050
usemtl 2
f 2054 2363 2925
usemtl 2
f 2385 2927 2867
usemtl 2
f 2386 2385 2867
usemtl 2
f 2866 2386 2867
usemtl 2
f 2927 2869 2868
usemtl 2
f 2867 2927 2868
usemtl 2
f 2928 2929 2930
usemtl 2
f 2931 2928 2930
usemtl 2
f 2932 2933 2934
usemtl 2
f 2932 2935 2933
usemtl 2
f 2936 2935 2932
usemtl 2
f 2937 2936 2932
usemtl 2
f 2938 2554 2557
usemtl 2
f 2939 2938 2557
usemtl 2
f 2940 2936 2937
usemtl 2
f 2940 2941 2936
usemtl 2
f 2942 2938 2939
usemtl 2
f 2943 2942 2939
usemtl 2
f 2789 2944 2945
usemtl 2
f 2790 2789 2945
usemtl 2
f 2453 2946 2947
usemtl 2
f 2454 2453 2947
usemtl 2
f 2948 2454 2947
usemtl 2
f 2948 2949 2950
usemtl 2
f 2948 2947 2949
usemtl 2
f 2951 2952 2883
usemtl 2
f 2953 2951 2883
usemtl 2
f 2884 2953 2883
usemtl 2
f 2954 2955 2035
usemtl 2
f 2031 2954 2035
usemtl 2
f 2035 2198 2032
usemtl 2
f 2035 2955 2198
usemtl 2
f 2956 2957 2958
usemtl 2
f 2959 2956 2958
usemtl 2
f 2957 2960 2961
usemtl 2
f 2958 2957 2961
usemtl 2
f 2674 2962 2963
usemtl 2
f 2674 2673 2962
usemtl 2
f 2964 2746 2743
usemtl 2
f 2965 2964 2743
usemtl 2
f 2966 2967 2964
usemtl 2
f 2968 2966 2964
usemtl 2
f 2965 2968 2964
usemtl 2
f 2969 2778 2852
usemtl 2
f 2969 2970 2778
usemtl 2
f 2971 2972 2973
usemtl 2
f 2974 2971 2973
usemtl 2
f 2769 2974 2973
usemtl 2
f 2975 2976 2977
usemtl 2
f 2975 2978 2976
usemtl 2
f 2979 2980 2981
usemtl 2
f 2979 2982 2980
usemtl 2
f 2983 2672 2675
usemtl 2
f 2983 2984 2672
usemtl 2
f 2985 2984 2983
usemtl 2
f 2986 2985 2983
usemtl 2
f 2769 2987 2985
usemtl 2
f 2769 2973 2987
usemtl 2
f 2986 2770 2985
usemtl 2
f 2770 2769 2985
usemtl 2
f 2988 2989 2990
usemtl 2
f 2991 2988 2990
usemtl 2
f 2990 2764 2768
usemtl 2
f 2990 2989 2764
usemtl 2
f 2992 2971 2974
usemtl 2
f 2993 2992 2974
usemtl 2
f 2994 2992 2993
usemtl 2
f 2995 2994 2993
usemtl 2
f 2972 2767 2764
usemtl 2
f 2973 2972 2764
usemtl 2
f 2877 2996 2997
usemtl 2
f 2998 2999 2996
usemtl 2
f 2878 2877 2997
usemtl 2
f 2877 2998 2996
usemtl 2
f 2996 3000 3001
usemtl 2
f 2997 2996 3001
usemtl 2
f 2724 3002 3003
usemtl 2
f 2725 2724 3003
usemtl 2
f 3004 2725 3003
usemtl 2
f 2871 3005 3006
usemtl 2
f 2871 3007 3005
usemtl 2
f 2872 2871 3006
usemtl 2
f 3008 3009 3010
usemtl 2
f 3008 3011 3009
usemtl 2
f 3012 3013 3014
usemtl 2
f 2047 3012 3014
usemtl 2
f 2051 2047 3014
usemtl 2
f 2886 3012 2047
usemtl 2
f 2886 2885 3012
usemtl 2
f 2044 2886 2047
usemtl 2
f 3015 3016 3017
usemtl 2
f 3015 3018 3016
usemtl 2
f 3019 3020 3021
usemtl 2
f 3022 3019 3021
usemtl 2
f 3023 2322 3024
usemtl 2
f 3025 3023 3024
usemtl 2
f 3026 2404 2407
usemtl 2
f 3027 3026 2407
usemtl 2
f 2276 3026 3027
usemtl 2
f 2277 2276 3027
usemtl 2
f 1959 3028 1958
usemtl 2
f 3028 3029 2235
usemtl 2
f 1958 3028 2235
usemtl 2
f 2389 3028 1959
usemtl 2
f 2017 2389 1959
usemtl 2
f 2390 3030 3031
usemtl 2
f 2390 2399 3030
usemtl 2
f 3032 2966 2968
usemtl 2
f 3032 3033 2966
usemtl 2
f 3034 2923 2926
usemtl 2
f 3035 3034 2926
usemtl 2
f 3036 3035 2926
usemtl 2
f 2689 2922 2919
usemtl 2
f 2689 3037 2922
usemtl 2
f 3038 2954 2031
usemtl 2
f 2027 3038 2031
usemtl 2
f 3039 2791 2788
usemtl 2
f 3039 3040 2791
usemtl 2
f 2617 3041 3042
usemtl 2
f 2617 2616 3041
usemtl 2
f 3043 2615 2612
usemtl 2
f 3043 3044 2615
usemtl 2
f 3045 3046 3044
usemtl 2
f 3047 3045 3044
usemtl 2
f 3043 3047 3044
usemtl 2
f 2898 3048 3049
usemtl 2
f 2898 2897 3048
usemtl 2
f 3050 3051 3052
usemtl 2
f 3050 3053 3051
usemtl 2
f 3052 3054 3055
usemtl 2
f 3052 3051 3054
usemtl 2
f 3056 3057 3058
usemtl 2
f 3056 3059 3057
usemtl 2
f 3060 3056 3058
usemtl 2
f 3061 3062 3063
usemtl 2
f 3061 3064 3062
usemtl 2
f 2528 3065 3066
usemtl 2
f 2302 2528 3066
usemtl 2
f 3067 3066 3068
usemtl 2
f 3067 3069 3066
usemtl 2
f 2745 3070 3071
usemtl 2
f 2745 2744 3070
usemtl 2
f 3048 2482 2485
usemtl 2
f 3049 3048 2485
usemtl 2
f 3072 3073 3074
usemtl 2
f 3072 3075 3073
usemtl 2
f 3076 3072 3074
usemtl 2
f 3077 3075 3072
usemtl 2
f 3078 3077 3072
usemtl 2
f 3079 3080 3081
usemtl 2
f 3079 3082 3080
usemtl 2
f 2088 3083 3084
usemtl 2
f 2069 2088 3084
usemtl 2
f 1945 2069 3084
usemtl 2
f 2189 3085 3086
usemtl 2
f 2190 2189 3086
usemtl 2
f 2831 2699 2702
usemtl 2
f 2831 2830 2699
usemtl 2
f 3087 3088 3089
usemtl 2
f 2449 3087 3089
usemtl 2
f 2062 2719 2063
usemtl 2
f 2062 3090 2719
usemtl 2
f 2147 3091 3092
usemtl 2
f 2148 2147 3092
usemtl 2
f 3093 3094 3095
usemtl 2
f 3093 2813 3094
usemtl 2
f 3095 2481 1979
usemtl 2
f 3095 3094 2481
usemtl 2
f 1974 3095 1979
usemtl 2
f 1973 3095 1974
usemtl 2
f 1973 2808 3095
usemtl 2
f 2665 3096 3000
usemtl 2
f 2659 2665 3000
usemtl 2
f 3097 3098 3099
usemtl 2
f 3100 3097 3099
usemtl 2
f 2431 3101 1960
usemtl 2
f 2431 2430 3101
usemtl 2
f 1950 2431 1960
usemtl 2
f 3101 2089 2000
usemtl 2
f 1960 3101 2000
usemtl 2
f 1952 2431 1950
usemtl 2
f 1952 2201 2431
usemtl 2
f 3102 3103 3104
usemtl 2
f 3102 3105 3103
usemtl 2
f 3057 3106 3107
usemtl 2
f 3058 3057 3107
usemtl 2
f 2784 3108 3109
usemtl 2
f 2784 3110 3108
usemtl 2
f 2795 3110 2784
usemtl 2
f 2795 2794 3110
usemtl 2
f 2787 3111 2784
usemtl 2
f 3111 2795 2784
usemtl 2
f 2641 2610 2609
usemtl 2
f 2642 2641 2609
usemtl 2
f 3112 3113 3114
usemtl 2
f 3112 3115 3113
usemtl 2
f 2262 2253 1993
usemtl 2
f 1992 2262 1993
usemtl 2
f 2259 2254 2257
usemtl 2
f 2260 2259 2257
usemtl 2
f 3116 2726 2723
usemtl 2
f 3116 3117 2726
usemtl 2
f 2546 2723 2727
usemtl 2
f 2546 3118 2723
usemtl 2
f 2547 2546 2727
usemtl 2
f 3119 3120 3121
usemtl 2
f 3122 3119 3121
usemtl 2
f 3123 3119 3122
usemtl 2
f 3123 3124 3119
usemtl 2
f 2357 3097 3100
usemtl 2
f 2357 2356 3097
usemtl 2
f 3125 2357 3100
usemtl 2
f 3126 3127 3128
usemtl 2
f 3126 3129 3127
usemtl 2
f 3130 3131 3132
usemtl 2
f 3130 3133 3131
usemtl 2
f 3134 3130 3132
usemtl 2
f 3135 2080 2078
usemtl 2
f 3136 3135 2078
usemtl 2
f 3137 3138 3139
usemtl 2
f 3137 3140 3138
usemtl 2
f 2256 2255 2268
usemtl 2
f 2255 3141 2893
usemtl 2
f 2268 2255 2893
usemtl 2
f 2145 2951 2953
usemtl 2
f 1953 2145 2953
usemtl 2
f 1954 1953 2953
usemtl 2
f 2501 3142 3143
usemtl 2
f 2502 2501 3143
usemtl 2
f 2507 3144 3142
usemtl 2
f 2507 2508 3144
usemtl 2
f 2519 3145 3146
usemtl 2
f 2519 2521 3145
usemtl 2
f 2508 2841 2840
usemtl 2
f 2508 2506 2841
usemtl 2
f 3147 2917 2918
usemtl 2
f 3147 3148 2917
usemtl 2
f 3149 3150 3151
usemtl 2
f 3152 3149 3151
usemtl 2
f 3153 3151 3154
usemtl 2
f 3151 3150 3155
usemtl 2
f 3154 3151 3155
usemtl 2
f 3156 3157 3158
usemtl 2
f 3159 3156 3158
usemtl 2
f 3160 3159 3158
usemtl 2
f 3158 3161 3162
usemtl 2
f 3160 3158 3162
usemtl 2
f 3163 3164 3165
usemtl 2
f 3166 3163 3165
usemtl 2
f 3167 3168 3169
usemtl 2
f 3167 3170 3168
usemtl 2
f 2539 3171 3172
usemtl 2
f 2539 2538 3171
usemtl 2
f 3173 3174 3175
usemtl 2
f 3176 3173 3175
usemtl 2
f 2118 2639 2636
usemtl 2
f 2119 2118 2636
usemtl 2
f 2119 2488 1961
usemtl 2
f 1976 2119 1961
usemtl 2
f 2463 3177 3178
usemtl 2
f 2463 2462 3177
usemtl 2
f 2125 3179 3180
usemtl 2
f 2640 2125 3180
usemtl 2
f 3180 2460 1970
usemtl 2
f 3180 3179 2460
usemtl 2
f 1971 3180 1970
usemtl 2
f 3181 3182 3183
usemtl 2
f 3181 3184 3182
usemtl 2
f 3185 3186 3187
usemtl 2
f 3184 3185 3187
usemtl 2
f 3188 3189 3190
usemtl 2
f 3188 3191 3189
usemtl 2
f 3189 3192 3193
usemtl 2
f 3190 3189 3193
usemtl 2
f 3194 3195 2756
usemtl 2
f 3194 3196 3195
usemtl 2
f 3042 3197 3198
usemtl 2
f 3042 3041 3197
usemtl 2
f 3199 3200 3198
usemtl 2
f 3200 3042 3198
usemtl 2
f 3046 3201 3202
usemtl 2
f 3044 3046 3202
usemtl 2
f 3014 3203 3204
usemtl 2
f 3014 3013 3203
usemtl 2
f 2368 2078 2066
usemtl 2
f 2065 2368 2066
usemtl 2
f 3205 3206 3207
usemtl 2
f 2024 3205 3207
usemtl 2
f 2025 2024 3207
usemtl 2
f 3207 2684 2681
usemtl 2
f 3207 3206 2684
usemtl 2
f 2025 3038 2027
usemtl 2
f 2025 3207 3038
usemtl 2
f 2685 3118 2546
usemtl 2
f 2686 2685 2546
usemtl 2
f 2205 3029 3028
usemtl 2
f 2204 3208 3029
usemtl 2
f 2205 2204 3029
usemtl 2
f 3209 3210 3211
usemtl 2
f 3209 3212 3210
usemtl 2
f 3213 3214 3215
usemtl 2
f 3216 3213 3215
usemtl 2
f 3198 3213 3216
usemtl 2
f 3198 3197 3213
usemtl 2
f 3114 3217 3218
usemtl 2
f 3114 3113 3217
usemtl 2
f 2977 2565 2568
usemtl 2
f 2977 2976 2565
usemtl 2
f 2821 2168 2171
usemtl 2
f 2821 2820 2168
usemtl 2
f 3174 3219 3220
usemtl 2
f 3175 3174 3220
usemtl 2
f 3220 2650 2649
usemtl 2
f 3220 3219 2650
usemtl 2
f 2218 3173 3176
usemtl 2
f 2219 2218 3176
usemtl 2
f 2785 3221 3222
usemtl 2
f 2786 2785 3222
usemtl 2
f 3221 2584 2587
usemtl 2
f 3222 3221 2587
usemtl 2
f 2793 3222 2587
usemtl 2
f 3016 2167 2164
usemtl 2
f 3017 3016 2164
usemtl 2
f 2822 3017 2164
usemtl 2
f 3108 3223 3224
usemtl 2
f 3109 3108 3224
usemtl 2
f 3225 3109 3224
usemtl 2
f 3224 3226 3227
usemtl 2
f 3225 3224 3227
usemtl 2
f 3228 3156 3159
usemtl 2
f 3228 3229 3156
usemtl 2
f 2186 2529 2309
usemtl 2
f 2186 2185 2529
usemtl 2
f 3230 2578 2581
usemtl 2
f 3231 3230 2581
usemtl 2
f 3084 2139 1946
usemtl 2
f 1945 3084 1946
usemtl 2
f 3232 3233 3234
usemtl 2
f 3235 3232 3234
usemtl 2
f 3236 3232 3235
usemtl 2
f 3236 3237 3232
usemtl 2
f 3238 3236 3235
usemtl 2
f 3239 3240 3241
usemtl 2
f 3242 3239 3241
usemtl 2
f 3001 3000 3243
usemtl 2
f 3000 3096 3244
usemtl 2
f 3243 3000 3244
usemtl 2
f 3243 3245 3246
usemtl 2
f 3243 3244 3245
usemtl 2
f 2340 2942 2943
usemtl 2
f 2341 2340 2943
usemtl 2
f 2444 3019 3022
usemtl 2
f 2443 2444 3022
usemtl 2
f 2083 3247 3248
usemtl 2
f 2083 2082 3247
usemtl 2
f 3224 2332 2335
usemtl 2
f 3224 3223 2332
usemtl 2
f 2451 3249 3250
usemtl 2
f 2451 2450 3249
usemtl 2
f 3251 3087 2449
usemtl 2
f 2455 3251 2449
usemtl 2
f 3252 3253 3254
usemtl 2
f 3255 3252 3254
usemtl 2
f 3256 3257 3258
usemtl 2
f 3259 3256 3258
usemtl 2
f 2196 3205 2024
usemtl 2
f 2038 2196 2024
usemtl 2
f 3260 3261 3262
usemtl 2
f 3263 3260 3262
usemtl 2
f 3264 3265 3263
usemtl 2
f 3264 3263 3262
usemtl 2
f 3071 3263 3265
usemtl 2
f 3071 3070 3263
usemtl 2
f 2985 3266 3267
usemtl 2
f 2985 2987 3266
usemtl 2
f 2765 3268 3269
usemtl 2
f 2766 2765 3269
usemtl 2
f 3270 3271 3272
usemtl 2
f 3270 3273 3271
usemtl 2
f 2804 3274 3275
usemtl 2
f 2804 2803 3274
usemtl 2
f 2506 3276 3277
usemtl 2
f 2506 2505 3276
usemtl 2
f 3278 3279 3280
usemtl 2
f 3278 3281 3279
usemtl 2
f 3282 3283 3284
usemtl 2
f 3285 3282 3284
usemtl 2
f 3286 2331 2330
usemtl 2
f 3286 3287 2331
usemtl 2
f 3288 3089 3289
usemtl 2
f 3089 3088 3290
usemtl 2
f 3289 3089 3290
usemtl 2
f 3084 3236 3238
usemtl 2
f 3084 3083 3236
usemtl 2
f 2424 3230 3231
usemtl 2
f 2424 2423 3230
usemtl 2
f 3291 3292 3231
usemtl 2
f 3292 2424 3231
usemtl 2
f 3293 3294 3295
usemtl 2
f 3296 3293 3295
usemtl 2
f 3294 3297 3298
usemtl 2
f 3295 3294 3298
usemtl 2
f 3299 3130 3134
usemtl 2
f 3300 3301 3302
usemtl 2
f 2056 3300 3302
usemtl 2
f 2055 2056 3302
usemtl 2
f 2265 2263 2262
usemtl 2
f 1999 2265 2262
usemtl 2
f 1992 1999 2262
usemtl 2
f 3303 3304 3305
usemtl 2
f 3306 3303 3305
usemtl 2
f 3307 3308 3309
usemtl 2
f 3307 3310 3308
usemtl 2
f 3311 3312 3313
usemtl 2
f 3314 3311 3313
usemtl 2
f 3315 3316 3317
usemtl 2
f 3318 3315 3317
usemtl 2
f 3319 3282 3285
usemtl 2
f 3319 3320 3282
usemtl 2
f 3321 2911 2914
usemtl 2
f 3322 3321 2914
usemtl 2
f 2660 3321 3322
usemtl 2
f 2661 2660 3322
usemtl 2
f 2912 2999 2998
usemtl 2
f 2913 2912 2998
usemtl 2
f 3002 2998 2877
usemtl 2
f 3003 3002 2877
usemtl 2
f 2379 2378 3323
usemtl 2
f 2378 2494 3324
usemtl 2
f 3323 2378 3324
usemtl 2
f 3325 3326 3327
usemtl 2
f 3325 3328 3326
usemtl 2
f 3329 3330 3331
usemtl 2
f 3006 3005 3330
usemtl 2
f 3329 3006 3330
usemtl 2
f 3332 3333 3334
usemtl 2
f 3335 3332 3334
usemtl 2
f 3333 3336 3337
usemtl 2
f 3334 3333 3337
usemtl 2
f 3338 2466 2467
usemtl 2
f 3339 3338 2467
usemtl 2
f 2772 3340 3341
usemtl 2
f 2708 2772 3341
usemtl 2
f 3342 3343 3344
usemtl 2
f 3342 3345 3343
usemtl 2
f 3346 3344 3347
usemtl 2
f 3344 3343 3348
usemtl 2
f 3347 3344 3348
usemtl 2
f 2297 3349 3350
usemtl 2
f 2297 2296 3349
usemtl 2
f 3351 3352 3353
usemtl 2
f 3354 3351 3353
usemtl 2
f 3355 3356 3357
usemtl 2
f 3355 3358 3356
usemtl 2
f 3359 2679 2486
usemtl 2
f 3359 3360 2679
usemtl 2
f 3361 3362 3363
usemtl 2
f 3361 3364 3362
usemtl 2
f 3363 3362 2418
usemtl 2
f 3362 3365 2421
usemtl 2
f 2418 3362 2421
usemtl 2
f 2380 3364 3361
usemtl 2
f 2381 2380 3361
usemtl 2
f 3366 2381 3361
usemtl 2
f 3367 3077 3078
usemtl 2
f 3368 3367 3078
usemtl 2
f 3369 3367 3368
usemtl 2
f 3370 3369 3368
usemtl 2
f 3371 3370 3368
usemtl 2
f 3003 3372 3373
usemtl 2
f 3004 3003 3373
usemtl 2
f 3374 2857 2858
usemtl 2
f 3374 3375 2857
usemtl 2
f 3376 3374 2858
usemtl 2
f 3377 3378 3379
usemtl 2
f 3380 3377 3379
usemtl 2
f 3379 3381 3382
usemtl 2
f 3379 3378 3381
usemtl 2
f 3380 3383 3384
usemtl 2
f 3385 3380 3384
usemtl 2
f 3386 3387 3388
usemtl 2
f 3386 3389 3387
usemtl 2
f 2626 2670 2667
usemtl 2
f 2626 2595 2670
usemtl 2
f 2420 2910 2907
usemtl 2
f 2420 2419 2910
usemtl 2
f 2669 2668 3166
usemtl 2
f 2668 3390 3163
usemtl 2
f 3166 2668 3163
usemtl 2
f 3391 3392 3393
usemtl 2
f 3394 3391 3393
usemtl 2
f 3218 3395 3396
usemtl 2
f 3218 3217 3395
usemtl 2
f 3395 3397 3398
usemtl 2
f 3396 3395 3398
usemtl 2
f 3399 3115 3112
usemtl 2
f 3400 3399 3112
usemtl 2
f 3401 3402 3403
usemtl 2
f 3404 3401 3403
usemtl 2
f 3405 3406 3407
usemtl 2
f 3405 3408 3406
usemtl 2
f 3409 3410 3411
usemtl 2
f 3412 3409 3411
usemtl 2
f 2797 3208 2204
usemtl 2
f 2797 2796 3208
usemtl 2
f 3413 3414 3415
usemtl 2
f 3262 2518 2517
usemtl 2
f 3264 3262 2517
usemtl 2
f 3036 3416 3417
usemtl 2
f 3036 2926 3416
usemtl 2
f 2213 3418 2859
usemtl 2
f 2049 2213 2859
usemtl 2
f 2041 2049 2859
usemtl 2
f 3418 3419 3420
usemtl 2
f 2859 3418 3420
usemtl 2
f 2050 2925 2056
usemtl 2
f 2925 2924 3300
usemtl 2
f 2056 2925 3300
usemtl 2
f 3324 3421 3422
usemtl 2
f 3323 3324 3422
usemtl 2
f 3327 3212 3209
usemtl 2
f 3327 3326 3212
usemtl 2
f 3381 3018 3015
usemtl 2
f 3382 3381 3015
usemtl 2
f 3383 3389 3386
usemtl 2
f 3384 3383 3386
usemtl 2
f 1944 3423 2073
usemtl 2
f 3423 3424 3425
usemtl 2
f 2073 3423 3425
usemtl 2
f 3425 2132 2074
usemtl 2
f 2073 3425 2074
usemtl 2
f 3426 3424 3423
usemtl 2
f 3427 3426 3423
usemtl 2
f 3231 2426 2429
usemtl 2
f 3291 3231 2429
usemtl 2
f 3428 3429 3430
usemtl 2
f 3431 3428 3430
usemtl 2
f 3432 3428 3431
usemtl 2
f 3433 3432 3431
usemtl 2
f 2159 3432 3433
usemtl 2
f 2159 2158 3432
usemtl 2
f 3434 3435 3436
usemtl 2
f 3437 3434 3436
usemtl 2
f 2864 3320 3319
usemtl 2
f 2864 2863 3320
usemtl 2
f 2440 3409 3412
usemtl 2
f 2441 2440 3412
usemtl 2
f 2890 2522 2523
usemtl 2
f 2891 2890 2523
usemtl 2
f 2762 3438 3439
usemtl 2
f 2762 2761 3438
usemtl 2
f 2349 3440 3441
usemtl 2
f 2350 2349 3441
usemtl 2
f 2944 2795 3111
usemtl 2
f 2945 2944 3111
usemtl 2
f 3442 3443 2876
usemtl 2
f 3444 3442 2876
usemtl 2
f 2873 3444 2876
usemtl 2
f 3445 3442 3444
usemtl 2
f 3446 3445 3444
usemtl 2
f 2876 2732 2735
usemtl 2
f 2876 3443 2732
usemtl 2
f 3283 3447 3448
usemtl 2
f 3284 3283 3448
usemtl 2
f 3149 3449 2933
usemtl 2
f 3149 3450 3449
usemtl 2
f 3268 3450 3149
usemtl 2
f 3269 3268 3149
usemtl 2
f 3152 3269 3149
usemtl 2
f 2729 3451 3452
usemtl 2
f 2730 2729 3452
usemtl 2
f 3453 3454 3455
usemtl 2
f 3456 3453 3455
usemtl 2
f 3457 3458 3459
usemtl 2
f 3457 3460 3458
usemtl 2
f 3461 3462 3463
usemtl 2
f 3461 3464 3462
usemtl 2
f 3465 3461 3463
usemtl 2
f 3466 3467 3468
usemtl 2
f 3466 3469 3467
usemtl 2
f 3470 3347 2775
usemtl 2
f 3347 3348 2774
usemtl 2
f 2775 3347 2774
usemtl 2
f 2981 3471 3472
usemtl 2
f 2981 2980 3471
usemtl 2
f 3473 3011 3008
usemtl 2
f 3473 3474 3011
usemtl 2
f 3475 3474 3473
usemtl 2
f 3476 3475 3473
usemtl 2
f 3477 3478 3479
usemtl 2
f 3480 3477 3479
usemtl 2
f 2558 3477 3480
usemtl 2
f 2559 2558 3480
usemtl 2
f 3106 3481 3482
usemtl 2
f 3107 3106 3482
usemtl 2
f 3272 2432 2435
usemtl 2
f 3272 3271 2432
usemtl 2
f 3483 3272 2435
usemtl 2
f 2434 3484 3485
usemtl 2
f 2434 2433 3484
usemtl 2
f 3486 3033 3032
usemtl 2
f 3487 3486 3032
usemtl 2
f 3488 3489 2842
usemtl 2
f 3490 3488 2842
usemtl 2
f 2845 3490 2842
usemtl 2
f 2844 3469 3466
usemtl 2
f 2844 2843 3469
usemtl 2
f 2704 3351 3354
usemtl 2
f 2705 2704 3354
usemtl 2
f 3491 2739 2736
usemtl 2
f 3492 3491 2736
usemtl 2
f 3241 2835 2836
usemtl 2
f 3241 3240 2835
usemtl 2
f 3493 3241 2836
usemtl 2
f 3494 3082 3079
usemtl 2
f 3495 3494 3079
usemtl 2
f 3496 3494 3495
usemtl 2
f 3497 3496 3495
usemtl 2
f 3157 3498 3499
usemtl 2
f 3158 3157 3499
usemtl 2
f 3499 2324 2327
usemtl 2
f 3499 3498 2324
usemtl 2
f 3500 3499 2327
usemtl 2
f 2156 3105 3102
usemtl 2
f 2156 2155 3105
usemtl 2
f 3302 3501 2057
usemtl 2
f 2055 3302 2057
usemtl 2
f 2807 3502 3503
usemtl 2
f 2805 2807 3503
usemtl 2
f 3504 3251 2455
usemtl 2
f 3505 3504 2455
usemtl 2
f 2452 3505 2455
usemtl 2
f 3366 2424 3292
usemtl 2
f 3366 3361 2424
usemtl 2
f 3258 3287 3286
usemtl 2
f 3258 3257 3287
usemtl 2
f 3266 3506 3507
usemtl 2
f 3267 3266 3507
usemtl 2
f 2510 3260 3263
usemtl 2
f 2511 2510 3263
usemtl 2
f 2072 3423 1944
usemtl 2
f 2072 2138 3423
usemtl 2
f 3233 3426 3427
usemtl 2
f 3234 3233 3427
usemtl 2
f 3441 2601 2600
usemtl 2
f 3441 3440 2601
usemtl 2
f 3508 3441 2600
usemtl 2
f 2352 3441 3508
usemtl 2
f 2353 2352 3508
usemtl 2
f 3509 3510 3511
usemtl 2
f 3512 3509 3511
usemtl 2
f 2920 3360 3359
usemtl 2
f 2921 2920 3359
usemtl 2
f 2661 3513 3514
usemtl 2
f 2663 2661 3514
usemtl 2
f 3515 2663 3514
usemtl 2
f 3515 3516 3517
usemtl 2
f 3515 3514 3516
usemtl 2
f 3514 3064 3061
usemtl 2
f 3514 3513 3064
usemtl 2
f 2215 2202 1991
usemtl 2
f 2023 2215 1991
usemtl 2
f 2717 3445 3446
usemtl 2
f 2718 2717 3446
usemtl 2
f 2829 2715 2712
usemtl 2
f 2830 2829 2712
usemtl 2
f 2469 3518 3519
usemtl 2
f 2470 2469 3519
usemtl 2
f 3520 3521 3522
usemtl 2
f 3523 3520 3522
usemtl 2
f 3524 3525 3526
usemtl 2
f 3527 3524 3526
usemtl 2
f 3528 3303 3306
usemtl 2
f 3529 3528 3306
usemtl 2
f 3402 3520 3523
usemtl 2
f 3403 3402 3523
usemtl 2
f 2994 3464 3461
usemtl 2
f 2994 3530 3464
usemtl 2
f 3531 3461 3465
usemtl 2
f 3532 3531 3465
usemtl 2
f 2222 3533 2022
usemtl 2
f 2222 2224 3533
usemtl 2
f 2019 2222 2022
usemtl 2
f 3533 2182 2034
usemtl 2
f 2022 3533 2034
usemtl 2
f 2654 3358 3355
usemtl 2
f 2654 2653 3358
usemtl 2
f 3534 3227 3535
usemtl 2
f 3536 3534 3535
usemtl 2
f 3537 2334 2442
usemtl 2
f 3537 3538 2334
usemtl 2
f 3539 3534 3536
usemtl 2
f 3540 3539 3536
usemtl 2
f 3541 2153 2150
usemtl 2
f 3541 3542 2153
usemtl 2
f 3543 3544 3545
usemtl 2
f 3546 3543 3545
usemtl 2
f 3547 3543 3546
usemtl 2
f 3547 3548 3543
usemtl 2
f 3501 3549 2058
usemtl 2
f 3501 3550 3549
usemtl 2
f 2057 3501 2058
usemtl 2
f 3549 2819 2059
usemtl 2
f 2058 3549 2059
usemtl 2
f 3304 3551 3552
usemtl 2
f 3305 3304 3552
usemtl 2
f 3438 3553 2162
usemtl 2
f 3439 3438 2162
usemtl 2
f 3554 3491 3492
usemtl 2
f 3555 3554 3492
usemtl 2
f 3556 3555 3492
usemtl 2
f 3557 3129 3126
usemtl 2
f 3558 3557 3126
usemtl 2
f 3559 3550 3501
usemtl 2
f 3559 3560 3550
usemtl 2
f 3561 3559 3501
usemtl 2
f 3562 3557 3558
usemtl 2
f 3563 3562 3558
usemtl 2
f 2112 3564 3565
usemtl 2
f 2113 2112 3565
usemtl 2
f 3566 2306 2311
usemtl 2
f 3567 3566 2311
usemtl 2
f 2559 3566 3567
usemtl 2
f 2560 2559 3567
usemtl 2
f 2195 2279 2280
usemtl 2
f 2196 2195 2280
usemtl 2
f 2960 3272 3483
usemtl 2
f 2961 2960 3483
usemtl 2
f 2964 3273 3270
usemtl 2
f 2964 2967 3273
usemtl 2
f 2962 2956 2959
usemtl 2
f 2963 2962 2959
usemtl 2
f 2781 2928 2931
usemtl 2
f 2782 2781 2931
usemtl 2
f 2930 2915 2916
usemtl 2
f 2930 2929 2915
usemtl 2
f 3568 2930 2916
usemtl 2
f 2916 2474 2477
usemtl 2
f 3568 2916 2477
usemtl 2
f 3393 3569 3570
usemtl 2
f 3393 3392 3569
usemtl 2
f 3571 3572 3573
usemtl 2
f 3574 3571 3573
usemtl 2
f 3575 3574 3573
usemtl 2
f 3573 3453 3456
usemtl 2
f 3575 3573 3456
usemtl 2
f 3316 3391 3394
usemtl 2
f 3317 3316 3394
usemtl 2
f 3576 3577 3578
usemtl 2
f 3576 3579 3577
usemtl 2
f 3085 3580 3581
usemtl 2
f 3086 3085 3581
usemtl 2
f 2081 3582 3544
usemtl 2
f 2081 2572 3582
usemtl 2
f 3582 2573 2574
usemtl 2
f 3544 3582 2574
usemtl 2
f 2577 3545 3544
usemtl 2
f 2577 3544 2574
usemtl 2
f 3201 3583 3584
usemtl 2
f 3202 3201 3584
usemtl 2
f 2549 3584 3585
usemtl 2
f 2549 3586 3584
usemtl 2
f 2550 2549 3585
usemtl 2
f 3587 3588 3589
usemtl 2
f 3587 2436 3588
usemtl 2
f 3590 3591 3592
usemtl 2
f 3590 3593 3591
usemtl 2
f 3594 3595 3596
usemtl 2
f 3594 3597 3595
usemtl 2
f 3121 3488 3490
usemtl 2
f 3121 3120 3488
usemtl 2
f 2371 2109 2107
usemtl 2
f 2371 2370 2109
usemtl 2
f 3598 3007 2871
usemtl 2
f 3599 3598 2871
usemtl 2
f 3600 3601 3602
usemtl 2
f 3603 3600 3602
usemtl 2
f 3604 3603 3602
usemtl 2
f 3605 2801 2799
usemtl 2
f 3605 3606 2801
usemtl 2
f 3607 3608 3609
usemtl 2
f 3607 3610 3608
usemtl 2
f 3472 3610 3607
usemtl 2
f 3472 3471 3610
usemtl 2
f 3611 3185 3184
usemtl 2
f 3612 3611 3184
usemtl 2
f 3181 3612 3184
usemtl 2
f 3063 2536 2540
usemtl 2
f 3063 3062 2536
usemtl 2
f 2904 3172 3613
usemtl 2
f 2904 2903 3172
usemtl 2
f 3614 2902 2905
usemtl 2
f 3615 3614 2905
usemtl 2
f 3172 2318 2317
usemtl 2
f 3172 3171 2318
usemtl 2
f 2323 3613 2317
usemtl 2
f 3613 3172 2317
usemtl 2
f 3616 3611 3612
usemtl 2
f 3617 3616 3612
usemtl 2
f 3618 3619 3620
usemtl 2
f 3618 3621 3619
usemtl 2
f 3246 3621 3618
usemtl 2
f 3246 3245 3621
usemtl 2
f 3193 3229 3228
usemtl 2
f 3193 3192 3229
usemtl 2
f 3622 3623 3624
usemtl 2
f 3625 3622 3624
usemtl 2
f 3161 3622 3625
usemtl 2
f 3162 3161 3625
usemtl 2
f 3055 3499 3500
usemtl 2
f 3055 3054 3499
usemtl 2
f 3081 3496 3497
usemtl 2
f 3081 3080 3496
usemtl 2
f 2525 3377 3380
usemtl 2
f 2526 2525 3380
usemtl 2
f 3385 2526 3380
usemtl 2
f 3623 2561 2564
usemtl 2
f 3624 3623 2564
usemtl 2
f 2563 3053 3050
usemtl 2
f 2563 2562 3053
usemtl 2
f 3482 2901 2900
usemtl 2
f 3482 3481 2901
usemtl 2
f 3626 3627 3628
usemtl 2
f 3626 3629 3627
usemtl 2
f 3463 3133 3130
usemtl 2
f 3463 3462 3133
usemtl 2
f 3619 2664 2666
usemtl 2
f 3620 3619 2666
usemtl 2
f 3630 3252 3255
usemtl 2
f 3630 3631 3252
usemtl 2
f 3632 3630 3255
usemtl 2
f 2947 3631 3630
usemtl 2
f 2947 2946 3631
usemtl 2
f 3633 3089 3288
usemtl 2
f 3634 3633 3288
usemtl 2
f 3635 3636 3637
usemtl 2
f 3638 3635 3637
usemtl 2
f 3639 3640 3641
usemtl 2
f 3640 3642 3643
usemtl 2
f 3641 3640 3643
usemtl 2
f 3406 3640 3639
usemtl 2
f 3407 3406 3639
usemtl 2
f 3643 3633 3634
usemtl 2
f 3641 3643 3634
usemtl 2
f 3644 2982 2979
usemtl 2
f 3645 3644 2979
usemtl 2
f 2480 3331 1978
usemtl 2
f 1969 2480 1978
usemtl 2
f 3646 2107 2106
usemtl 2
f 3647 3646 2106
usemtl 2
f 3648 3649 3650
usemtl 2
f 3651 3648 3650
usemtl 2
f 2874 3648 3651
usemtl 2
f 2875 2874 3651
usemtl 2
f 3091 3652 3653
usemtl 2
f 3092 3091 3653
usemtl 2
f 3448 3654 3655
usemtl 2
f 3448 3447 3654
usemtl 2
f 3655 2865 2862
usemtl 2
f 3655 3654 2865
usemtl 2
f 2039 3656 1977
usemtl 2
f 2039 3657 3656
usemtl 2
f 3657 2763 2760
usemtl 2
f 3657 3658 2763
usemtl 2
f 3553 3658 3657
usemtl 2
f 2162 3553 3657
usemtl 2
f 2039 2043 2162
usemtl 2
f 2039 2162 3657
usemtl 2
f 3659 3606 3605
usemtl 2
f 3659 3660 3606
usemtl 2
f 3145 2504 2500
usemtl 2
f 3146 3145 2500
usemtl 2
f 2503 3146 2500
usemtl 2
f 2749 2748 2839
usemtl 2
f 2748 3661 2840
usemtl 2
f 2839 2748 2840
usemtl 2
f 3662 3663 3664
usemtl 2
f 3665 3662 3664
usemtl 2
f 3581 2736 2740
usemtl 2
f 3581 3580 2736
usemtl 2
f 3422 3554 3555
usemtl 2
f 3422 3421 3554
usemtl 2
f 2908 3666 3667
usemtl 2
f 2909 2908 3667
usemtl 2
f 3668 2909 3667
usemtl 2
f 3667 3669 3670
usemtl 2
f 3667 3666 3669
usemtl 2
f 3671 3390 2668
usemtl 2
f 3672 3671 2668
usemtl 2
f 3164 3072 3076
usemtl 2
f 3165 3164 3076
usemtl 2
f 3673 3191 3188
usemtl 2
f 3673 3674 3191
usemtl 2
f 1982 2102 1983
usemtl 2
f 2102 2101 3675
usemtl 2
f 1983 2102 3675
usemtl 2
f 3169 2160 2157
usemtl 2
f 3169 3168 2160
usemtl 2
f 3676 3677 3678
usemtl 2
f 3676 3679 3677
usemtl 2
f 3522 3679 3676
usemtl 2
f 3522 3521 3679
usemtl 2
f 3680 3681 2448
usemtl 2
f 3681 3682 2445
usemtl 2
f 2448 3681 2445
usemtl 2
f 2624 3683 3684
usemtl 2
f 2624 2623 3683
usemtl 2
f 3685 3629 3626
usemtl 2
f 3686 3685 3626
usemtl 2
f 3627 3530 2994
usemtl 2
f 3628 3627 2994
usemtl 2
f 2995 3628 2994
usemtl 2
f 2856 3531 3532
usemtl 2
f 2856 2855 3531
usemtl 2
f 3687 2731 2728
usemtl 2
f 3687 3688 2731
usemtl 2
f 3689 2413 2410
usemtl 2
f 3689 3690 2413
usemtl 2
f 3410 3690 3689
usemtl 2
f 3411 3410 3689
usemtl 2
f 3551 3691 3692
usemtl 2
f 3552 3551 3692
usemtl 2
f 2598 2295 2292
usemtl 2
f 2598 2597 2295
usemtl 2
f 3507 2512 2509
usemtl 2
f 3507 3506 2512
usemtl 2
f 3693 3239 3242
usemtl 2
f 3693 3694 3239
usemtl 2
f 3556 3695 3696
usemtl 2
f 3556 3492 3695
usemtl 2
f 2329 3293 3296
usemtl 2
f 2329 2328 3293
usemtl 2
f 3578 3315 3318
usemtl 2
f 3578 3577 3315
usemtl 2
f 2042 2887 2029
usemtl 2
f 2042 2861 2887
usemtl 2
f 3132 2541 2544
usemtl 2
f 3132 3131 2541
usemtl 2
f 3697 3616 3617
usemtl 2
f 3698 3697 3617
usemtl 2
f 3297 3699 3700
usemtl 2
f 3298 3297 3700
usemtl 2
f 3701 3702 3703
usemtl 2
f 3701 3704 3702
usemtl 2
f 3429 3170 3167
usemtl 2
f 3430 3429 3167
usemtl 2
f 3128 3705 3706
usemtl 2
f 3128 3127 3705
usemtl 2
f 3706 2178 2175
usemtl 2
f 3706 3705 2178
usemtl 2
f 2860 3707 3708
usemtl 2
f 2861 2860 3708
usemtl 2
f 3707 2179 2181
usemtl 2
f 3708 3707 2181
usemtl 2
f 3709 3708 2181
usemtl 2
f 3664 2978 2975
usemtl 2
f 3664 3663 2978
usemtl 2
f 3710 2703 2707
usemtl 2
f 3710 3711 2703
usemtl 2
f 2934 2933 3710
usemtl 2
f 2933 3449 3711
usemtl 2
f 3710 2933 3711
usemtl 2
f 3066 2212 2209
usemtl 2
f 3066 3065 2212
usemtl 2
f 3068 3066 2209
usemtl 2
f 3350 3069 3067
usemtl 2
f 3350 3349 3069
usemtl 2
f 3419 2357 3125
usemtl 2
f 3420 3419 3125
usemtl 2
f 3712 3713 3714
usemtl 2
f 3712 3715 3713
usemtl 2
f 3692 3715 3712
usemtl 2
f 3692 3691 3715
usemtl 2
f 3353 3716 3717
usemtl 2
f 3353 3352 3716
usemtl 2
f 3717 3718 3719
usemtl 2
f 3717 3716 3718
usemtl 2
f 3720 3662 3665
usemtl 2
f 3721 3720 3665
usemtl 2
f 2566 3720 3721
usemtl 2
f 2567 2566 3721
usemtl 2
f 3250 3597 3594
usemtl 2
f 3250 3249 3597
usemtl 2
f 3683 3722 3723
usemtl 2
f 3684 3683 3723
usemtl 2
f 3722 3724 3725
usemtl 2
f 3723 3722 3725
usemtl 2
f 3699 3726 3727
usemtl 2
f 3700 3699 3727
usemtl 2
f 3214 3586 2549
usemtl 2
f 3215 3214 2549
usemtl 2
f 3678 3401 3404
usemtl 2
f 3678 3677 3401
usemtl 2
f 3458 3524 3527
usemtl 2
f 3459 3458 3527
usemtl 2
f 3484 3486 3487
usemtl 2
f 3485 3484 3487
usemtl 2
f 3467 3347 3470
usemtl 2
f 3468 3467 3470
usemtl 2
f 2463 2496 2499
usemtl 2
f 2465 2463 2499
usemtl 2
f 3451 3460 3457
usemtl 2
f 3452 3451 3457
usemtl 2
f 3675 2098 1984
usemtl 2
f 1983 3675 1984
usemtl 2
f 3728 3375 3374
usemtl 2
f 3728 3116 3375
usemtl 2
f 2322 3374 3376
usemtl 2
f 2322 2321 3374
usemtl 2
f 3024 2322 3376
usemtl 2
f 1977 3180 1971
usemtl 2
f 1977 3656 3180
usemtl 2
f 3570 3579 3576
usemtl 2
f 3570 3569 3579
usemtl 2
f 3021 3729 3730
usemtl 2
f 3021 3020 3729
usemtl 2
f 3730 3542 3541
usemtl 2
f 3730 3729 3542
usemtl 2
f 3731 2722 2720
usemtl 2
f 3732 2622 2625
usemtl 2
f 3733 3732 2625
usemtl 2
f 3734 3548 3547
usemtl 2
f 3734 3735 3548
usemtl 2
f 3725 3237 3236
usemtl 2
f 3725 3724 3237
usemtl 2
f 3340 3345 3342
usemtl 2
f 3341 3340 3342
usemtl 2
f 3608 3434 3437
usemtl 2
f 3609 3608 3437
usemtl 2
f 3653 3736 3737
usemtl 2
f 3653 3652 3736
usemtl 2
f 3737 2149 2146
usemtl 2
f 3737 3736 2149
usemtl 2
f 3276 3148 3147
usemtl 2
f 3277 3276 3147
usemtl 2
f 3738 3277 3147
usemtl 2
f 3739 3059 3056
usemtl 2
f 3726 3056 3060
usemtl 2
f 3727 3726 3060
usemtl 2
f 2721 3117 3116
usemtl 2
f 2320 2721 3116
usemtl 2
f 3728 2320 3116
usemtl 2
f 3740 3151 3153
usemtl 2
f 3741 3740 3153
usemtl 2
f 3601 3740 3741
usemtl 2
f 3602 3601 3741
usemtl 2
f 3738 3600 3603
usemtl 2
f 3738 3147 3600
usemtl 2
f 3143 3661 2748
usemtl 2
f 3142 3144 3661
usemtl 2
f 3143 3142 3661
usemtl 2
f 3742 3694 3693
usemtl 2
f 3743 3742 3693
usemtl 2
f 3312 3475 3476
usemtl 2
f 3313 3312 3476
usemtl 2
f 3302 3034 3035
usemtl 2
f 3302 3301 3034
usemtl 2
f 3584 2439 2436
usemtl 2
f 3584 3583 2439
usemtl 2
f 3587 3585 2436
usemtl 2
f 3585 3584 2436
usemtl 2
f 3589 3593 3590
usemtl 2
f 3589 3588 3593
usemtl 2
f 2181 3562 3563
usemtl 2
f 3709 2181 3563
usemtl 2
f 3182 2530 2533
usemtl 2
f 3183 3182 2533
usemtl 2
f 3703 3744 3745
usemtl 2
f 3703 3702 3744
usemtl 2
f 3745 3310 3307
usemtl 2
f 3745 3744 3310
usemtl 2
f 3154 2941 2940
usemtl 2
f 3154 3155 2941
usemtl 2
f 3746 3538 3537
usemtl 2
f 3747 3746 3537
usemtl 2
f 3227 3746 3747
usemtl 2
f 3227 3226 3746
usemtl 2
f 3535 3227 3747
usemtl 2
f 3748 2603 2602
usemtl 2
f 3748 3749 2603
usemtl 2
f 2155 3750 3751
usemtl 2
f 2155 2154 3750
usemtl 2
f 3750 3749 3748
usemtl 2
f 3751 3750 3748
usemtl 2
f 3479 3023 3025
usemtl 2
f 3479 3478 3023
usemtl 2
f 3573 3752 3753
usemtl 2
f 3573 3572 3752
usemtl 2
f 3280 3332 3335
usemtl 2
f 3280 3279 3332
usemtl 2
f 3714 3528 3529
usemtl 2
f 3714 3713 3528
usemtl 2
f 3565 2192 2193
usemtl 2
f 3565 3564 2192
usemtl 2
f 3526 3688 3687
usemtl 2
f 3526 3525 3688
usemtl 2
f 3754 2667 2671
usemtl 2
f 3754 2906 2629
usemtl 2
f 2628 3754 2629
usemtl 2
f 2531 3614 3615
usemtl 2
f 2531 3755 3614
usemtl 2
f 2532 2531 3615
usemtl 2
f 3186 3755 2531
usemtl 2
f 3187 3186 2531
usemtl 2
f 3668 3671 3672
usemtl 2
f 3668 3667 3671
usemtl 2
f 3669 3365 3362
usemtl 2
f 3670 3669 3362
usemtl 2
f 3435 3644 3645
usemtl 2
f 3436 3435 3645
usemtl 2
f 3591 3042 3200
usemtl 2
f 3592 3591 3200
usemtl 2
f 3198 2548 2551
usemtl 2
f 3199 3198 2551
usemtl 2
f 3138 3630 3632
usemtl 2
f 3139 3138 3632
usemtl 2
f 3253 2144 2141
usemtl 2
f 3253 3756 2144
usemtl 2
f 3254 3253 2141
usemtl 2
f 3596 3756 3253
usemtl 2
f 3596 3595 3756
usemtl 2
f 3757 3635 3638
usemtl 2
f 3758 3757 3638
usemtl 2
f 2143 3757 3758
usemtl 2
f 2143 2142 3757
usemtl 2
f 3636 3759 3760
usemtl 2
f 3637 3636 3760
usemtl 2
f 3761 3637 3760
usemtl 2
f 3289 3762 3763
usemtl 2
f 3289 3290 3762
usemtl 2
f 3764 3504 3505
usemtl 2
f 3765 3764 3505
usemtl 2
f 3763 3256 3259
usemtl 2
f 3763 3762 3256
usemtl 2
f 3766 3415 3414
usemtl 2
f 3766 3767 3415
usemtl 2
f 3768 2633 2630
usemtl 2
f 2634 3768 2630
usemtl 2
f 2137 2459 2456
usemtl 2
f 2137 2136 2459
usemtl 2
f 2458 3408 3405
usemtl 2
f 2458 2457 3408
usemtl 2
f 2842 3344 3346
usemtl 2
f 2842 3489 3344
usemtl 2
f 2846 2776 2779
usemtl 2
f 2846 2844 2776
usemtl 2
f 3769 2779 2780
usemtl 2
f 3769 3178 3770
usemtl 2
f 3177 3338 3339
usemtl 2
f 3178 3177 3339
usemtl 2
f 3770 3178 3339
usemtl 2
f 2542 3685 3686
usemtl 2
f 2543 2542 3686
usemtl 2
f 2895 3660 3659
usemtl 2
f 2895 2894 3660
usemtl 2
f 2895 2267 2009
usemtl 2
f 2005 2895 2009
usemtl 2
f 3357 2221 2220
usemtl 2
f 3357 3356 2221
usemtl 2
f 2631 3767 3766
usemtl 2
f 2632 2631 3766
usemtl 2
f 3771 3772 3773
usemtl 2
f 3771 3136 3772
usemtl 2
f 2880 3681 3680
usemtl 2
f 2881 2880 3680
usemtl 2
f 3773 3682 3681
usemtl 2
f 3773 3772 3682
usemtl 2
f 2576 3774 3775
usemtl 2
f 2576 2575 3774
usemtl 2
f 3248 3735 3734
usemtl 2
f 3248 3247 3735
usemtl 2
f 3776 3311 3314
usemtl 2
f 3777 3776 3314
usemtl 2
f 3778 3776 3777
usemtl 2
f 3779 3778 3777
usemtl 2
f 3503 3780 3781
usemtl 2
f 3503 3502 3780
usemtl 2
f 3780 3598 3599
usemtl 2
f 3781 3780 3599
usemtl 2
f 3782 3783 3784
usemtl 2
f 3782 3785 3783
usemtl 2
f 3784 3786 3787
usemtl 2
f 3784 3783 3786
usemtl 2
f 3787 3788 3789
usemtl 2
f 3787 3786 3788
usemtl 2
f 3759 3642 3640
usemtl 2
f 3760 3759 3640
usemtl 2
f 3790 3732 3733
usemtl 2
f 3790 3791 3732
usemtl 2
f 3761 3791 3790
usemtl 2
f 3761 3760 3791
usemtl 2
f 3792 3742 3743
usemtl 2
f 3792 3793 3742
usemtl 2
f 3696 3793 3792
usemtl 2
f 3696 3695 3793
usemtl 2
f 3454 3794 3795
usemtl 2
f 3455 3454 3795
usemtl 2
f 3795 3796 3797
usemtl 2
f 3795 3794 3796
usemtl 2
f 3798 3124 3123
usemtl 2
f 3798 3799 3124
usemtl 2
f 3719 3799 3798
usemtl 2
f 3719 3718 3799
usemtl 2
f 3800 2988 2991
usemtl 2
f 3800 3801 2988
usemtl 2
f 3262 3801 3800
usemtl 2
f 3262 3261 3801
usemtl 2
f 3802 3369 3370
usemtl 2
f 3802 3803 3369
usemtl 2
f 3517 3370 3371
usemtl 2
f 3517 3516 3370
usemtl 2
f 3073 3803 3802
usemtl 2
f 3074 3073 3802
usemtl 2
f 3804 3074 3802
usemtl 2
f 3805 3697 3698
usemtl 2
f 3806 3805 3698
usemtl 2
f 3802 3805 3806
usemtl 2
f 3804 3802 3806
usemtl 2
f 3807 2657 2658
usemtl 2
f 3807 3808 2657
usemtl 2
f 2605 3809 3810
usemtl 2
f 2606 2605 3810
usemtl 2
f 3810 3808 3807
usemtl 2
f 3810 3809 3808
usemtl 2
f 2710 3764 3765
usemtl 2
f 2711 2710 3765
usemtl 2
f 2678 2600 2046
usemtl 2
f 2040 2678 2046
usemtl 2
f 2374 2348 2351
usemtl 2
f 2377 2374 2351
usemtl 2
f 2354 2377 2351
usemtl 2
f 3811 3704 3701
usemtl 2
f 3812 3811 3701
usemtl 2
f 3813 3814 3815
usemtl 2
f 3816 3813 3815
usemtl 2
f 3210 3813 3816
usemtl 2
f 3211 3210 3816
usemtl 2
f 3010 3778 3779
usemtl 2
f 3010 3009 3778
usemtl 2
f 3817 3140 3137
usemtl 2
f 3817 3818 3140
usemtl 2
f 2949 3819 3820
usemtl 2
f 2950 2949 3820
usemtl 2
f 3820 3818 3817
usemtl 2
f 3820 3819 3818
usemtl 2
f 3821 2246 2245
usemtl 2
f 3821 3822 2246
usemtl 2
f 3823 3824 3825
usemtl 2
f 3822 3823 3825
usemtl 2
f 3824 3196 3194
usemtl 2
f 3825 3824 3194
usemtl 2
f 2580 2245 2247
usemtl 2
f 2582 2580 2247
usemtl 2
f 2756 3823 3822
usemtl 2
f 2756 3195 3823
usemtl 2
f 3821 2757 3822
usemtl 2
f 2757 2756 3822
usemtl 2
f 2849 2970 2969
usemtl 2
f 3826 2849 2969
usemtl 2
f 2110 2847 2849
usemtl 2
f 2108 2110 2849
usemtl 2
f 3826 2108 2849
usemtl 2
f 3103 2823 2824
usemtl 2
f 3104 3103 2824
usemtl 2
f 3827 2369 2372
usemtl 2
f 3827 3828 2369
usemtl 2
f 2850 3828 3827
usemtl 2
f 2851 2850 3827
usemtl 2
f 2817 3090 2062
usemtl 2
f 2060 2817 2062
usemtl 2
f 3275 3373 3829
usemtl 2
f 3275 3274 3373
usemtl 2
f 3372 2810 2813
usemtl 2
f 3373 3372 2813
usemtl 2
f 3093 3829 3373
usemtl 2
f 3093 3373 2813
usemtl 2
f 3789 3830 3831
usemtl 2
f 3789 3788 3830
usemtl 2
f 3336 3571 3574
usemtl 2
f 3337 3336 3574
usemtl 2
f 3752 3832 3833
usemtl 2
f 3753 3752 3833
usemtl 2
f 3832 3834 3830
usemtl 2
f 3833 3832 3830
usemtl 2
f 3831 3830 3278
usemtl 2
f 3830 3834 3281
usemtl 2
f 3278 3830 3281
usemtl 2
f 3835 3836 3837
usemtl 2
f 3835 3838 3836
usemtl 2
f 3836 2473 2472
usemtl 2
f 3837 3836 2472
usemtl 2
f 3839 3838 3835
usemtl 2
f 3839 3840 3838
usemtl 2
f 3519 3840 3839
usemtl 2
f 3519 3518 3840
usemtl 2
f 3797 3785 3782
usemtl 2
f 3797 3796 3785
usemtl 2
f 3309 3841 3842
usemtl 2
f 3309 3308 3841
usemtl 2
f 3841 3811 3812
usemtl 2
f 3842 3841 3812
usemtl 2
f 3815 3328 3325
usemtl 2
f 3815 3814 3328
usemtl 2
f 3843 2172 2174
usemtl 2
f 3844 3843 2174
usemtl 2
f 3845 3040 3039
usemtl 2
f 3843 3845 3039
usemtl 2
f 3846 3845 3843
usemtl 2
f 3847 3846 3843
usemtl 2
f 3844 3847 3843
usemtl 2
f 3650 3846 3847
usemtl 2
f 3650 3649 3846
usemtl 2
f 3098 3848 3849
usemtl 2
f 3099 3098 3849
usemtl 2
f 3510 2375 2376
usemtl 2
f 3511 3510 2376
usemtl 2
f 3512 3037 2689
usemtl 2
f 3850 3512 2689
usemtl 2
f 2688 3850 2689
usemtl 2
f 3848 3509 3512
usemtl 2
f 3849 3848 3512
usemtl 2
f 3850 3851 3849
usemtl 2
f 3850 3849 3512
usemtl 2
f 2177 2176 3851
usemtl 2
f 2176 2180 3849
usemtl 2
f 3851 2176 3849
usemtl 2
f 3852 3853 3854
usemtl 2
f 3852 3855 3853
usemtl 2
f 3856 3852 3854
usemtl 2
f 3857 3852 3856
usemtl 2
f 3857 3858 3852
usemtl 2
f 3388 3858 3857
usemtl 2
f 3388 3387 3858
usemtl 2
f 3853 3859 3860
usemtl 2
f 3854 3853 3860
usemtl 2
f 3860 3539 3540
usemtl 2
f 3860 3859 3539
usemtl 2
f 2588 3855 3852
usemtl 2
f 2589 2588 3852
usemtl 2
f 2053 2362 2052
usemtl 2
f 2053 3861 2362
usemtl 2
f 3014 3861 2053
usemtl 2
f 2051 3014 2053
usemtl 2
f 2952 3135 3136
usemtl 2
f 2883 2952 3136
usemtl 2
f 3771 2883 3136
usemtl 2
f 3330 2806 2808
usemtl 2
f 3331 3330 2808
usemtl 2
f 1973 1978 3331
usemtl 2
f 1973 3331 2808
usemtl 2
f 3204 3560 3559
usemtl 2
f 3204 3203 3560
usemtl 2
f 3417 3559 3561
usemtl 2
f 3417 3416 3559
usemtl 2
f 3031 3862 3863
usemtl 2
f 3031 3030 3862
usemtl 2
f 2695 3864 3865
usemtl 2
f 2695 2694 3864
usemtl 2
f 3862 3866 3864
usemtl 2
f 3863 3862 3864
usemtl 2
f 3865 3864 2553
usemtl 2
f 3864 3866 2552
usemtl 2
f 2553 3864 2552
usemtl 2
f 2264 3141 2255
usemtl 2
f 2264 3867 3141
usemtl 2
f 2892 3867 2264
usemtl 2
f 2011 2892 2264
usemtl 2
f 1998 2011 2264
usemtl 2
f 2286 3868 2301
usemtl 2
f 2287 2286 2301
usemtl 2
f 2300 2287 2301
usemtl 2
f 2301 2698 2697
usemtl 2
f 2301 3868 2698
usemtl 2
f 2484 3674 3673
usemtl 2
f 2484 2483 3674
usemtl 2
f 1954 3869 1933
usemtl 2
f 1954 2953 3869
usemtl 2
f 1933 2343 1934
usemtl 2
f 1933 3869 2343
usemtl 2
f 3774 3045 3047
usemtl 2
f 3775 3774 3047
usemtl 2
f 3604 3241 3493
usemtl 2
f 3604 3602 3241
usemtl 2
f 3397 3399 3400
usemtl 2
f 3398 3397 3400
usemtl 2
f 2479 3006 3329
usemtl 2
f 2480 2479 3329
usemtl 2
f 2490 2635 2638
usemtl 2
f 2491 2490 2638
usemtl 2
f 2492 3646 3647
usemtl 2
f 2492 2491 3646
usemtl 1
f 2126 2610 2641
usemtl 1
f 2128 2123 2641
usemtl 1
f 2248 2128 2641
usemtl 1
f 2128 2130 2123
usemtl 1
f 2130 2122 2123
usemtl 1
f 2641 2123 2126
usemtl 1
f 2687 2753 2683
usemtl 1
f 2682 2687 2683
usemtl 1
f 2833 2593 2834
usemtl 1
f 2593 2591 2629
usemtl 1
f 2834 2593 2629
usemtl 1
f 2591 2627 2629
usemtl 1
f 2416 2417 2591
usemtl 1
f 2417 2627 2591
usemtl 1
f 2759 2758 2888
usemtl 1
f 2758 2129 2227
usemtl 1
f 2888 2758 2227
usemtl 1
f 2758 2127 2129
usemtl 1
f 2385 2869 2927
usemtl 1
f 2382 2809 2385
usemtl 1
f 2385 2809 2869
usemtl 1
f 2382 2385 2383
usemtl 1
f 2611 2642 2609
usemtl 1
f 2344 2345 2611
usemtl 1
f 2611 2249 2642
usemtl 1
f 2345 2249 2611
usemtl 1
f 2501 2507 3142
usemtl 1
f 2500 2507 2501
usemtl 1
f 2105 2639 2117
usemtl 1
f 2117 2639 2118
usemtl 1
f 2105 2117 2104
usemtl 1
f 2105 2116 2639
usemtl 1
f 2115 2124 2639
usemtl 1
f 2121 2124 2115
usemtl 1
f 2116 2115 2639
usemtl 1
f 2125 2460 3179
usemtl 1
f 2125 2120 2460
usemtl 1
f 2208 2205 3028
usemtl 1
f 2208 2206 2205
usemtl 1
f 2389 2608 2208
usemtl 1
f 2389 2208 3028
usemtl 1
f 2239 2219 3176
usemtl 1
f 3175 3220 2649
usemtl 1
f 2646 2239 2647
usemtl 1
f 3176 3175 2649
usemtl 1
f 3176 2649 2239
usemtl 1
f 2649 2647 2239
usemtl 1
f 2187 2186 2309
usemtl 1
f 2307 2187 2309
usemtl 1
f 2308 2307 2309
usemtl 1
f 2453 2455 2449
usemtl 1
f 2451 2453 2449
usemtl 1
f 2422 2094 2096
usemtl 1
f 2578 3230 2423
usemtl 1
f 2422 2096 2579
usemtl 1
f 2594 2094 2422
usemtl 1
f 2423 2422 2579
usemtl 1
f 2423 2579 2578
usemtl 1
f 2996 2999 2912
usemtl 1
f 3321 2660 2911
usemtl 1
f 2911 2996 2912
usemtl 1
f 3000 2996 2659
usemtl 1
f 2660 2659 2911
usemtl 1
f 2659 2996 2911
usemtl 1
f 2427 2426 3231
usemtl 1
f 2645 2085 2581
usemtl 1
f 2581 2427 3231
usemtl 1
f 2430 2427 3101
usemtl 1
f 2085 2427 2581
usemtl 1
f 2086 2089 2085
usemtl 1
f 3101 2427 2085
usemtl 1
f 2089 3101 2085
usemtl 1
f 2790 2945 3111
usemtl 1
f 2786 2790 2787
usemtl 1
f 2787 2790 3111
usemtl 1
f 2793 2790 2786
usemtl 1
f 2793 2786 3222
usemtl 1
f 2792 2790 2793
usemtl 1
f 2381 3366 3292
usemtl 1
f 2429 2381 3291
usemtl 1
f 3291 2381 3292
usemtl 1
f 2428 2431 2429
usemtl 1
f 2431 2201 2429
usemtl 1
f 2201 2381 2429
usemtl 1
f 3235 3234 3427
usemtl 1
f 3423 2138 3427
usemtl 1
f 3238 3235 3084
usemtl 1
f 3427 2138 3235
usemtl 1
f 2138 2139 3235
usemtl 1
f 2139 3084 3235
usemtl 1
f 2350 3441 2352
usemtl 1
f 2351 2350 2352
usemtl 1
f 2699 2830 2712
usemtl 1
f 2700 2699 2712
usemtl 1
f 2723 3118 3116
usemtl 1
f 3118 3375 3116
usemtl 1
f 2857 2281 2305
usemtl 1
f 2685 3375 3118
usemtl 1
f 2685 2857 3375
usemtl 1
f 2684 2857 2685
usemtl 1
f 3206 3205 2684
usemtl 1
f 3205 2281 2684
usemtl 1
f 2196 2280 3205
usemtl 1
f 2280 2281 3205
usemtl 1
f 2281 2857 2684
usemtl 1
f 2222 2648 2220
usemtl 1
f 2648 3357 2220
usemtl 1
f 3355 2652 2654
usemtl 1
f 2652 3357 2648
usemtl 1
f 2652 3355 3357
usemtl 1
f 2651 2654 2652
usemtl 1
f 2928 2915 2929
usemtl 1
f 2781 2783 2928
usemtl 1
f 2928 2783 2915
usemtl 1
f 2475 2474 2916
usemtl 1
f 2516 2475 2916
usemtl 1
f 2514 2516 2916
usemtl 1
f 2572 2573 3582
usemtl 1
f 2572 2571 2573
usemtl 1
f 3082 3496 3080
usemtl 1
f 3082 3494 3496
usemtl 1
f 2167 3377 2165
usemtl 1
f 2165 3377 2525
usemtl 1
f 3381 3377 2167
usemtl 1
f 3018 3381 3016
usemtl 1
f 3378 3377 3381
usemtl 1
f 3016 3381 2167
usemtl 1
f 2561 3623 2562
usemtl 1
f 3623 3054 3053
usemtl 1
f 2562 3623 3053
usemtl 1
f 3622 3161 3623
usemtl 1
f 3161 3054 3623
usemtl 1
f 3158 3499 3161
usemtl 1
f 3054 3051 3053
usemtl 1
f 3499 3054 3161
usemtl 1
f 3057 2901 3481
usemtl 1
f 3106 3057 3481
usemtl 1
f 3245 2664 3621
usemtl 1
f 3621 2664 3619
usemtl 1
f 3096 3245 3244
usemtl 1
f 2665 2664 3245
usemtl 1
f 2665 3245 3096
usemtl 1
f 3283 3282 3654
usemtl 1
f 3654 3282 3320
usemtl 1
f 3447 3283 3654
usemtl 1
f 3654 3320 2865
usemtl 1
f 3320 2863 2865
usemtl 1
f 2763 3658 3553
usemtl 1
f 2761 2763 3438
usemtl 1
f 3438 2763 3553
usemtl 1
f 2233 2749 2839
usemtl 1
f 2233 2232 2749
usemtl 1
f 2838 2233 2839
usemtl 1
f 2232 2747 2749
usemtl 1
f 2840 3661 3144
usemtl 1
f 2508 2840 3144
usemtl 1
f 3324 3554 3421
usemtl 1
f 2890 2495 2522
usemtl 1
f 2890 2741 3324
usemtl 1
f 3324 2741 3554
usemtl 1
f 2741 2739 3554
usemtl 1
f 2494 2890 3324
usemtl 1
f 2494 2495 2890
usemtl 1
f 2737 2739 2741
usemtl 1
f 2739 3491 3554
usemtl 1
f 2413 3690 3410
usemtl 1
f 2440 2413 3409
usemtl 1
f 3409 2413 3410
usemtl 1
f 2411 2413 2440
usemtl 1
f 2960 3270 3272
usemtl 1
f 2960 3070 3270
usemtl 1
f 2984 3507 2956
usemtl 1
f 2511 3263 2509
usemtl 1
f 3070 2744 2964
usemtl 1
f 2744 2746 2964
usemtl 1
f 3070 2964 3270
usemtl 1
f 2960 2956 3070
usemtl 1
f 2956 2960 2957
usemtl 1
f 2956 3263 3070
usemtl 1
f 2509 2956 3507
usemtl 1
f 2509 3263 2956
usemtl 1
f 2956 2962 2984
usemtl 1
f 2962 2673 2672
usemtl 1
f 2672 2984 2962
usemtl 1
f 3267 3507 2984
usemtl 1
f 2984 2985 3267
usemtl 1
f 3131 3685 2542
usemtl 1
f 3462 3627 3133
usemtl 1
f 2541 3131 2542
usemtl 1
f 3627 3629 3685
usemtl 1
f 3131 3133 3685
usemtl 1
f 3530 3462 3464
usemtl 1
f 3133 3627 3685
usemtl 1
f 3462 3530 3627
usemtl 1
f 3428 3170 3429
usemtl 1
f 3432 2158 3428
usemtl 1
f 3428 2158 3170
usemtl 1
f 2158 3168 3170
usemtl 1
f 2160 3168 2158
usemtl 1
f 2210 2212 3065
usemtl 1
f 2529 2185 2528
usemtl 1
f 2194 2185 2279
usemtl 1
f 2183 2182 2215
usemtl 1
f 2202 2185 2194
usemtl 1
f 2528 2185 2202
usemtl 1
f 2279 2185 2184
usemtl 1
f 2195 2194 2279
usemtl 1
f 2528 2202 3065
usemtl 1
f 2202 2210 3065
usemtl 1
f 2215 2210 2202
usemtl 1
f 2215 2182 3533
usemtl 1
f 2224 2223 3533
usemtl 1
f 2215 2223 2298
usemtl 1
f 2216 2183 2215
usemtl 1
f 2216 2359 2183
usemtl 1
f 2215 3533 2223
usemtl 1
f 2215 2298 2210
usemtl 1
f 3768 3767 2631
usemtl 1
f 2633 3768 2631
usemtl 1
f 2283 2285 2286
usemtl 1
f 3219 3413 3768
usemtl 1
f 2285 3768 2286
usemtl 1
f 3219 3768 2285
usemtl 1
f 3069 2288 2290
usemtl 1
f 3219 2285 2288
usemtl 1
f 3066 3069 2302
usemtl 1
f 3349 2296 3069
usemtl 1
f 2302 3069 2290
usemtl 1
f 2296 2293 2295
usemtl 1
f 3069 2296 2288
usemtl 1
f 2599 3219 2597
usemtl 1
f 2295 2288 2296
usemtl 1
f 3219 2288 2295
usemtl 1
f 2650 3219 2599
usemtl 1
f 2597 3219 2295
usemtl 1
f 3413 3767 3768
usemtl 1
f 3173 3413 3174
usemtl 1
f 3174 3413 3219
usemtl 1
f 3415 3767 3413
usemtl 1
f 3662 3720 2566
usemtl 1
f 2565 2978 3663
usemtl 1
f 2565 2976 2978
usemtl 1
f 2565 3663 2566
usemtl 1
f 3663 3662 2566
usemtl 1
f 2615 3586 3213
usemtl 1
f 3213 3586 3214
usemtl 1
f 2616 2615 3197
usemtl 1
f 3197 3041 2616
usemtl 1
f 2615 2616 2613
usemtl 1
f 3202 2615 3044
usemtl 1
f 3213 3197 2615
usemtl 1
f 3586 3202 3584
usemtl 1
f 3586 2615 3202
usemtl 1
f 3402 3401 3677
usemtl 1
f 3521 3402 3677
usemtl 1
f 3679 3521 3677
usemtl 1
f 3520 3402 3521
usemtl 1
f 3033 3486 3484
usemtl 1
f 2433 2432 3484
usemtl 1
f 2966 3273 2967
usemtl 1
f 3484 2432 3033
usemtl 1
f 3273 2966 3271
usemtl 1
f 2966 2432 3271
usemtl 1
f 3033 2432 2966
usemtl 1
f 2843 2842 3346
usemtl 1
f 3347 3467 3346
usemtl 1
f 3346 3467 2843
usemtl 1
f 3467 3469 2843
usemtl 1
f 2103 2098 3675
usemtl 1
f 2867 2098 2103
usemtl 1
f 2868 2098 2867
usemtl 1
f 2101 2103 3675
usemtl 1
f 2868 2097 2098
usemtl 1
f 2626 2667 3754
usemtl 1
f 2627 2626 3754
usemtl 1
f 2628 2627 3754
usemtl 1
f 2415 2626 2627
usemtl 1
f 2720 2316 3731
usemtl 1
f 2318 3171 3731
usemtl 1
f 2720 2319 2316
usemtl 1
f 3731 2316 2318
usemtl 1
f 2534 3731 3171
usemtl 1
f 2534 3171 2538
usemtl 1
f 2534 2538 2535
usemtl 1
f 3316 3315 3569
usemtl 1
f 3392 3316 3569
usemtl 1
f 3392 3391 3316
usemtl 1
f 3569 3315 3579
usemtl 1
f 3315 3577 3579
usemtl 1
f 3322 3513 2661
usemtl 1
f 2726 3117 2721
usemtl 1
f 2536 3064 2722
usemtl 1
f 2914 3064 3322
usemtl 1
f 3731 2537 2536
usemtl 1
f 3731 2536 2722
usemtl 1
f 2536 3062 3064
usemtl 1
f 3322 3064 3513
usemtl 1
f 2914 2913 3064
usemtl 1
f 2913 2724 3064
usemtl 1
f 2724 2722 3064
usemtl 1
f 3002 2913 2998
usemtl 1
f 2721 2722 2724
usemtl 1
f 2721 2724 2726
usemtl 1
f 3002 2724 2913
usemtl 1
f 2772 2774 3348
usemtl 1
f 2771 2774 2772
usemtl 1
f 3340 2772 3348
usemtl 1
f 3340 3348 3345
usemtl 1
f 3348 3343 3345
usemtl 1
f 2147 2149 3736
usemtl 1
f 3091 2147 3736
usemtl 1
f 3652 3091 3736
usemtl 1
f 2505 2504 3276
usemtl 1
f 2504 2917 3148
usemtl 1
f 3276 2504 3148
usemtl 1
f 3145 2917 2504
usemtl 1
f 2521 2520 3145
usemtl 1
f 2520 2917 3145
usemtl 1
f 2901 3059 2896
usemtl 1
f 2896 3059 3739
usemtl 1
f 3057 3059 2901
usemtl 1
f 2321 2320 3728
usemtl 1
f 2321 2316 2320
usemtl 1
f 3374 2321 3728
usemtl 1
f 2317 2316 2321
usemtl 1
f 3260 2510 3261
usemtl 1
f 2510 2988 3801
usemtl 1
f 3261 2510 3801
usemtl 1
f 2512 3266 2510
usemtl 1
f 3506 3266 2512
usemtl 1
f 3266 2989 2510
usemtl 1
f 2987 2973 2989
usemtl 1
f 2989 2988 2510
usemtl 1
f 2987 2989 3266
usemtl 1
f 2973 2764 2989
usemtl 1
f 2750 3143 2748
usemtl 1
f 2487 2676 2197
usemtl 1
f 2487 2750 2230
usemtl 1
f 2487 2197 2750
usemtl 1
f 2434 2198 2955
usemtl 1
f 2434 2955 2954
usemtl 1
f 2434 2954 3038
usemtl 1
f 2435 2434 2680
usemtl 1
f 2963 2958 2674
usemtl 1
f 3207 2681 3038
usemtl 1
f 2752 2770 2986
usemtl 1
f 2681 2680 3038
usemtl 1
f 2519 2502 3143
usemtl 1
f 2983 2675 2986
usemtl 1
f 2675 2752 2986
usemtl 1
f 2674 2752 2675
usemtl 1
f 2680 2752 2674
usemtl 1
f 2959 2958 2963
usemtl 1
f 2958 2435 2674
usemtl 1
f 2961 3483 2958
usemtl 1
f 3487 2434 3485
usemtl 1
f 3483 2435 2958
usemtl 1
f 2435 2680 2674
usemtl 1
f 2434 3038 2680
usemtl 1
f 2197 2198 2434
usemtl 1
f 3487 2197 2434
usemtl 1
f 2968 3487 3032
usemtl 1
f 2750 2197 3487
usemtl 1
f 2750 3487 2968
usemtl 1
f 2517 2743 2745
usemtl 1
f 2968 2965 2743
usemtl 1
f 2517 2745 3264
usemtl 1
f 3264 3071 3265
usemtl 1
f 2745 3071 3264
usemtl 1
f 2968 2517 2750
usemtl 1
f 2968 2743 2517
usemtl 1
f 2750 2519 3143
usemtl 1
f 2750 2517 2519
usemtl 1
f 2519 3146 2502
usemtl 1
f 3146 2503 2502
usemtl 1
f 2924 3034 3300
usemtl 1
f 3300 3034 3301
usemtl 1
f 2923 3034 2924
usemtl 1
f 2178 3127 2181
usemtl 1
f 2176 2178 2181
usemtl 1
f 3127 3562 2181
usemtl 1
f 3705 3127 2178
usemtl 1
f 3557 3562 3129
usemtl 1
f 3129 3562 3127
usemtl 1
f 2936 2941 3155
usemtl 1
f 3150 3149 3155
usemtl 1
f 2935 3149 2933
usemtl 1
f 3155 2935 2936
usemtl 1
f 3155 3149 2935
usemtl 1
f 3538 3746 3226
usemtl 1
f 2335 2334 3226
usemtl 1
f 3224 2335 3226
usemtl 1
f 2334 3538 3226
usemtl 1
f 2154 3749 3750
usemtl 1
f 2151 3749 2154
usemtl 1
f 2367 2366 2690
usemtl 1
f 3542 3019 2151
usemtl 1
f 2603 2366 2365
usemtl 1
f 3542 3729 3020
usemtl 1
f 3542 2151 2153
usemtl 1
f 3542 3020 3019
usemtl 1
f 2151 3019 3749
usemtl 1
f 3019 2444 3749
usemtl 1
f 2444 2603 3749
usemtl 1
f 2333 2332 2444
usemtl 1
f 2332 2603 2444
usemtl 1
f 3108 2794 2827
usemtl 1
f 3108 2332 3223
usemtl 1
f 2794 2733 2827
usemtl 1
f 3110 2794 3108
usemtl 1
f 2829 2732 2713
usemtl 1
f 2829 2713 2715
usemtl 1
f 3445 2717 2713
usemtl 1
f 3445 2713 3443
usemtl 1
f 3445 3443 3442
usemtl 1
f 3443 2713 2732
usemtl 1
f 2733 2732 2829
usemtl 1
f 2825 2603 2332
usemtl 1
f 2733 2829 2827
usemtl 1
f 3108 2827 2332
usemtl 1
f 2827 2825 2332
usemtl 1
f 2825 2366 2603
usemtl 1
f 2825 2690 2366
usemtl 1
f 3024 3376 2858
usemtl 1
f 3025 3024 2858
usemtl 1
f 3025 2858 3479
usemtl 1
f 3566 2304 2306
usemtl 1
f 3479 3566 2559
usemtl 1
f 2858 3566 3479
usemtl 1
f 2858 2304 3566
usemtl 1
f 3479 2559 3480
usemtl 1
f 3715 3528 3713
usemtl 1
f 3691 3551 3715
usemtl 1
f 3715 3303 3528
usemtl 1
f 3551 3304 3715
usemtl 1
f 3304 3303 3715
usemtl 1
f 2731 3688 3525
usemtl 1
f 3458 2731 3524
usemtl 1
f 3524 2731 3525
usemtl 1
f 3460 3451 2729
usemtl 1
f 3460 2729 3458
usemtl 1
f 2729 2731 3458
usemtl 1
f 2910 3365 3669
usemtl 1
f 2910 2419 3365
usemtl 1
f 3666 2908 3669
usemtl 1
f 2419 2421 3365
usemtl 1
f 2908 2910 3669
usemtl 1
f 2530 3187 2531
usemtl 1
f 3182 3184 3187
usemtl 1
f 2530 3182 3187
usemtl 1
f 2668 3668 3672
usemtl 1
f 2670 2909 2668
usemtl 1
f 2668 2909 3668
usemtl 1
f 2420 2907 2670
usemtl 1
f 2595 2424 2670
usemtl 1
f 2425 2424 2595
usemtl 1
f 2418 3361 3363
usemtl 1
f 2424 2418 2670
usemtl 1
f 2424 3361 2418
usemtl 1
f 2418 2420 2670
usemtl 1
f 2670 2907 2909
usemtl 1
f 3671 3163 3390
usemtl 1
f 3072 3164 3368
usemtl 1
f 3667 3368 3671
usemtl 1
f 3364 2662 3362
usemtl 1
f 3078 3072 3368
usemtl 1
f 2102 2481 2812
usemtl 1
f 3164 3163 3368
usemtl 1
f 3670 3368 3667
usemtl 1
f 3368 3163 3671
usemtl 1
f 3371 3368 3670
usemtl 1
f 3371 3670 3517
usemtl 1
f 3670 3362 3517
usemtl 1
f 2662 3364 2380
usemtl 1
f 2199 2380 2200
usemtl 1
f 2662 2380 2199
usemtl 1
f 2663 3362 2662
usemtl 1
f 2384 2386 2387
usemtl 1
f 2100 2812 2866
usemtl 1
f 2386 2866 2387
usemtl 1
f 2102 2812 2100
usemtl 1
f 2812 2387 2866
usemtl 1
f 2813 2481 3094
usemtl 1
f 3001 3243 2878
usemtl 1
f 2813 2812 2481
usemtl 1
f 3243 3246 3618
usemtl 1
f 2997 3001 2878
usemtl 1
f 3243 2812 2878
usemtl 1
f 3243 3618 2812
usemtl 1
f 3618 2387 2812
usemtl 1
f 2199 3620 2666
usemtl 1
f 3620 2387 3618
usemtl 1
f 2199 2387 3620
usemtl 1
f 2666 2662 2199
usemtl 1
f 3517 2663 3515
usemtl 1
f 3517 3362 2663
usemtl 1
f 3434 3644 3435
usemtl 1
f 3608 3610 3434
usemtl 1
f 3434 2980 3644
usemtl 1
f 3610 3471 3434
usemtl 1
f 3471 2980 3434
usemtl 1
f 2980 2982 3644
usemtl 1
f 3216 3215 3198
usemtl 1
f 3215 2549 2548
usemtl 1
f 3198 3215 2548
usemtl 1
f 2946 3596 3253
usemtl 1
f 3252 3631 2946
usemtl 1
f 3253 3252 2946
usemtl 1
f 3596 2946 3594
usemtl 1
f 2946 2453 3250
usemtl 1
f 2946 3250 3594
usemtl 1
f 2453 2451 3250
usemtl 1
f 2796 3768 2634
usemtl 1
f 2235 3029 3208
usemtl 1
f 2634 2235 3208
usemtl 1
f 2634 3208 2796
usemtl 1
f 3342 3344 3489
usemtl 1
f 3488 3342 3489
usemtl 1
f 2706 2708 2704
usemtl 1
f 3488 3351 3341
usemtl 1
f 3341 2704 2708
usemtl 1
f 3341 3351 2704
usemtl 1
f 3342 3488 3341
usemtl 1
f 3466 2776 2844
usemtl 1
f 3468 3531 2855
usemtl 1
f 3466 2855 2776
usemtl 1
f 3531 2971 2992
usemtl 1
f 2775 3468 3470
usemtl 1
f 3268 2765 2775
usemtl 1
f 2703 3268 2773
usemtl 1
f 2703 2773 2709
usemtl 1
f 3711 3449 2703
usemtl 1
f 2703 3449 3268
usemtl 1
f 3449 3450 3268
usemtl 1
f 2773 3268 2775
usemtl 1
f 2775 2765 3468
usemtl 1
f 2971 2767 2972
usemtl 1
f 2765 2767 2971
usemtl 1
f 3531 2765 2971
usemtl 1
f 3531 2992 3461
usemtl 1
f 2992 2994 3461
usemtl 1
f 3468 2765 3531
usemtl 1
f 2776 2855 2777
usemtl 1
f 3466 3468 2855
usemtl 1
f 2777 2855 2854
usemtl 1
f 2466 3338 3177
usemtl 1
f 2461 2466 2462
usemtl 1
f 2462 2466 3177
usemtl 1
f 3628 2751 3626
usemtl 1
f 2995 2993 2974
usemtl 1
f 3626 2543 3686
usemtl 1
f 2995 2751 3628
usemtl 1
f 2751 2995 2769
usemtl 1
f 2995 2974 2769
usemtl 1
f 2543 3626 2751
usemtl 1
f 2543 2751 2686
usemtl 1
f 2543 2686 2546
usemtl 1
f 2091 3660 2894
usemtl 1
f 2090 2092 2091
usemtl 1
f 2092 3660 2091
usemtl 1
f 2801 2099 2800
usemtl 1
f 2092 2801 3660
usemtl 1
f 2801 3606 3660
usemtl 1
f 2092 2099 2801
usemtl 1
f 2262 2258 2260
usemtl 1
f 2252 2414 2592
usemtl 1
f 2408 2405 2592
usemtl 1
f 2256 2268 2243
usemtl 1
f 2251 2253 2262
usemtl 1
f 2257 2243 3825
usemtl 1
f 2093 2095 2414
usemtl 1
f 2257 2256 2243
usemtl 1
f 2093 2414 2754
usemtl 1
f 2414 2590 2592
usemtl 1
f 2405 2252 2592
usemtl 1
f 2404 2252 2405
usemtl 1
f 3026 2276 2404
usemtl 1
f 2276 2346 2404
usemtl 1
f 2346 2252 2404
usemtl 1
f 2346 2276 2275
usemtl 1
f 2252 2754 2414
usemtl 1
f 2275 2401 2346
usemtl 1
f 2756 2252 2251
usemtl 1
f 2756 2754 2252
usemtl 1
f 2756 2251 3194
usemtl 1
f 2251 2262 2260
usemtl 1
f 3194 2251 2260
usemtl 1
f 3194 2260 3825
usemtl 1
f 2260 2257 3825
usemtl 1
f 3605 2243 2268
usemtl 1
f 3605 2268 2267
usemtl 1
f 3605 2267 3659
usemtl 1
f 2267 2895 3659
usemtl 1
f 2246 3822 3825
usemtl 1
f 2243 2246 3825
usemtl 1
f 2799 2798 2266
usemtl 1
f 2799 2266 3605
usemtl 1
f 2266 2243 3605
usemtl 1
f 2244 2246 2243
usemtl 1
f 3358 2221 3356
usemtl 1
f 2653 2299 3358
usemtl 1
f 3358 2299 2221
usemtl 1
f 2596 2598 2653
usemtl 1
f 2598 2299 2653
usemtl 1
f 2292 2294 2598
usemtl 1
f 2294 2299 2598
usemtl 1
f 2297 2209 2294
usemtl 1
f 3350 2209 2297
usemtl 1
f 3067 3068 3350
usemtl 1
f 2209 2299 2294
usemtl 1
f 2211 2299 2209
usemtl 1
f 3068 2209 3350
usemtl 1
f 3414 2218 2217
usemtl 1
f 3766 3414 2217
usemtl 1
f 2217 2632 3766
usemtl 1
f 3413 3173 3414
usemtl 1
f 3173 2218 3414
usemtl 1
f 2632 2217 2236
usemtl 1
f 2217 2234 2236
usemtl 1
f 2632 2236 2630
usemtl 1
f 2078 3682 3772
usemtl 1
f 2446 3682 2078
usemtl 1
f 3136 2078 3772
usemtl 1
f 2446 2368 2691
usemtl 1
f 3682 2446 2445
usemtl 1
f 2078 2368 2446
usemtl 1
f 2450 3089 3249
usemtl 1
f 3635 3642 3636
usemtl 1
f 2449 3089 2450
usemtl 1
f 3636 3642 3759
usemtl 1
f 2142 3635 3757
usemtl 1
f 3595 3642 3635
usemtl 1
f 2144 3635 2142
usemtl 1
f 3595 2144 3756
usemtl 1
f 3595 3635 2144
usemtl 1
f 3643 3642 3597
usemtl 1
f 3597 3642 3595
usemtl 1
f 3643 3597 3249
usemtl 1
f 3249 3089 3633
usemtl 1
f 3249 3633 3643
usemtl 1
f 3544 3735 3247
usemtl 1
f 2081 3544 2082
usemtl 1
f 2082 3544 3247
usemtl 1
f 3544 3548 3735
usemtl 1
f 3543 3548 3544
usemtl 1
f 3275 3829 3093
usemtl 1
f 3095 2808 3093
usemtl 1
f 2804 2808 2802
usemtl 1
f 3093 2804 3275
usemtl 1
f 3093 2808 2804
usemtl 1
f 2949 3818 3819
usemtl 1
f 2947 3630 2949
usemtl 1
f 2949 3140 3818
usemtl 1
f 3630 3138 2949
usemtl 1
f 3138 3140 2949
usemtl 1
f 3406 3791 3640
usemtl 1
f 3640 3791 3760
usemtl 1
f 3732 3406 3408
usemtl 1
f 3732 3791 3406
usemtl 1
f 2622 3408 2623
usemtl 1
f 3237 3724 2459
usemtl 1
f 3237 2459 3233
usemtl 1
f 3425 2135 2132
usemtl 1
f 3425 2136 2135
usemtl 1
f 2135 2131 2132
usemtl 1
f 3426 3425 3424
usemtl 1
f 3233 2136 3425
usemtl 1
f 3233 3425 3426
usemtl 1
f 2459 2136 3233
usemtl 1
f 3237 3233 3232
usemtl 1
f 3724 3722 2459
usemtl 1
f 3722 2457 2459
usemtl 1
f 3683 2623 3722
usemtl 1
f 3732 3408 2622
usemtl 1
f 2623 2457 3722
usemtl 1
f 3408 2457 2623
usemtl 1
f 3492 3793 3695
usemtl 1
f 2736 2231 2835
usemtl 1
f 3085 2231 2736
usemtl 1
f 3580 3085 2736
usemtl 1
f 3492 2736 2835
usemtl 1
f 2189 2231 3085
usemtl 1
f 2486 2921 3359
usemtl 1
f 2192 2189 2191
usemtl 1
f 2112 2486 2229
usemtl 1
f 2112 2192 3564
usemtl 1
f 2114 2486 2112
usemtl 1
f 2114 2921 2486
usemtl 1
f 2919 2114 2689
usemtl 1
f 2921 2114 2919
usemtl 1
f 2192 2112 2229
usemtl 1
f 2192 2229 2189
usemtl 1
f 2229 2231 2189
usemtl 1
f 2835 3240 3694
usemtl 1
f 3492 2835 3793
usemtl 1
f 3694 3742 3793
usemtl 1
f 2835 3694 3793
usemtl 1
f 3240 3239 3694
usemtl 1
f 3124 3799 3718
usemtl 1
f 3716 3352 3718
usemtl 1
f 3119 3124 3120
usemtl 1
f 3718 3352 3351
usemtl 1
f 3718 3351 3124
usemtl 1
f 3351 3120 3124
usemtl 1
f 3351 3488 3120
usemtl 1
f 3800 2991 3269
usemtl 1
f 2518 3262 3800
usemtl 1
f 3740 3152 3151
usemtl 1
f 2991 2766 3269
usemtl 1
f 2990 2768 2991
usemtl 1
f 2768 2766 2991
usemtl 1
f 3800 3269 2518
usemtl 1
f 3269 3152 3740
usemtl 1
f 3269 3740 3601
usemtl 1
f 3147 2918 3600
usemtl 1
f 2918 3601 3600
usemtl 1
f 3269 2918 2518
usemtl 1
f 3269 3601 2918
usemtl 1
f 3077 3803 3073
usemtl 1
f 3367 3369 3077
usemtl 1
f 3077 3369 3803
usemtl 1
f 3075 3077 3073
usemtl 1
f 3516 3514 3802
usemtl 1
f 3614 2903 2902
usemtl 1
f 3514 3805 3802
usemtl 1
f 3370 3516 3802
usemtl 1
f 3063 3616 3061
usemtl 1
f 3611 3616 3063
usemtl 1
f 3186 3611 2539
usemtl 1
f 3063 2540 2539
usemtl 1
f 3186 2539 3614
usemtl 1
f 3614 3172 2903
usemtl 1
f 2539 3172 3614
usemtl 1
f 3611 3063 2539
usemtl 1
f 3616 3514 3061
usemtl 1
f 3614 3755 3186
usemtl 1
f 3805 3616 3697
usemtl 1
f 3185 3611 3186
usemtl 1
f 3805 3514 3616
usemtl 1
f 2658 2655 3807
usemtl 1
f 2655 3810 3807
usemtl 1
f 2204 2203 2797
usemtl 1
f 2797 3810 2655
usemtl 1
f 2396 2655 2394
usemtl 1
f 2400 2655 2396
usemtl 1
f 2393 2392 2400
usemtl 1
f 2392 2655 2400
usemtl 1
f 2797 2655 2392
usemtl 1
f 2797 2203 3810
usemtl 1
f 2203 2606 3810
usemtl 1
f 2207 2604 2203
usemtl 1
f 2604 2606 2203
usemtl 1
f 2313 3287 3256
usemtl 1
f 3256 3287 3257
usemtl 1
f 2331 2313 2312
usemtl 1
f 3287 2313 2331
usemtl 1
f 3256 3762 3764
usemtl 1
f 3762 3504 3764
usemtl 1
f 2710 3256 3764
usemtl 1
f 2710 2313 3256
usemtl 1
f 3290 3088 3762
usemtl 1
f 3088 3504 3762
usemtl 1
f 3087 3504 3088
usemtl 1
f 3251 3504 3087
usemtl 1
f 3850 2177 3851
usemtl 1
f 2688 3706 3850
usemtl 1
f 3850 3706 2177
usemtl 1
f 2887 2524 2886
usemtl 1
f 2111 3126 3128
usemtl 1
f 3565 3558 3126
usemtl 1
f 2193 2188 3565
usemtl 1
f 2188 2738 2523
usemtl 1
f 3581 2738 2188
usemtl 1
f 3086 3581 2190
usemtl 1
f 3581 2188 2190
usemtl 1
f 2740 2738 3581
usemtl 1
f 2738 2891 2523
usemtl 1
f 2887 2523 2524
usemtl 1
f 2891 2738 2742
usemtl 1
f 3708 3709 2861
usemtl 1
f 3558 2887 2861
usemtl 1
f 2188 2523 2887
usemtl 1
f 3128 2688 2111
usemtl 1
f 3563 2861 3709
usemtl 1
f 2188 3558 3565
usemtl 1
f 3558 2861 3563
usemtl 1
f 2188 2887 3558
usemtl 1
f 2113 3126 2111
usemtl 1
f 2113 3565 3126
usemtl 1
f 3706 2688 3128
usemtl 1
f 2175 2177 3706
usemtl 1
f 3419 2213 2357
usemtl 1
f 2349 2348 2374
usemtl 1
f 2357 2213 2214
usemtl 1
f 2358 2349 2374
usemtl 1
f 2357 2214 2358
usemtl 1
f 3418 2213 3419
usemtl 1
f 2358 2214 2349
usemtl 1
f 2214 3440 2349
usemtl 1
f 2214 2601 3440
usemtl 1
f 3011 3778 3009
usemtl 1
f 3011 3475 3778
usemtl 1
f 3011 3474 3475
usemtl 1
f 3475 3776 3778
usemtl 1
f 3312 3311 3475
usemtl 1
f 3311 3776 3475
usemtl 1
f 3258 3289 3259
usemtl 1
f 2951 2145 3817
usemtl 1
f 3288 3289 3407
usemtl 1
f 3289 3763 3259
usemtl 1
f 2458 2330 2315
usemtl 1
f 3641 3634 3639
usemtl 1
f 3820 2452 2454
usemtl 1
f 3137 3139 2952
usemtl 1
f 3632 3135 3139
usemtl 1
f 3634 3407 3639
usemtl 1
f 3634 3288 3407
usemtl 1
f 3289 3258 3407
usemtl 1
f 2458 2315 2456
usemtl 1
f 2314 2711 2315
usemtl 1
f 3405 3258 3286
usemtl 1
f 3765 2145 2711
usemtl 1
f 3405 3407 3258
usemtl 1
f 3405 3286 2330
usemtl 1
f 3405 2330 2458
usemtl 1
f 2315 2137 2456
usemtl 1
f 2711 2137 2315
usemtl 1
f 2145 2137 2711
usemtl 1
f 2145 3765 3505
usemtl 1
f 2145 3505 2452
usemtl 1
f 3820 3817 2452
usemtl 1
f 3632 2079 3135
usemtl 1
f 2454 2948 2950
usemtl 1
f 2950 3820 2454
usemtl 1
f 2951 3817 2952
usemtl 1
f 2145 2452 3817
usemtl 1
f 3817 3137 2952
usemtl 1
f 3139 3135 2952
usemtl 1
f 3255 3758 3632
usemtl 1
f 3254 2143 3255
usemtl 1
f 3254 2141 2143
usemtl 1
f 2143 3758 3255
usemtl 1
f 3758 2079 3632
usemtl 1
f 3638 3637 3758
usemtl 1
f 3733 3637 3761
usemtl 1
f 3733 2618 3637
usemtl 1
f 3733 3761 3790
usemtl 1
f 2088 2618 3733
usemtl 1
f 2133 2134 2618
usemtl 1
f 2088 2625 3083
usemtl 1
f 2625 3684 3083
usemtl 1
f 2625 2624 3684
usemtl 1
f 3684 3723 3725
usemtl 1
f 3684 3725 3236
usemtl 1
f 3684 3236 3083
usemtl 1
f 2140 2133 2087
usemtl 1
f 3733 2625 2088
usemtl 1
f 2133 2088 2087
usemtl 1
f 2133 2618 2088
usemtl 1
f 2618 3758 3637
usemtl 1
f 2079 3758 2618
usemtl 1
f 2621 2618 2619
usemtl 1
f 2161 2621 2620
usemtl 1
f 2161 2079 2621
usemtl 1
f 2621 2079 2618
usemtl 1
f 2080 3135 2079
usemtl 1
f 2580 2757 3821
usemtl 1
f 2245 2580 3821
usemtl 1
f 2757 2580 2643
usemtl 1
f 2757 2643 2755
usemtl 1
f 2583 2582 2247
usemtl 1
f 2644 2583 2242
usemtl 1
f 2242 2583 2247
usemtl 1
f 3824 3823 3195
usemtl 1
f 3196 3824 3195
usemtl 1
f 2497 2970 2849
usemtl 1
f 2496 2463 2497
usemtl 1
f 2497 2463 2970
usemtl 1
f 2463 2778 2970
usemtl 1
f 3178 2778 2463
usemtl 1
f 3769 2778 3178
usemtl 1
f 2780 2778 3769
usemtl 1
f 2369 3828 2850
usemtl 1
f 2848 2847 2850
usemtl 1
f 2109 2370 2110
usemtl 1
f 2850 2847 2110
usemtl 1
f 2850 2110 2369
usemtl 1
f 2369 2110 2370
usemtl 1
f 2823 3090 2817
usemtl 1
f 2155 2719 3105
usemtl 1
f 2814 2823 2817
usemtl 1
f 3103 3090 2823
usemtl 1
f 2719 3090 3103
usemtl 1
f 2719 3103 3105
usemtl 1
f 3751 2364 2155
usemtl 1
f 2364 2719 2155
usemtl 1
f 2602 3751 3748
usemtl 1
f 2364 3751 2602
usemtl 1
f 3004 3373 3274
usemtl 1
f 2805 2727 3274
usemtl 1
f 2803 2805 3274
usemtl 1
f 3503 2727 2805
usemtl 1
f 3781 2727 3503
usemtl 1
f 3132 2544 3134
usemtl 1
f 2871 2870 2547
usemtl 1
f 2870 3299 3134
usemtl 1
f 2544 2870 3134
usemtl 1
f 2547 2870 2544
usemtl 1
f 3599 2871 2547
usemtl 1
f 3599 2547 3781
usemtl 1
f 2545 2547 2544
usemtl 1
f 2547 2727 3781
usemtl 1
f 2727 3004 3274
usemtl 1
f 2725 3004 2727
usemtl 1
f 2811 2810 3372
usemtl 1
f 3003 2877 3372
usemtl 1
f 3372 2877 2811
usemtl 1
f 3832 3281 3834
usemtl 1
f 3752 3279 3281
usemtl 1
f 3832 3752 3281
usemtl 1
f 3572 3571 3752
usemtl 1
f 3571 3336 3752
usemtl 1
f 3336 3332 3752
usemtl 1
f 3333 3332 3336
usemtl 1
f 3332 3279 3752
usemtl 1
f 3838 3840 3518
usemtl 1
f 2473 3838 3518
usemtl 1
f 2469 2468 2473
usemtl 1
f 3836 3838 2473
usemtl 1
f 2469 2473 3518
usemtl 1
f 3794 3785 3796
usemtl 1
f 3454 3783 3785
usemtl 1
f 3794 3454 3785
usemtl 1
f 3786 3783 3788
usemtl 1
f 3453 3573 3454
usemtl 1
f 3573 3783 3454
usemtl 1
f 3753 3833 3830
usemtl 1
f 3788 3783 3573
usemtl 1
f 3753 3830 3788
usemtl 1
f 3753 3788 3573
usemtl 1
f 3308 3811 3841
usemtl 1
f 3310 3744 3308
usemtl 1
f 3308 3704 3811
usemtl 1
f 3744 3704 3308
usemtl 1
f 3702 3704 3744
usemtl 1
f 3813 3210 3814
usemtl 1
f 3210 3326 3328
usemtl 1
f 3814 3210 3328
usemtl 1
f 3212 3326 3210
usemtl 1
f 3536 3535 3747
usemtl 1
f 3854 3860 3540
usemtl 1
f 3388 2824 3386
usemtl 1
f 3857 3537 3021
usemtl 1
f 3536 3747 3540
usemtl 1
f 2442 3022 3537
usemtl 1
f 3730 3104 2824
usemtl 1
f 3022 3021 3537
usemtl 1
f 2443 3022 2442
usemtl 1
f 3104 3730 3102
usemtl 1
f 3384 2526 3385
usemtl 1
f 3541 2150 3730
usemtl 1
f 2150 3102 3730
usemtl 1
f 2152 2156 2150
usemtl 1
f 2156 3102 2150
usemtl 1
f 3388 3857 3021
usemtl 1
f 3857 3747 3537
usemtl 1
f 2526 2816 2527
usemtl 1
f 2824 2816 2526
usemtl 1
f 3540 3857 3854
usemtl 1
f 2824 2526 3384
usemtl 1
f 3730 2824 3388
usemtl 1
f 2824 3384 3386
usemtl 1
f 3730 3388 3021
usemtl 1
f 3540 3747 3857
usemtl 1
f 3854 3857 3856
usemtl 1
f 3845 3846 3649
usemtl 1
f 2874 2791 3649
usemtl 1
f 3648 2874 3649
usemtl 1
f 2734 2795 2735
usemtl 1
f 2795 2876 2735
usemtl 1
f 2944 2876 2795
usemtl 1
f 2791 2876 2789
usemtl 1
f 2789 2876 2944
usemtl 1
f 2874 2876 2791
usemtl 1
f 3649 2791 3040
usemtl 1
f 3649 3040 3845
usemtl 1
f 2922 3037 3512
usemtl 1
f 2376 2922 3511
usemtl 1
f 3511 2922 3512
usemtl 1
f 2353 2678 3360
usemtl 1
f 2377 2922 2376
usemtl 1
f 2354 2922 2377
usemtl 1
f 2354 2353 3360
usemtl 1
f 2354 3360 2920
usemtl 1
f 2600 2353 3508
usemtl 1
f 2678 2353 2600
usemtl 1
f 2354 2920 2922
usemtl 1
f 2679 2678 2677
usemtl 1
f 2679 3360 2678
usemtl 1
f 3510 3509 3848
usemtl 1
f 2356 2355 2375
usemtl 1
f 3098 3510 3848
usemtl 1
f 2375 3510 3098
usemtl 1
f 2356 3098 3097
usemtl 1
f 2356 2375 3098
usemtl 1
f 2373 2375 2355
usemtl 1
f 2179 3849 2180
usemtl 1
f 3707 3100 3849
usemtl 1
f 2179 3707 3849
usemtl 1
f 2860 2859 3707
usemtl 1
f 2859 3420 3707
usemtl 1
f 3100 3099 3849
usemtl 1
f 3420 3100 3707
usemtl 1
f 3420 3125 3100
usemtl 1
f 3221 2784 3225
usemtl 1
f 3853 3855 2588
usemtl 1
f 2585 2584 2588
usemtl 1
f 3859 3853 2584
usemtl 1
f 2588 2584 3853
usemtl 1
f 2584 3221 3859
usemtl 1
f 2785 2784 3221
usemtl 1
f 2784 3109 3225
usemtl 1
f 3221 3225 3227
usemtl 1
f 3221 3227 3534
usemtl 1
f 3534 3859 3221
usemtl 1
f 3534 3539 3859
usemtl 1
f 2586 2589 3852
usemtl 1
f 3387 2586 3852
usemtl 1
f 3858 3387 3852
usemtl 1
f 2587 2586 3379
usemtl 1
f 3389 2586 3387
usemtl 1
f 3383 2586 3389
usemtl 1
f 3380 2586 3383
usemtl 1
f 3379 2586 3380
usemtl 1
f 3382 3015 3379
usemtl 1
f 3015 2587 3379
usemtl 1
f 3017 2788 2587
usemtl 1
f 3017 2587 3015
usemtl 1
f 2171 3843 3039
usemtl 1
f 2172 3843 2171
usemtl 1
f 2172 2171 2170
usemtl 1
f 3039 3017 2822
usemtl 1
f 2821 3039 2822
usemtl 1
f 2821 2171 3039
usemtl 1
f 3039 2788 3017
usemtl 1
f 3204 3559 3416
usemtl 1
f 2926 2363 3416
usemtl 1
f 2926 2925 2363
usemtl 1
f 3416 2363 2362
usemtl 1
f 3416 2362 3204
usemtl 1
f 2362 3861 3014
usemtl 1
f 2362 3014 3204
usemtl 1
f 3773 2880 3771
usemtl 1
f 3681 2880 3773
usemtl 1
f 3771 2880 2883
usemtl 1
f 2880 2879 2883
usemtl 1
f 3005 2806 3330
usemtl 1
f 3598 3502 2806
usemtl 1
f 3005 3598 2806
usemtl 1
f 3502 2807 2806
usemtl 1
f 3007 3598 3005
usemtl 1
f 3780 3502 3598
usemtl 1
f 2378 2360 3203
usemtl 1
f 3012 2885 2493
usemtl 1
f 2360 3560 3203
usemtl 1
f 3013 3012 3203
usemtl 1
f 3549 2169 2820
usemtl 1
f 3012 2493 2378
usemtl 1
f 3012 2378 3203
usemtl 1
f 3560 2360 3549
usemtl 1
f 2819 2164 2166
usemtl 1
f 2169 2168 2820
usemtl 1
f 2819 2166 2815
usemtl 1
f 2818 2819 2815
usemtl 1
f 2820 2164 2819
usemtl 1
f 3560 3549 3550
usemtl 1
f 2360 2169 3549
usemtl 1
f 2819 3549 2820
usemtl 1
f 3036 3417 3561
usemtl 1
f 3302 3035 3501
usemtl 1
f 3501 3036 3561
usemtl 1
f 3035 3036 3501
usemtl 1
f 3862 2552 3866
usemtl 1
f 2237 2397 2657
usemtl 1
f 3030 2395 2238
usemtl 1
f 2238 2397 2237
usemtl 1
f 2398 3030 2399
usemtl 1
f 2395 3030 2398
usemtl 1
f 2238 2395 2397
usemtl 1
f 2605 2607 2237
usemtl 1
f 2657 2397 2656
usemtl 1
f 3808 2237 2657
usemtl 1
f 2605 2237 3808
usemtl 1
f 2605 3808 3809
usemtl 1
f 2237 2241 2240
usemtl 1
f 2607 2241 2237
usemtl 1
f 2241 2607 2388
usemtl 1
f 3862 3030 2238
usemtl 1
f 3862 2238 2552
usemtl 1
f 2238 2402 2552
usemtl 1
f 2342 2402 2238
usemtl 1
f 2347 2402 2342
usemtl 1
f 2265 2264 2255
usemtl 1
f 2254 2265 2255
usemtl 1
f 2254 2259 2261
usemtl 1
f 2254 2261 2265
usemtl 1
f 2261 2263 2265
usemtl 1
f 3141 3867 2892
usemtl 1
f 2893 3141 2892
usemtl 1
f 2286 2698 3868
usemtl 1
f 3768 2391 2286
usemtl 1
f 2390 3863 2391
usemtl 1
f 2796 2391 3768
usemtl 1
f 3031 3863 2390
usemtl 1
f 2694 2693 2698
usemtl 1
f 2286 2694 2698
usemtl 1
f 2694 3863 3864
usemtl 1
f 2391 2694 2286
usemtl 1
f 2391 3863 2694
usemtl 1
f 2555 2554 2942
usemtl 1
f 2269 2301 2697
usemtl 1
f 2696 2269 2697
usemtl 1
f 2273 2269 2696
usemtl 1
f 3865 2696 2695
usemtl 1
f 2553 2696 3865
usemtl 1
f 2403 2273 2553
usemtl 1
f 2336 3027 2337
usemtl 1
f 2277 3027 2278
usemtl 1
f 2555 2337 3477
usemtl 1
f 2407 2406 2409
usemtl 1
f 2407 2409 2832
usemtl 1
f 2407 2832 3027
usemtl 1
f 2906 3166 2832
usemtl 1
f 3754 2669 2906
usemtl 1
f 2669 3166 2906
usemtl 1
f 2669 3754 2671
usemtl 1
f 3166 3165 3074
usemtl 1
f 3165 3076 3074
usemtl 1
f 3166 3074 2832
usemtl 1
f 3698 3804 3806
usemtl 1
f 3074 3804 3698
usemtl 1
f 3074 3698 2832
usemtl 1
f 3183 3617 3181
usemtl 1
f 3617 3612 3181
usemtl 1
f 3698 3617 3183
usemtl 1
f 3698 3183 2832
usemtl 1
f 3183 3023 2832
usemtl 1
f 2533 3023 3183
usemtl 1
f 2905 2322 2533
usemtl 1
f 3615 2905 2532
usemtl 1
f 2905 2533 2532
usemtl 1
f 2904 2322 2905
usemtl 1
f 2323 2322 2904
usemtl 1
f 2323 2904 3613
usemtl 1
f 2322 3023 2533
usemtl 1
f 3023 3478 3477
usemtl 1
f 3477 2558 2555
usemtl 1
f 3023 3477 2832
usemtl 1
f 2555 2942 2337
usemtl 1
f 2554 2938 2942
usemtl 1
f 2270 2269 2273
usemtl 1
f 2337 2832 3477
usemtl 1
f 2403 2278 2336
usemtl 1
f 2340 2337 2942
usemtl 1
f 3027 2832 2337
usemtl 1
f 2278 3027 2336
usemtl 1
f 2553 2273 2696
usemtl 1
f 2403 2336 2273
usemtl 1
f 2482 3048 2483
usemtl 1
f 2325 3191 3293
usemtl 1
f 3739 3056 3726
usemtl 1
f 3156 3229 3157
usemtl 1
f 2483 2897 2896
usemtl 1
f 2483 3048 2897
usemtl 1
f 2483 2896 3674
usemtl 1
f 2896 3739 3674
usemtl 1
f 3674 3739 3726
usemtl 1
f 3674 3699 3297
usemtl 1
f 3674 3726 3699
usemtl 1
f 3674 3297 3294
usemtl 1
f 3674 3293 3191
usemtl 1
f 3674 3294 3293
usemtl 1
f 3293 2328 2325
usemtl 1
f 2324 3498 2325
usemtl 1
f 3498 3189 2325
usemtl 1
f 3189 3229 3192
usemtl 1
f 2325 3189 3191
usemtl 1
f 3157 3189 3498
usemtl 1
f 3157 3229 3189
usemtl 1
f 2837 3604 3493
usemtl 1
f 2228 2837 2836
usemtl 1
f 2836 2837 3493
usemtl 1
f 3738 3603 3277
usemtl 1
f 2837 3603 3604
usemtl 1
f 2841 2506 2837
usemtl 1
f 3277 3603 2837
usemtl 1
f 2506 3277 2837
usemtl 1
f 2575 3045 3774
usemtl 1
f 2569 3046 3045
usemtl 1
f 2575 2569 3045
usemtl 1
f 2569 2575 2574
usemtl 1
f 2437 3046 2569
usemtl 1
f 2439 3583 2437
usemtl 1
f 3583 3046 2437
usemtl 1
f 3201 3046 3583
usemtl 1
f 2640 3180 2638
usemtl 1
f 2638 3646 2491
usemtl 1
f 2640 2638 2637
usemtl 1
f 3717 3180 3353
usemtl 1
f 3353 3656 3354
usemtl 1
f 2371 2107 3646
usemtl 1
f 2937 2932 2934
usemtl 1
f 2163 2379 2162
usemtl 1
f 2760 3656 3657
usemtl 1
f 2762 3656 2760
usemtl 1
f 3696 3422 3555
usemtl 1
f 2448 2447 2702
usemtl 1
f 2889 2379 2163
usemtl 1
f 3650 3869 3651
usemtl 1
f 2702 2692 2831
usemtl 1
f 2250 2225 2226
usemtl 1
f 2343 3869 2250
usemtl 1
f 3869 2225 2250
usemtl 1
f 2953 2884 2882
usemtl 1
f 2692 2828 2831
usemtl 1
f 2447 2692 2702
usemtl 1
f 2692 2826 2828
usemtl 1
f 2716 2714 2718
usemtl 1
f 3650 3847 3869
usemtl 1
f 3680 2448 2881
usemtl 1
f 2379 2225 2361
usemtl 1
f 2889 2225 2379
usemtl 1
f 2702 2881 2448
usemtl 1
f 3446 3444 2718
usemtl 1
f 2882 2702 2701
usemtl 1
f 2882 2881 2702
usemtl 1
f 2953 2882 2701
usemtl 1
f 2701 2716 2953
usemtl 1
f 2718 3869 2953
usemtl 1
f 2716 2718 2953
usemtl 1
f 3444 3869 2718
usemtl 1
f 3651 3869 3444
usemtl 1
f 2873 2875 3444
usemtl 1
f 2174 3847 3844
usemtl 1
f 2875 3651 3444
usemtl 1
f 2361 2174 2173
usemtl 1
f 2174 2361 3869
usemtl 1
f 3847 2174 3869
usemtl 1
f 2225 3869 2361
usemtl 1
f 2162 2379 3439
usemtl 1
f 3696 3555 3556
usemtl 1
f 3743 3696 3792
usemtl 1
f 2379 3422 3439
usemtl 1
f 2379 3323 3422
usemtl 1
f 3439 3696 3743
usemtl 1
f 3439 3743 2762
usemtl 1
f 3439 3422 3696
usemtl 1
f 3743 3693 3242
usemtl 1
f 3743 3242 2762
usemtl 1
f 3242 3241 3602
usemtl 1
f 3242 3602 2762
usemtl 1
f 3602 3741 3153
usemtl 1
f 3354 2934 3710
usemtl 1
f 3154 2940 3153
usemtl 1
f 2940 3602 3153
usemtl 1
f 2762 2940 3656
usemtl 1
f 2762 3602 2940
usemtl 1
f 2940 2937 3656
usemtl 1
f 2937 2934 3354
usemtl 1
f 3710 2707 2705
usemtl 1
f 3710 2705 3354
usemtl 1
f 3719 2372 2371
usemtl 1
f 2937 3354 3656
usemtl 1
f 2638 3180 3717
usemtl 1
f 3180 3656 3353
usemtl 1
f 2638 3717 3646
usemtl 1
f 3798 2372 3719
usemtl 1
f 3769 2846 2779
usemtl 1
f 3770 3339 3769
usemtl 1
f 2467 2845 3339
usemtl 1
f 2845 2846 3339
usemtl 1
f 2467 3122 3121
usemtl 1
f 2464 2498 2851
usemtl 1
f 2464 2465 2499
usemtl 1
f 2464 2499 2498
usemtl 1
f 3490 2845 2467
usemtl 1
f 2846 3769 3339
usemtl 1
f 3490 2467 3121
usemtl 1
f 3123 2464 3827
usemtl 1
f 3123 3122 2464
usemtl 1
f 2467 2464 3122
usemtl 1
f 3827 2372 3798
usemtl 1
f 2464 2851 3827
usemtl 1
f 3123 3827 3798
usemtl 1
f 3717 2371 3646
usemtl 1
f 3717 3719 2371
usemtl 1
f 3115 3399 3397
usemtl 1
f 3217 3113 3397
usemtl 1
f 3395 3217 3397
usemtl 1
f 3113 3115 3397
usemtl 1
f 3331 2480 3329
usemtl 1
f 2489 2488 2490
usemtl 1
f 2119 2636 2488
usemtl 1
f 2488 2636 2635
usemtl 1
f 2490 2488 2635
usemtl 1
f 3299 2870 2969
usemtl 1
f 3299 2969 2852
usemtl 1
f 2872 2108 2969
usemtl 1
f 3826 2969 2108
usemtl 1
f 3465 3299 2853
usemtl 1
f 3130 3299 3463
usemtl 1
f 3299 3465 3463
usemtl 1
f 2870 2872 2969
usemtl 1
f 3532 2853 2856
usemtl 1
f 3465 2853 3532
usemtl 1
f 2872 2106 2108
usemtl 1
f 3006 2106 2872
usemtl 1
f 3647 2106 3006
usemtl 1
f 2853 3299 2852
usemtl 1
f 3647 3006 2492
usemtl 1
f 3006 2479 2492
usemtl 1
f 2479 2478 2492
o NL.IMBAG.Pand.0861100000421525-10
usemtl 0
f 3870 3871 3872
usemtl 0
f 3873 3874 3871
usemtl 0
f 3870 3873 3871
usemtl 0
f 3875 3874 3873
usemtl 2
f 3871 3876 3872
usemtl 2
f 3871 3877 3876
usemtl 2
f 3878 3879 3880
usemtl 2
f 3878 3881 3879
usemtl 2
f 3882 3883 3884
usemtl 2
f 3885 3882 3884
usemtl 2
f 3886 3877 3871
usemtl 2
f 3874 3886 3871
usemtl 2
f 3887 3886 3874
usemtl 2
f 3875 3887 3874
usemtl 2
f 3876 3881 3878
usemtl 2
f 3872 3876 3878
usemtl 2
f 3870 3872 3878
usemtl 2
f 3888 3889 3890
usemtl 2
f 3891 3888 3890
usemtl 2
f 3892 3893 3894
usemtl 2
f 3895 3892 3894
usemtl 2
f 3896 3895 3894
usemtl 2
f 3894 3888 3891
usemtl 2
f 3896 3894 3891
usemtl 2
f 3873 3897 3875
usemtl 2
f 3897 3898 3887
usemtl 2
f 3875 3897 3887
usemtl 2
f 3870 3897 3873
usemtl 2
f 3870 3878 3897
usemtl 2
f 3894 3899 3900
usemtl 2
f 3894 3893 3899
usemtl 2
f 3890 3900 3901
usemtl 2
f 3890 3889 3900
usemtl 2
f 3884 3902 3903
usemtl 2
f 3884 3883 3902
usemtl 2
f 3904 3882 3885
usemtl 2
f 3905 3904 3885
usemtl 2
f 3903 3904 3905
usemtl 2
f 3903 3902 3904
usemtl 2
f 3900 3898 3897
usemtl 2
f 3900 3899 3898
usemtl 2
f 3901 3900 3897
usemtl 2
f 3880 3892 3895
usemtl 2
f 3880 3879 3892
usemtl 1
f 3877 3886 3879
usemtl 1
f 3893 3892 3886
usemtl 1
f 3881 3876 3879
usemtl 1
f 3876 3877 3879
usemtl 1
f 3879 3886 3892
usemtl 1
f 3886 3887 3893
usemtl 1
f 3899 3887 3898
usemtl 1
f 3893 3887 3899
usemtl 1
f 3894 3900 3889
usemtl 1
f 3888 3894 3889
usemtl 1
f 3883 3904 3902
usemtl 1
f 3883 3882 3904
usemtl 1
f 3896 3891 3895
usemtl 1
f 3901 3897 3890
usemtl 1
f 3891 3878 3880
usemtl 1
f 3895 3891 3880
usemtl 1
f 3890 3878 3891
usemtl 1
f 3897 3878 3890
o NL.IMBAG.Pand.0861100000427735-11
usemtl 0
f 3906 3907 3908
usemtl 0
f 3909 3910 3911
usemtl 0
f 3908 3909 3911
usemtl 0
f 3908 3911 3912
usemtl 0
f 3911 3913 3912
usemtl 0
f 3908 3912 3906
usemtl 2
f 3909 3914 3910
usemtl 2
f 3909 3915 3914
usemtl 2
f 3913 3916 3912
usemtl 2
f 3913 3917 3916
usemtl 2
f 3911 3917 3913
usemtl 2
f 3911 3918 3917
usemtl 2
f 3919 3920 3908
usemtl 2
f 3907 3919 3908
usemtl 2
f 3921 3919 3907
usemtl 2
f 3906 3921 3907
usemtl 2
f 3916 3921 3906
usemtl 2
f 3912 3916 3906
usemtl 2
f 3920 3915 3909
usemtl 2
f 3908 3920 3909
usemtl 2
f 3910 3918 3911
usemtl 2
f 3910 3914 3918
usemtl 1
f 3920 3918 3915
usemtl 1
f 3915 3918 3914
usemtl 1
f 3921 3920 3919
usemtl 1
f 3921 3916 3920
usemtl 1
f 3916 3918 3920
usemtl 1
f 3917 3918 3916
o NL.IMBAG.Pand.0861100000369255-12
usemtl 0
f 3922 3923 3924
usemtl 0
f 3923 3925 3926
usemtl 0
f 3923 3926 3924
usemtl 0
f 3927 3922 3924
usemtl 0
f 3927 3924 3928
usemtl 0
f 3924 3929 3930
usemtl 0
f 3924 3930 3928
usemtl 0
f 3927 3928 3931
usemtl 0
f 3932 3933 3930
usemtl 0
f 3928 3934 3931
usemtl 0
f 3935 3934 3928
usemtl 0
f 3933 3928 3930
usemtl 2
f 3922 3936 3923
usemtl 2
f 3922 3937 3936
usemtl 2
f 3938 3939 3930
usemtl 2
f 3929 3938 3930
usemtl 2
f 3923 3940 3925
usemtl 2
f 3923 3936 3940
usemtl 2
f 3940 3941 3926
usemtl 2
f 3925 3940 3926
usemtl 2
f 3942 3943 3927
usemtl 2
f 3931 3942 3927
usemtl 2
f 3944 3945 3934
usemtl 2
f 3935 3944 3934
usemtl 2
f 3941 3946 3947
usemtl 2
f 3926 3941 3947
usemtl 2
f 3924 3926 3947
usemtl 2
f 3924 3938 3929
usemtl 2
f 3924 3947 3938
usemtl 2
f 3943 3937 3922
usemtl 2
f 3927 3943 3922
usemtl 2
f 3946 3948 3949
usemtl 2
f 3947 3946 3949
usemtl 2
f 3950 3951 3933
usemtl 2
f 3932 3950 3933
usemtl 2
f 3930 3950 3932
usemtl 2
f 3930 3939 3950
usemtl 2
f 3949 3944 3935
usemtl 2
f 3949 3948 3944
usemtl 2
f 3928 3949 3935
usemtl 2
f 3945 3942 3931
usemtl 2
f 3934 3945 3931
usemtl 2
f 3951 3949 3928
usemtl 2
f 3933 3951 3928
usemtl 1
f 3944 3948 3945
usemtl 1
f 3948 3942 3945
usemtl 1
f 3943 3942 3948
usemtl 1
f 3946 3943 3948
usemtl 1
f 3941 3940 3936
usemtl 1
f 3941 3936 3946
usemtl 1
f 3936 3937 3946
usemtl 1
f 3937 3943 3946
usemtl 1
f 3950 3939 3951
usemtl 1
f 3938 3947 3939
usemtl 1
f 3939 3947 3949
usemtl 1
f 3951 3939 3949
o NL.IMBAG.Pand.0861100000425963-13
usemtl 0
f 3952 3953 3954
usemtl 0
f 3952 3955 3953
usemtl 2
f 3956 3957 3952
usemtl 2
f 3954 3956 3952
usemtl 2
f 3958 3959 3960
usemtl 2
f 3961 3958 3960
usemtl 2
f 3962 3961 3960
usemtl 2
f 3957 3963 3955
usemtl 2
f 3952 3957 3955
usemtl 2
f 3960 3964 3965
usemtl 2
f 3962 3960 3965
usemtl 2
f 3966 3958 3961
usemtl 2
f 3966 3967 3958
usemtl 2
f 3968 3969 3970
usemtl 2
f 3971 3968 3970
usemtl 2
f 3960 3968 3971
usemtl 2
f 3960 3959 3968
usemtl 2
f 3972 3967 3966
usemtl 2
f 3972 3973 3967
usemtl 2
f 3955 3974 3953
usemtl 2
f 3955 3963 3974
usemtl 2
f 3965 3975 3976
usemtl 2
f 3965 3964 3975
usemtl 2
f 3953 3956 3954
usemtl 2
f 3953 3974 3956
usemtl 2
f 3975 3973 3972
usemtl 2
f 3975 3977 3973
usemtl 2
f 3976 3975 3972
usemtl 2
f 3978 3977 3975
usemtl 2
f 3979 3978 3975
usemtl 2
f 3970 3978 3979
usemtl 2
f 3970 3969 3978
usemtl 1
f 3957 3956 3974
usemtl 1
f 3963 3957 3974
usemtl 1
f 3965 3976 3972
usemtl 1
f 3961 3965 3966
usemtl 1
f 3966 3965 3972
usemtl 1
f 3962 3965 3961
usemtl 1
f 3964 3970 3975
usemtl 1
f 3975 3970 3979
usemtl 1
f 3960 3970 3964
usemtl 1
f 3971 3970 3960
o NL.IMBAG.Pand.0861100000421004-14
usemtl 0
f 3980 3981 3982
usemtl 0
f 3983 3984 3985
usemtl 0
f 3985 3984 3982
usemtl 0
f 3984 3980 3982
usemtl 0
f 3986 3987 3988
usemtl 0
f 3987 3989 3990
usemtl 0
f 3989 3991 3990
usemtl 0
f 3987 3990 3988
usemtl 0
f 3988 3980 3984
usemtl 0
f 3986 3988 3984
usemtl 2
f 3992 3993 3994
usemtl 2
f 3991 3992 3994
usemtl 2
f 3990 3991 3994
usemtl 2
f 3986 3995 3987
usemtl 2
f 3986 3996 3995
usemtl 2
f 3997 3998 3999
usemtl 2
f 3997 4000 3998
usemtl 2
f 4001 4002 3981
usemtl 2
f 3980 4001 3981
usemtl 2
f 3989 3992 3991
usemtl 2
f 3989 4003 3992
usemtl 2
f 3983 4004 3984
usemtl 2
f 3983 4005 4004
usemtl 2
f 4004 4006 3996
usemtl 2
f 3984 4004 3996
usemtl 2
f 3986 3984 3996
usemtl 2
f 4006 4007 4008
usemtl 2
f 3996 4006 4008
usemtl 2
f 4009 4010 4011
usemtl 2
f 4012 4009 4011
usemtl 2
f 3995 4003 3989
usemtl 2
f 3995 4013 4003
usemtl 2
f 3987 3995 3989
usemtl 2
f 4014 4015 4016
usemtl 2
f 4017 4014 4016
usemtl 2
f 4018 4014 4017
usemtl 2
f 4018 4019 4014
usemtl 2
f 4020 4018 4017
usemtl 2
f 4021 4022 4023
usemtl 2
f 4021 4024 4022
usemtl 2
f 3994 4025 3988
usemtl 2
f 3990 3994 3988
usemtl 2
f 3988 4025 3980
usemtl 2
f 4025 4026 4001
usemtl 2
f 3980 4025 4001
usemtl 2
f 4027 4028 4029
usemtl 2
f 4030 4027 4029
usemtl 2
f 4031 4032 4033
usemtl 2
f 4031 4034 4032
usemtl 2
f 4035 4036 4037
usemtl 2
f 4038 4035 4037
usemtl 2
f 4039 4038 4037
usemtl 2
f 4040 4041 4042
usemtl 2
f 4043 4040 4042
usemtl 2
f 4023 4044 4045
usemtl 2
f 4023 4022 4044
usemtl 2
f 4046 4047 4045
usemtl 2
f 4047 4023 4045
usemtl 2
f 4048 4049 4050
usemtl 2
f 4048 4051 4049
usemtl 2
f 4010 4052 4053
usemtl 2
f 4011 4010 4053
usemtl 2
f 4054 4055 4056
usemtl 2
f 4054 4057 4055
usemtl 2
f 4058 4057 4054
usemtl 2
f 4059 4058 4054
usemtl 2
f 4060 4009 4012
usemtl 2
f 4061 4060 4012
usemtl 2
f 4062 4063 4064
usemtl 2
f 4060 4062 4064
usemtl 2
f 4064 4013 3995
usemtl 2
f 4064 4063 4013
usemtl 2
f 4052 4065 4066
usemtl 2
f 4052 4067 4065
usemtl 2
f 4053 4052 4066
usemtl 2
f 4065 4068 4069
usemtl 2
f 4066 4065 4069
usemtl 2
f 4070 4071 4072
usemtl 2
f 4070 4073 4071
usemtl 2
f 4073 4074 4075
usemtl 2
f 4073 4076 4074
usemtl 2
f 4077 4062 4060
usemtl 2
f 4078 4077 4060
usemtl 2
f 4061 4078 4060
usemtl 2
f 4079 4080 4081
usemtl 2
f 4082 4079 4081
usemtl 2
f 4083 4084 4085
usemtl 2
f 4086 4083 4085
usemtl 2
f 4087 4088 4089
usemtl 2
f 4090 4087 4089
usemtl 2
f 4091 4090 4089
usemtl 2
f 4032 4092 4093
usemtl 2
f 4033 4032 4093
usemtl 2
f 4094 4033 4093
usemtl 2
f 3994 4077 4078
usemtl 2
f 3994 3993 4077
usemtl 2
f 4095 4096 4079
usemtl 2
f 4097 4095 4079
usemtl 2
f 4082 4097 4079
usemtl 2
f 4081 4080 4097
usemtl 2
f 4080 4098 4095
usemtl 2
f 4097 4080 4095
usemtl 2
f 4099 4051 4048
usemtl 2
f 4099 4100 4051
usemtl 2
f 4101 4098 4080
usemtl 2
f 4087 4101 4080
usemtl 2
f 4081 4087 4080
usemtl 2
f 4102 4103 4025
usemtl 2
f 4103 4104 4026
usemtl 2
f 4025 4103 4026
usemtl 2
f 4079 4104 4103
usemtl 2
f 4079 4096 4104
usemtl 2
f 4105 4005 3983
usemtl 2
f 4105 4106 4005
usemtl 2
f 3985 4105 3983
usemtl 2
f 4107 4108 4027
usemtl 2
f 4109 4107 4027
usemtl 2
f 4030 4109 4027
usemtl 2
f 4027 4106 4105
usemtl 2
f 4027 4108 4106
usemtl 2
f 3982 4105 3985
usemtl 2
f 3982 4110 4105
usemtl 2
f 4111 4103 4102
usemtl 2
f 4112 4111 4102
usemtl 2
f 4113 4000 3997
usemtl 2
f 4114 4113 3997
usemtl 2
f 4115 4024 4021
usemtl 2
f 4116 4115 4021
usemtl 2
f 4117 4118 4119
usemtl 2
f 4117 4120 4118
usemtl 2
f 4121 4117 4119
usemtl 2
f 4084 4122 4123
usemtl 2
f 4085 4084 4123
usemtl 2
f 4007 4124 4125
usemtl 2
f 4008 4007 4125
usemtl 2
f 4124 4067 4052
usemtl 2
f 4125 4124 4052
usemtl 2
f 4126 4069 4127
usemtl 2
f 4069 4068 4128
usemtl 2
f 4127 4069 4128
usemtl 2
f 4071 4069 4126
usemtl 2
f 4072 4071 4126
usemtl 2
f 4129 4130 4131
usemtl 2
f 4110 4129 4131
usemtl 2
f 4130 4083 4086
usemtl 2
f 4131 4130 4086
usemtl 2
f 4002 4129 4110
usemtl 2
f 3981 4002 4110
usemtl 2
f 3982 3981 4110
usemtl 2
f 4049 4101 4087
usemtl 2
f 4050 4049 4087
usemtl 2
f 4090 4050 4087
usemtl 2
f 4132 4120 4117
usemtl 2
f 4132 4133 4120
usemtl 2
f 3998 4133 4132
usemtl 2
f 3999 3998 4132
usemtl 2
f 4028 4117 4121
usemtl 2
f 4029 4028 4121
usemtl 2
f 4134 4135 4136
usemtl 2
f 4134 4137 4135
usemtl 2
f 4138 4139 4137
usemtl 2
f 4140 4138 4137
usemtl 2
f 4134 4140 4137
usemtl 2
f 4139 4058 4059
usemtl 2
f 4137 4139 4059
usemtl 2
f 4123 4113 4114
usemtl 2
f 4123 4122 4113
usemtl 2
f 4141 4034 4031
usemtl 2
f 4142 4141 4031
usemtl 2
f 4045 4143 4015
usemtl 2
f 4045 4044 4143
usemtl 2
f 4118 4040 4043
usemtl 2
f 4119 4118 4043
usemtl 2
f 4046 4019 4018
usemtl 2
f 4046 4045 4019
usemtl 2
f 4056 4144 4145
usemtl 2
f 4056 4055 4144
usemtl 2
f 4093 4146 4147
usemtl 2
f 4094 4093 4147
usemtl 2
f 4146 4145 4148
usemtl 2
f 4147 4146 4148
usemtl 2
f 4145 4100 4099
usemtl 2
f 4145 4144 4100
usemtl 2
f 4148 4145 4099
usemtl 2
f 4149 4150 4151
usemtl 2
f 4152 4149 4151
usemtl 2
f 4150 4141 4142
usemtl 2
f 4151 4150 4142
usemtl 2
f 4116 4023 4047
usemtl 2
f 4153 4116 4047
usemtl 2
f 4039 4018 4020
usemtl 2
f 4039 4037 4018
usemtl 2
f 4036 4154 4155
usemtl 2
f 4037 4036 4155
usemtl 2
f 4156 4115 4116
usemtl 2
f 4154 4156 4116
usemtl 2
f 4153 4155 4154
usemtl 2
f 4153 4154 4116
usemtl 2
f 4157 4156 4154
usemtl 2
f 4158 4157 4154
usemtl 2
f 4127 4157 4158
usemtl 2
f 4127 4128 4157
usemtl 2
f 4091 4035 4038
usemtl 2
f 4091 4089 4035
usemtl 2
f 4088 4159 4160
usemtl 2
f 4089 4088 4160
usemtl 2
f 4080 4161 4162
usemtl 2
f 4081 4080 4162
usemtl 2
f 4161 4163 4164
usemtl 2
f 4162 4161 4164
usemtl 2
f 4160 4164 4165
usemtl 2
f 4160 4159 4164
usemtl 2
f 4164 4076 4073
usemtl 2
f 4164 4163 4076
usemtl 2
f 4070 4165 4073
usemtl 2
f 4165 4164 4073
usemtl 2
f 4166 4111 4112
usemtl 2
f 4167 4166 4112
usemtl 2
f 4074 4166 4167
usemtl 2
f 4075 4074 4167
usemtl 2
f 4168 4169 4170
usemtl 2
f 4168 4171 4169
usemtl 2
f 4170 4172 4173
usemtl 2
f 4170 4169 4172
usemtl 2
f 4173 4174 4175
usemtl 2
f 4173 4172 4174
usemtl 2
f 4174 4176 4177
usemtl 2
f 4175 4174 4177
usemtl 2
f 4178 4179 4180
usemtl 2
f 4181 4178 4180
usemtl 2
f 4182 4178 4181
usemtl 2
f 4182 4183 4178
usemtl 2
f 4184 4182 4181
usemtl 2
f 4093 4183 4182
usemtl 2
f 4093 4092 4183
usemtl 2
f 4176 4185 4186
usemtl 2
f 4177 4176 4186
usemtl 2
f 4185 4187 4188
usemtl 2
f 4186 4185 4188
usemtl 2
f 4188 4171 4168
usemtl 2
f 4188 4187 4171
usemtl 2
f 4189 4107 4109
usemtl 2
f 4189 4190 4107
usemtl 2
f 4041 4190 4189
usemtl 2
f 4042 4041 4189
usemtl 2
f 4016 4015 4140
usemtl 2
f 4015 4143 4138
usemtl 2
f 4140 4015 4138
usemtl 2
f 4179 4149 4152
usemtl 2
f 4180 4179 4152
usemtl 2
f 4136 4182 4184
usemtl 2
f 4136 4135 4182
usemtl 1
f 3992 4077 3993
usemtl 1
f 4003 4077 3992
usemtl 1
f 4062 4013 4063
usemtl 1
f 4013 4077 4003
usemtl 1
f 4013 4062 4077
usemtl 1
f 4082 4081 4097
usemtl 1
f 4010 4125 4052
usemtl 1
f 4009 4008 4125
usemtl 1
f 4010 4009 4125
usemtl 1
f 4060 4064 4009
usemtl 1
f 4064 3996 4009
usemtl 1
f 3995 3996 4064
usemtl 1
f 3996 4008 4009
usemtl 1
f 4160 4165 4070
usemtl 1
f 4072 4126 4070
usemtl 1
f 4089 4160 4035
usemtl 1
f 4070 4126 4160
usemtl 1
f 4126 4127 4154
usemtl 1
f 4127 4158 4154
usemtl 1
f 4126 4154 4036
usemtl 1
f 4126 4036 4160
usemtl 1
f 4036 4035 4160
usemtl 1
f 3999 4117 4028
usemtl 1
f 4085 4123 4114
usemtl 1
f 4131 4028 4027
usemtl 1
f 3997 3999 4114
usemtl 1
f 4132 4117 3999
usemtl 1
f 4110 4131 4027
usemtl 1
f 4110 4027 4105
usemtl 1
f 4131 3999 4028
usemtl 1
f 4114 4131 4086
usemtl 1
f 4114 3999 4131
usemtl 1
f 4114 4086 4085
usemtl 1
f 4015 4019 4045
usemtl 1
f 4015 4014 4019
usemtl 1
f 4021 4023 4116
usemtl 1
f 4037 4155 4153
usemtl 1
f 4046 4037 4047
usemtl 1
f 4047 4037 4153
usemtl 1
f 4018 4037 4046
usemtl 1
f 4109 4042 4189
usemtl 1
f 4030 4043 4109
usemtl 1
f 4109 4043 4042
usemtl 1
f 4119 4043 4029
usemtl 1
f 4029 4043 4030
usemtl 1
f 4121 4119 4029
usemtl 1
f 4081 4164 4088
usemtl 1
f 4088 4164 4159
usemtl 1
f 4081 4088 4087
usemtl 1
f 4162 4164 4081
usemtl 1
f 4076 4166 4074
usemtl 1
f 4161 4111 4166
usemtl 1
f 4076 4163 4161
usemtl 1
f 4080 4079 4161
usemtl 1
f 4076 4161 4166
usemtl 1
f 4079 4111 4161
usemtl 1
f 4103 4111 4079
usemtl 1
f 3994 4011 4167
usemtl 1
f 4102 4025 3994
usemtl 1
f 4112 4102 4167
usemtl 1
f 4011 4075 4167
usemtl 1
f 4102 3994 4167
usemtl 1
f 4011 4078 4012
usemtl 1
f 4075 4011 4053
usemtl 1
f 4061 4012 4078
usemtl 1
f 4078 4011 3994
usemtl 1
f 4071 4053 4069
usemtl 1
f 4053 4066 4069
usemtl 1
f 4075 4071 4073
usemtl 1
f 4075 4053 4071
usemtl 1
f 4176 4171 4187
usemtl 1
f 4176 4174 4171
usemtl 1
f 4185 4176 4187
usemtl 1
f 4174 4169 4171
usemtl 1
f 4172 4169 4174
usemtl 1
f 4041 4040 4118
usemtl 1
f 4051 4144 4055
usemtl 1
f 4004 4007 4006
usemtl 1
f 4120 4022 4024
usemtl 1
f 4049 4001 4101
usemtl 1
f 4115 4157 4128
usemtl 1
f 4122 4084 4057
usemtl 1
f 4156 4157 4115
usemtl 1
f 4115 4128 4124
usemtl 1
f 4128 4068 4065
usemtl 1
f 4128 4065 4124
usemtl 1
f 4095 4001 4026
usemtl 1
f 4065 4067 4124
usemtl 1
f 4115 4124 4024
usemtl 1
f 4024 4118 4120
usemtl 1
f 4107 4106 4108
usemtl 1
f 4133 3998 4044
usemtl 1
f 4000 4143 3998
usemtl 1
f 4138 4000 4113
usemtl 1
f 4190 4106 4107
usemtl 1
f 4005 4190 4004
usemtl 1
f 4005 4106 4190
usemtl 1
f 4124 4041 4024
usemtl 1
f 4124 4007 4041
usemtl 1
f 4190 4041 4004
usemtl 1
f 4004 4041 4007
usemtl 1
f 4024 4041 4118
usemtl 1
f 4022 4133 4044
usemtl 1
f 4022 4120 4133
usemtl 1
f 4044 3998 4143
usemtl 1
f 4138 4143 4000
usemtl 1
f 4138 4113 4122
usemtl 1
f 4055 4001 4051
usemtl 1
f 4138 4122 4139
usemtl 1
f 4083 4002 4084
usemtl 1
f 4130 4129 4083
usemtl 1
f 4129 4002 4083
usemtl 1
f 4057 4001 4055
usemtl 1
f 4096 4026 4104
usemtl 1
f 4098 4101 4095
usemtl 1
f 4096 4095 4026
usemtl 1
f 4095 4101 4001
usemtl 1
f 4058 4139 4122
usemtl 1
f 4049 4051 4001
usemtl 1
f 4100 4144 4051
usemtl 1
f 4057 4002 4001
usemtl 1
f 4084 4002 4057
usemtl 1
f 4057 4058 4122
usemtl 1
f 4180 4152 4016
usemtl 1
f 4140 4136 4184
usemtl 1
f 4050 4099 4048
usemtl 1
f 4181 4180 4184
usemtl 1
f 4184 4180 4140
usemtl 1
f 4151 4142 4152
usemtl 1
f 4142 4039 4020
usemtl 1
f 4038 4090 4091
usemtl 1
f 4147 4148 4099
usemtl 1
f 4094 4147 4033
usemtl 1
f 4147 4099 4033
usemtl 1
f 4033 4099 4050
usemtl 1
f 4033 4050 4031
usemtl 1
f 4050 4090 4031
usemtl 1
f 4031 4038 4142
usemtl 1
f 4031 4090 4038
usemtl 1
f 4038 4039 4142
usemtl 1
f 4152 4017 4016
usemtl 1
f 4017 4142 4020
usemtl 1
f 4152 4142 4017
usemtl 1
f 4180 4016 4140
usemtl 1
f 4136 4140 4134
usemtl 1
f 4178 4149 4179
usemtl 1
f 4092 4150 4178
usemtl 1
f 4178 4150 4149
usemtl 1
f 4092 4178 4183
usemtl 1
f 4032 4034 4092
usemtl 1
f 4034 4141 4092
usemtl 1
f 4141 4150 4092
usemtl 1
f 4093 4182 4135
usemtl 1
f 4054 4056 4135
usemtl 1
f 4137 4059 4054
usemtl 1
f 4137 4054 4135
usemtl 1
f 4135 4056 4093
usemtl 1
f 4056 4145 4146
usemtl 1
f 4056 4146 4093
o NL.IMBAG.Pand.0861100000371673-15
usemtl 0
f 4191 4192 4193
usemtl 0
f 4194 4195 4196
usemtl 0
f 4197 4198 4196
usemtl 0
f 4199 4198 4200
usemtl 0
f 4201 4198 4199
usemtl 0
f 4196 4198 4201
usemtl 0
f 4196 4201 4202
usemtl 0
f 4191 4202 4192
usemtl 0
f 4195 4194 4203
usemtl 0
f 4202 4191 4194
usemtl 0
f 4202 4194 4196
usemtl 0
f 4191 4204 4194
usemtl 0
f 4194 4205 4203
usemtl 2
f 4192 4206 4193
usemtl 2
f 4192 4207 4206
usemtl 2
f 4208 4209 4210
usemtl 2
f 4208 4211 4209
usemtl 2
f 4212 4207 4192
usemtl 2
f 4202 4212 4192
usemtl 2
f 4193 4213 4191
usemtl 2
f 4193 4206 4213
usemtl 2
f 4201 4214 4202
usemtl 2
f 4214 4215 4212
usemtl 2
f 4202 4214 4212
usemtl 2
f 4216 4215 4214
usemtl 2
f 4217 4216 4214
usemtl 2
f 4218 4219 4199
usemtl 2
f 4200 4218 4199
usemtl 2
f 4199 4214 4201
usemtl 2
f 4199 4219 4214
usemtl 2
f 4191 4220 4204
usemtl 2
f 4191 4213 4220
usemtl 2
f 4205 4221 4203
usemtl 2
f 4205 4222 4221
usemtl 2
f 4208 4222 4205
usemtl 2
f 4194 4208 4205
usemtl 2
f 4220 4211 4208
usemtl 2
f 4204 4220 4208
usemtl 2
f 4194 4204 4208
usemtl 2
f 4209 4223 4221
usemtl 2
f 4210 4209 4221
usemtl 2
f 4203 4221 4195
usemtl 2
f 4221 4223 4224
usemtl 2
f 4195 4221 4224
usemtl 2
f 4217 4225 4197
usemtl 2
f 4196 4217 4197
usemtl 2
f 4224 4216 4217
usemtl 2
f 4195 4224 4217
usemtl 2
f 4196 4195 4217
usemtl 2
f 4226 4218 4200
usemtl 2
f 4198 4226 4200
usemtl 2
f 4225 4226 4198
usemtl 2
f 4197 4225 4198
usemtl 1
f 4222 4210 4221
usemtl 1
f 4222 4208 4210
usemtl 1
f 4223 4209 4224
usemtl 1
f 4211 4213 4209
usemtl 1
f 4209 4212 4216
usemtl 1
f 4224 4209 4216
usemtl 1
f 4213 4212 4209
usemtl 1
f 4206 4207 4213
usemtl 1
f 4220 4213 4211
usemtl 1
f 4212 4215 4216
usemtl 1
f 4207 4212 4213
usemtl 1
f 4214 4226 4217
usemtl 1
f 4217 4226 4225
usemtl 1
f 4219 4226 4214
usemtl 1
f 4218 4226 4219
o NL.IMBAG.Pand.0861100000368971-16
usemtl 0
f 4227 4228 4229
usemtl 0
f 4230 4231 4232
usemtl 0
f 4233 4234 4235
usemtl 0
f 4236 4237 4227
usemtl 0
f 4233 4230 4238
usemtl 0
f 4239 4234 4233
usemtl 0
f 4240 4228 4231
usemtl 0
f 4241 4242 4240
usemtl 0
f 4233 4235 4240
usemtl 0
f 4230 4240 4231
usemtl 0
f 4230 4233 4240
usemtl 0
f 4242 4228 4240
usemtl 0
f 4243 4229 4242
usemtl 0
f 4229 4228 4242
usemtl 0
f 4236 4227 4229
usemtl 2
f 4236 4244 4237
usemtl 2
f 4236 4245 4244
usemtl 2
f 4240 4246 4241
usemtl 2
f 4240 4247 4246
usemtl 2
f 4246 4248 4242
usemtl 2
f 4241 4246 4242
usemtl 2
f 4242 4249 4243
usemtl 2
f 4242 4248 4249
usemtl 2
f 4249 4250 4229
usemtl 2
f 4243 4249 4229
usemtl 2
f 4227 4251 4228
usemtl 2
f 4227 4252 4251
usemtl 2
f 4253 4254 4255
usemtl 2
f 4238 4253 4255
usemtl 2
f 4233 4238 4255
usemtl 2
f 4256 4253 4238
usemtl 2
f 4230 4256 4238
usemtl 2
f 4255 4257 4239
usemtl 2
f 4233 4255 4239
usemtl 2
f 4257 4258 4234
usemtl 2
f 4239 4257 4234
usemtl 2
f 4259 4247 4240
usemtl 2
f 4259 4260 4247
usemtl 2
f 4235 4259 4240
usemtl 2
f 4261 4260 4259
usemtl 2
f 4262 4261 4259
usemtl 2
f 4234 4259 4235
usemtl 2
f 4234 4258 4259
usemtl 2
f 4254 4261 4262
usemtl 2
f 4255 4254 4262
usemtl 2
f 4263 4264 4265
usemtl 2
f 4263 4266 4264
usemtl 2
f 4265 4267 4268
usemtl 2
f 4265 4264 4267
usemtl 2
f 4244 4252 4227
usemtl 2
f 4237 4244 4227
usemtl 2
f 4229 4245 4236
usemtl 2
f 4229 4250 4245
usemtl 2
f 4232 4256 4230
usemtl 2
f 4232 4269 4256
usemtl 2
f 4251 4266 4263
usemtl 2
f 4228 4251 4263
usemtl 2
f 4231 4228 4263
usemtl 2
f 4231 4269 4232
usemtl 2
f 4231 4263 4269
usemtl 2
f 4261 4268 4267
usemtl 1
f 4257 4255 4262
usemtl 1
f 4259 4258 4262
usemtl 1
f 4262 4258 4257
usemtl 1
f 4252 4245 4250
usemtl 1
f 4252 4244 4245
usemtl 1
f 4248 4250 4249
usemtl 1
f 4247 4261 4267
usemtl 1
f 4251 4250 4248
usemtl 1
f 4264 4266 4267
usemtl 1
f 4266 4251 4267
usemtl 1
f 4252 4250 4251
usemtl 1
f 4247 4248 4246
usemtl 1
f 4267 4251 4248
usemtl 1
f 4248 4247 4267
usemtl 1
f 4260 4261 4247
usemtl 1
f 4256 4268 4261
usemtl 1
f 4256 4265 4268
usemtl 1
f 4254 4253 4256
usemtl 1
f 4269 4265 4256
usemtl 1
f 4254 4256 4261
usemtl 1
f 4263 4265 4269
o NL.IMBAG.Pand.0861100000368563-17
usemtl 0
f 4270 4271 4272
usemtl 0
f 4273 4274 4271
usemtl 0
f 4270 4273 4271
usemtl 0
f 4275 4276 4277
usemtl 0
f 4276 4278 4277
usemtl 0
f 4279 4280 4274
usemtl 0
f 4274 4281 4271
usemtl 0
f 4275 4277 4273
usemtl 0
f 4277 4279 4273
usemtl 0
f 4279 4274 4273
usemtl 2
f 4271 4282 4272
usemtl 2
f 4271 4283 4282
usemtl 2
f 4284 4283 4271
usemtl 2
f 4281 4284 4271
usemtl 2
f 4285 4286 4277
usemtl 2
f 4278 4285 4277
usemtl 2
f 4272 4287 4270
usemtl 2
f 4272 4282 4287
usemtl 2
f 4288 4289 4290
usemtl 2
f 4288 4291 4289
usemtl 2
f 4287 4292 4273
usemtl 2
f 4287 4293 4292
usemtl 2
f 4270 4287 4273
usemtl 2
f 4294 4295 4296
usemtl 2
f 4294 4297 4295
usemtl 2
f 4295 4291 4288
usemtl 2
f 4296 4295 4288
usemtl 2
f 4298 4299 4300
usemtl 2
f 4301 4298 4300
usemtl 2
f 4302 4303 4304
usemtl 2
f 4302 4305 4303
usemtl 2
f 4306 4284 4281
usemtl 2
f 4274 4306 4281
usemtl 2
f 4307 4306 4274
usemtl 2
f 4280 4307 4274
usemtl 2
f 4308 4309 4310
usemtl 2
f 4308 4311 4309
usemtl 2
f 4312 4313 4314
usemtl 2
f 4315 4312 4314
usemtl 2
f 4316 4317 4318
usemtl 2
f 4316 4319 4317
usemtl 2
f 4320 4321 4322
usemtl 2
f 4323 4320 4322
usemtl 2
f 4313 4305 4302
usemtl 2
f 4314 4313 4302
usemtl 2
f 4303 4312 4315
usemtl 2
f 4304 4303 4315
usemtl 2
f 4290 4297 4294
usemtl 2
f 4290 4289 4297
usemtl 2
f 4322 4319 4316
usemtl 2
f 4322 4321 4319
usemtl 2
f 4317 4320 4323
usemtl 2
f 4318 4317 4323
usemtl 2
f 4324 4325 4326
usemtl 2
f 4324 4327 4325
usemtl 2
f 4328 4329 4330
usemtl 2
f 4328 4331 4329
usemtl 2
f 4329 4332 4333
usemtl 2
f 4330 4329 4333
usemtl 2
f 4334 4335 4336
usemtl 2
f 4334 4337 4335
usemtl 2
f 4338 4339 4340
usemtl 2
f 4338 4341 4339
usemtl 2
f 4342 4341 4338
usemtl 2
f 4343 4342 4338
usemtl 2
f 4340 4337 4334
usemtl 2
f 4340 4339 4337
usemtl 2
f 4344 4345 4346
usemtl 2
f 4344 4347 4345
usemtl 2
f 4299 4348 4349
usemtl 2
f 4300 4299 4349
usemtl 2
f 4348 4350 4351
usemtl 2
f 4349 4348 4351
usemtl 2
f 4332 4352 4353
usemtl 2
f 4333 4332 4353
usemtl 2
f 4353 4354 4355
usemtl 2
f 4353 4352 4354
usemtl 2
f 4355 4331 4328
usemtl 2
f 4355 4354 4331
usemtl 2
f 4345 4356 4357
usemtl 2
f 4346 4345 4357
usemtl 2
f 4358 4327 4324
usemtl 2
f 4358 4359 4327
usemtl 2
f 4325 4360 4361
usemtl 2
f 4326 4325 4361
usemtl 2
f 4360 4362 4363
usemtl 2
f 4361 4360 4363
usemtl 2
f 4363 4359 4358
usemtl 2
f 4363 4362 4359
usemtl 2
f 4276 4285 4278
usemtl 2
f 4276 4364 4285
usemtl 2
f 4351 4347 4344
usemtl 2
f 4351 4350 4347
usemtl 2
f 4365 4293 4287
usemtl 2
f 4365 4366 4293
usemtl 2
f 4367 4311 4308
usemtl 2
f 4368 4367 4308
usemtl 2
f 4369 4367 4368
usemtl 2
f 4370 4369 4368
usemtl 2
f 4310 4369 4370
usemtl 2
f 4310 4309 4369
usemtl 2
f 4335 4342 4343
usemtl 2
f 4336 4335 4343
usemtl 2
f 4356 4298 4301
usemtl 2
f 4357 4356 4301
usemtl 2
f 4371 4307 4280
usemtl 2
f 4279 4371 4280
usemtl 2
f 4292 4372 4275
usemtl 2
f 4273 4292 4275
usemtl 2
f 4373 4366 4365
usemtl 2
f 4371 4373 4365
usemtl 2
f 4372 4364 4276
usemtl 2
f 4275 4372 4276
usemtl 2
f 4286 4373 4371
usemtl 2
f 4277 4286 4371
usemtl 2
f 4279 4277 4371
usemtl 1
f 4305 4312 4303
usemtl 1
f 4305 4313 4312
usemtl 1
f 4295 4297 4289
usemtl 1
f 4291 4295 4289
usemtl 1
f 4321 4320 4317
usemtl 1
f 4319 4321 4317
usemtl 1
f 4352 4331 4354
usemtl 1
f 4332 4329 4352
usemtl 1
f 4352 4329 4331
usemtl 1
f 4360 4359 4362
usemtl 1
f 4325 4327 4359
usemtl 1
f 4360 4325 4359
usemtl 1
f 4311 4369 4309
usemtl 1
f 4311 4367 4369
usemtl 1
f 4339 4342 4335
usemtl 1
f 4339 4341 4342
usemtl 1
f 4337 4339 4335
usemtl 1
f 4299 4298 4356
usemtl 1
f 4347 4350 4356
usemtl 1
f 4345 4347 4356
usemtl 1
f 4350 4299 4356
usemtl 1
f 4348 4299 4350
usemtl 1
f 4306 4371 4365
usemtl 1
f 4282 4283 4365
usemtl 1
f 4287 4282 4365
usemtl 1
f 4306 4283 4284
usemtl 1
f 4371 4306 4307
usemtl 1
f 4365 4283 4306
usemtl 1
f 4292 4373 4286
usemtl 1
f 4364 4372 4286
usemtl 1
f 4285 4364 4286
usemtl 1
f 4373 4292 4366
usemtl 1
f 4286 4372 4292
usemtl 1
f 4292 4293 4366
o NL.IMBAG.Pand.0861100000371584-18
usemtl 0
f 4374 4375 4376
usemtl 0
f 4377 4378 4375
usemtl 0
f 4374 4377 4375
usemtl 0
f 4379 4380 4381
usemtl 0
f 4382 4383 4377
usemtl 0
f 4384 4383 4382
usemtl 0
f 4384 4382 4385
usemtl 0
f 4386 4383 4384
usemtl 0
f 4383 4387 4377
usemtl 0
f 4388 4389 4383
usemtl 0
f 4388 4383 4390
usemtl 0
f 4391 4389 4388
usemtl 0
f 4389 4392 4393
usemtl 0
f 4389 4393 4383
usemtl 0
f 4387 4378 4377
usemtl 0
f 4381 4394 4387
usemtl 0
f 4395 4379 4381
usemtl 0
f 4379 4396 4380
usemtl 0
f 4381 4380 4394
usemtl 0
f 4387 4394 4397
usemtl 0
f 4393 4387 4383
usemtl 0
f 4393 4381 4387
usemtl 2
f 4398 4399 4389
usemtl 2
f 4391 4398 4389
usemtl 2
f 4400 4401 4383
usemtl 2
f 4386 4400 4383
usemtl 2
f 4402 4403 4377
usemtl 2
f 4402 4404 4403
usemtl 2
f 4374 4402 4377
usemtl 2
f 4405 4406 4375
usemtl 2
f 4378 4405 4375
usemtl 2
f 4407 4408 4409
usemtl 2
f 4405 4407 4409
usemtl 2
f 4410 4411 4397
usemtl 2
f 4394 4410 4397
usemtl 2
f 4411 4412 4387
usemtl 2
f 4397 4411 4387
usemtl 2
f 4412 4407 4405
usemtl 2
f 4387 4412 4405
usemtl 2
f 4378 4387 4405
usemtl 2
f 4413 4404 4402
usemtl 2
f 4413 4414 4404
usemtl 2
f 4415 4402 4374
usemtl 2
f 4376 4415 4374
usemtl 2
f 4416 4417 4381
usemtl 2
f 4393 4416 4381
usemtl 2
f 4389 4418 4392
usemtl 2
f 4389 4399 4418
usemtl 2
f 4381 4419 4395
usemtl 2
f 4381 4417 4419
usemtl 2
f 4388 4420 4391
usemtl 2
f 4420 4421 4398
usemtl 2
f 4391 4420 4398
usemtl 2
f 4422 4420 4388
usemtl 2
f 4390 4422 4388
usemtl 2
f 4383 4422 4390
usemtl 2
f 4383 4401 4422
usemtl 2
f 4423 4424 4425
usemtl 2
f 4423 4426 4424
usemtl 2
f 4427 4428 4429
usemtl 2
f 4430 4427 4429
usemtl 2
f 4431 4430 4429
usemtl 2
f 4432 4426 4423
usemtl 2
f 4385 4432 4423
usemtl 2
f 4384 4385 4423
usemtl 2
f 4433 4432 4385
usemtl 2
f 4382 4433 4385
usemtl 2
f 4384 4400 4386
usemtl 2
f 4384 4423 4400
usemtl 2
f 4434 4435 4436
usemtl 2
f 4434 4437 4435
usemtl 2
f 4438 4439 4440
usemtl 2
f 4441 4438 4440
usemtl 2
f 4442 4443 4444
usemtl 2
f 4445 4442 4444
usemtl 2
f 4446 4447 4448
usemtl 2
f 4449 4446 4448
usemtl 2
f 4448 4450 4451
usemtl 2
f 4448 4447 4450
usemtl 2
f 4428 4452 4424
usemtl 2
f 4429 4428 4424
usemtl 2
f 4429 4453 4454
usemtl 2
f 4431 4429 4454
usemtl 2
f 4403 4433 4382
usemtl 2
f 4377 4403 4382
usemtl 2
f 4408 4455 4456
usemtl 2
f 4408 4457 4455
usemtl 2
f 4409 4408 4456
usemtl 2
f 4454 4457 4408
usemtl 2
f 4454 4453 4457
usemtl 2
f 4455 4414 4413
usemtl 2
f 4456 4455 4413
usemtl 2
f 4375 4415 4376
usemtl 2
f 4375 4406 4415
usemtl 2
f 4458 4446 4449
usemtl 2
f 4459 4458 4449
usemtl 2
f 4460 4451 4450
usemtl 2
f 4461 4462 4463
usemtl 2
f 4464 4461 4463
usemtl 2
f 4465 4466 4467
usemtl 2
f 4465 4468 4466
usemtl 2
f 4379 4469 4396
usemtl 2
f 4379 4441 4469
usemtl 2
f 4462 4458 4459
usemtl 2
f 4463 4462 4459
usemtl 2
f 4466 4470 4471
usemtl 2
f 4467 4466 4471
usemtl 2
f 4471 4472 4473
usemtl 2
f 4471 4470 4472
usemtl 2
f 4474 4475 4476
usemtl 2
f 4416 4474 4476
usemtl 2
f 4418 4474 4416
usemtl 2
f 4392 4418 4416
usemtl 2
f 4393 4392 4416
usemtl 2
f 4476 4477 4478
usemtl 2
f 4476 4475 4477
usemtl 2
f 4479 4476 4478
usemtl 2
f 4477 4427 4430
usemtl 2
f 4478 4477 4430
usemtl 2
f 4419 4438 4441
usemtl 2
f 4395 4419 4441
usemtl 2
f 4379 4395 4441
usemtl 2
f 4436 4442 4445
usemtl 2
f 4436 4435 4442
usemtl 2
f 4480 4468 4465
usemtl 2
f 4481 4480 4465
usemtl 2
f 4460 4480 4481
usemtl 2
f 4425 4424 4420
usemtl 2
f 4424 4452 4421
usemtl 2
f 4420 4424 4421
usemtl 2
f 4396 4482 4380
usemtl 2
f 4396 4469 4482
usemtl 2
f 4483 4473 4472
usemtl 2
f 4482 4410 4394
usemtl 2
f 4380 4482 4394
usemtl 2
f 4484 4461 4464
usemtl 2
f 4439 4476 4479
usemtl 2
f 4440 4439 4479
usemtl 2
f 4443 4437 4434
usemtl 2
f 4444 4443 4434
usemtl 1
f 4453 4429 4424
usemtl 1
f 4403 4414 4455
usemtl 1
f 4457 4453 4455
usemtl 1
f 4455 4453 4403
usemtl 1
f 4433 4424 4426
usemtl 1
f 4433 4426 4432
usemtl 1
f 4453 4424 4433
usemtl 1
f 4414 4403 4404
usemtl 1
f 4453 4433 4403
usemtl 1
f 4413 4415 4406
usemtl 1
f 4413 4402 4415
usemtl 1
f 4405 4409 4456
usemtl 1
f 4405 4456 4406
usemtl 1
f 4456 4413 4406
usemtl 1
f 4468 4470 4466
usemtl 1
f 4450 4447 4470
usemtl 1
f 4468 4450 4470
usemtl 1
f 4447 4446 4470
usemtl 1
f 4427 4475 4418
usemtl 1
f 4399 4421 4452
usemtl 1
f 4428 4427 4452
usemtl 1
f 4452 4427 4418
usemtl 1
f 4477 4475 4427
usemtl 1
f 4475 4474 4418
usemtl 1
f 4418 4399 4452
usemtl 1
f 4398 4421 4399
usemtl 1
f 4468 4480 4460
usemtl 1
f 4450 4468 4460
usemtl 1
f 4422 4401 4420
usemtl 1
f 4400 4423 4401
usemtl 1
f 4401 4423 4425
usemtl 1
f 4420 4401 4425
usemtl 1
f 4478 4440 4479
usemtl 1
f 4412 4408 4407
usemtl 1
f 4410 4440 4478
usemtl 1
f 4431 4478 4430
usemtl 1
f 4454 4408 4431
usemtl 1
f 4412 4411 4410
usemtl 1
f 4412 4410 4478
usemtl 1
f 4431 4412 4478
usemtl 1
f 4431 4408 4412
usemtl 1
f 4410 4482 4440
usemtl 1
f 4482 4469 4440
usemtl 1
f 4469 4441 4440
usemtl 1
f 4461 4484 4483
usemtl 1
f 4470 4461 4472
usemtl 1
f 4472 4461 4483
usemtl 1
f 4462 4461 4458
usemtl 1
f 4458 4461 4470
usemtl 1
f 4446 4458 4470
usemtl 1
f 4417 4476 4439
usemtl 1
f 4417 4416 4476
usemtl 1
f 4438 4417 4439
usemtl 1
f 4438 4419 4417
usemtl 1
f 4435 4437 4443
usemtl 1
f 4442 4435 4443
o NL.IMBAG.Pand.0861100000370693-19
usemtl 1
f 4485 4486 4487
usemtl 1
f 4488 4489 4490
usemtl 1
f 4491 4492 4493
usemtl 1
f 4494 4495 4493
usemtl 1
f 4488 4496 4497
usemtl 1
f 4498 4499 4500
usemtl 1
f 4501 4502 4503
usemtl 1
f 4502 4498 4500
usemtl 1
f 4504 4491 4505
usemtl 1
f 4503 4500 4504
usemtl 1
f 4503 4502 4500
usemtl 1
f 4485 4504 4486
usemtl 1
f 4485 4503 4504
usemtl 1
f 4493 4506 4507
usemtl 1
f 4504 4508 4491
usemtl 1
f 4507 4509 4510
usemtl 1
f 4491 4493 4505
usemtl 1
f 4511 4512 4509
usemtl 1
f 4509 4513 4510
usemtl 1
f 4514 4511 4506
usemtl 1
f 4515 4512 4511
usemtl 1
f 4511 4509 4506
usemtl 1
f 4516 4513 4509
usemtl 1
f 4506 4509 4507
usemtl 1
f 4494 4507 4517
usemtl 1
f 4518 4505 4495
usemtl 1
f 4507 4494 4493
usemtl 1
f 4519 4520 4521
usemtl 1
f 4520 4495 4521
usemtl 1
f 4522 4523 4518
usemtl 1
f 4524 4495 4520
usemtl 1
f 4525 4523 4522
usemtl 1
f 4524 4526 4522
usemtl 1
f 4523 4527 4518
usemtl 1
f 4523 4525 4528
usemtl 1
f 4518 4495 4524
usemtl 1
f 4522 4518 4524
usemtl 1
f 4505 4486 4504
usemtl 1
f 4529 4505 4518
usemtl 1
f 4486 4505 4530
usemtl 1
f 4529 4531 4532
usemtl 1
f 4495 4505 4493
usemtl 1
f 4529 4532 4505
usemtl 1
f 4505 4533 4530
usemtl 1
f 4533 4534 4530
usemtl 1
f 4497 4496 4535
usemtl 1
f 4490 4534 4496
usemtl 1
f 4497 4535 4536
usemtl 1
f 4535 4537 4536
usemtl 1
f 4490 4530 4534
usemtl 1
f 4489 4538 4539
usemtl 1
f 4538 4489 4488
usemtl 1
f 4488 4490 4496
usemtl 1
f 4489 4540 4490
usemtl 2
f 4486 4541 4542
usemtl 2
f 4486 4530 4541
usemtl 2
f 4487 4542 4543
usemtl 2
f 4487 4486 4542
usemtl 2
f 4485 4543 4544
usemtl 2
f 4485 4487 4543
usemtl 2
f 4503 4544 4545
usemtl 2
f 4503 4485 4544
usemtl 2
f 4501 4545 4546
usemtl 2
f 4501 4503 4545
usemtl 2
f 4502 4546 4547
usemtl 2
f 4502 4501 4546
usemtl 2
f 4498 4547 4548
usemtl 2
f 4498 4502 4547
usemtl 2
f 4499 4548 4549
usemtl 2
f 4499 4498 4548
usemtl 2
f 4500 4549 4550
usemtl 2
f 4500 4499 4549
usemtl 2
f 4504 4550 4551
usemtl 2
f 4504 4500 4550
usemtl 2
f 4508 4551 4552
usemtl 2
f 4508 4504 4551
usemtl 2
f 4491 4552 4553
usemtl 2
f 4491 4508 4552
usemtl 2
f 4492 4553 4554
usemtl 2
f 4492 4491 4553
usemtl 2
f 4493 4554 4555
usemtl 2
f 4493 4492 4554
usemtl 2
f 4506 4555 4556
usemtl 2
f 4506 4493 4555
usemtl 2
f 4514 4556 4557
usemtl 2
f 4514 4506 4556
usemtl 2
f 4511 4557 4558
usemtl 2
f 4511 4514 4557
usemtl 2
f 4515 4558 4559
usemtl 2
f 4515 4511 4558
usemtl 2
f 4512 4559 4560
usemtl 2
f 4512 4515 4559
usemtl 2
f 4509 4560 4561
usemtl 2
f 4509 4512 4560
usemtl 2
f 4516 4561 4562
usemtl 2
f 4516 4509 4561
usemtl 2
f 4513 4562 4563
usemtl 2
f 4513 4516 4562
usemtl 2
f 4510 4563 4564
usemtl 2
f 4510 4513 4563
usemtl 2
f 4507 4564 4565
usemtl 2
f 4507 4510 4564
usemtl 2
f 4517 4565 4566
usemtl 2
f 4517 4507 4565
usemtl 2
f 4494 4566 4567
usemtl 2
f 4494 4517 4566
usemtl 2
f 4495 4567 4568
usemtl 2
f 4495 4494 4567
usemtl 2
f 4521 4568 4569
usemtl 2
f 4521 4495 4568
usemtl 2
f 4519 4569 4570
usemtl 2
f 4519 4521 4569
usemtl 2
f 4520 4570 4571
usemtl 2
f 4520 4519 4570
usemtl 2
f 4524 4571 4572
usemtl 2
f 4524 4520 4571
usemtl 2
f 4526 4572 4573
usemtl 2
f 4526 4524 4572
usemtl 2
f 4522 4573 4574
usemtl 2
f 4522 4526 4573
usemtl 2
f 4525 4574 4575
usemtl 2
f 4525 4522 4574
usemtl 2
f 4528 4575 4576
usemtl 2
f 4528 4525 4575
usemtl 2
f 4523 4576 4577
usemtl 2
f 4523 4528 4576
usemtl 2
f 4527 4577 4578
usemtl 2
f 4527 4523 4577
usemtl 2
f 4518 4578 4579
usemtl 2
f 4518 4527 4578
usemtl 2
f 4529 4579 4580
usemtl 2
f 4529 4518 4579
usemtl 2
f 4531 4580 4581
usemtl 2
f 4531 4529 4580
usemtl 2
f 4532 4581 4582
usemtl 2
f 4532 4531 4581
usemtl 2
f 4505 4582 4583
usemtl 2
f 4505 4532 4582
usemtl 2
f 4533 4583 4584
usemtl 2
f 4533 4505 4583
usemtl 2
f 4534 4584 4585
usemtl 2
f 4534 4533 4584
usemtl 2
f 4496 4585 4586
usemtl 2
f 4496 4534 4585
usemtl 2
f 4535 4586 4587
usemtl 2
f 4535 4496 4586
usemtl 2
f 4537 4587 4588
usemtl 2
f 4537 4535 4587
usemtl 2
f 4536 4588 4589
usemtl 2
f 4536 4537 4588
usemtl 2
f 4497 4589 4590
usemtl 2
f 4497 4536 4589
usemtl 2
f 4488 4590 4591
usemtl 2
f 4488 4497 4590
usemtl 2
f 4538 4591 4592
usemtl 2
f 4538 4488 4591
usemtl 2
f 4539 4592 4593
usemtl 2
f 4539 4538 4592
usemtl 2
f 4489 4593 4594
usemtl 2
f 4489 4539 4593
usemtl 2
f 4540 4594 4595
usemtl 2
f 4540 4489 4594
usemtl 2
f 4490 4595 4596
usemtl 2
f 4490 4540 4595
usemtl 2
f 4530 4596 4541
usemtl 2
f 4530 4490 4596
usemtl 0
f 4591 4590 4586
usemtl 0
f 4587 4590 4589
usemtl 0
f 4594 4592 4591
usemtl 0
f 4583 4541 4584
usemtl 0
f 4595 4594 4596
usemtl 0
f 4593 4592 4594
usemtl 0
f 4594 4591 4596
usemtl 0
f 4565 4555 4567
usemtl 0
f 4564 4563 4561
usemtl 0
f 4586 4590 4587
usemtl 0
f 4588 4587 4589
usemtl 0
f 4586 4596 4591
usemtl 0
f 4585 4584 4541
usemtl 0
f 4596 4585 4541
usemtl 0
f 4586 4585 4596
usemtl 0
f 4541 4583 4542
usemtl 0
f 4574 4577 4575
usemtl 0
f 4582 4580 4583
usemtl 0
f 4582 4581 4580
usemtl 0
f 4580 4579 4583
usemtl 0
f 4578 4577 4579
usemtl 0
f 4579 4577 4574
usemtl 0
f 4572 4571 4568
usemtl 0
f 4576 4575 4577
usemtl 0
f 4572 4574 4573
usemtl 0
f 4579 4568 4583
usemtl 0
f 4579 4574 4572
usemtl 0
f 4579 4572 4568
usemtl 0
f 4563 4562 4561
usemtl 0
f 4570 4569 4571
usemtl 0
f 4569 4568 4571
usemtl 0
f 4561 4558 4556
usemtl 0
f 4566 4565 4567
usemtl 0
f 4558 4560 4559
usemtl 0
f 4555 4583 4568
usemtl 0
f 4554 4553 4555
usemtl 0
f 4564 4561 4565
usemtl 0
f 4545 4550 4547
usemtl 0
f 4556 4558 4557
usemtl 0
f 4561 4560 4558
usemtl 0
f 4565 4556 4555
usemtl 0
f 4565 4561 4556
usemtl 0
f 4567 4555 4568
usemtl 0
f 4583 4555 4553
usemtl 0
f 4551 4553 4552
usemtl 0
f 4551 4583 4553
usemtl 0
f 4545 4547 4546
usemtl 0
f 4549 4548 4550
usemtl 0
f 4550 4548 4547
usemtl 0
f 4544 4551 4545
usemtl 0
f 4551 4550 4545
usemtl 0
f 4543 4542 4544
usemtl 0
f 4544 4542 4551
usemtl 0
f 4551 4542 4583
o NL.IMBAG.Pand.0861100000369203-20
usemtl 0
f 4597 4598 4599
usemtl 0
f 4600 4598 4597
usemtl 0
f 4601 4602 4603
usemtl 0
f 4604 4605 4600
usemtl 0
f 4606 4607 4604
usemtl 0
f 4607 4608 4604
usemtl 0
f 4609 4606 4610
usemtl 0
f 4607 4606 4609
usemtl 0
f 4611 4608 4607
usemtl 0
f 4604 4612 4605
usemtl 0
f 4600 4605 4613
usemtl 0
f 4606 4604 4600
usemtl 0
f 4614 4615 4612
usemtl 0
f 4600 4613 4598
usemtl 0
f 4613 4616 4598
usemtl 0
f 4615 4605 4612
usemtl 0
f 4617 4616 4613
usemtl 0
f 4618 4619 4620
usemtl 0
f 4619 4621 4620
usemtl 0
f 4618 4620 4602
usemtl 0
f 4618 4602 4617
usemtl 0
f 4602 4616 4617
usemtl 0
f 4602 4601 4616
usemtl 0
f 4603 4602 4622
usemtl 0
f 4601 4623 4624
usemtl 0
f 4623 4625 4624
usemtl 0
f 4601 4624 4626
usemtl 0
f 4625 4623 4627
usemtl 0
f 4624 4628 4626
usemtl 0
f 4601 4626 4616
usemtl 2
f 4625 4629 4624
usemtl 2
f 4625 4630 4629
usemtl 2
f 4631 4630 4625
usemtl 2
f 4627 4631 4625
usemtl 2
f 4632 4631 4627
usemtl 2
f 4623 4632 4627
usemtl 2
f 4633 4634 4635
usemtl 2
f 4636 4633 4635
usemtl 2
f 4628 4637 4626
usemtl 2
f 4628 4638 4637
usemtl 2
f 4629 4638 4628
usemtl 2
f 4624 4629 4628
usemtl 2
f 4639 4632 4623
usemtl 2
f 4601 4639 4623
usemtl 2
f 4603 4639 4601
usemtl 2
f 4603 4640 4639
usemtl 2
f 4641 4642 4622
usemtl 2
f 4602 4641 4622
usemtl 2
f 4643 4644 4645
usemtl 2
f 4646 4643 4645
usemtl 2
f 4647 4648 4618
usemtl 2
f 4617 4647 4618
usemtl 2
f 4645 4649 4648
usemtl 2
f 4645 4644 4649
usemtl 2
f 4637 4650 4651
usemtl 2
f 4626 4637 4651
usemtl 2
f 4616 4626 4651
usemtl 2
f 4646 4652 4653
usemtl 2
f 4654 4646 4653
usemtl 2
f 4642 4640 4603
usemtl 2
f 4622 4642 4603
usemtl 2
f 4621 4655 4620
usemtl 2
f 4621 4656 4655
usemtl 2
f 4657 4656 4621
usemtl 2
f 4619 4657 4621
usemtl 2
f 4648 4657 4619
usemtl 2
f 4648 4649 4657
usemtl 2
f 4618 4648 4619
usemtl 2
f 4600 4658 4606
usemtl 2
f 4658 4659 4660
usemtl 2
f 4606 4658 4660
usemtl 2
f 4598 4661 4599
usemtl 2
f 4598 4662 4661
usemtl 2
f 4604 4663 4612
usemtl 2
f 4604 4664 4663
usemtl 2
f 4665 4664 4604
usemtl 2
f 4608 4665 4604
usemtl 2
f 4614 4666 4615
usemtl 2
f 4614 4667 4666
usemtl 2
f 4663 4667 4614
usemtl 2
f 4612 4663 4614
usemtl 2
f 4666 4668 4605
usemtl 2
f 4615 4666 4605
usemtl 2
f 4660 4669 4610
usemtl 2
f 4606 4660 4610
usemtl 2
f 4611 4665 4608
usemtl 2
f 4611 4670 4665
usemtl 2
f 4609 4671 4607
usemtl 2
f 4609 4672 4671
usemtl 2
f 4613 4647 4617
usemtl 2
f 4613 4673 4647
usemtl 2
f 4674 4675 4676
usemtl 2
f 4673 4674 4676
usemtl 2
f 4661 4677 4597
usemtl 2
f 4599 4661 4597
usemtl 2
f 4678 4679 4680
usemtl 2
f 4681 4678 4680
usemtl 2
f 4680 4682 4683
usemtl 2
f 4680 4679 4682
usemtl 2
f 4635 4684 4685
usemtl 2
f 4635 4634 4684
usemtl 2
f 4651 4662 4598
usemtl 2
f 4616 4651 4598
usemtl 2
f 4686 4687 4688
usemtl 2
f 4689 4686 4688
usemtl 2
f 4677 4658 4600
usemtl 2
f 4597 4677 4600
usemtl 2
f 4669 4672 4609
usemtl 2
f 4610 4669 4609
usemtl 2
f 4676 4659 4658
usemtl 2
f 4676 4675 4659
usemtl 2
f 4690 4676 4658
usemtl 2
f 4685 4691 4692
usemtl 2
f 4685 4684 4691
usemtl 2
f 4693 4678 4681
usemtl 2
f 4694 4693 4681
usemtl 2
f 4683 4693 4694
usemtl 2
f 4683 4682 4693
usemtl 2
f 4668 4674 4673
usemtl 2
f 4605 4668 4673
usemtl 2
f 4613 4605 4673
usemtl 2
f 4650 4643 4646
usemtl 2
f 4651 4650 4646
usemtl 2
f 4654 4651 4646
usemtl 2
f 4607 4670 4611
usemtl 2
f 4607 4671 4670
usemtl 2
f 4695 4696 4697
usemtl 2
f 4695 4698 4696
usemtl 2
f 4652 4676 4690
usemtl 2
f 4653 4652 4690
usemtl 2
f 4691 4633 4636
usemtl 2
f 4692 4691 4636
usemtl 2
f 4699 4700 4701
usemtl 2
f 4702 4699 4701
usemtl 2
f 4700 4686 4689
usemtl 2
f 4701 4700 4689
usemtl 2
f 4703 4699 4702
usemtl 2
f 4704 4703 4702
usemtl 2
f 4696 4703 4704
usemtl 2
f 4697 4696 4704
usemtl 2
f 4688 4705 4706
usemtl 2
f 4688 4687 4705
usemtl 2
f 4706 4698 4695
usemtl 2
f 4706 4705 4698
usemtl 2
f 4655 4641 4602
usemtl 2
f 4620 4655 4602
usemtl 1
f 4678 4693 4682
usemtl 1
f 4679 4678 4682
usemtl 1
f 4645 4676 4646
usemtl 1
f 4646 4676 4652
usemtl 1
f 4647 4676 4645
usemtl 1
f 4673 4676 4647
usemtl 1
f 4648 4647 4645
usemtl 1
f 4665 4670 4671
usemtl 1
f 4672 4660 4671
usemtl 1
f 4672 4669 4660
usemtl 1
f 4671 4660 4664
usemtl 1
f 4660 4659 4664
usemtl 1
f 4664 4675 4663
usemtl 1
f 4675 4668 4663
usemtl 1
f 4675 4674 4668
usemtl 1
f 4663 4666 4667
usemtl 1
f 4666 4663 4668
usemtl 1
f 4671 4664 4665
usemtl 1
f 4659 4675 4664
usemtl 1
f 4658 4653 4690
usemtl 1
f 4677 4653 4658
usemtl 1
f 4661 4653 4677
usemtl 1
f 4662 4654 4653
usemtl 1
f 4651 4654 4662
usemtl 1
f 4661 4662 4653
usemtl 1
f 4634 4633 4691
usemtl 1
f 4684 4634 4691
usemtl 1
f 4700 4698 4705
usemtl 1
f 4687 4686 4705
usemtl 1
f 4705 4686 4700
usemtl 1
f 4698 4700 4696
usemtl 1
f 4700 4699 4696
usemtl 1
f 4699 4703 4696
usemtl 1
f 4649 4644 4655
usemtl 1
f 4656 4657 4655
usemtl 1
f 4629 4639 4637
usemtl 1
f 4657 4649 4655
usemtl 1
f 4655 4644 4641
usemtl 1
f 4644 4643 4641
usemtl 1
f 4643 4650 4637
usemtl 1
f 4643 4637 4639
usemtl 1
f 4631 4632 4630
usemtl 1
f 4638 4629 4637
usemtl 1
f 4641 4639 4640
usemtl 1
f 4632 4629 4630
usemtl 1
f 4639 4629 4632
usemtl 1
f 4641 4643 4639
usemtl 1
f 4642 4641 4640
o NL.IMBAG.Pand.0861100000365630-21
usemtl 0
f 4707 4708 4709
usemtl 0
f 4710 4711 4712
usemtl 0
f 4710 4713 4711
usemtl 0
f 4714 4715 4716
usemtl 0
f 4717 4718 4715
usemtl 0
f 4718 4712 4716
usemtl 0
f 4716 4715 4718
usemtl 0
f 4718 4710 4712
usemtl 0
f 4709 4710 4707
usemtl 0
f 4709 4719 4710
usemtl 0
f 4719 4713 4710
usemtl 2
f 4717 4720 4718
usemtl 2
f 4717 4721 4720
usemtl 2
f 4722 4723 4724
usemtl 2
f 4725 4726 4716
usemtl 2
f 4712 4725 4716
usemtl 2
f 4727 4728 4726
usemtl 2
f 4729 4730 4731
usemtl 2
f 4732 4729 4731
usemtl 2
f 4733 4732 4731
usemtl 2
f 4709 4734 4719
usemtl 2
f 4735 4736 4734
usemtl 2
f 4709 4735 4734
usemtl 2
f 4737 4738 4711
usemtl 2
f 4713 4737 4711
usemtl 2
f 4719 4737 4713
usemtl 2
f 4719 4734 4737
usemtl 2
f 4707 4739 4708
usemtl 2
f 4707 4740 4739
usemtl 2
f 4738 4725 4712
usemtl 2
f 4711 4738 4712
usemtl 2
f 4716 4741 4714
usemtl 2
f 4726 4728 4741
usemtl 2
f 4716 4726 4741
usemtl 2
f 4714 4742 4715
usemtl 2
f 4714 4741 4742
usemtl 2
f 4743 4729 4732
usemtl 2
f 4744 4733 4731
usemtl 2
f 4744 4724 4723
usemtl 2
f 4723 4745 4746
usemtl 2
f 4747 4748 4742
usemtl 2
f 4715 4721 4717
usemtl 2
f 4742 4748 4721
usemtl 2
f 4715 4742 4721
usemtl 2
f 4749 4750 4751
usemtl 2
f 4745 4751 4750
usemtl 2
f 4746 4745 4750
usemtl 2
f 4730 4752 4753
usemtl 2
f 4731 4730 4753
usemtl 2
f 4754 4753 4752
usemtl 2
f 4720 4755 4710
usemtl 2
f 4718 4720 4710
usemtl 2
f 4710 4740 4707
usemtl 2
f 4710 4755 4740
usemtl 2
f 4754 4736 4735
usemtl 2
f 4739 4735 4709
usemtl 2
f 4708 4739 4709
usemtl 1
f 4741 4747 4742
usemtl 1
f 4728 4727 4741
usemtl 1
f 4741 4756 4747
usemtl 1
f 4727 4756 4741
usemtl 1
f 4750 4749 4727
usemtl 1
f 4732 4746 4750
usemtl 1
f 4733 4744 4746
usemtl 1
f 4749 4756 4727
usemtl 1
f 4733 4746 4732
usemtl 1
f 4744 4723 4746
usemtl 1
f 4732 4750 4727
usemtl 1
f 4734 4736 4754
usemtl 1
f 4752 4730 4754
usemtl 1
f 4754 4730 4734
usemtl 1
f 4730 4729 4743
usemtl 1
f 4730 4743 4738
usemtl 1
f 4730 4738 4737
usemtl 1
f 4730 4737 4734
usemtl 1
f 4755 4720 4722
usemtl 1
f 4744 4731 4722
usemtl 1
f 4740 4755 4753
usemtl 1
f 4724 4744 4722
usemtl 1
f 4722 4731 4755
usemtl 1
f 4731 4753 4755
usemtl 1
f 4739 4740 4753
usemtl 1
f 4735 4739 4753
usemtl 1
f 4754 4735 4753
usemtl 1
f 4725 4732 4727
usemtl 1
f 4726 4725 4727
usemtl 1
f 4743 4725 4738
usemtl 1
f 4743 4732 4725
usemtl 1
f 4749 4751 4720
usemtl 1
f 4747 4756 4720
usemtl 1
f 4721 4748 4747
usemtl 1
f 4720 4751 4722
usemtl 1
f 4721 4747 4720
usemtl 1
f 4751 4723 4722
usemtl 1
f 4756 4749 4720
usemtl 1
f 4745 4723 4751
o NL.IMBAG.Pand.0861100000368561-22
usemtl 0
f 4757 4758 4759
usemtl 0
f 4760 4761 4762
usemtl 0
f 4763 4764 4762
usemtl 0
f 4765 4766 4762
usemtl 0
f 4766 4763 4762
usemtl 0
f 4758 4767 4768
usemtl 0
f 4758 4768 4759
usemtl 0
f 4769 4767 4758
usemtl 0
f 4759 4768 4770
usemtl 0
f 4771 4772 4773
usemtl 0
f 4770 4774 4759
usemtl 0
f 4757 4759 4775
usemtl 0
f 4763 4758 4757
usemtl 0
f 4763 4757 4764
usemtl 0
f 4764 4771 4773
usemtl 0
f 4776 4772 4771
usemtl 0
f 4762 4764 4760
usemtl 0
f 4757 4771 4764
usemtl 2
f 4777 4778 4767
usemtl 2
f 4769 4777 4767
usemtl 2
f 4767 4779 4768
usemtl 2
f 4767 4778 4779
usemtl 2
f 4780 4781 4766
usemtl 2
f 4765 4780 4766
usemtl 2
f 4782 4783 4761
usemtl 2
f 4760 4782 4761
usemtl 2
f 4764 4782 4760
usemtl 2
f 4764 4784 4782
usemtl 2
f 4785 4784 4764
usemtl 2
f 4773 4785 4764
usemtl 2
f 4772 4785 4773
usemtl 2
f 4772 4786 4785
usemtl 2
f 4776 4786 4772
usemtl 2
f 4776 4787 4786
usemtl 2
f 4788 4777 4769
usemtl 2
f 4758 4788 4769
usemtl 2
f 4775 4789 4757
usemtl 2
f 4775 4790 4789
usemtl 2
f 4781 4791 4792
usemtl 2
f 4766 4781 4792
usemtl 2
f 4763 4766 4792
usemtl 2
f 4793 4794 4795
usemtl 2
f 4793 4796 4794
usemtl 2
f 4797 4798 4799
usemtl 2
f 4800 4797 4799
usemtl 2
f 4801 4802 4803
usemtl 2
f 4804 4801 4803
usemtl 2
f 4805 4787 4776
usemtl 2
f 4771 4805 4776
usemtl 2
f 4757 4789 4771
usemtl 2
f 4789 4806 4805
usemtl 2
f 4771 4789 4805
usemtl 2
f 4807 4808 4809
usemtl 2
f 4807 4810 4808
usemtl 2
f 4808 4801 4804
usemtl 2
f 4809 4808 4804
usemtl 2
f 4779 4811 4770
usemtl 2
f 4768 4779 4770
usemtl 2
f 4812 4790 4775
usemtl 2
f 4759 4812 4775
usemtl 2
f 4813 4812 4759
usemtl 2
f 4774 4813 4759
usemtl 2
f 4770 4813 4774
usemtl 2
f 4770 4811 4813
usemtl 2
f 4814 4810 4807
usemtl 2
f 4814 4815 4810
usemtl 2
f 4803 4815 4814
usemtl 2
f 4803 4802 4815
usemtl 2
f 4792 4788 4758
usemtl 2
f 4763 4792 4758
usemtl 2
f 4792 4806 4789
usemtl 2
f 4792 4791 4806
usemtl 2
f 4795 4797 4800
usemtl 2
f 4795 4794 4797
usemtl 2
f 4816 4780 4765
usemtl 2
f 4762 4816 4765
usemtl 2
f 4783 4816 4762
usemtl 2
f 4761 4783 4762
usemtl 2
f 4798 4796 4793
usemtl 2
f 4799 4798 4793
usemtl 1
f 4810 4815 4802
usemtl 1
f 4808 4810 4802
usemtl 1
f 4801 4808 4802
usemtl 1
f 4788 4792 4789
usemtl 1
f 4812 4788 4789
usemtl 1
f 4790 4812 4789
usemtl 1
f 4813 4811 4812
usemtl 1
f 4779 4788 4812
usemtl 1
f 4778 4788 4779
usemtl 1
f 4811 4779 4812
usemtl 1
f 4777 4788 4778
usemtl 1
f 4782 4816 4783
usemtl 1
f 4784 4816 4782
usemtl 1
f 4781 4816 4791
usemtl 1
f 4786 4787 4805
usemtl 1
f 4805 4806 4784
usemtl 1
f 4806 4791 4784
usemtl 1
f 4785 4805 4784
usemtl 1
f 4785 4786 4805
usemtl 1
f 4791 4816 4784
usemtl 1
f 4781 4780 4816
usemtl 1
f 4797 4796 4798
usemtl 1
f 4797 4794 4796
o NL.IMBAG.Pand.0861100000365379-23
usemtl 0
f 4817 4818 4819
usemtl 0
f 4820 4821 4819
usemtl 0
f 4822 4820 4819
usemtl 0
f 4823 4824 4820
usemtl 0
f 4824 4825 4826
usemtl 0
f 4821 4826 4827
usemtl 0
f 4820 4824 4826
usemtl 0
f 4819 4821 4817
usemtl 0
f 4820 4826 4821
usemtl 0
f 4821 4828 4817
usemtl 0
f 4821 4829 4828
usemtl 0
f 4828 4830 4817
usemtl 2
f 4831 4832 4825
usemtl 2
f 4824 4831 4825
usemtl 2
f 4820 4833 4823
usemtl 2
f 4820 4834 4833
usemtl 2
f 4833 4831 4824
usemtl 2
f 4823 4833 4824
usemtl 2
f 4817 4835 4818
usemtl 2
f 4817 4836 4835
usemtl 2
f 4825 4837 4826
usemtl 2
f 4825 4832 4837
usemtl 2
f 4838 4834 4820
usemtl 2
f 4822 4838 4820
usemtl 2
f 4839 4838 4822
usemtl 2
f 4819 4839 4822
usemtl 2
f 4830 4836 4817
usemtl 2
f 4830 4840 4836
usemtl 2
f 4828 4840 4830
usemtl 2
f 4828 4841 4840
usemtl 2
f 4829 4841 4828
usemtl 2
f 4829 4842 4841
usemtl 2
f 4843 4842 4829
usemtl 2
f 4821 4843 4829
usemtl 2
f 4827 4843 4821
usemtl 2
f 4827 4844 4843
usemtl 2
f 4837 4844 4827
usemtl 2
f 4826 4837 4827
usemtl 2
f 4835 4839 4819
usemtl 2
f 4818 4835 4819
usemtl 1
f 4836 4839 4835
usemtl 1
f 4840 4841 4836
usemtl 1
f 4834 4843 4837
usemtl 1
f 4841 4843 4836
usemtl 1
f 4841 4842 4843
usemtl 1
f 4836 4843 4839
usemtl 1
f 4843 4834 4839
usemtl 1
f 4844 4837 4843
usemtl 1
f 4834 4831 4833
usemtl 1
f 4832 4831 4837
usemtl 1
f 4837 4831 4834
usemtl 1
f 4838 4839 4834
o NL.IMBAG.Pand.0861100000374406-24
usemtl 0
f 4845 4846 4847
usemtl 0
f 4848 4849 4845
usemtl 0
f 4845 4849 4846
usemtl 0
f 4850 4851 4852
usemtl 0
f 4852 4851 4848
usemtl 0
f 4853 4852 4854
usemtl 0
f 4850 4855 4856
usemtl 0
f 4857 4858 4850
usemtl 0
f 4859 4860 4861
usemtl 0
f 4859 4861 4862
usemtl 0
f 4863 4861 4860
usemtl 0
f 4857 4860 4859
usemtl 0
f 4857 4850 4860
usemtl 0
f 4862 4861 4864
usemtl 0
f 4853 4855 4850
usemtl 0
f 4853 4850 4852
usemtl 0
f 4848 4851 4849
usemtl 0
f 4865 4866 4867
usemtl 0
f 4868 4850 4856
usemtl 0
f 4868 4860 4850
usemtl 0
f 4869 4870 4871
usemtl 0
f 4851 4865 4849
usemtl 0
f 4851 4866 4865
usemtl 0
f 4865 4869 4849
usemtl 0
f 4865 4870 4869
usemtl 2
f 4862 4872 4859
usemtl 2
f 4862 4873 4872
usemtl 2
f 4874 4875 4866
usemtl 2
f 4851 4874 4866
usemtl 2
f 4850 4874 4851
usemtl 2
f 4850 4876 4874
usemtl 2
f 4858 4876 4850
usemtl 2
f 4858 4877 4876
usemtl 2
f 4878 4879 4880
usemtl 2
f 4878 4881 4879
usemtl 2
f 4882 4883 4884
usemtl 2
f 4885 4882 4884
usemtl 2
f 4884 4886 4887
usemtl 2
f 4884 4883 4886
usemtl 2
f 4887 4888 4868
usemtl 2
f 4887 4886 4888
usemtl 2
f 4856 4887 4868
usemtl 2
f 4889 4887 4856
usemtl 2
f 4855 4889 4856
usemtl 2
f 4890 4891 4892
usemtl 2
f 4889 4890 4892
usemtl 2
f 4893 4890 4889
usemtl 2
f 4853 4893 4889
usemtl 2
f 4855 4853 4889
usemtl 2
f 4894 4895 4896
usemtl 2
f 4897 4894 4896
usemtl 2
f 4898 4899 4900
usemtl 2
f 4898 4901 4899
usemtl 2
f 4846 4902 4847
usemtl 2
f 4846 4903 4902
usemtl 2
f 4904 4903 4846
usemtl 2
f 4849 4904 4846
usemtl 2
f 4905 4906 4907
usemtl 2
f 4888 4905 4907
usemtl 2
f 4860 4868 4888
usemtl 2
f 4860 4888 4907
usemtl 2
f 4908 4905 4888
usemtl 2
f 4909 4908 4888
usemtl 2
f 4910 4882 4885
usemtl 2
f 4910 4911 4882
usemtl 2
f 4912 4911 4910
usemtl 2
f 4913 4912 4910
usemtl 2
f 4914 4912 4913
usemtl 2
f 4915 4914 4913
usemtl 2
f 4902 4916 4845
usemtl 2
f 4847 4902 4845
usemtl 2
f 4917 4918 4919
usemtl 2
f 4920 4917 4919
usemtl 2
f 4918 4881 4878
usemtl 2
f 4919 4918 4878
usemtl 2
f 4921 4922 4923
usemtl 2
f 4921 4924 4922
usemtl 2
f 4925 4917 4920
usemtl 2
f 4926 4925 4920
usemtl 2
f 4927 4928 4929
usemtl 2
f 4930 4927 4929
usemtl 2
f 4931 4932 4933
usemtl 2
f 4931 4934 4932
usemtl 2
f 4866 4935 4867
usemtl 2
f 4866 4875 4935
usemtl 2
f 4857 4877 4858
usemtl 2
f 4857 4936 4877
usemtl 2
f 4937 4873 4862
usemtl 2
f 4864 4937 4862
usemtl 2
f 4938 4937 4864
usemtl 2
f 4861 4938 4864
usemtl 2
f 4907 4939 4940
usemtl 2
f 4907 4906 4939
usemtl 2
f 4941 4938 4861
usemtl 2
f 4863 4941 4861
usemtl 2
f 4907 4941 4863
usemtl 2
f 4860 4907 4863
usemtl 2
f 4942 4924 4921
usemtl 2
f 4943 4942 4921
usemtl 2
f 4896 4942 4943
usemtl 2
f 4896 4895 4942
usemtl 2
f 4922 4925 4926
usemtl 2
f 4923 4922 4926
usemtl 2
f 4944 4945 4946
usemtl 2
f 4944 4947 4945
usemtl 2
f 4948 4947 4944
usemtl 2
f 4948 4949 4947
usemtl 2
f 4879 4950 4951
usemtl 2
f 4880 4879 4951
usemtl 2
f 4950 4949 4948
usemtl 2
f 4951 4950 4948
usemtl 2
f 4872 4936 4857
usemtl 2
f 4859 4872 4857
usemtl 2
f 4939 4952 4953
usemtl 2
f 4940 4939 4953
usemtl 2
f 4953 4954 4955
usemtl 2
f 4953 4952 4954
usemtl 2
f 4954 4908 4909
usemtl 2
f 4955 4954 4909
usemtl 2
f 4928 4934 4931
usemtl 2
f 4929 4928 4931
usemtl 2
f 4933 4956 4957
usemtl 2
f 4933 4932 4956
usemtl 2
f 4870 4958 4871
usemtl 2
f 4870 4959 4958
usemtl 2
f 4960 4901 4898
usemtl 2
f 4960 4961 4901
usemtl 2
f 4869 4904 4849
usemtl 2
f 4869 4962 4904
usemtl 2
f 4963 4964 4965
usemtl 2
f 4966 4963 4965
usemtl 2
f 4957 4927 4930
usemtl 2
f 4957 4956 4927
usemtl 2
f 4946 4967 4968
usemtl 2
f 4946 4945 4967
usemtl 2
f 4968 4894 4897
usemtl 2
f 4968 4967 4894
usemtl 2
f 4969 4961 4960
usemtl 2
f 4970 4969 4960
usemtl 2
f 4965 4969 4970
usemtl 2
f 4965 4964 4969
usemtl 2
f 4958 4962 4869
usemtl 2
f 4871 4958 4869
usemtl 2
f 4845 4971 4848
usemtl 2
f 4845 4916 4971
usemtl 2
f 4971 4972 4852
usemtl 2
f 4848 4971 4852
usemtl 2
f 4852 4973 4854
usemtl 2
f 4852 4972 4973
usemtl 2
f 4935 4974 4865
usemtl 2
f 4867 4935 4865
usemtl 2
f 4899 4963 4966
usemtl 2
f 4900 4899 4966
usemtl 2
f 4973 4893 4853
usemtl 2
f 4854 4973 4853
usemtl 2
f 4865 4959 4870
usemtl 2
f 4865 4974 4959
usemtl 2
f 4892 4914 4915
usemtl 2
f 4892 4891 4914
usemtl 1
f 4906 4908 4952
usemtl 1
f 4952 4908 4954
usemtl 1
f 4906 4952 4939
usemtl 1
f 4905 4908 4906
usemtl 1
f 4932 4927 4956
usemtl 1
f 4934 4928 4932
usemtl 1
f 4932 4928 4927
usemtl 1
f 4945 4894 4967
usemtl 1
f 4947 4949 4945
usemtl 1
f 4945 4895 4894
usemtl 1
f 4949 4895 4945
usemtl 1
f 4950 4879 4949
usemtl 1
f 4879 4895 4949
usemtl 1
f 4881 4918 4917
usemtl 1
f 4881 4917 4925
usemtl 1
f 4925 4922 4879
usemtl 1
f 4924 4895 4922
usemtl 1
f 4881 4925 4879
usemtl 1
f 4922 4895 4879
usemtl 1
f 4942 4895 4924
usemtl 1
f 4969 4964 4963
usemtl 1
f 4899 4969 4963
usemtl 1
f 4901 4969 4899
usemtl 1
f 4901 4961 4969
usemtl 1
f 4913 4892 4915
usemtl 1
f 4910 4884 4913
usemtl 1
f 4884 4892 4913
usemtl 1
f 4884 4889 4892
usemtl 1
f 4885 4884 4910
usemtl 1
f 4884 4887 4889
usemtl 1
f 4890 4893 4891
usemtl 1
f 4893 4973 4972
usemtl 1
f 4911 4874 4876
usemtl 1
f 4916 4904 4971
usemtl 1
f 4955 4877 4940
usemtl 1
f 4972 4914 4891
usemtl 1
f 4971 4914 4972
usemtl 1
f 4893 4972 4891
usemtl 1
f 4916 4903 4904
usemtl 1
f 4902 4903 4916
usemtl 1
f 4904 4962 4974
usemtl 1
f 4904 4974 4914
usemtl 1
f 4971 4904 4914
usemtl 1
f 4958 4959 4962
usemtl 1
f 4959 4974 4962
usemtl 1
f 4974 4912 4914
usemtl 1
f 4935 4875 4974
usemtl 1
f 4874 4912 4974
usemtl 1
f 4874 4911 4912
usemtl 1
f 4875 4874 4974
usemtl 1
f 4940 4872 4907
usemtl 1
f 4936 4940 4877
usemtl 1
f 4873 4937 4938
usemtl 1
f 4938 4907 4872
usemtl 1
f 4941 4907 4938
usemtl 1
f 4873 4938 4872
usemtl 1
f 4955 4876 4877
usemtl 1
f 4955 4940 4953
usemtl 1
f 4936 4872 4940
usemtl 1
f 4882 4911 4955
usemtl 1
f 4882 4888 4886
usemtl 1
f 4909 4882 4955
usemtl 1
f 4888 4882 4909
usemtl 1
f 4886 4883 4882
usemtl 1
f 4955 4911 4876
o NL.IMBAG.Pand.0861100000369136-25
usemtl 0
f 4975 4976 4977
usemtl 0
f 4975 4978 4976
usemtl 2
f 4976 4979 4977
usemtl 2
f 4976 4980 4979
usemtl 2
f 4979 4981 4975
usemtl 2
f 4977 4979 4975
usemtl 2
f 4978 4980 4976
usemtl 2
f 4978 4982 4980
usemtl 2
f 4981 4982 4978
usemtl 2
f 4975 4981 4978
usemtl 1
f 4980 4982 4981
usemtl 1
f 4979 4980 4981
o NL.IMBAG.Pand.0861100000374394-26
usemtl 0
f 4983 4984 4985
usemtl 0
f 4986 4983 4985
usemtl 2
f 4984 4987 4985
usemtl 2
f 4984 4988 4987
usemtl 2
f 4987 4989 4986
usemtl 2
f 4985 4987 4986
usemtl 2
f 4983 4988 4984
usemtl 2
f 4983 4990 4988
usemtl 2
f 4989 4990 4983
usemtl 2
f 4986 4989 4983
usemtl 1
f 4987 4990 4989
usemtl 1
f 4987 4988 4990
o NL.IMBAG.Pand.0861100000375466-27
usemtl 1
f 4991 4992 4993
usemtl 1
f 4994 4995 4996
usemtl 1
f 4997 4998 4992
usemtl 1
f 4999 5000 5001
usemtl 1
f 5002 5003 4997
usemtl 1
f 5004 5005 5006
usemtl 1
f 5002 4997 5007
usemtl 1
f 4998 5008 4992
usemtl 1
f 4997 4992 4991
usemtl 1
f 5009 5010 5008
usemtl 1
f 5009 5008 4998
usemtl 1
f 5011 5012 4992
usemtl 1
f 5007 4997 4991
usemtl 1
f 5013 5014 5012
usemtl 1
f 5013 5012 5011
usemtl 1
f 5012 5015 4992
usemtl 1
f 5011 4992 5008
usemtl 1
f 5016 4993 4992
usemtl 1
f 5017 5018 5016
usemtl 1
f 5017 5016 4992
usemtl 1
f 5007 4991 5019
usemtl 1
f 5007 5019 4996
usemtl 1
f 5020 5021 4993
usemtl 1
f 5021 4991 4993
usemtl 1
f 5022 5023 5024
usemtl 1
f 4991 5025 5019
usemtl 1
f 5026 5027 5025
usemtl 1
f 5027 5019 5025
usemtl 1
f 5028 5029 5030
usemtl 1
f 5001 5031 4999
usemtl 1
f 5029 5032 5033
usemtl 1
f 5034 5023 5022
usemtl 1
f 5035 5032 5029
usemtl 1
f 5029 5033 5030
usemtl 1
f 5036 5023 5034
usemtl 1
f 5022 5037 5034
usemtl 1
f 5038 5039 5022
usemtl 1
f 5038 5022 5040
usemtl 1
f 5041 5042 5043
usemtl 1
f 5022 5024 5041
usemtl 1
f 5034 5044 5036
usemtl 1
f 5045 5046 5047
usemtl 1
f 5022 5041 5040
usemtl 1
f 5024 5042 5041
usemtl 1
f 5041 5031 5001
usemtl 1
f 5048 5049 5050
usemtl 1
f 5040 5041 5001
usemtl 1
f 5031 5051 4999
usemtl 1
f 5051 5031 5052
usemtl 1
f 5001 5000 5053
usemtl 1
f 5001 5053 5054
usemtl 1
f 5000 5055 5053
usemtl 1
f 5033 5040 5001
usemtl 1
f 5053 5055 5056
usemtl 1
f 5001 5057 5030
usemtl 1
f 5033 5001 5030
usemtl 1
f 5058 5059 5057
usemtl 1
f 5057 5059 5060
usemtl 1
f 5048 5061 5049
usemtl 1
f 5062 5063 5064
usemtl 1
f 5065 5058 5057
usemtl 1
f 5048 5050 5066
usemtl 1
f 5067 5062 5068
usemtl 1
f 5069 5049 5070
usemtl 1
f 5071 5072 5073
usemtl 1
f 5074 5071 5069
usemtl 1
f 5068 5047 5067
usemtl 1
f 5072 5075 5073
usemtl 1
f 5068 5076 5077
usemtl 1
f 5073 5078 5047
usemtl 1
f 5079 5080 5045
usemtl 1
f 5079 5045 5078
usemtl 1
f 5045 5047 5078
usemtl 1
f 5081 5082 5083
usemtl 1
f 5064 5068 5062
usemtl 1
f 5077 5073 5047
usemtl 1
f 5084 5085 5086
usemtl 1
f 5076 5081 5083
usemtl 1
f 5068 5087 5081
usemtl 1
f 5049 5069 5088
usemtl 1
f 5049 5061 5070
usemtl 1
f 5068 5081 5076
usemtl 1
f 5071 5077 5089
usemtl 1
f 5071 5073 5077
usemtl 1
f 5068 5077 5047
usemtl 1
f 5076 5090 5077
usemtl 1
f 5071 5089 5088
usemtl 1
f 5071 5088 5069
usemtl 1
f 5089 5091 5088
usemtl 1
f 5066 5092 5093
usemtl 1
f 5094 5050 5095
usemtl 1
f 5092 5085 5093
usemtl 1
f 5092 5050 5094
usemtl 1
f 5085 5084 5093
usemtl 1
f 5086 5085 5096
usemtl 1
f 5084 5097 5093
usemtl 1
f 5097 5098 5093
usemtl 1
f 5097 5084 5099
usemtl 1
f 5048 5066 5100
usemtl 1
f 5098 5097 5101
usemtl 1
f 5100 5066 5102
usemtl 1
f 5050 5092 5066
usemtl 1
f 5030 5057 5060
usemtl 1
f 5060 5103 5030
usemtl 1
f 5103 5104 5030
usemtl 1
f 5059 5061 5060
usemtl 1
f 5060 5061 5048
usemtl 1
f 5105 5060 5106
usemtl 1
f 5104 5019 5030
usemtl 1
f 5107 5104 5108
usemtl 1
f 5105 5103 5060
usemtl 1
f 5109 5019 5110
usemtl 1
f 5111 5112 5113
usemtl 1
f 5104 5110 5019
usemtl 1
f 5104 5107 5110
usemtl 1
f 5019 5109 5112
usemtl 1
f 5112 5109 5113
usemtl 1
f 5114 5115 5116
usemtl 1
f 5117 5019 5112
usemtl 1
f 5115 5019 5117
usemtl 1
f 5118 5119 5120
usemtl 1
f 5121 5122 5123
usemtl 1
f 5019 5115 5122
usemtl 1
f 5117 5116 5115
usemtl 1
f 5119 5122 5121
usemtl 1
f 5120 5124 5125
usemtl 1
f 5126 5127 5128
usemtl 1
f 5119 5118 5122
usemtl 1
f 5127 5129 5130
usemtl 1
f 5131 5129 5127
usemtl 1
f 5129 5132 5130
usemtl 1
f 5128 5127 5133
usemtl 1
f 5122 5134 5019
usemtl 1
f 5133 5124 5120
usemtl 1
f 5135 5136 5137
usemtl 1
f 5132 5138 5130
usemtl 1
f 5139 5134 5140
usemtl 1
f 5127 5130 5124
usemtl 1
f 5127 5124 5133
usemtl 1
f 5125 5141 5120
usemtl 1
f 5133 5120 5119
usemtl 1
f 5122 5118 5134
usemtl 1
f 5136 5135 5004
usemtl 1
f 5142 5143 5144
usemtl 1
f 5145 5004 5146
usemtl 1
f 5145 5147 5004
usemtl 1
f 5147 5136 5004
usemtl 1
f 5135 5140 5005
usemtl 1
f 5004 5135 5005
usemtl 1
f 5140 5118 5005
usemtl 1
f 5148 5142 5019
usemtl 1
f 5140 5134 5118
usemtl 1
f 5134 5148 5019
usemtl 1
f 5019 5142 5149
usemtl 1
f 5148 5143 5142
usemtl 1
f 5019 5149 4996
usemtl 1
f 5149 4994 4996
usemtl 2
f 4995 5150 5151
usemtl 2
f 4995 4994 5150
usemtl 2
f 4996 5151 5152
usemtl 2
f 4996 4995 5151
usemtl 2
f 5007 5152 5153
usemtl 2
f 5007 4996 5152
usemtl 2
f 5002 5153 5154
usemtl 2
f 5002 5007 5153
usemtl 2
f 5003 5154 5155
usemtl 2
f 5003 5002 5154
usemtl 2
f 4997 5155 5156
usemtl 2
f 4997 5003 5155
usemtl 2
f 4998 5156 5157
usemtl 2
f 4998 4997 5156
usemtl 2
f 5009 5157 5158
usemtl 2
f 5009 4998 5157
usemtl 2
f 5010 5158 5159
usemtl 2
f 5010 5009 5158
usemtl 2
f 5008 5159 5160
usemtl 2
f 5008 5010 5159
usemtl 2
f 5011 5160 5161
usemtl 2
f 5011 5008 5160
usemtl 2
f 5013 5161 5162
usemtl 2
f 5013 5011 5161
usemtl 2
f 5014 5162 5163
usemtl 2
f 5014 5013 5162
usemtl 2
f 5012 5163 5164
usemtl 2
f 5012 5014 5163
usemtl 2
f 5015 5164 5165
usemtl 2
f 5015 5012 5164
usemtl 2
f 4992 5165 5166
usemtl 2
f 4992 5015 5165
usemtl 2
f 5017 5166 5167
usemtl 2
f 5017 4992 5166
usemtl 2
f 5018 5167 5168
usemtl 2
f 5018 5017 5167
usemtl 2
f 5016 5168 5169
usemtl 2
f 5016 5018 5168
usemtl 2
f 4993 5169 5170
usemtl 2
f 4993 5016 5169
usemtl 2
f 5020 5170 5171
usemtl 2
f 5020 4993 5170
usemtl 2
f 5021 5171 5172
usemtl 2
f 5021 5020 5171
usemtl 2
f 4991 5172 5173
usemtl 2
f 4991 5021 5172
usemtl 2
f 5025 5173 5174
usemtl 2
f 5025 4991 5173
usemtl 2
f 5026 5174 5175
usemtl 2
f 5026 5025 5174
usemtl 2
f 5027 5175 5176
usemtl 2
f 5027 5026 5175
usemtl 2
f 5019 5176 5177
usemtl 2
f 5019 5027 5176
usemtl 2
f 5030 5177 5178
usemtl 2
f 5030 5019 5177
usemtl 2
f 5028 5178 5179
usemtl 2
f 5028 5030 5178
usemtl 2
f 5029 5179 5180
usemtl 2
f 5029 5028 5179
usemtl 2
f 5035 5180 5181
usemtl 2
f 5035 5029 5180
usemtl 2
f 5032 5181 5182
usemtl 2
f 5032 5035 5181
usemtl 2
f 5033 5182 5183
usemtl 2
f 5033 5032 5182
usemtl 2
f 5040 5183 5184
usemtl 2
f 5040 5033 5183
usemtl 2
f 5038 5184 5185
usemtl 2
f 5038 5040 5184
usemtl 2
f 5039 5185 5186
usemtl 2
f 5039 5038 5185
usemtl 2
f 5022 5186 5187
usemtl 2
f 5022 5039 5186
usemtl 2
f 5037 5187 5188
usemtl 2
f 5037 5022 5187
usemtl 2
f 5034 5188 5189
usemtl 2
f 5034 5037 5188
usemtl 2
f 5044 5189 5190
usemtl 2
f 5044 5034 5189
usemtl 2
f 5036 5190 5191
usemtl 2
f 5036 5044 5190
usemtl 2
f 5023 5191 5192
usemtl 2
f 5023 5036 5191
usemtl 2
f 5024 5192 5193
usemtl 2
f 5024 5023 5192
usemtl 2
f 5042 5193 5194
usemtl 2
f 5042 5024 5193
usemtl 2
f 5043 5194 5195
usemtl 2
f 5043 5042 5194
usemtl 2
f 5041 5195 5196
usemtl 2
f 5041 5043 5195
usemtl 2
f 5031 5196 5197
usemtl 2
f 5031 5041 5196
usemtl 2
f 5052 5197 5198
usemtl 2
f 5052 5031 5197
usemtl 2
f 5051 5198 5199
usemtl 2
f 5051 5052 5198
usemtl 2
f 4999 5199 5200
usemtl 2
f 4999 5051 5199
usemtl 2
f 5000 5200 5201
usemtl 2
f 5000 4999 5200
usemtl 2
f 5055 5201 5202
usemtl 2
f 5055 5000 5201
usemtl 2
f 5056 5202 5203
usemtl 2
f 5056 5055 5202
usemtl 2
f 5053 5203 5204
usemtl 2
f 5053 5056 5203
usemtl 2
f 5054 5204 5205
usemtl 2
f 5054 5053 5204
usemtl 2
f 5001 5205 5206
usemtl 2
f 5001 5054 5205
usemtl 2
f 5057 5206 5207
usemtl 2
f 5057 5001 5206
usemtl 2
f 5065 5207 5208
usemtl 2
f 5065 5057 5207
usemtl 2
f 5058 5208 5209
usemtl 2
f 5058 5065 5208
usemtl 2
f 5059 5209 5210
usemtl 2
f 5059 5058 5209
usemtl 2
f 5061 5210 5211
usemtl 2
f 5061 5059 5210
usemtl 2
f 5070 5211 5212
usemtl 2
f 5070 5061 5211
usemtl 2
f 5069 5212 5213
usemtl 2
f 5069 5070 5212
usemtl 2
f 5074 5213 5214
usemtl 2
f 5074 5069 5213
usemtl 2
f 5071 5214 5215
usemtl 2
f 5071 5074 5214
usemtl 2
f 5072 5215 5216
usemtl 2
f 5072 5071 5215
usemtl 2
f 5075 5216 5217
usemtl 2
f 5075 5072 5216
usemtl 2
f 5073 5217 5218
usemtl 2
f 5073 5075 5217
usemtl 2
f 5078 5218 5219
usemtl 2
f 5078 5073 5218
usemtl 2
f 5079 5219 5220
usemtl 2
f 5079 5078 5219
usemtl 2
f 5080 5220 5221
usemtl 2
f 5080 5079 5220
usemtl 2
f 5045 5221 5222
usemtl 2
f 5045 5080 5221
usemtl 2
f 5046 5222 5223
usemtl 2
f 5046 5045 5222
usemtl 2
f 5047 5223 5224
usemtl 2
f 5047 5046 5223
usemtl 2
f 5067 5224 5225
usemtl 2
f 5067 5047 5224
usemtl 2
f 5062 5225 5226
usemtl 2
f 5062 5067 5225
usemtl 2
f 5063 5226 5227
usemtl 2
f 5063 5062 5226
usemtl 2
f 5064 5227 5228
usemtl 2
f 5064 5063 5227
usemtl 2
f 5068 5228 5229
usemtl 2
f 5068 5064 5228
usemtl 2
f 5087 5229 5230
usemtl 2
f 5087 5068 5229
usemtl 2
f 5081 5230 5231
usemtl 2
f 5081 5087 5230
usemtl 2
f 5082 5231 5232
usemtl 2
f 5082 5081 5231
usemtl 2
f 5083 5232 5233
usemtl 2
f 5083 5082 5232
usemtl 2
f 5076 5233 5234
usemtl 2
f 5076 5083 5233
usemtl 2
f 5090 5234 5235
usemtl 2
f 5090 5076 5234
usemtl 2
f 5077 5235 5236
usemtl 2
f 5077 5090 5235
usemtl 2
f 5089 5236 5237
usemtl 2
f 5089 5077 5236
usemtl 2
f 5091 5237 5238
usemtl 2
f 5091 5089 5237
usemtl 2
f 5088 5238 5239
usemtl 2
f 5088 5091 5238
usemtl 2
f 5049 5239 5240
usemtl 2
f 5049 5088 5239
usemtl 2
f 5050 5240 5241
usemtl 2
f 5050 5049 5240
usemtl 2
f 5095 5241 5242
usemtl 2
f 5095 5050 5241
usemtl 2
f 5094 5242 5243
usemtl 2
f 5094 5095 5242
usemtl 2
f 5092 5243 5244
usemtl 2
f 5092 5094 5243
usemtl 2
f 5085 5244 5245
usemtl 2
f 5085 5092 5244
usemtl 2
f 5096 5245 5246
usemtl 2
f 5096 5085 5245
usemtl 2
f 5086 5246 5247
usemtl 2
f 5086 5096 5246
usemtl 2
f 5084 5247 5248
usemtl 2
f 5084 5086 5247
usemtl 2
f 5099 5248 5249
usemtl 2
f 5099 5084 5248
usemtl 2
f 5097 5249 5250
usemtl 2
f 5097 5099 5249
usemtl 2
f 5101 5250 5251
usemtl 2
f 5101 5097 5250
usemtl 2
f 5098 5251 5252
usemtl 2
f 5098 5101 5251
usemtl 2
f 5093 5252 5253
usemtl 2
f 5093 5098 5252
usemtl 2
f 5066 5253 5254
usemtl 2
f 5066 5093 5253
usemtl 2
f 5102 5254 5255
usemtl 2
f 5102 5066 5254
usemtl 2
f 5100 5255 5256
usemtl 2
f 5100 5102 5255
usemtl 2
f 5048 5256 5257
usemtl 2
f 5048 5100 5256
usemtl 2
f 5060 5257 5258
usemtl 2
f 5060 5048 5257
usemtl 2
f 5106 5258 5259
usemtl 2
f 5106 5060 5258
usemtl 2
f 5105 5259 5260
usemtl 2
f 5105 5106 5259
usemtl 2
f 5103 5260 5261
usemtl 2
f 5103 5105 5260
usemtl 2
f 5104 5261 5262
usemtl 2
f 5104 5103 5261
usemtl 2
f 5108 5262 5263
usemtl 2
f 5108 5104 5262
usemtl 2
f 5107 5263 5264
usemtl 2
f 5107 5108 5263
usemtl 2
f 5110 5264 5265
usemtl 2
f 5110 5107 5264
usemtl 2
f 5109 5265 5266
usemtl 2
f 5109 5110 5265
usemtl 2
f 5113 5266 5267
usemtl 2
f 5113 5109 5266
usemtl 2
f 5111 5267 5268
usemtl 2
f 5111 5113 5267
usemtl 2
f 5112 5268 5269
usemtl 2
f 5112 5111 5268
usemtl 2
f 5117 5269 5270
usemtl 2
f 5117 5112 5269
usemtl 2
f 5116 5270 5271
usemtl 2
f 5116 5117 5270
usemtl 2
f 5114 5271 5272
usemtl 2
f 5114 5116 5271
usemtl 2
f 5115 5272 5273
usemtl 2
f 5115 5114 5272
usemtl 2
f 5122 5273 5274
usemtl 2
f 5122 5115 5273
usemtl 2
f 5123 5274 5275
usemtl 2
f 5123 5122 5274
usemtl 2
f 5121 5275 5276
usemtl 2
f 5121 5123 5275
usemtl 2
f 5119 5276 5277
usemtl 2
f 5119 5121 5276
usemtl 2
f 5133 5277 5278
usemtl 2
f 5133 5119 5277
usemtl 2
f 5128 5278 5279
usemtl 2
f 5128 5133 5278
usemtl 2
f 5126 5279 5280
usemtl 2
f 5126 5128 5279
usemtl 2
f 5127 5280 5281
usemtl 2
f 5127 5126 5280
usemtl 2
f 5131 5281 5282
usemtl 2
f 5131 5127 5281
usemtl 2
f 5129 5282 5283
usemtl 2
f 5129 5131 5282
usemtl 2
f 5132 5283 5284
usemtl 2
f 5132 5129 5283
usemtl 2
f 5138 5284 5285
usemtl 2
f 5138 5132 5284
usemtl 2
f 5130 5285 5286
usemtl 2
f 5130 5138 5285
usemtl 2
f 5124 5286 5287
usemtl 2
f 5124 5130 5286
usemtl 2
f 5125 5287 5288
usemtl 2
f 5125 5124 5287
usemtl 2
f 5141 5288 5289
usemtl 2
f 5141 5125 5288
usemtl 2
f 5120 5289 5290
usemtl 2
f 5120 5141 5289
usemtl 2
f 5118 5290 5291
usemtl 2
f 5118 5120 5290
usemtl 2
f 5005 5291 5292
usemtl 2
f 5005 5118 5291
usemtl 2
f 5006 5292 5293
usemtl 2
f 5006 5005 5292
usemtl 2
f 5004 5293 5294
usemtl 2
f 5004 5006 5293
usemtl 2
f 5146 5294 5295
usemtl 2
f 5146 5004 5294
usemtl 2
f 5145 5295 5296
usemtl 2
f 5145 5146 5295
usemtl 2
f 5147 5296 5297
usemtl 2
f 5147 5145 5296
usemtl 2
f 5136 5297 5298
usemtl 2
f 5136 5147 5297
usemtl 2
f 5137 5298 5299
usemtl 2
f 5137 5136 5298
usemtl 2
f 5135 5299 5300
usemtl 2
f 5135 5137 5299
usemtl 2
f 5140 5300 5301
usemtl 2
f 5140 5135 5300
usemtl 2
f 5139 5301 5302
usemtl 2
f 5139 5140 5301
usemtl 2
f 5134 5302 5303
usemtl 2
f 5134 5139 5302
usemtl 2
f 5148 5303 5304
usemtl 2
f 5148 5134 5303
usemtl 2
f 5143 5304 5305
usemtl 2
f 5143 5148 5304
usemtl 2
f 5144 5305 5306
usemtl 2
f 5144 5143 5305
usemtl 2
f 5142 5306 5307
usemtl 2
f 5142 5144 5306
usemtl 2
f 5149 5307 5308
usemtl 2
f 5149 5142 5307
usemtl 2
f 4994 5308 5150
usemtl 2
f 4994 5149 5308
usemtl 0
f 5291 5277 5274
usemtl 0
f 5152 5150 5308
usemtl 0
f 5290 5277 5291
usemtl 0
f 5219 5224 5222
usemtl 0
f 5306 5305 5307
usemtl 0
f 5305 5304 5307
usemtl 0
f 5278 5277 5290
usemtl 0
f 5301 5291 5303
usemtl 0
f 5294 5298 5297
usemtl 0
f 5302 5301 5303
usemtl 0
f 5300 5299 5298
usemtl 0
f 5295 5294 5296
usemtl 0
f 5294 5297 5296
usemtl 0
f 5177 5152 5308
usemtl 0
f 5294 5300 5298
usemtl 0
f 5301 5300 5292
usemtl 0
f 5292 5300 5294
usemtl 0
f 5293 5292 5294
usemtl 0
f 5286 5281 5287
usemtl 0
f 5279 5278 5281
usemtl 0
f 5292 5291 5301
usemtl 0
f 5290 5288 5287
usemtl 0
f 5290 5289 5288
usemtl 0
f 5283 5282 5281
usemtl 0
f 5283 5281 5286
usemtl 0
f 5286 5285 5284
usemtl 0
f 5281 5278 5287
usemtl 0
f 5286 5284 5283
usemtl 0
f 5303 5291 5274
usemtl 0
f 5278 5290 5287
usemtl 0
f 5281 5280 5279
usemtl 0
f 5303 5274 5177
usemtl 0
f 5177 5274 5273
usemtl 0
f 5274 5277 5276
usemtl 0
f 5274 5276 5275
usemtl 0
f 5270 5269 5177
usemtl 0
f 5273 5270 5177
usemtl 0
f 5270 5273 5271
usemtl 0
f 5273 5272 5271
usemtl 0
f 5177 5266 5265
usemtl 0
f 5262 5177 5265
usemtl 0
f 5266 5269 5267
usemtl 0
f 5269 5268 5267
usemtl 0
f 5184 5206 5196
usemtl 0
f 5180 5183 5182
usemtl 0
f 5262 5265 5264
usemtl 0
f 5262 5264 5263
usemtl 0
f 5211 5240 5212
usemtl 0
f 5206 5178 5207
usemtl 0
f 5258 5261 5260
usemtl 0
f 5258 5260 5259
usemtl 0
f 5254 5253 5244
usemtl 0
f 5257 5241 5240
usemtl 0
f 5253 5245 5244
usemtl 0
f 5254 5256 5255
usemtl 0
f 5248 5247 5245
usemtl 0
f 5257 5256 5254
usemtl 0
f 5248 5253 5250
usemtl 0
f 5250 5252 5251
usemtl 0
f 5248 5250 5249
usemtl 0
f 5253 5252 5250
usemtl 0
f 5246 5245 5247
usemtl 0
f 5248 5245 5253
usemtl 0
f 5254 5244 5241
usemtl 0
f 5244 5243 5241
usemtl 0
f 5242 5241 5243
usemtl 0
f 5254 5241 5257
usemtl 0
f 5257 5240 5211
usemtl 0
f 5221 5220 5222
usemtl 0
f 5258 5211 5210
usemtl 0
f 5220 5219 5222
usemtl 0
f 5218 5216 5215
usemtl 0
f 5239 5238 5237
usemtl 0
f 5218 5215 5236
usemtl 0
f 5236 5235 5234
usemtl 0
f 5231 5234 5233
usemtl 0
f 5231 5233 5232
usemtl 0
f 5230 5229 5231
usemtl 0
f 5229 5234 5231
usemtl 0
f 5224 5229 5225
usemtl 0
f 5236 5234 5229
usemtl 0
f 5226 5228 5227
usemtl 0
f 5229 5226 5225
usemtl 0
f 5229 5228 5226
usemtl 0
f 5236 5229 5224
usemtl 0
f 5222 5224 5223
usemtl 0
f 5224 5218 5236
usemtl 0
f 5178 5183 5180
usemtl 0
f 5207 5210 5209
usemtl 0
f 5218 5224 5219
usemtl 0
f 5215 5239 5237
usemtl 0
f 5216 5218 5217
usemtl 0
f 5213 5215 5214
usemtl 0
f 5185 5184 5187
usemtl 0
f 5236 5215 5237
usemtl 0
f 5239 5213 5240
usemtl 0
f 5239 5215 5213
usemtl 0
f 5258 5257 5211
usemtl 0
f 5240 5213 5212
usemtl 0
f 5207 5258 5210
usemtl 0
f 5178 5206 5183
usemtl 0
f 5209 5208 5207
usemtl 0
f 5201 5204 5202
usemtl 0
f 5184 5183 5206
usemtl 0
f 5205 5204 5206
usemtl 0
f 5201 5200 5206
usemtl 0
f 5204 5201 5206
usemtl 0
f 5204 5203 5202
usemtl 0
f 5200 5199 5197
usemtl 0
f 5197 5196 5206
usemtl 0
f 5200 5197 5206
usemtl 0
f 5197 5199 5198
usemtl 0
f 5194 5193 5196
usemtl 0
f 5196 5193 5187
usemtl 0
f 5193 5192 5187
usemtl 0
f 5196 5195 5194
usemtl 0
f 5191 5189 5192
usemtl 0
f 5192 5189 5187
usemtl 0
f 5189 5188 5187
usemtl 0
f 5189 5191 5190
usemtl 0
f 5196 5187 5184
usemtl 0
f 5178 5177 5262
usemtl 0
f 5186 5185 5187
usemtl 0
f 5182 5181 5180
usemtl 0
f 5178 5180 5179
usemtl 0
f 5269 5266 5177
usemtl 0
f 5304 5303 5177
usemtl 0
f 5177 5308 5307
usemtl 0
f 5178 5262 5261
usemtl 0
f 5177 5307 5304
usemtl 0
f 5258 5178 5261
usemtl 0
f 5258 5207 5178
usemtl 0
f 5177 5173 5153
usemtl 0
f 5176 5175 5174
usemtl 0
f 5166 5169 5167
usemtl 0
f 5177 5174 5173
usemtl 0
f 5177 5176 5174
usemtl 0
f 5170 5169 5166
usemtl 0
f 5172 5171 5170
usemtl 0
f 5172 5170 5173
usemtl 0
f 5168 5167 5169
usemtl 0
f 5156 5166 5157
usemtl 0
f 5173 5170 5166
usemtl 0
f 5163 5162 5164
usemtl 0
f 5161 5164 5162
usemtl 0
f 5166 5165 5164
usemtl 0
f 5152 5151 5150
usemtl 0
f 5166 5164 5161
usemtl 0
f 5166 5160 5157
usemtl 0
f 5166 5161 5160
usemtl 0
f 5160 5159 5158
usemtl 0
f 5160 5158 5157
usemtl 0
f 5173 5166 5156
usemtl 0
f 5156 5155 5154
usemtl 0
f 5177 5153 5152
usemtl 0
f 5173 5156 5153
usemtl 0
f 5154 5153 5156
o NL.IMBAG.Pand.0861100000370694-28
usemtl 0
f 5309 5310 5311
usemtl 0
f 5312 5313 5309
usemtl 0
f 5313 5310 5309
usemtl 0
f 5313 5314 5310
usemtl 0
f 5315 5316 5313
usemtl 0
f 5316 5314 5313
usemtl 2
f 5309 5317 5312
usemtl 2
f 5309 5318 5317
usemtl 2
f 5319 5320 5311
usemtl 2
f 5310 5319 5311
usemtl 2
f 5311 5318 5309
usemtl 2
f 5311 5320 5318
usemtl 2
f 5317 5321 5313
usemtl 2
f 5312 5317 5313
usemtl 2
f 5313 5322 5315
usemtl 2
f 5313 5321 5322
usemtl 2
f 5322 5323 5316
usemtl 2
f 5315 5322 5316
usemtl 2
f 5314 5319 5310
usemtl 2
f 5314 5324 5319
usemtl 2
f 5323 5324 5314
usemtl 2
f 5316 5323 5314
usemtl 1
f 5321 5324 5323
usemtl 1
f 5317 5318 5321
usemtl 1
f 5321 5319 5324
usemtl 1
f 5320 5319 5318
usemtl 1
f 5322 5321 5323
usemtl 1
f 5318 5319 5321
o NL.IMBAG.Pand.0861100000428609-29
usemtl 0
f 5325 5326 5327
usemtl 0
f 5328 5329 5330
usemtl 0
f 5331 5332 5326
usemtl 0
f 5333 5325 5327
usemtl 0
f 5327 5326 5332
usemtl 0
f 5326 5334 5328
usemtl 0
f 5326 5328 5330
usemtl 0
f 5326 5330 5335
usemtl 0
f 5330 5336 5335
usemtl 0
f 5330 5337 5336
usemtl 0
f 5336 5338 5335
usemtl 0
f 5331 5326 5335
usemtl 2
f 5339 5340 5326
usemtl 2
f 5325 5339 5326
usemtl 2
f 5341 5342 5343
usemtl 2
f 5344 5341 5343
usemtl 2
f 5342 5345 5346
usemtl 2
f 5343 5342 5346
usemtl 2
f 5347 5343 5346
usemtl 2
f 5348 5349 5350
usemtl 2
f 5351 5348 5350
usemtl 2
f 5349 5352 5353
usemtl 2
f 5350 5349 5353
usemtl 2
f 5354 5355 5356
usemtl 2
f 5357 5354 5356
usemtl 2
f 5345 5358 5359
usemtl 2
f 5346 5345 5359
usemtl 2
f 5360 5361 5362
usemtl 2
f 5363 5360 5362
usemtl 2
f 5361 5348 5351
usemtl 2
f 5362 5361 5351
usemtl 2
f 5364 5362 5351
usemtl 2
f 5365 5366 5367
usemtl 2
f 5368 5365 5367
usemtl 2
f 5369 5370 5371
usemtl 2
f 5369 5372 5370
usemtl 2
f 5370 5353 5373
usemtl 2
f 5371 5370 5373
usemtl 2
f 5374 5375 5376
usemtl 2
f 5374 5377 5375
usemtl 2
f 5375 5378 5379
usemtl 2
f 5376 5375 5379
usemtl 2
f 5364 5372 5369
usemtl 2
f 5364 5351 5372
usemtl 2
f 5326 5380 5334
usemtl 2
f 5326 5340 5380
usemtl 2
f 5381 5382 5383
usemtl 2
f 5384 5381 5383
usemtl 2
f 5385 5386 5387
usemtl 2
f 5388 5385 5387
usemtl 2
f 5389 5390 5391
usemtl 2
f 5389 5392 5390
usemtl 2
f 5380 5393 5328
usemtl 2
f 5334 5380 5328
usemtl 2
f 5328 5393 5329
usemtl 2
f 5393 5394 5395
usemtl 2
f 5329 5393 5395
usemtl 2
f 5330 5396 5337
usemtl 2
f 5330 5397 5396
usemtl 2
f 5398 5394 5393
usemtl 2
f 5399 5398 5393
usemtl 2
f 5400 5401 5402
usemtl 2
f 5400 5403 5401
usemtl 2
f 5404 5405 5406
usemtl 2
f 5407 5404 5406
usemtl 2
f 5408 5404 5407
usemtl 2
f 5408 5409 5404
usemtl 2
f 5410 5411 5412
usemtl 2
f 5413 5410 5412
usemtl 2
f 5410 5414 5415
usemtl 2
f 5410 5416 5414
usemtl 2
f 5417 5418 5419
usemtl 2
f 5420 5417 5419
usemtl 2
f 5421 5422 5423
usemtl 2
f 5421 5424 5422
usemtl 2
f 5422 5425 5426
usemtl 2
f 5423 5422 5426
usemtl 2
f 5427 5423 5426
usemtl 2
f 5418 5428 5429
usemtl 2
f 5419 5418 5429
usemtl 2
f 5430 5431 5432
usemtl 2
f 5433 5430 5432
usemtl 2
f 5434 5398 5399
usemtl 2
f 5397 5434 5399
usemtl 2
f 5435 5436 5437
usemtl 2
f 5438 5435 5437
usemtl 2
f 5439 5440 5441
usemtl 2
f 5442 5439 5441
usemtl 2
f 5443 5444 5445
usemtl 2
f 5443 5446 5444
usemtl 2
f 5447 5392 5389
usemtl 2
f 5448 5447 5389
usemtl 2
f 5436 5447 5448
usemtl 2
f 5437 5436 5448
usemtl 2
f 5449 5450 5451
usemtl 2
f 5449 5452 5450
usemtl 2
f 5453 5452 5449
usemtl 2
f 5453 5454 5452
usemtl 2
f 5455 5456 5457
usemtl 2
f 5455 5458 5456
usemtl 2
f 5445 5458 5455
usemtl 2
f 5445 5444 5458
usemtl 2
f 5459 5460 5461
usemtl 2
f 5462 5459 5461
usemtl 2
f 5463 5459 5462
usemtl 2
f 5464 5463 5462
usemtl 2
f 5465 5409 5408
usemtl 2
f 5465 5466 5409
usemtl 2
f 5405 5466 5465
usemtl 2
f 5406 5405 5465
usemtl 2
f 5460 5467 5468
usemtl 2
f 5461 5460 5468
usemtl 2
f 5382 5435 5438
usemtl 2
f 5383 5382 5438
usemtl 2
f 5469 5377 5374
usemtl 2
f 5470 5469 5374
usemtl 2
f 5471 5339 5325
usemtl 2
f 5333 5471 5325
usemtl 2
f 5472 5473 5474
usemtl 2
f 5475 5472 5474
usemtl 2
f 5476 5472 5475
usemtl 2
f 5476 5477 5472
usemtl 2
f 5378 5478 5479
usemtl 2
f 5379 5378 5479
usemtl 2
f 5480 5379 5479
usemtl 2
f 5481 5482 5483
usemtl 2
f 5481 5484 5482
usemtl 2
f 5483 5485 5486
usemtl 2
f 5483 5482 5485
usemtl 2
f 5487 5483 5486
usemtl 2
f 5488 5483 5487
usemtl 2
f 5489 5488 5487
usemtl 2
f 5479 5488 5489
usemtl 2
f 5480 5479 5489
usemtl 2
f 5367 5490 5491
usemtl 2
f 5367 5366 5490
usemtl 2
f 5486 5354 5357
usemtl 2
f 5486 5485 5354
usemtl 2
f 5492 5469 5470
usemtl 2
f 5493 5492 5470
usemtl 2
f 5494 5495 5431
usemtl 2
f 5496 5494 5431
usemtl 2
f 5497 5494 5496
usemtl 2
f 5498 5497 5496
usemtl 2
f 5499 5498 5496
usemtl 2
f 5432 5431 5498
usemtl 2
f 5431 5495 5497
usemtl 2
f 5498 5431 5497
usemtl 2
f 5500 5430 5433
usemtl 2
f 5501 5500 5433
usemtl 2
f 5502 5503 5504
usemtl 2
f 5502 5505 5503
usemtl 2
f 5506 5477 5476
usemtl 2
f 5507 5506 5476
usemtl 2
f 5508 5506 5507
usemtl 2
f 5509 5508 5507
usemtl 2
f 5510 5471 5333
usemtl 2
f 5327 5510 5333
usemtl 2
f 5511 5508 5509
usemtl 2
f 5512 5511 5509
usemtl 2
f 5456 5446 5443
usemtl 2
f 5457 5456 5443
usemtl 2
f 5387 5454 5453
usemtl 2
f 5387 5386 5454
usemtl 2
f 5513 5514 5335
usemtl 2
f 5338 5513 5335
usemtl 2
f 5515 5424 5421
usemtl 2
f 5516 5515 5421
usemtl 2
f 5426 5517 5518
usemtl 2
f 5426 5425 5517
usemtl 2
f 5519 5520 5521
usemtl 2
f 5522 5519 5521
usemtl 2
f 5336 5513 5338
usemtl 2
f 5336 5522 5513
usemtl 2
f 5396 5519 5522
usemtl 2
f 5337 5396 5522
usemtl 2
f 5336 5337 5522
usemtl 2
f 5523 5524 5525
usemtl 2
f 5526 5523 5525
usemtl 2
f 5524 5500 5501
usemtl 2
f 5525 5524 5501
usemtl 2
f 5496 5385 5388
usemtl 2
f 5499 5496 5388
usemtl 2
f 5514 5527 5331
usemtl 2
f 5335 5514 5331
usemtl 2
f 5391 5528 5529
usemtl 2
f 5391 5390 5528
usemtl 2
f 5528 5530 5531
usemtl 2
f 5529 5528 5531
usemtl 2
f 5532 5511 5512
usemtl 2
f 5532 5533 5511
usemtl 2
f 5534 5381 5384
usemtl 2
f 5535 5534 5384
usemtl 2
f 5536 5534 5535
usemtl 2
f 5536 5537 5534
usemtl 2
f 5531 5537 5536
usemtl 2
f 5531 5530 5537
usemtl 2
f 5473 5492 5493
usemtl 2
f 5474 5473 5493
usemtl 2
f 5538 5360 5363
usemtl 2
f 5539 5538 5363
usemtl 2
f 5540 5538 5539
usemtl 2
f 5541 5540 5539
usemtl 2
f 5542 5540 5541
usemtl 2
f 5543 5542 5541
usemtl 2
f 5544 5545 5546
usemtl 2
f 5547 5544 5546
usemtl 2
f 5373 5353 5344
usemtl 2
f 5353 5352 5341
usemtl 2
f 5344 5353 5341
usemtl 2
f 5545 5548 5549
usemtl 2
f 5546 5545 5549
usemtl 2
f 5550 5365 5368
usemtl 2
f 5551 5550 5368
usemtl 2
f 5491 5550 5551
usemtl 2
f 5491 5490 5550
usemtl 2
f 5552 5505 5502
usemtl 2
f 5553 5552 5502
usemtl 2
f 5468 5533 5532
usemtl 2
f 5468 5467 5533
usemtl 2
f 5427 5403 5400
usemtl 2
f 5427 5426 5403
usemtl 2
f 5554 5555 5556
usemtl 2
f 5557 5554 5556
usemtl 2
f 5558 5515 5516
usemtl 2
f 5558 5559 5515
usemtl 2
f 5560 5558 5516
usemtl 2
f 5556 5561 5562
usemtl 2
f 5556 5555 5561
usemtl 2
f 5521 5563 5564
usemtl 2
f 5521 5520 5563
usemtl 2
f 5563 5554 5557
usemtl 2
f 5564 5563 5557
usemtl 2
f 5527 5565 5332
usemtl 2
f 5527 5566 5565
usemtl 2
f 5331 5527 5332
usemtl 2
f 5565 5510 5327
usemtl 2
f 5332 5565 5327
usemtl 2
f 5414 5567 5568
usemtl 2
f 5415 5414 5568
usemtl 2
f 5402 5568 5569
usemtl 2
f 5402 5401 5568
usemtl 2
f 5411 5558 5560
usemtl 2
f 5412 5411 5560
usemtl 2
f 5346 5416 5410
usemtl 2
f 5347 5346 5410
usemtl 2
f 5413 5347 5410
usemtl 2
f 5517 5559 5558
usemtl 2
f 5518 5517 5558
usemtl 2
f 5570 5571 5572
usemtl 2
f 5573 5570 5572
usemtl 2
f 5561 5570 5573
usemtl 2
f 5562 5561 5573
usemtl 2
f 5574 5552 5553
usemtl 2
f 5575 5574 5553
usemtl 2
f 5576 5484 5481
usemtl 2
f 5576 5577 5484
usemtl 2
f 5568 5439 5442
usemtl 2
f 5568 5567 5439
usemtl 2
f 5569 5568 5442
usemtl 2
f 5355 5578 5579
usemtl 2
f 5356 5355 5579
usemtl 2
f 5478 5577 5576
usemtl 2
f 5479 5478 5576
usemtl 2
f 5580 5574 5575
usemtl 2
f 5581 5580 5575
usemtl 2
f 5504 5580 5581
usemtl 2
f 5504 5503 5580
usemtl 2
f 5571 5523 5526
usemtl 2
f 5572 5571 5526
usemtl 2
f 5582 5359 5583
usemtl 2
f 5584 5582 5583
usemtl 2
f 5585 5582 5584
usemtl 2
f 5586 5585 5584
usemtl 2
f 5587 5585 5586
usemtl 2
f 5587 5588 5585
usemtl 2
f 5440 5588 5587
usemtl 2
f 5441 5440 5587
usemtl 2
f 5359 5417 5420
usemtl 2
f 5359 5358 5417
usemtl 2
f 5583 5359 5420
usemtl 2
f 5579 5542 5543
usemtl 2
f 5579 5578 5542
usemtl 2
f 5428 5463 5464
usemtl 2
f 5429 5428 5464
usemtl 2
f 5548 5589 5590
usemtl 2
f 5549 5548 5590
usemtl 2
f 5395 5434 5397
usemtl 2
f 5329 5395 5397
usemtl 2
f 5330 5329 5397
usemtl 2
f 5590 5544 5547
usemtl 2
f 5590 5589 5544
usemtl 2
f 5451 5566 5527
usemtl 2
f 5451 5450 5566
usemtl 1
f 5350 5372 5351
usemtl 1
f 5353 5370 5372
usemtl 1
f 5350 5353 5372
usemtl 1
f 5409 5466 5405
usemtl 1
f 5404 5409 5405
usemtl 1
f 5494 5497 5495
usemtl 1
f 5444 5446 5456
usemtl 1
f 5458 5444 5456
usemtl 1
f 5535 5384 5536
usemtl 1
f 5384 5531 5536
usemtl 1
f 5438 5391 5384
usemtl 1
f 5383 5438 5384
usemtl 1
f 5438 5437 5391
usemtl 1
f 5448 5389 5437
usemtl 1
f 5391 5529 5531
usemtl 1
f 5384 5391 5531
usemtl 1
f 5437 5389 5391
usemtl 1
f 5365 5550 5490
usemtl 1
f 5366 5365 5490
usemtl 1
f 5450 5454 5339
usemtl 1
f 5565 5566 5450
usemtl 1
f 5380 5496 5430
usemtl 1
f 5454 5340 5339
usemtl 1
f 5510 5565 5450
usemtl 1
f 5452 5454 5450
usemtl 1
f 5393 5380 5430
usemtl 1
f 5454 5386 5340
usemtl 1
f 5431 5430 5496
usemtl 1
f 5385 5496 5380
usemtl 1
f 5397 5520 5519
usemtl 1
f 5570 5555 5523
usemtl 1
f 5500 5524 5523
usemtl 1
f 5500 5523 5430
usemtl 1
f 5554 5520 5397
usemtl 1
f 5571 5570 5523
usemtl 1
f 5561 5555 5570
usemtl 1
f 5399 5554 5397
usemtl 1
f 5563 5520 5554
usemtl 1
f 5397 5519 5396
usemtl 1
f 5399 5555 5554
usemtl 1
f 5523 5555 5399
usemtl 1
f 5523 5399 5430
usemtl 1
f 5399 5393 5430
usemtl 1
f 5385 5380 5340
usemtl 1
f 5385 5340 5386
usemtl 1
f 5450 5339 5471
usemtl 1
f 5471 5510 5450
usemtl 1
f 5415 5518 5411
usemtl 1
f 5411 5518 5558
usemtl 1
f 5415 5411 5410
usemtl 1
f 5415 5568 5401
usemtl 1
f 5415 5401 5403
usemtl 1
f 5415 5403 5518
usemtl 1
f 5403 5426 5518
usemtl 1
f 5515 5559 5517
usemtl 1
f 5422 5424 5425
usemtl 1
f 5425 5515 5517
usemtl 1
f 5424 5515 5425
usemtl 1
f 5485 5578 5355
usemtl 1
f 5354 5485 5355
usemtl 1
f 5481 5479 5576
usemtl 1
f 5483 5488 5479
usemtl 1
f 5481 5483 5479
usemtl 1
f 5574 5580 5503
usemtl 1
f 5552 5574 5505
usemtl 1
f 5505 5574 5503
usemtl 1
f 5585 5588 5440
usemtl 1
f 5567 5585 5440
usemtl 1
f 5439 5567 5440
usemtl 1
f 5582 5585 5359
usemtl 1
f 5414 5416 5567
usemtl 1
f 5416 5346 5567
usemtl 1
f 5346 5359 5567
usemtl 1
f 5359 5585 5567
usemtl 1
f 5345 5341 5428
usemtl 1
f 5484 5485 5482
usemtl 1
f 5360 5538 5540
usemtl 1
f 5349 5463 5352
usemtl 1
f 5418 5417 5428
usemtl 1
f 5492 5473 5472
usemtl 1
f 5417 5358 5428
usemtl 1
f 5477 5506 5508
usemtl 1
f 5358 5345 5428
usemtl 1
f 5459 5467 5460
usemtl 1
f 5345 5342 5341
usemtl 1
f 5428 5341 5463
usemtl 1
f 5341 5352 5463
usemtl 1
f 5463 5349 5360
usemtl 1
f 5349 5348 5360
usemtl 1
f 5348 5361 5360
usemtl 1
f 5463 5360 5459
usemtl 1
f 5578 5485 5467
usemtl 1
f 5360 5542 5459
usemtl 1
f 5360 5540 5542
usemtl 1
f 5542 5578 5459
usemtl 1
f 5377 5469 5533
usemtl 1
f 5467 5485 5484
usemtl 1
f 5533 5484 5577
usemtl 1
f 5375 5533 5378
usemtl 1
f 5478 5378 5577
usemtl 1
f 5469 5492 5533
usemtl 1
f 5492 5472 5533
usemtl 1
f 5533 5477 5508
usemtl 1
f 5533 5508 5511
usemtl 1
f 5533 5472 5477
usemtl 1
f 5467 5484 5533
usemtl 1
f 5533 5577 5378
usemtl 1
f 5375 5377 5533
usemtl 1
f 5459 5578 5467
usemtl 1
f 5398 5434 5395
usemtl 1
f 5394 5398 5395
usemtl 1
f 5548 5544 5589
usemtl 1
f 5548 5545 5544
usemtl 1
f 5514 5451 5527
usemtl 1
f 5513 5522 5521
usemtl 1
f 5556 5564 5557
usemtl 1
f 5453 5449 5388
usemtl 1
f 5526 5525 5572
usemtl 1
f 5513 5564 5562
usemtl 1
f 5513 5521 5564
usemtl 1
f 5572 5514 5562
usemtl 1
f 5572 5562 5573
usemtl 1
f 5562 5564 5556
usemtl 1
f 5514 5513 5562
usemtl 1
f 5449 5451 5572
usemtl 1
f 5451 5514 5572
usemtl 1
f 5525 5449 5572
usemtl 1
f 5501 5388 5525
usemtl 1
f 5433 5432 5498
usemtl 1
f 5498 5388 5501
usemtl 1
f 5499 5388 5498
usemtl 1
f 5433 5498 5501
usemtl 1
f 5388 5449 5525
usemtl 1
f 5387 5453 5388
o NL.IMBAG.Pand.0861100000366264-30
usemtl 0
f 5591 5592 5593
usemtl 0
f 5594 5595 5596
usemtl 0
f 5592 5597 5596
usemtl 0
f 5598 5594 5599
usemtl 0
f 5600 5601 5595
usemtl 0
f 5600 5595 5594
usemtl 0
f 5602 5595 5601
usemtl 0
f 5591 5597 5592
usemtl 0
f 5596 5597 5599
usemtl 0
f 5596 5599 5594
usemtl 0
f 5594 5598 5603
usemtl 0
f 5598 5604 5603
usemtl 0
f 5604 5605 5603
usemtl 0
f 5606 5605 5604
usemtl 0
f 5607 5605 5606
usemtl 0
f 5607 5606 5608
usemtl 0
f 5609 5608 5610
usemtl 0
f 5609 5610 5611
usemtl 0
f 5610 5612 5611
usemtl 0
f 5607 5608 5609
usemtl 0
f 5607 5609 5613
usemtl 0
f 5607 5613 5614
usemtl 0
f 5613 5615 5614
usemtl 2
f 5592 5616 5593
usemtl 2
f 5617 5618 5616
usemtl 2
f 5592 5617 5616
usemtl 2
f 5619 5618 5617
usemtl 2
f 5619 5620 5618
usemtl 2
f 5621 5619 5617
usemtl 2
f 5593 5622 5591
usemtl 2
f 5593 5616 5622
usemtl 2
f 5623 5624 5625
usemtl 2
f 5623 5626 5624
usemtl 2
f 5604 5627 5606
usemtl 2
f 5604 5628 5627
usemtl 2
f 5629 5617 5592
usemtl 2
f 5596 5629 5592
usemtl 2
f 5630 5631 5595
usemtl 2
f 5602 5630 5595
usemtl 2
f 5605 5632 5603
usemtl 2
f 5605 5633 5632
usemtl 2
f 5634 5635 5636
usemtl 2
f 5594 5634 5636
usemtl 2
f 5600 5594 5636
usemtl 2
f 5637 5638 5614
usemtl 2
f 5615 5637 5614
usemtl 2
f 5613 5637 5615
usemtl 2
f 5613 5639 5637
usemtl 2
f 5640 5641 5610
usemtl 2
f 5608 5640 5610
usemtl 2
f 5641 5642 5612
usemtl 2
f 5610 5641 5612
usemtl 2
f 5606 5640 5608
usemtl 2
f 5606 5627 5640
usemtl 2
f 5595 5629 5596
usemtl 2
f 5595 5631 5629
usemtl 2
f 5643 5644 5645
usemtl 2
f 5646 5643 5645
usemtl 2
f 5647 5646 5645
usemtl 2
f 5642 5648 5611
usemtl 2
f 5612 5642 5611
usemtl 2
f 5611 5649 5609
usemtl 2
f 5611 5648 5649
usemtl 2
f 5650 5651 5652
usemtl 2
f 5650 5653 5654
usemtl 2
f 5655 5656 5657
usemtl 2
f 5655 5654 5653
usemtl 2
f 5658 5655 5653
usemtl 2
f 5659 5660 5598
usemtl 2
f 5599 5659 5598
usemtl 2
f 5661 5662 5663
usemtl 2
f 5664 5663 5662
usemtl 2
f 5665 5664 5662
usemtl 2
f 5666 5643 5646
usemtl 2
f 5667 5668 5669
usemtl 2
f 5670 5667 5669
usemtl 2
f 5622 5657 5597
usemtl 2
f 5591 5622 5597
usemtl 2
f 5597 5659 5599
usemtl 2
f 5657 5656 5659
usemtl 2
f 5597 5657 5659
usemtl 2
f 5671 5672 5673
usemtl 2
f 5674 5671 5673
usemtl 2
f 5636 5675 5601
usemtl 2
f 5600 5636 5601
usemtl 2
f 5601 5630 5602
usemtl 2
f 5601 5675 5630
usemtl 2
f 5603 5634 5594
usemtl 2
f 5603 5632 5634
usemtl 2
f 5676 5677 5678
usemtl 2
f 5676 5679 5677
usemtl 2
f 5680 5664 5665
usemtl 2
f 5679 5680 5665
usemtl 2
f 5681 5682 5639
usemtl 2
f 5649 5681 5639
usemtl 2
f 5613 5609 5649
usemtl 2
f 5613 5649 5639
usemtl 2
f 5624 5646 5647
usemtl 2
f 5625 5624 5647
usemtl 2
f 5683 5684 5685
usemtl 2
f 5683 5686 5687
usemtl 2
f 5688 5689 5690
usemtl 2
f 5688 5636 5635
usemtl 2
f 5691 5690 5689
usemtl 2
f 5691 5692 5690
usemtl 2
f 5685 5692 5691
usemtl 2
f 5685 5684 5692
usemtl 2
f 5693 5652 5651
usemtl 2
f 5693 5620 5619
usemtl 2
f 5694 5619 5621
usemtl 2
f 5694 5626 5623
usemtl 2
f 5669 5673 5695
usemtl 2
f 5669 5668 5673
usemtl 2
f 5695 5673 5670
usemtl 2
f 5673 5672 5667
usemtl 2
f 5670 5673 5667
usemtl 2
f 5696 5681 5649
usemtl 2
f 5696 5680 5679
usemtl 2
f 5676 5696 5679
usemtl 2
f 5697 5698 5699
usemtl 2
f 5697 5700 5698
usemtl 2
f 5701 5700 5697
usemtl 2
f 5660 5628 5604
usemtl 2
f 5598 5660 5604
usemtl 2
f 5702 5703 5704
usemtl 2
f 5702 5645 5644
usemtl 2
f 5705 5706 5707
usemtl 2
f 5704 5705 5707
usemtl 2
f 5707 5671 5674
usemtl 2
f 5707 5706 5671
usemtl 2
f 5698 5705 5704
usemtl 2
f 5699 5698 5704
usemtl 2
f 5703 5699 5704
usemtl 2
f 5668 5658 5653
usemtl 2
f 5677 5708 5709
usemtl 2
f 5678 5677 5709
usemtl 2
f 5638 5710 5607
usemtl 2
f 5614 5638 5607
usemtl 2
f 5711 5639 5682
usemtl 2
f 5711 5687 5686
usemtl 2
f 5710 5633 5605
usemtl 2
f 5607 5710 5605
usemtl 2
f 5712 5709 5708
usemtl 1
f 5630 5675 5631
usemtl 1
f 5631 5690 5692
usemtl 1
f 5675 5690 5631
usemtl 1
f 5688 5690 5675
usemtl 1
f 5688 5675 5636
usemtl 1
f 5687 5624 5683
usemtl 1
f 5683 5692 5684
usemtl 1
f 5666 5646 5687
usemtl 1
f 5646 5624 5687
usemtl 1
f 5624 5692 5683
usemtl 1
f 5631 5624 5629
usemtl 1
f 5631 5692 5624
usemtl 1
f 5655 5657 5622
usemtl 1
f 5651 5655 5693
usemtl 1
f 5655 5622 5693
usemtl 1
f 5650 5654 5655
usemtl 1
f 5650 5655 5651
usemtl 1
f 5620 5693 5622
usemtl 1
f 5620 5622 5616
usemtl 1
f 5620 5616 5618
usemtl 1
f 5624 5626 5694
usemtl 1
f 5621 5629 5694
usemtl 1
f 5621 5617 5629
usemtl 1
f 5629 5624 5694
usemtl 1
f 5648 5661 5696
usemtl 1
f 5661 5664 5680
usemtl 1
f 5649 5648 5696
usemtl 1
f 5696 5661 5680
usemtl 1
f 5661 5663 5664
usemtl 1
f 5706 5705 5698
usemtl 1
f 5660 5659 5668
usemtl 1
f 5700 5701 5667
usemtl 1
f 5667 5701 5660
usemtl 1
f 5672 5671 5667
usemtl 1
f 5671 5706 5667
usemtl 1
f 5698 5700 5667
usemtl 1
f 5706 5698 5667
usemtl 1
f 5660 5701 5628
usemtl 1
f 5668 5667 5660
usemtl 1
f 5658 5668 5659
usemtl 1
f 5658 5659 5655
usemtl 1
f 5659 5656 5655
usemtl 1
f 5665 5662 5641
usemtl 1
f 5640 5701 5665
usemtl 1
f 5662 5642 5641
usemtl 1
f 5661 5648 5662
usemtl 1
f 5648 5642 5662
usemtl 1
f 5665 5641 5640
usemtl 1
f 5701 5640 5627
usemtl 1
f 5701 5627 5628
usemtl 1
f 5694 5623 5653
usemtl 1
f 5652 5693 5650
usemtl 1
f 5694 5693 5619
usemtl 1
f 5704 5707 5702
usemtl 1
f 5650 5693 5694
usemtl 1
f 5650 5694 5653
usemtl 1
f 5653 5623 5668
usemtl 1
f 5623 5647 5668
usemtl 1
f 5625 5647 5623
usemtl 1
f 5647 5673 5668
usemtl 1
f 5645 5702 5674
usemtl 1
f 5674 5673 5647
usemtl 1
f 5645 5674 5647
usemtl 1
f 5702 5707 5674
usemtl 1
f 5687 5711 5712
usemtl 1
f 5712 5711 5709
usemtl 1
f 5676 5678 5696
usemtl 1
f 5666 5687 5712
usemtl 1
f 5709 5711 5678
usemtl 1
f 5711 5682 5678
usemtl 1
f 5682 5681 5696
usemtl 1
f 5682 5696 5678
usemtl 1
f 5638 5711 5710
usemtl 1
f 5685 5691 5689
usemtl 1
f 5638 5639 5711
usemtl 1
f 5711 5633 5710
usemtl 1
f 5634 5688 5635
usemtl 1
f 5637 5639 5638
usemtl 1
f 5633 5711 5683
usemtl 1
f 5711 5686 5683
usemtl 1
f 5633 5683 5632
usemtl 1
f 5683 5685 5632
usemtl 1
f 5685 5689 5632
usemtl 1
f 5689 5688 5634
usemtl 1
f 5632 5689 5634
usemtl 1
f 5665 5701 5708
usemtl 1
f 5708 5701 5697
usemtl 1
f 5677 5679 5665
usemtl 1
f 5677 5665 5708
usemtl 1
f 5703 5697 5699
usemtl 1
f 5712 5708 5697
usemtl 1
f 5702 5697 5703
usemtl 1
f 5712 5697 5702
usemtl 1
f 5712 5644 5666
usemtl 1
f 5712 5702 5644
usemtl 1
f 5644 5643 5666
o NL.IMBAG.Pand.0861100000371779-31
usemtl 0
f 5713 5714 5715
usemtl 0
f 5716 5713 5715
usemtl 0
f 5717 5718 5719
usemtl 0
f 5720 5714 5713
usemtl 0
f 5718 5721 5719
usemtl 0
f 5722 5723 5724
usemtl 0
f 5724 5725 5726
usemtl 0
f 5727 5725 5723
usemtl 0
f 5727 5723 5728
usemtl 0
f 5727 5728 5729
usemtl 0
f 5725 5730 5726
usemtl 0
f 5723 5725 5724
usemtl 0
f 5731 5726 5730
usemtl 0
f 5722 5724 5721
usemtl 0
f 5722 5721 5718
usemtl 0
f 5732 5718 5717
usemtl 0
f 5732 5733 5734
usemtl 0
f 5732 5717 5733
usemtl 0
f 5732 5734 5720
usemtl 0
f 5734 5714 5720
usemtl 0
f 5735 5714 5734
usemtl 0
f 5736 5714 5735
usemtl 0
f 5736 5735 5737
usemtl 2
f 5731 5738 5726
usemtl 2
f 5731 5739 5738
usemtl 2
f 5740 5741 5735
usemtl 2
f 5734 5740 5735
usemtl 2
f 5742 5743 5744
usemtl 2
f 5742 5745 5743
usemtl 2
f 5746 5742 5744
usemtl 2
f 5747 5748 5749
usemtl 2
f 5749 5750 5751
usemtl 2
f 5749 5752 5750
usemtl 2
f 5753 5754 5713
usemtl 2
f 5716 5753 5713
usemtl 2
f 5728 5755 5729
usemtl 2
f 5728 5756 5755
usemtl 2
f 5757 5758 5732
usemtl 2
f 5720 5757 5732
usemtl 2
f 5759 5760 5761
usemtl 2
f 5754 5757 5720
usemtl 2
f 5713 5754 5720
usemtl 2
f 5762 5756 5728
usemtl 2
f 5723 5762 5728
usemtl 2
f 5763 5764 5765
usemtl 2
f 5766 5763 5765
usemtl 2
f 5767 5768 5769
usemtl 2
f 5767 5770 5768
usemtl 2
f 5764 5771 5772
usemtl 2
f 5765 5764 5772
usemtl 2
f 5772 5773 5774
usemtl 2
f 5772 5771 5773
usemtl 2
f 5730 5739 5731
usemtl 2
f 5730 5775 5739
usemtl 2
f 5776 5775 5730
usemtl 2
f 5725 5776 5730
usemtl 2
f 5736 5777 5714
usemtl 2
f 5736 5778 5777
usemtl 2
f 5779 5778 5736
usemtl 2
f 5737 5779 5736
usemtl 2
f 5741 5779 5737
usemtl 2
f 5735 5741 5737
usemtl 2
f 5717 5780 5733
usemtl 2
f 5780 5781 5782
usemtl 2
f 5733 5780 5782
usemtl 2
f 5769 5781 5780
usemtl 2
f 5769 5768 5781
usemtl 2
f 5783 5784 5785
usemtl 2
f 5786 5783 5785
usemtl 2
f 5787 5788 5789
usemtl 2
f 5787 5785 5784
usemtl 2
f 5790 5791 5773
usemtl 2
f 5791 5792 5793
usemtl 2
f 5773 5791 5793
usemtl 2
f 5794 5774 5773
usemtl 2
f 5794 5773 5793
usemtl 2
f 5795 5783 5786
usemtl 2
f 5747 5796 5797
usemtl 2
f 5793 5798 5799
usemtl 2
f 5793 5792 5798
usemtl 2
f 5800 5799 5798
usemtl 2
f 5733 5740 5734
usemtl 2
f 5733 5782 5740
usemtl 2
f 5721 5801 5719
usemtl 2
f 5721 5766 5801
usemtl 2
f 5802 5763 5766
usemtl 2
f 5724 5802 5721
usemtl 2
f 5721 5802 5766
usemtl 2
f 5801 5780 5717
usemtl 2
f 5719 5801 5717
usemtl 2
f 5803 5804 5805
usemtl 2
f 5806 5803 5805
usemtl 2
f 5751 5803 5806
usemtl 2
f 5751 5750 5803
usemtl 2
f 5796 5789 5788
usemtl 2
f 5797 5796 5788
usemtl 2
f 5807 5808 5809
usemtl 2
f 5807 5745 5742
usemtl 2
f 5726 5802 5724
usemtl 2
f 5726 5738 5802
usemtl 2
f 5810 5752 5749
usemtl 2
f 5811 5810 5749
usemtl 2
f 5748 5811 5749
usemtl 2
f 5812 5776 5813
usemtl 2
f 5809 5813 5776
usemtl 2
f 5809 5808 5813
usemtl 2
f 5725 5727 5776
usemtl 2
f 5727 5809 5776
usemtl 2
f 5805 5814 5743
usemtl 2
f 5805 5804 5814
usemtl 2
f 5755 5809 5727
usemtl 2
f 5729 5755 5727
usemtl 2
f 5732 5815 5718
usemtl 2
f 5732 5758 5815
usemtl 2
f 5815 5816 5817
usemtl 2
f 5718 5815 5817
usemtl 2
f 5722 5718 5817
usemtl 2
f 5818 5817 5816
usemtl 2
f 5817 5762 5723
usemtl 2
f 5722 5817 5723
usemtl 2
f 5715 5753 5716
usemtl 2
f 5715 5760 5753
usemtl 2
f 5777 5761 5760
usemtl 2
f 5714 5777 5715
usemtl 2
f 5715 5777 5760
usemtl 2
f 5819 5742 5746
usemtl 2
f 5820 5819 5746
usemtl 2
f 5819 5810 5811
usemtl 2
f 5819 5821 5810
usemtl 2
f 5743 5821 5819
usemtl 2
f 5743 5814 5821
usemtl 2
f 5820 5744 5819
usemtl 2
f 5744 5743 5819
usemtl 2
f 5794 5770 5767
usemtl 2
f 5794 5793 5770
usemtl 1
f 5777 5822 5795
usemtl 1
f 5777 5778 5822
usemtl 1
f 5739 5775 5738
usemtl 1
f 5775 5771 5802
usemtl 1
f 5738 5775 5802
usemtl 1
f 5771 5764 5802
usemtl 1
f 5764 5763 5802
usemtl 1
f 5774 5794 5767
usemtl 1
f 5801 5765 5769
usemtl 1
f 5769 5774 5767
usemtl 1
f 5801 5769 5780
usemtl 1
f 5766 5765 5801
usemtl 1
f 5765 5774 5769
usemtl 1
f 5772 5774 5765
usemtl 1
f 5804 5750 5752
usemtl 1
f 5810 5821 5814
usemtl 1
f 5804 5810 5814
usemtl 1
f 5803 5750 5804
usemtl 1
f 5804 5752 5810
usemtl 1
f 5784 5800 5823
usemtl 1
f 5783 5800 5784
usemtl 1
f 5823 5800 5790
usemtl 1
f 5795 5822 5783
usemtl 1
f 5800 5798 5792
usemtl 1
f 5792 5791 5790
usemtl 1
f 5822 5800 5783
usemtl 1
f 5800 5792 5790
usemtl 1
f 5812 5823 5790
usemtl 1
f 5773 5771 5790
usemtl 1
f 5790 5771 5812
usemtl 1
f 5771 5775 5812
usemtl 1
f 5775 5776 5812
usemtl 1
f 5747 5749 5751
usemtl 1
f 5818 5762 5817
usemtl 1
f 5747 5751 5818
usemtl 1
f 5751 5806 5818
usemtl 1
f 5806 5762 5818
usemtl 1
f 5743 5806 5805
usemtl 1
f 5756 5762 5806
usemtl 1
f 5745 5806 5743
usemtl 1
f 5756 5806 5745
usemtl 1
f 5756 5745 5807
usemtl 1
f 5755 5807 5809
usemtl 1
f 5756 5807 5755
usemtl 1
f 5796 5758 5789
usemtl 1
f 5816 5747 5818
usemtl 1
f 5816 5815 5747
usemtl 1
f 5815 5796 5747
usemtl 1
f 5758 5796 5815
usemtl 1
f 5759 5789 5757
usemtl 1
f 5757 5789 5758
usemtl 1
f 5759 5757 5754
usemtl 1
f 5759 5754 5760
usemtl 1
f 5754 5753 5760
usemtl 1
f 5759 5761 5777
usemtl 1
f 5786 5787 5795
usemtl 1
f 5795 5759 5777
usemtl 1
f 5789 5759 5787
usemtl 1
f 5785 5787 5786
usemtl 1
f 5787 5759 5795
usemtl 1
f 5812 5819 5811
usemtl 1
f 5797 5787 5823
usemtl 1
f 5748 5747 5823
usemtl 1
f 5807 5819 5812
usemtl 1
f 5747 5797 5823
usemtl 1
f 5787 5784 5823
usemtl 1
f 5788 5787 5797
usemtl 1
f 5748 5823 5811
usemtl 1
f 5823 5812 5811
usemtl 1
f 5807 5813 5808
usemtl 1
f 5819 5807 5742
usemtl 1
f 5812 5813 5807
usemtl 1
f 5800 5740 5799
usemtl 1
f 5799 5770 5793
usemtl 1
f 5822 5741 5740
usemtl 1
f 5800 5822 5740
usemtl 1
f 5778 5779 5741
usemtl 1
f 5778 5741 5822
usemtl 1
f 5799 5740 5782
usemtl 1
f 5799 5782 5770
usemtl 1
f 5782 5768 5770
usemtl 1
f 5781 5768 5782
o NL.IMBAG.Pand.0861100000367309-32
usemtl 0
f 5824 5825 5826
usemtl 0
f 5827 5828 5824
usemtl 0
f 5826 5825 5829
usemtl 0
f 5828 5830 5825
usemtl 0
f 5831 5830 5828
usemtl 0
f 5831 5828 5832
usemtl 0
f 5830 5833 5834
usemtl 0
f 5825 5835 5829
usemtl 0
f 5830 5834 5825
usemtl 0
f 5828 5825 5824
usemtl 2
f 5835 5836 5829
usemtl 2
f 5835 5837 5836
usemtl 2
f 5825 5837 5835
usemtl 2
f 5825 5838 5837
usemtl 2
f 5839 5840 5841
usemtl 2
f 5839 5842 5840
usemtl 2
f 5843 5844 5831
usemtl 2
f 5832 5843 5831
usemtl 2
f 5845 5843 5832
usemtl 2
f 5828 5845 5832
usemtl 2
f 5846 5847 5848
usemtl 2
f 5833 5846 5848
usemtl 2
f 5834 5833 5848
usemtl 2
f 5831 5841 5830
usemtl 2
f 5831 5844 5841
usemtl 2
f 5849 5850 5827
usemtl 2
f 5824 5849 5827
usemtl 2
f 5850 5845 5828
usemtl 2
f 5827 5850 5828
usemtl 2
f 5851 5849 5824
usemtl 2
f 5826 5851 5824
usemtl 2
f 5830 5841 5833
usemtl 2
f 5841 5840 5846
usemtl 2
f 5833 5841 5846
usemtl 2
f 5834 5838 5825
usemtl 2
f 5834 5848 5838
usemtl 2
f 5847 5852 5853
usemtl 2
f 5848 5847 5853
usemtl 2
f 5836 5851 5826
usemtl 2
f 5829 5836 5826
usemtl 2
f 5854 5842 5839
usemtl 2
f 5855 5854 5839
usemtl 2
f 5852 5854 5855
usemtl 2
f 5853 5852 5855
usemtl 1
f 5839 5845 5849
usemtl 1
f 5838 5853 5855
usemtl 1
f 5836 5837 5855
usemtl 1
f 5845 5844 5843
usemtl 1
f 5841 5845 5839
usemtl 1
f 5841 5844 5845
usemtl 1
f 5845 5850 5849
usemtl 1
f 5839 5849 5855
usemtl 1
f 5849 5851 5855
usemtl 1
f 5851 5836 5855
usemtl 1
f 5853 5838 5848
usemtl 1
f 5855 5837 5838
usemtl 1
f 5842 5854 5852
usemtl 1
f 5846 5840 5852
usemtl 1
f 5847 5846 5852
usemtl 1
f 5852 5840 5842
o NL.IMBAG.Pand.0861100000367723-33
usemtl 0
f 5856 5857 5858
usemtl 0
f 5859 5856 5858
usemtl 2
f 5857 5860 5858
usemtl 2
f 5857 5861 5860
usemtl 2
f 5856 5861 5857
usemtl 2
f 5856 5862 5861
usemtl 2
f 5860 5863 5859
usemtl 2
f 5858 5860 5859
usemtl 2
f 5863 5862 5856
usemtl 2
f 5859 5863 5856
usemtl 1
f 5860 5862 5863
usemtl 1
f 5860 5861 5862
o NL.IMBAG.Pand.0861100000434996-34
usemtl 0
f 5864 5865 5866
usemtl 0
f 5867 5868 5865
usemtl 0
f 5865 5868 5869
usemtl 0
f 5866 5865 5869
usemtl 2
f 5870 5871 5869
usemtl 2
f 5868 5870 5869
usemtl 2
f 5872 5870 5868
usemtl 2
f 5867 5872 5868
usemtl 2
f 5873 5872 5867
usemtl 2
f 5865 5873 5867
usemtl 2
f 5874 5873 5865
usemtl 2
f 5864 5874 5865
usemtl 2
f 5866 5874 5864
usemtl 2
f 5866 5875 5874
usemtl 2
f 5871 5875 5866
usemtl 2
f 5869 5871 5866
usemtl 1
f 5873 5875 5871
usemtl 1
f 5873 5874 5875
usemtl 1
f 5870 5872 5873
usemtl 1
f 5870 5873 5871
o NL.IMBAG.Pand.0861100000364265-35
usemtl 1
f 5876 5877 5878
usemtl 1
f 5879 5880 5881
usemtl 1
f 5878 5882 5876
usemtl 1
f 5883 5884 5885
usemtl 1
f 5886 5887 5888
usemtl 1
f 5889 5890 5891
usemtl 1
f 5886 5888 5892
usemtl 1
f 5893 5882 5878
usemtl 1
f 5894 5895 5876
usemtl 1
f 5896 5897 5898
usemtl 1
f 5899 5894 5882
usemtl 1
f 5880 5900 5901
usemtl 1
f 5902 5903 5894
usemtl 1
f 5895 5904 5876
usemtl 1
f 5905 5897 5896
usemtl 1
f 5896 5898 5906
usemtl 1
f 5907 5908 5909
usemtl 1
f 5898 5900 5906
usemtl 1
f 5910 5911 5912
usemtl 1
f 5906 5880 5879
usemtl 1
f 5913 5914 5915
usemtl 1
f 5906 5900 5880
usemtl 1
f 5916 5917 5878
usemtl 1
f 5903 5879 5895
usemtl 1
f 5903 5906 5879
usemtl 1
f 5903 5895 5894
usemtl 1
f 5894 5876 5882
usemtl 1
f 5918 5919 5920
usemtl 1
f 5921 5877 5876
usemtl 1
f 5917 5922 5893
usemtl 1
f 5893 5923 5882
usemtl 1
f 5924 5893 5922
usemtl 1
f 5925 5926 5927
usemtl 1
f 5923 5888 5882
usemtl 1
f 5914 5928 5929
usemtl 1
f 5930 5928 5914
usemtl 1
f 5931 5927 5932
usemtl 1
f 5933 5914 5913
usemtl 1
f 5915 5929 5934
usemtl 1
f 5935 5936 5937
usemtl 1
f 5938 5915 5939
usemtl 1
f 5940 5941 5942
usemtl 1
f 5914 5929 5915
usemtl 1
f 5913 5938 5943
usemtl 1
f 5913 5915 5938
usemtl 1
f 5938 5944 5943
usemtl 1
f 5945 5946 5947
usemtl 1
f 5948 5949 5950
usemtl 1
f 5951 5949 5952
usemtl 1
f 5953 5954 5955
usemtl 1
f 5956 5951 5952
usemtl 1
f 5927 5945 5925
usemtl 1
f 5957 5958 5950
usemtl 1
f 5959 5960 5961
usemtl 1
f 5958 5962 5954
usemtl 1
f 5940 5963 5941
usemtl 1
f 5964 5965 5966
usemtl 1
f 5952 5949 5963
usemtl 1
f 5958 5954 5948
usemtl 1
f 5962 5955 5954
usemtl 1
f 5958 5948 5950
usemtl 1
f 5940 5942 5967
usemtl 1
f 5948 5963 5949
usemtl 1
f 5968 5969 5941
usemtl 1
f 5967 5942 5970
usemtl 1
f 5941 5969 5942
usemtl 1
f 5971 5972 5919
usemtl 1
f 5952 5940 5973
usemtl 1
f 5952 5963 5940
usemtl 1
f 5940 5974 5973
usemtl 1
f 5932 5964 5931
usemtl 1
f 5975 5976 5977
usemtl 1
f 5975 5978 5976
usemtl 1
f 5979 5980 5981
usemtl 1
f 5980 5982 5981
usemtl 1
f 5966 5982 5980
usemtl 1
f 5975 5977 5983
usemtl 1
f 5966 5980 5977
usemtl 1
f 5976 5966 5977
usemtl 1
f 5964 5976 5931
usemtl 1
f 5964 5966 5976
usemtl 1
f 5976 5984 5931
usemtl 1
f 5985 5986 5972
usemtl 1
f 5925 5945 5947
usemtl 1
f 5987 5988 5989
usemtl 1
f 5987 5990 5991
usemtl 1
f 5992 5945 5927
usemtl 1
f 5993 5946 5945
usemtl 1
f 5986 5994 5919
usemtl 1
f 5987 5991 5995
usemtl 1
f 5971 5996 5997
usemtl 1
f 5998 5925 5947
usemtl 1
f 5926 5932 5927
usemtl 1
f 5973 5974 5997
usemtl 1
f 5926 5997 5932
usemtl 1
f 5932 5997 5974
usemtl 1
f 5985 5999 5986
usemtl 1
f 5987 5989 5990
usemtl 1
f 6000 6001 6002
usemtl 1
f 6003 5990 5989
usemtl 1
f 6004 5991 5990
usemtl 1
f 5994 5986 5989
usemtl 1
f 5988 5994 5989
usemtl 1
f 6005 5988 6006
usemtl 1
f 6007 5988 6005
usemtl 1
f 6008 5943 5944
usemtl 1
f 6007 5994 5988
usemtl 1
f 5919 5972 5986
usemtl 1
f 5973 6008 5944
usemtl 1
f 6008 6009 5943
usemtl 1
f 5973 5996 6008
usemtl 1
f 5971 5919 5918
usemtl 1
f 5997 5972 5971
usemtl 1
f 5973 5997 5996
usemtl 1
f 6010 6009 6008
usemtl 1
f 6009 5922 5943
usemtl 1
f 6011 5924 6012
usemtl 1
f 6012 6009 6013
usemtl 1
f 6014 6015 6012
usemtl 1
f 6016 6017 6018
usemtl 1
f 6019 6018 6014
usemtl 1
f 6020 6021 6022
usemtl 1
f 6014 6023 6021
usemtl 1
f 6019 6021 6020
usemtl 1
f 6014 6021 6019
usemtl 1
f 6016 6018 6019
usemtl 1
f 6024 6025 6026
usemtl 1
f 6015 6014 6018
usemtl 1
f 6027 6015 6018
usemtl 1
f 6028 5924 6011
usemtl 1
f 6011 6012 6015
usemtl 1
f 5892 5888 5923
usemtl 1
f 5924 6009 6012
usemtl 1
f 5922 6009 5924
usemtl 1
f 5917 5893 5878
usemtl 1
f 6029 6030 6031
usemtl 1
f 5923 6032 6031
usemtl 1
f 6030 5923 6031
usemtl 1
f 5883 6033 5935
usemtl 1
f 6034 6035 6002
usemtl 1
f 6036 6001 6000
usemtl 1
f 6037 6038 5885
usemtl 1
f 6035 6000 6002
usemtl 1
f 6031 6000 6035
usemtl 1
f 6030 6029 6039
usemtl 1
f 6031 6035 6029
usemtl 1
f 6040 5884 6041
usemtl 1
f 5892 6030 6042
usemtl 1
f 5892 5923 6030
usemtl 1
f 6030 6043 6042
usemtl 1
f 6044 5883 5885
usemtl 1
f 5883 5935 6041
usemtl 1
f 6044 6038 6026
usemtl 1
f 6045 6040 6041
usemtl 1
f 6038 6024 6026
usemtl 1
f 6037 6046 6038
usemtl 1
f 6047 6048 6049
usemtl 1
f 6050 6025 6024
usemtl 1
f 6044 6026 6051
usemtl 1
f 5935 6043 6041
usemtl 1
f 6049 6052 6047
usemtl 1
f 5885 6038 6044
usemtl 1
f 6041 5884 5883
usemtl 1
f 6042 6043 5935
usemtl 1
f 6047 6053 6054
usemtl 1
f 6047 5936 6048
usemtl 1
f 6055 6056 6057
usemtl 1
f 6058 6059 5936
usemtl 1
f 6059 6048 5936
usemtl 1
f 5907 6053 6047
usemtl 1
f 6055 6057 6060
usemtl 1
f 6052 6060 6061
usemtl 1
f 6055 6052 6049
usemtl 1
f 6055 6060 6052
usemtl 1
f 5908 5907 6062
usemtl 1
f 5908 6062 6063
usemtl 1
f 6047 6054 5936
usemtl 1
f 5907 6047 6062
usemtl 1
f 6064 5909 6065
usemtl 1
f 6066 6067 6068
usemtl 1
f 6064 5907 5909
usemtl 1
f 5936 6054 5937
usemtl 1
f 5935 5937 6042
usemtl 1
f 6068 6054 6053
usemtl 1
f 6068 6067 6054
usemtl 1
f 6042 5937 6069
usemtl 1
f 5937 5912 6069
usemtl 1
f 6070 5890 6042
usemtl 1
f 6042 6069 6070
usemtl 1
f 5912 5911 6069
usemtl 1
f 5959 5890 6070
usemtl 1
f 5961 5891 5959
usemtl 1
f 5959 5891 5890
usemtl 2
f 6042 6071 6072
usemtl 2
f 6042 5890 6071
usemtl 2
f 5892 6072 6073
usemtl 2
f 5892 6042 6072
usemtl 2
f 5886 6073 6074
usemtl 2
f 5886 5892 6073
usemtl 2
f 5887 6074 6075
usemtl 2
f 5887 5886 6074
usemtl 2
f 5888 6075 6076
usemtl 2
f 5888 5887 6075
usemtl 2
f 5882 6076 6077
usemtl 2
f 5882 5888 6076
usemtl 2
f 5899 6077 6078
usemtl 2
f 5899 5882 6077
usemtl 2
f 5894 6078 6079
usemtl 2
f 5894 5899 6078
usemtl 2
f 5902 6079 6080
usemtl 2
f 5902 5894 6079
usemtl 2
f 5903 6080 6081
usemtl 2
f 5903 5902 6080
usemtl 2
f 5906 6081 6082
usemtl 2
f 5906 5903 6081
usemtl 2
f 5896 6082 6083
usemtl 2
f 5896 5906 6082
usemtl 2
f 5905 6083 6084
usemtl 2
f 5905 5896 6083
usemtl 2
f 5897 6084 6085
usemtl 2
f 5897 5905 6084
usemtl 2
f 5898 6085 6086
usemtl 2
f 5898 5897 6085
usemtl 2
f 5900 6086 6087
usemtl 2
f 5900 5898 6086
usemtl 2
f 5901 6087 6088
usemtl 2
f 5901 5900 6087
usemtl 2
f 5880 6088 6089
usemtl 2
f 5880 5901 6088
usemtl 2
f 5881 6089 6090
usemtl 2
f 5881 5880 6089
usemtl 2
f 5879 6090 6091
usemtl 2
f 5879 5881 6090
usemtl 2
f 5895 6091 6092
usemtl 2
f 5895 5879 6091
usemtl 2
f 5904 6092 6093
usemtl 2
f 5904 5895 6092
usemtl 2
f 5876 6093 6094
usemtl 2
f 5876 5904 6093
usemtl 2
f 5921 6094 6095
usemtl 2
f 5921 5876 6094
usemtl 2
f 5877 6095 6096
usemtl 2
f 5877 5921 6095
usemtl 2
f 5878 6096 6097
usemtl 2
f 5878 5877 6096
usemtl 2
f 5916 6097 6098
usemtl 2
f 5916 5878 6097
usemtl 2
f 5917 6098 6099
usemtl 2
f 5917 5916 6098
usemtl 2
f 5922 6099 6100
usemtl 2
f 5922 5917 6099
usemtl 2
f 5943 6100 6101
usemtl 2
f 5943 5922 6100
usemtl 2
f 5913 6101 6102
usemtl 2
f 5913 5943 6101
usemtl 2
f 5933 6102 6103
usemtl 2
f 5933 5913 6102
usemtl 2
f 5914 6103 6104
usemtl 2
f 5914 5933 6103
usemtl 2
f 5930 6104 6105
usemtl 2
f 5930 5914 6104
usemtl 2
f 5928 6105 6106
usemtl 2
f 5928 5930 6105
usemtl 2
f 5929 6106 6107
usemtl 2
f 5929 5928 6106
usemtl 2
f 5934 6107 6108
usemtl 2
f 5934 5929 6107
usemtl 2
f 5915 6108 6109
usemtl 2
f 5915 5934 6108
usemtl 2
f 5939 6109 6110
usemtl 2
f 5939 5915 6109
usemtl 2
f 5938 6110 6111
usemtl 2
f 5938 5939 6110
usemtl 2
f 5944 6111 6112
usemtl 2
f 5944 5938 6111
usemtl 2
f 5973 6112 6113
usemtl 2
f 5973 5944 6112
usemtl 2
f 5952 6113 6114
usemtl 2
f 5952 5973 6113
usemtl 2
f 5956 6114 6115
usemtl 2
f 5956 5952 6114
usemtl 2
f 5951 6115 6116
usemtl 2
f 5951 5956 6115
usemtl 2
f 5949 6116 6117
usemtl 2
f 5949 5951 6116
usemtl 2
f 5950 6117 6118
usemtl 2
f 5950 5949 6117
usemtl 2
f 5957 6118 6119
usemtl 2
f 5957 5950 6118
usemtl 2
f 5958 6119 6120
usemtl 2
f 5958 5957 6119
usemtl 2
f 5962 6120 6121
usemtl 2
f 5962 5958 6120
usemtl 2
f 5955 6121 6122
usemtl 2
f 5955 5962 6121
usemtl 2
f 5953 6122 6123
usemtl 2
f 5953 5955 6122
usemtl 2
f 5954 6123 6124
usemtl 2
f 5954 5953 6123
usemtl 2
f 5948 6124 6125
usemtl 2
f 5948 5954 6124
usemtl 2
f 5963 6125 6126
usemtl 2
f 5963 5948 6125
usemtl 2
f 5941 6126 6127
usemtl 2
f 5941 5963 6126
usemtl 2
f 5968 6127 6128
usemtl 2
f 5968 5941 6127
usemtl 2
f 5969 6128 6129
usemtl 2
f 5969 5968 6128
usemtl 2
f 5942 6129 6130
usemtl 2
f 5942 5969 6129
usemtl 2
f 5970 6130 6131
usemtl 2
f 5970 5942 6130
usemtl 2
f 5967 6131 6132
usemtl 2
f 5967 5970 6131
usemtl 2
f 5940 6132 6133
usemtl 2
f 5940 5967 6132
usemtl 2
f 5974 6133 6134
usemtl 2
f 5974 5940 6133
usemtl 2
f 5932 6134 6135
usemtl 2
f 5932 5974 6134
usemtl 2
f 5964 6135 6136
usemtl 2
f 5964 5932 6135
usemtl 2
f 5965 6136 6137
usemtl 2
f 5965 5964 6136
usemtl 2
f 5966 6137 6138
usemtl 2
f 5966 5965 6137
usemtl 2
f 5982 6138 6139
usemtl 2
f 5982 5966 6138
usemtl 2
f 5981 6139 6140
usemtl 2
f 5981 5982 6139
usemtl 2
f 5979 6140 6141
usemtl 2
f 5979 5981 6140
usemtl 2
f 5980 6141 6142
usemtl 2
f 5980 5979 6141
usemtl 2
f 5977 6142 6143
usemtl 2
f 5977 5980 6142
usemtl 2
f 5983 6143 6144
usemtl 2
f 5983 5977 6143
usemtl 2
f 5975 6144 6145
usemtl 2
f 5975 5983 6144
usemtl 2
f 5978 6145 6146
usemtl 2
f 5978 5975 6145
usemtl 2
f 5976 6146 6147
usemtl 2
f 5976 5978 6146
usemtl 2
f 5984 6147 6148
usemtl 2
f 5984 5976 6147
usemtl 2
f 5931 6148 6149
usemtl 2
f 5931 5984 6148
usemtl 2
f 5927 6149 6150
usemtl 2
f 5927 5931 6149
usemtl 2
f 5992 6150 6151
usemtl 2
f 5992 5927 6150
usemtl 2
f 5945 6151 6152
usemtl 2
f 5945 5992 6151
usemtl 2
f 5993 6152 6153
usemtl 2
f 5993 5945 6152
usemtl 2
f 5946 6153 6154
usemtl 2
f 5946 5993 6153
usemtl 2
f 5947 6154 6155
usemtl 2
f 5947 5946 6154
usemtl 2
f 5998 6155 6156
usemtl 2
f 5998 5947 6155
usemtl 2
f 5925 6156 6157
usemtl 2
f 5925 5998 6156
usemtl 2
f 5926 6157 6158
usemtl 2
f 5926 5925 6157
usemtl 2
f 5997 6158 6159
usemtl 2
f 5997 5926 6158
usemtl 2
f 5972 6159 6160
usemtl 2
f 5972 5997 6159
usemtl 2
f 5985 6160 6161
usemtl 2
f 5985 5972 6160
usemtl 2
f 5999 6161 6162
usemtl 2
f 5999 5985 6161
usemtl 2
f 5986 6162 6163
usemtl 2
f 5986 5999 6162
usemtl 2
f 5989 6163 6164
usemtl 2
f 5989 5986 6163
usemtl 2
f 6003 6164 6165
usemtl 2
f 6003 5989 6164
usemtl 2
f 5990 6165 6166
usemtl 2
f 5990 6003 6165
usemtl 2
f 6004 6166 6167
usemtl 2
f 6004 5990 6166
usemtl 2
f 5991 6167 6168
usemtl 2
f 5991 6004 6167
usemtl 2
f 5995 6168 6169
usemtl 2
f 5995 5991 6168
usemtl 2
f 5987 6169 6170
usemtl 2
f 5987 5995 6169
usemtl 2
f 5988 6170 6171
usemtl 2
f 5988 5987 6170
usemtl 2
f 6006 6171 6172
usemtl 2
f 6006 5988 6171
usemtl 2
f 6005 6172 6173
usemtl 2
f 6005 6006 6172
usemtl 2
f 6007 6173 6174
usemtl 2
f 6007 6005 6173
usemtl 2
f 5994 6174 6175
usemtl 2
f 5994 6007 6174
usemtl 2
f 5919 6175 6176
usemtl 2
f 5919 5994 6175
usemtl 2
f 5920 6176 6177
usemtl 2
f 5920 5919 6176
usemtl 2
f 5918 6177 6178
usemtl 2
f 5918 5920 6177
usemtl 2
f 5971 6178 6179
usemtl 2
f 5971 5918 6178
usemtl 2
f 5996 6179 6180
usemtl 2
f 5996 5971 6179
usemtl 2
f 6008 6180 6181
usemtl 2
f 6008 5996 6180
usemtl 2
f 6010 6181 6182
usemtl 2
f 6010 6008 6181
usemtl 2
f 6009 6182 6183
usemtl 2
f 6009 6010 6182
usemtl 2
f 6013 6183 6184
usemtl 2
f 6013 6009 6183
usemtl 2
f 6012 6184 6185
usemtl 2
f 6012 6013 6184
usemtl 2
f 6014 6185 6186
usemtl 2
f 6014 6012 6185
usemtl 2
f 6023 6186 6187
usemtl 2
f 6023 6014 6186
usemtl 2
f 6021 6187 6188
usemtl 2
f 6021 6023 6187
usemtl 2
f 6022 6188 6189
usemtl 2
f 6022 6021 6188
usemtl 2
f 6020 6189 6190
usemtl 2
f 6020 6022 6189
usemtl 2
f 6019 6190 6191
usemtl 2
f 6019 6020 6190
usemtl 2
f 6016 6191 6192
usemtl 2
f 6016 6019 6191
usemtl 2
f 6017 6192 6193
usemtl 2
f 6017 6016 6192
usemtl 2
f 6018 6193 6194
usemtl 2
f 6018 6017 6193
usemtl 2
f 6027 6194 6195
usemtl 2
f 6027 6018 6194
usemtl 2
f 6015 6195 6196
usemtl 2
f 6015 6027 6195
usemtl 2
f 6011 6196 6197
usemtl 2
f 6011 6015 6196
usemtl 2
f 6028 6197 6198
usemtl 2
f 6028 6011 6197
usemtl 2
f 5924 6198 6199
usemtl 2
f 5924 6028 6198
usemtl 2
f 5893 6199 6200
usemtl 2
f 5893 5924 6199
usemtl 2
f 5923 6200 6201
usemtl 2
f 5923 5893 6200
usemtl 2
f 6032 6201 6202
usemtl 2
f 6032 5923 6201
usemtl 2
f 6031 6202 6203
usemtl 2
f 6031 6032 6202
usemtl 2
f 6000 6203 6204
usemtl 2
f 6000 6031 6203
usemtl 2
f 6036 6204 6205
usemtl 2
f 6036 6000 6204
usemtl 2
f 6001 6205 6206
usemtl 2
f 6001 6036 6205
usemtl 2
f 6002 6206 6207
usemtl 2
f 6002 6001 6206
usemtl 2
f 6034 6207 6208
usemtl 2
f 6034 6002 6207
usemtl 2
f 6035 6208 6209
usemtl 2
f 6035 6034 6208
usemtl 2
f 6029 6209 6210
usemtl 2
f 6029 6035 6209
usemtl 2
f 6039 6210 6211
usemtl 2
f 6039 6029 6210
usemtl 2
f 6030 6211 6212
usemtl 2
f 6030 6039 6211
usemtl 2
f 6043 6212 6213
usemtl 2
f 6043 6030 6212
usemtl 2
f 6041 6213 6214
usemtl 2
f 6041 6043 6213
usemtl 2
f 6045 6214 6215
usemtl 2
f 6045 6041 6214
usemtl 2
f 6040 6215 6216
usemtl 2
f 6040 6045 6215
usemtl 2
f 5884 6216 6217
usemtl 2
f 5884 6040 6216
usemtl 2
f 5885 6217 6218
usemtl 2
f 5885 5884 6217
usemtl 2
f 6037 6218 6219
usemtl 2
f 6037 5885 6218
usemtl 2
f 6046 6219 6220
usemtl 2
f 6046 6037 6219
usemtl 2
f 6038 6220 6221
usemtl 2
f 6038 6046 6220
usemtl 2
f 6024 6221 6222
usemtl 2
f 6024 6038 6221
usemtl 2
f 6050 6222 6223
usemtl 2
f 6050 6024 6222
usemtl 2
f 6025 6223 6224
usemtl 2
f 6025 6050 6223
usemtl 2
f 6026 6224 6225
usemtl 2
f 6026 6025 6224
usemtl 2
f 6051 6225 6226
usemtl 2
f 6051 6026 6225
usemtl 2
f 6044 6226 6227
usemtl 2
f 6044 6051 6226
usemtl 2
f 5883 6227 6228
usemtl 2
f 5883 6044 6227
usemtl 2
f 6033 6228 6229
usemtl 2
f 6033 5883 6228
usemtl 2
f 5935 6229 6230
usemtl 2
f 5935 6033 6229
usemtl 2
f 5936 6230 6231
usemtl 2
f 5936 5935 6230
usemtl 2
f 6058 6231 6232
usemtl 2
f 6058 5936 6231
usemtl 2
f 6059 6232 6233
usemtl 2
f 6059 6058 6232
usemtl 2
f 6048 6233 6234
usemtl 2
f 6048 6059 6233
usemtl 2
f 6049 6234 6235
usemtl 2
f 6049 6048 6234
usemtl 2
f 6055 6235 6236
usemtl 2
f 6055 6049 6235
usemtl 2
f 6056 6236 6237
usemtl 2
f 6056 6055 6236
usemtl 2
f 6057 6237 6238
usemtl 2
f 6057 6056 6237
usemtl 2
f 6060 6238 6239
usemtl 2
f 6060 6057 6238
usemtl 2
f 6061 6239 6240
usemtl 2
f 6061 6060 6239
usemtl 2
f 6052 6240 6241
usemtl 2
f 6052 6061 6240
usemtl 2
f 6047 6241 6242
usemtl 2
f 6047 6052 6241
usemtl 2
f 6062 6242 6243
usemtl 2
f 6062 6047 6242
usemtl 2
f 6063 6243 6244
usemtl 2
f 6063 6062 6243
usemtl 2
f 5908 6244 6245
usemtl 2
f 5908 6063 6244
usemtl 2
f 5909 6245 6246
usemtl 2
f 5909 5908 6245
usemtl 2
f 6065 6246 6247
usemtl 2
f 6065 5909 6246
usemtl 2
f 6064 6247 6248
usemtl 2
f 6064 6065 6247
usemtl 2
f 5907 6248 6249
usemtl 2
f 5907 6064 6248
usemtl 2
f 6053 6249 6250
usemtl 2
f 6053 5907 6249
usemtl 2
f 6068 6250 6251
usemtl 2
f 6068 6053 6250
usemtl 2
f 6066 6251 6252
usemtl 2
f 6066 6068 6251
usemtl 2
f 6067 6252 6253
usemtl 2
f 6067 6066 6252
usemtl 2
f 6054 6253 6254
usemtl 2
f 6054 6067 6253
usemtl 2
f 5937 6254 6255
usemtl 2
f 5937 6054 6254
usemtl 2
f 5912 6255 6256
usemtl 2
f 5912 5937 6255
usemtl 2
f 5910 6256 6257
usemtl 2
f 5910 5912 6256
usemtl 2
f 5911 6257 6258
usemtl 2
f 5911 5910 6257
usemtl 2
f 6069 6258 6259
usemtl 2
f 6069 5911 6258
usemtl 2
f 6070 6259 6260
usemtl 2
f 6070 6069 6259
usemtl 2
f 5959 6260 6261
usemtl 2
f 5959 6070 6260
usemtl 2
f 5960 6261 6262
usemtl 2
f 5960 5959 6261
usemtl 2
f 5961 6262 6263
usemtl 2
f 5961 5960 6262
usemtl 2
f 5891 6263 6264
usemtl 2
f 5891 5961 6263
usemtl 2
f 5889 6264 6265
usemtl 2
f 5889 5891 6264
usemtl 2
f 5890 6265 6071
usemtl 2
f 5890 5889 6265
usemtl 2
f 6266 6267 6268
usemtl 2
f 6266 6269 6267
usemtl 2
f 6270 6268 6271
usemtl 2
f 6270 6266 6268
usemtl 2
f 6272 6271 6273
usemtl 2
f 6272 6270 6271
usemtl 2
f 6269 6273 6267
usemtl 2
f 6269 6272 6273
usemtl 2
f 6274 6275 6276
usemtl 2
f 6274 6277 6275
usemtl 2
f 6278 6276 6279
usemtl 2
f 6278 6274 6276
usemtl 2
f 6280 6279 6281
usemtl 2
f 6280 6278 6279
usemtl 2
f 6277 6281 6275
usemtl 2
f 6277 6280 6281
usemtl 2
f 6282 6283 6284
usemtl 2
f 6282 6285 6283
usemtl 2
f 6286 6284 6287
usemtl 2
f 6286 6282 6284
usemtl 2
f 6288 6287 6289
usemtl 2
f 6288 6286 6287
usemtl 2
f 6285 6289 6283
usemtl 2
f 6285 6288 6289
usemtl 2
f 6290 6291 6292
usemtl 2
f 6290 6293 6291
usemtl 2
f 6294 6292 6295
usemtl 2
f 6294 6290 6292
usemtl 2
f 6296 6295 6297
usemtl 2
f 6296 6294 6295
usemtl 2
f 6298 6297 6299
usemtl 2
f 6298 6296 6297
usemtl 2
f 6300 6299 6301
usemtl 2
f 6300 6298 6299
usemtl 2
f 6302 6301 6303
usemtl 2
f 6302 6300 6301
usemtl 2
f 6304 6303 6305
usemtl 2
f 6304 6302 6303
usemtl 2
f 6293 6305 6291
usemtl 2
f 6293 6304 6305
usemtl 2
f 6306 6307 6308
usemtl 2
f 6306 6309 6307
usemtl 2
f 6310 6308 6311
usemtl 2
f 6310 6306 6308
usemtl 2
f 6312 6311 6313
usemtl 2
f 6312 6310 6311
usemtl 2
f 6314 6313 6315
usemtl 2
f 6314 6312 6313
usemtl 2
f 6316 6315 6317
usemtl 2
f 6316 6314 6315
usemtl 2
f 6318 6317 6319
usemtl 2
f 6318 6316 6317
usemtl 2
f 6320 6319 6321
usemtl 2
f 6320 6318 6319
usemtl 2
f 6309 6321 6307
usemtl 2
f 6309 6320 6321
usemtl 2
f 6322 6323 6324
usemtl 2
f 6322 6325 6323
usemtl 2
f 6326 6324 6327
usemtl 2
f 6326 6322 6324
usemtl 2
f 6328 6327 6329
usemtl 2
f 6328 6326 6327
usemtl 2
f 6330 6329 6331
usemtl 2
f 6330 6328 6329
usemtl 2
f 6332 6331 6333
usemtl 2
f 6332 6330 6331
usemtl 2
f 6334 6333 6335
usemtl 2
f 6334 6332 6333
usemtl 2
f 6336 6335 6337
usemtl 2
f 6336 6334 6335
usemtl 2
f 6325 6337 6323
usemtl 2
f 6325 6336 6337
usemtl 2
f 6338 6339 6340
usemtl 2
f 6338 6341 6339
usemtl 2
f 6342 6340 6343
usemtl 2
f 6342 6338 6340
usemtl 2
f 6344 6343 6345
usemtl 2
f 6344 6342 6343
usemtl 2
f 6346 6345 6347
usemtl 2
f 6346 6344 6345
usemtl 2
f 6348 6347 6349
usemtl 2
f 6348 6346 6347
usemtl 2
f 6350 6349 6351
usemtl 2
f 6350 6348 6349
usemtl 2
f 6352 6351 6353
usemtl 2
f 6352 6350 6351
usemtl 2
f 6341 6353 6339
usemtl 2
f 6341 6352 6353
usemtl 2
f 6354 6355 6356
usemtl 2
f 6354 6357 6355
usemtl 2
f 6358 6356 6359
usemtl 2
f 6358 6354 6356
usemtl 2
f 6360 6359 6361
usemtl 2
f 6360 6358 6359
usemtl 2
f 6357 6361 6355
usemtl 2
f 6357 6360 6361
usemtl 2
f 6362 6363 6364
usemtl 2
f 6362 6365 6363
usemtl 2
f 6366 6364 6367
usemtl 2
f 6366 6362 6364
usemtl 2
f 6368 6367 6369
usemtl 2
f 6368 6366 6367
usemtl 2
f 6365 6369 6363
usemtl 2
f 6365 6368 6369
usemtl 2
f 6370 6371 6372
usemtl 2
f 6370 6373 6371
usemtl 2
f 6374 6372 6375
usemtl 2
f 6374 6370 6372
usemtl 2
f 6376 6375 6377
usemtl 2
f 6376 6374 6375
usemtl 2
f 6378 6377 6379
usemtl 2
f 6378 6376 6377
usemtl 2
f 6380 6379 6381
usemtl 2
f 6380 6378 6379
usemtl 2
f 6382 6381 6383
usemtl 2
f 6382 6380 6381
usemtl 2
f 6384 6383 6385
usemtl 2
f 6384 6382 6383
usemtl 2
f 6386 6385 6387
usemtl 2
f 6386 6384 6385
usemtl 2
f 6388 6387 6389
usemtl 2
f 6388 6386 6387
usemtl 2
f 6390 6389 6391
usemtl 2
f 6390 6388 6389
usemtl 2
f 6392 6391 6393
usemtl 2
f 6392 6390 6391
usemtl 2
f 6394 6393 6395
usemtl 2
f 6394 6392 6393
usemtl 2
f 6396 6395 6397
usemtl 2
f 6396 6394 6395
usemtl 2
f 6398 6397 6399
usemtl 2
f 6398 6396 6397
usemtl 2
f 6400 6399 6401
usemtl 2
f 6400 6398 6399
usemtl 2
f 6402 6401 6403
usemtl 2
f 6402 6400 6401
usemtl 2
f 6404 6403 6405
usemtl 2
f 6404 6402 6403
usemtl 2
f 6406 6405 6407
usemtl 2
f 6406 6404 6405
usemtl 2
f 6408 6407 6409
usemtl 2
f 6408 6406 6407
usemtl 2
f 6410 6409 6411
usemtl 2
f 6410 6408 6409
usemtl 2
f 6412 6411 6413
usemtl 2
f 6412 6410 6411
usemtl 2
f 6414 6413 6415
usemtl 2
f 6414 6412 6413
usemtl 2
f 6373 6415 6371
usemtl 2
f 6373 6414 6415
usemtl 2
f 6416 6417 6418
usemtl 2
f 6416 6419 6417
usemtl 2
f 6420 6418 6421
usemtl 2
f 6420 6416 6418
usemtl 2
f 6422 6421 6423
usemtl 2
f 6422 6420 6421
usemtl 2
f 6419 6423 6417
usemtl 2
f 6419 6422 6423
usemtl 2
f 6424 6425 6426
usemtl 2
f 6424 6427 6425
usemtl 2
f 6428 6426 6429
usemtl 2
f 6428 6424 6426
usemtl 2
f 6430 6429 6431
usemtl 2
f 6430 6428 6429
usemtl 2
f 6427 6431 6425
usemtl 2
f 6427 6430 6431
usemtl 2
f 6432 6433 6434
usemtl 2
f 6432 6435 6433
usemtl 2
f 6436 6434 6437
usemtl 2
f 6436 6432 6434
usemtl 2
f 6438 6437 6439
usemtl 2
f 6438 6436 6437
usemtl 2
f 6435 6439 6433
usemtl 2
f 6435 6438 6439
usemtl 2
f 6440 6441 6442
usemtl 2
f 6440 6443 6441
usemtl 2
f 6444 6442 6445
usemtl 2
f 6444 6440 6442
usemtl 2
f 6446 6445 6447
usemtl 2
f 6446 6444 6445
usemtl 2
f 6443 6447 6441
usemtl 2
f 6443 6446 6447
usemtl 2
f 6448 6449 6450
usemtl 2
f 6448 6451 6449
usemtl 2
f 6452 6450 6453
usemtl 2
f 6452 6448 6450
usemtl 2
f 6454 6453 6455
usemtl 2
f 6454 6452 6453
usemtl 2
f 6456 6455 6457
usemtl 2
f 6456 6454 6455
usemtl 2
f 6458 6457 6459
usemtl 2
f 6458 6456 6457
usemtl 2
f 6460 6459 6461
usemtl 2
f 6460 6458 6459
usemtl 2
f 6462 6461 6463
usemtl 2
f 6462 6460 6461
usemtl 2
f 6451 6463 6449
usemtl 2
f 6451 6462 6463
usemtl 2
f 6464 6465 6466
usemtl 2
f 6464 6467 6465
usemtl 2
f 6468 6466 6469
usemtl 2
f 6468 6464 6466
usemtl 2
f 6470 6469 6471
usemtl 2
f 6470 6468 6469
usemtl 2
f 6472 6471 6473
usemtl 2
f 6472 6470 6471
usemtl 2
f 6474 6473 6475
usemtl 2
f 6474 6472 6473
usemtl 2
f 6476 6475 6477
usemtl 2
f 6476 6474 6475
usemtl 2
f 6478 6477 6479
usemtl 2
f 6478 6476 6477
usemtl 2
f 6480 6479 6481
usemtl 2
f 6480 6478 6479
usemtl 2
f 6482 6481 6483
usemtl 2
f 6482 6480 6481
usemtl 2
f 6484 6483 6485
usemtl 2
f 6484 6482 6483
usemtl 2
f 6486 6485 6487
usemtl 2
f 6486 6484 6485
usemtl 2
f 6488 6487 6489
usemtl 2
f 6488 6486 6487
usemtl 2
f 6490 6489 6491
usemtl 2
f 6490 6488 6489
usemtl 2
f 6492 6491 6493
usemtl 2
f 6492 6490 6491
usemtl 2
f 6494 6493 6495
usemtl 2
f 6494 6492 6493
usemtl 2
f 6467 6495 6465
usemtl 2
f 6467 6494 6495
usemtl 0
f 6264 6071 6265
usemtl 0
f 6256 6258 6257
usemtl 0
f 6262 6261 6263
usemtl 0
f 6264 6263 6261
usemtl 0
f 6117 6114 6126
usemtl 0
f 6251 6253 6252
usemtl 0
f 6071 6261 6260
usemtl 0
f 6071 6264 6261
usemtl 0
f 6071 6260 6072
usemtl 0
f 6260 6259 6072
usemtl 0
f 6242 6249 6243
usemtl 0
f 6259 6256 6255
usemtl 0
f 6259 6258 6256
usemtl 0
f 6259 6255 6072
usemtl 0
f 6242 6254 6250
usemtl 0
f 6245 6244 6243
usemtl 0
f 6254 6251 6250
usemtl 0
f 6254 6253 6251
usemtl 0
f 6242 6250 6249
usemtl 0
f 6249 6248 6246
usemtl 0
f 6248 6247 6246
usemtl 0
f 6249 6246 6245
usemtl 0
f 6236 6239 6238
usemtl 0
f 6249 6245 6243
usemtl 0
f 6235 6234 6242
usemtl 0
f 6234 6231 6242
usemtl 0
f 6222 6221 6225
usemtl 0
f 6242 6241 6235
usemtl 0
f 6240 6239 6241
usemtl 0
f 6236 6238 6237
usemtl 0
f 6241 6239 6236
usemtl 0
f 6231 6254 6242
usemtl 0
f 6241 6236 6235
usemtl 0
f 6255 6254 6231
usemtl 0
f 6231 6233 6232
usemtl 0
f 6255 6231 6230
usemtl 0
f 6234 6233 6231
usemtl 0
f 6255 6230 6072
usemtl 0
f 6230 6229 6228
usemtl 0
f 6220 6219 6221
usemtl 0
f 6223 6222 6224
usemtl 0
f 6202 6201 6203
usemtl 0
f 6226 6225 6227
usemtl 0
f 6221 6227 6225
usemtl 0
f 6224 6222 6225
usemtl 0
f 6218 6228 6227
usemtl 0
f 6219 6218 6221
usemtl 0
f 6215 6214 6216
usemtl 0
f 6217 6228 6218
usemtl 0
f 6221 6218 6227
usemtl 0
f 6217 6216 6214
usemtl 0
f 6072 6213 6212
usemtl 0
f 6214 6230 6228
usemtl 0
f 6213 6230 6214
usemtl 0
f 6217 6214 6228
usemtl 0
f 6072 6230 6213
usemtl 0
f 6209 6203 6210
usemtl 0
f 6203 6209 6204
usemtl 0
f 6204 6206 6205
usemtl 0
f 6211 6210 6212
usemtl 0
f 6207 6206 6204
usemtl 0
f 6190 6189 6188
usemtl 0
f 6190 6188 6191
usemtl 0
f 6208 6207 6209
usemtl 0
f 6201 6212 6203
usemtl 0
f 6191 6188 6186
usemtl 0
f 6209 6207 6204
usemtl 0
f 6212 6210 6203
usemtl 0
f 6076 6073 6201
usemtl 0
f 6097 6077 6200
usemtl 0
f 6197 6196 6185
usemtl 0
f 6181 6113 6112
usemtl 0
f 6191 6194 6192
usemtl 0
f 6198 6197 6199
usemtl 0
f 6180 6179 6159
usemtl 0
f 6195 6194 6196
usemtl 0
f 6170 6164 6171
usemtl 0
f 6193 6192 6194
usemtl 0
f 6194 6191 6186
usemtl 0
f 6186 6185 6196
usemtl 0
f 6184 6183 6185
usemtl 0
f 6186 6188 6187
usemtl 0
f 6183 6199 6185
usemtl 0
f 6194 6186 6196
usemtl 0
f 6185 6199 6197
usemtl 0
f 6101 6100 6183
usemtl 0
f 6183 6182 6181
usemtl 0
f 6113 6133 6114
usemtl 0
f 6138 6143 6142
usemtl 0
f 6178 6176 6179
usemtl 0
f 6171 6175 6174
usemtl 0
f 6178 6177 6176
usemtl 0
f 6147 6143 6138
usemtl 0
f 6174 6173 6171
usemtl 0
f 6173 6172 6171
usemtl 0
f 6168 6167 6166
usemtl 0
f 6168 6170 6169
usemtl 0
f 6160 6163 6161
usemtl 0
f 6164 6163 6175
usemtl 0
f 6164 6166 6165
usemtl 0
f 6170 6168 6166
usemtl 0
f 6163 6176 6175
usemtl 0
f 6171 6164 6175
usemtl 0
f 6170 6166 6164
usemtl 0
f 6160 6176 6163
usemtl 0
f 6161 6163 6162
usemtl 0
f 6152 6154 6153
usemtl 0
f 6179 6160 6159
usemtl 0
f 6179 6176 6160
usemtl 0
f 6138 6142 6139
usemtl 0
f 6149 6148 6147
usemtl 0
f 6156 6155 6157
usemtl 0
f 6155 6154 6152
usemtl 0
f 6157 6152 6150
usemtl 0
f 6157 6155 6152
usemtl 0
f 6150 6152 6151
usemtl 0
f 6135 6150 6149
usemtl 0
f 6158 6157 6150
usemtl 0
f 6145 6144 6143
usemtl 0
f 6147 6146 6145
usemtl 0
f 6145 6143 6147
usemtl 0
f 6136 6147 6138
usemtl 0
f 6142 6141 6140
usemtl 0
f 6127 6130 6129
usemtl 0
f 6117 6126 6125
usemtl 0
f 6142 6140 6139
usemtl 0
f 6136 6149 6147
usemtl 0
f 6135 6149 6136
usemtl 0
f 6137 6136 6138
usemtl 0
f 6113 6134 6133
usemtl 0
f 6158 6150 6135
usemtl 0
f 6159 6134 6113
usemtl 0
f 6135 6159 6158
usemtl 0
f 6135 6134 6159
usemtl 0
f 6128 6127 6129
usemtl 0
f 6133 6132 6130
usemtl 0
f 6132 6131 6130
usemtl 0
f 6086 6082 6087
usemtl 0
f 6133 6127 6126
usemtl 0
f 6133 6130 6127
usemtl 0
f 6104 6109 6107
usemtl 0
f 6120 6124 6121
usemtl 0
f 6123 6122 6124
usemtl 0
f 6122 6121 6124
usemtl 0
f 6125 6124 6120
usemtl 0
f 6117 6125 6118
usemtl 0
f 6120 6118 6125
usemtl 0
f 6120 6119 6118
usemtl 0
f 6116 6115 6114
usemtl 0
f 6114 6133 6126
usemtl 0
f 6181 6180 6113
usemtl 0
f 6116 6114 6117
usemtl 0
f 6180 6159 6113
usemtl 0
f 6101 6112 6111
usemtl 0
f 6101 6181 6112
usemtl 0
f 6109 6111 6110
usemtl 0
f 6102 6101 6111
usemtl 0
f 6100 6099 6200
usemtl 0
f 6106 6104 6107
usemtl 0
f 6108 6107 6109
usemtl 0
f 6102 6109 6104
usemtl 0
f 6105 6104 6106
usemtl 0
f 6095 6094 6096
usemtl 0
f 6199 6183 6100
usemtl 0
f 6102 6104 6103
usemtl 0
f 6109 6102 6111
usemtl 0
f 6183 6181 6101
usemtl 0
f 6200 6199 6100
usemtl 0
f 6200 6099 6097
usemtl 0
f 6077 6097 6094
usemtl 0
f 6099 6098 6097
usemtl 0
f 6093 6092 6094
usemtl 0
f 6077 6094 6079
usemtl 0
f 6097 6096 6094
usemtl 0
f 6081 6092 6091
usemtl 0
f 6081 6079 6092
usemtl 0
f 6075 6074 6076
usemtl 0
f 6085 6084 6083
usemtl 0
f 6091 6090 6089
usemtl 0
f 6089 6088 6087
usemtl 0
f 6083 6082 6086
usemtl 0
f 6078 6077 6079
usemtl 0
f 6091 6089 6082
usemtl 0
f 6085 6083 6086
usemtl 0
f 6082 6089 6087
usemtl 0
f 6082 6081 6091
usemtl 0
f 6080 6079 6081
usemtl 0
f 6094 6092 6079
usemtl 0
f 6076 6201 6077
usemtl 0
f 6201 6200 6077
usemtl 0
f 6073 6212 6201
usemtl 0
f 6074 6073 6076
usemtl 0
f 6072 6212 6073
o NL.IMBAG.Pand.0861100000425672-36
usemtl 0
f 6496 6497 6498
usemtl 0
f 6499 6500 6501
usemtl 0
f 6502 6503 6501
usemtl 0
f 6501 6503 6504
usemtl 0
f 6503 6505 6504
usemtl 0
f 6501 6504 6499
usemtl 0
f 6506 6507 6508
usemtl 0
f 6504 6506 6496
usemtl 0
f 6504 6507 6506
usemtl 0
f 6504 6496 6499
usemtl 0
f 6496 6498 6509
usemtl 0
f 6496 6509 6499
usemtl 2
f 6510 6511 6498
usemtl 2
f 6497 6510 6498
usemtl 2
f 6512 6510 6497
usemtl 2
f 6496 6512 6497
usemtl 2
f 6499 6513 6500
usemtl 2
f 6513 6514 6515
usemtl 2
f 6500 6513 6515
usemtl 2
f 6516 6517 6518
usemtl 2
f 6516 6519 6517
usemtl 2
f 6518 6520 6521
usemtl 2
f 6518 6517 6520
usemtl 2
f 6522 6523 6520
usemtl 2
f 6522 6524 6523
usemtl 2
f 6525 6526 6505
usemtl 2
f 6525 6527 6526
usemtl 2
f 6503 6525 6505
usemtl 2
f 6526 6528 6504
usemtl 2
f 6505 6526 6504
usemtl 2
f 6511 6529 6530
usemtl 2
f 6498 6511 6530
usemtl 2
f 6509 6498 6530
usemtl 2
f 6531 6524 6522
usemtl 2
f 6531 6532 6524
usemtl 2
f 6533 6532 6531
usemtl 2
f 6534 6533 6531
usemtl 2
f 6508 6535 6506
usemtl 2
f 6508 6536 6535
usemtl 2
f 6535 6512 6496
usemtl 2
f 6506 6535 6496
usemtl 2
f 6537 6538 6539
usemtl 2
f 6540 6537 6539
usemtl 2
f 6541 6540 6539
usemtl 2
f 6530 6513 6499
usemtl 2
f 6509 6530 6499
usemtl 2
f 6528 6542 6507
usemtl 2
f 6504 6528 6507
usemtl 2
f 6541 6543 6544
usemtl 2
f 6541 6539 6543
usemtl 2
f 6545 6527 6525
usemtl 2
f 6546 6545 6525
usemtl 2
f 6547 6548 6540
usemtl 2
f 6548 6549 6537
usemtl 2
f 6540 6548 6537
usemtl 2
f 6542 6536 6508
usemtl 2
f 6507 6542 6508
usemtl 2
f 6550 6533 6534
usemtl 2
f 6550 6551 6533
usemtl 2
f 6552 6551 6550
usemtl 2
f 6553 6552 6550
usemtl 2
f 6554 6555 6556
usemtl 2
f 6554 6557 6555
usemtl 2
f 6556 6558 6559
usemtl 2
f 6556 6555 6558
usemtl 2
f 6560 6561 6562
usemtl 2
f 6560 6563 6561
usemtl 2
f 6561 6564 6565
usemtl 2
f 6562 6561 6565
usemtl 2
f 6502 6525 6503
usemtl 2
f 6502 6566 6525
usemtl 2
f 6567 6568 6569
usemtl 2
f 6567 6570 6568
usemtl 2
f 6521 6514 6513
usemtl 2
f 6520 6523 6514
usemtl 2
f 6521 6520 6514
usemtl 2
f 6571 6572 6573
usemtl 2
f 6574 6571 6573
usemtl 2
f 6572 6575 6576
usemtl 2
f 6573 6572 6576
usemtl 2
f 6560 6566 6502
usemtl 2
f 6501 6560 6502
usemtl 2
f 6515 6563 6560
usemtl 2
f 6500 6515 6501
usemtl 2
f 6501 6515 6560
usemtl 2
f 6577 6570 6567
usemtl 2
f 6577 6578 6570
usemtl 2
f 6576 6579 6580
usemtl 2
f 6576 6575 6579
usemtl 2
f 6580 6581 6582
usemtl 2
f 6580 6579 6581
usemtl 2
f 6569 6519 6516
usemtl 2
f 6569 6568 6519
usemtl 2
f 6583 6584 6585
usemtl 2
f 6586 6583 6585
usemtl 2
f 6585 6552 6553
usemtl 2
f 6585 6584 6552
usemtl 2
f 6587 6583 6586
usemtl 2
f 6587 6588 6583
usemtl 2
f 6589 6590 6591
usemtl 2
f 6589 6592 6590
usemtl 2
f 6591 6578 6577
usemtl 2
f 6591 6590 6578
usemtl 2
f 6593 6592 6589
usemtl 2
f 6593 6594 6592
usemtl 2
f 6559 6594 6593
usemtl 2
f 6559 6558 6594
usemtl 2
f 6557 6595 6596
usemtl 2
f 6557 6597 6595
usemtl 2
f 6564 6597 6557
usemtl 2
f 6565 6564 6557
usemtl 2
f 6554 6565 6557
usemtl 2
f 6598 6599 6600
usemtl 2
f 6598 6601 6599
usemtl 2
f 6599 6588 6587
usemtl 2
f 6600 6599 6587
usemtl 2
f 6595 6601 6598
usemtl 2
f 6596 6595 6598
usemtl 2
f 6544 6602 6603
usemtl 2
f 6544 6543 6602
usemtl 2
f 6539 6545 6546
usemtl 2
f 6539 6538 6545
usemtl 2
f 6529 6549 6548
usemtl 2
f 6530 6529 6548
usemtl 2
f 6602 6604 6571
usemtl 2
f 6603 6602 6571
usemtl 2
f 6574 6603 6571
usemtl 2
f 6604 6605 6581
usemtl 2
f 6571 6604 6581
usemtl 2
f 6582 6581 6547
usemtl 2
f 6581 6605 6548
usemtl 2
f 6547 6581 6548
usemtl 1
f 6570 6585 6550
usemtl 1
f 6594 6558 6598
usemtl 1
f 6587 6585 6590
usemtl 1
f 6600 6587 6598
usemtl 1
f 6578 6585 6570
usemtl 1
f 6586 6585 6587
usemtl 1
f 6568 6531 6522
usemtl 1
f 6553 6550 6585
usemtl 1
f 6568 6522 6519
usemtl 1
f 6534 6531 6550
usemtl 1
f 6522 6517 6519
usemtl 1
f 6520 6517 6522
usemtl 1
f 6550 6531 6568
usemtl 1
f 6590 6585 6578
usemtl 1
f 6550 6568 6570
usemtl 1
f 6594 6590 6592
usemtl 1
f 6598 6587 6590
usemtl 1
f 6598 6590 6594
usemtl 1
f 6596 6558 6557
usemtl 1
f 6596 6598 6558
usemtl 1
f 6558 6555 6557
usemtl 1
f 6528 6527 6545
usemtl 1
f 6511 6510 6512
usemtl 1
f 6535 6536 6549
usemtl 1
f 6528 6537 6542
usemtl 1
f 6536 6542 6549
usemtl 1
f 6529 6512 6549
usemtl 1
f 6529 6511 6512
usemtl 1
f 6512 6535 6549
usemtl 1
f 6542 6537 6549
usemtl 1
f 6538 6528 6545
usemtl 1
f 6527 6528 6526
usemtl 1
f 6538 6537 6528
usemtl 1
f 6561 6515 6599
usemtl 1
f 6599 6601 6595
usemtl 1
f 6564 6561 6595
usemtl 1
f 6533 6552 6523
usemtl 1
f 6597 6564 6595
usemtl 1
f 6595 6561 6599
usemtl 1
f 6563 6515 6561
usemtl 1
f 6515 6514 6599
usemtl 1
f 6514 6523 6599
usemtl 1
f 6552 6599 6523
usemtl 1
f 6583 6599 6552
usemtl 1
f 6524 6533 6523
usemtl 1
f 6524 6532 6533
usemtl 1
f 6551 6552 6533
usemtl 1
f 6583 6588 6599
usemtl 1
f 6584 6583 6552
usemtl 1
f 6530 6548 6605
usemtl 1
f 6602 6521 6604
usemtl 1
f 6604 6521 6605
usemtl 1
f 6562 6565 6560
usemtl 1
f 6539 6546 6543
usemtl 1
f 6565 6566 6560
usemtl 1
f 6569 6577 6567
usemtl 1
f 6554 6566 6565
usemtl 1
f 6556 6566 6554
usemtl 1
f 6593 6589 6556
usemtl 1
f 6525 6516 6518
usemtl 1
f 6556 6559 6593
usemtl 1
f 6577 6589 6591
usemtl 1
f 6566 6556 6589
usemtl 1
f 6518 6546 6525
usemtl 1
f 6516 6577 6569
usemtl 1
f 6566 6589 6577
usemtl 1
f 6543 6518 6602
usemtl 1
f 6516 6566 6577
usemtl 1
f 6525 6566 6516
usemtl 1
f 6543 6546 6518
usemtl 1
f 6605 6521 6530
usemtl 1
f 6602 6518 6521
usemtl 1
f 6521 6513 6530
usemtl 1
f 6579 6571 6581
usemtl 1
f 6575 6572 6579
usemtl 1
f 6579 6572 6571
usemtl 1
f 6576 6582 6547
usemtl 1
f 6576 6580 6582
usemtl 1
f 6540 6576 6547
usemtl 1
f 6544 6573 6576
usemtl 1
f 6573 6603 6574
usemtl 1
f 6544 6603 6573
usemtl 1
f 6541 6576 6540
usemtl 1
f 6541 6544 6576
o NL.IMBAG.Pand.0861100000372106-37
usemtl 0
f 6606 6607 6608
usemtl 0
f 6609 6610 6607
usemtl 0
f 6606 6609 6607
usemtl 0
f 6611 6610 6609
usemtl 0
f 6612 6613 6614
usemtl 0
f 6612 6614 6611
usemtl 0
f 6614 6610 6611
usemtl 2
f 6611 6615 6612
usemtl 2
f 6611 6616 6615
usemtl 2
f 6617 6618 6614
usemtl 2
f 6613 6617 6614
usemtl 2
f 6612 6617 6613
usemtl 2
f 6612 6615 6617
usemtl 2
f 6618 6619 6610
usemtl 2
f 6614 6618 6610
usemtl 2
f 6609 6616 6611
usemtl 2
f 6609 6620 6616
usemtl 2
f 6606 6620 6609
usemtl 2
f 6606 6621 6620
usemtl 2
f 6622 6623 6608
usemtl 2
f 6607 6622 6608
usemtl 2
f 6623 6621 6606
usemtl 2
f 6608 6623 6606
usemtl 2
f 6619 6622 6607
usemtl 2
f 6610 6619 6607
usemtl 1
f 6618 6615 6616
usemtl 1
f 6617 6615 6618
usemtl 1
f 6619 6618 6616
usemtl 1
f 6619 6616 6620
usemtl 1
f 6619 6620 6622
usemtl 1
f 6620 6621 6622
usemtl 1
f 6621 6623 6622
o NL.IMBAG.Pand.0861100000370312-38
usemtl 0
f 6624 6625 6626
usemtl 0
f 6627 6628 6629
usemtl 0
f 6630 6631 6632
usemtl 0
f 6633 6634 6635
usemtl 0
f 6628 6636 6629
usemtl 0
f 6629 6637 6638
usemtl 0
f 6639 6640 6641
usemtl 0
f 6642 6643 6644
usemtl 0
f 6636 6637 6629
usemtl 0
f 6645 6628 6627
usemtl 0
f 6645 6627 6624
usemtl 0
f 6627 6625 6624
usemtl 0
f 6646 6631 6630
usemtl 0
f 6647 6648 6631
usemtl 0
f 6649 6648 6647
usemtl 0
f 6650 6651 6649
usemtl 0
f 6652 6653 6654
usemtl 0
f 6655 6656 6657
usemtl 0
f 6635 6658 6657
usemtl 0
f 6635 6657 6656
usemtl 0
f 6635 6656 6633
usemtl 0
f 6655 6653 6656
usemtl 0
f 6651 6652 6654
usemtl 0
f 6654 6653 6655
usemtl 0
f 6659 6660 6661
usemtl 0
f 6650 6652 6651
usemtl 0
f 6662 6650 6649
usemtl 0
f 6662 6649 6647
usemtl 0
f 6663 6664 6630
usemtl 0
f 6648 6665 6631
usemtl 0
f 6646 6630 6626
usemtl 0
f 6631 6665 6632
usemtl 0
f 6630 6624 6626
usemtl 0
f 6664 6624 6630
usemtl 0
f 6663 6630 6666
usemtl 0
f 6667 6666 6668
usemtl 0
f 6644 6643 6669
usemtl 0
f 6640 6670 6641
usemtl 0
f 6644 6669 6671
usemtl 0
f 6672 6643 6642
usemtl 0
f 6640 6672 6670
usemtl 0
f 6672 6642 6670
usemtl 0
f 6673 6641 6670
usemtl 0
f 6674 6639 6641
usemtl 0
f 6671 6669 6659
usemtl 0
f 6671 6659 6661
usemtl 0
f 6661 6660 6668
usemtl 0
f 6660 6675 6668
usemtl 0
f 6675 6667 6668
usemtl 0
f 6667 6663 6666
usemtl 0
f 6676 6663 6667
usemtl 2
f 6673 6677 6641
usemtl 2
f 6673 6678 6677
usemtl 2
f 6677 6679 6674
usemtl 2
f 6641 6677 6674
usemtl 2
f 6680 6681 6664
usemtl 2
f 6663 6680 6664
usemtl 2
f 6637 6682 6638
usemtl 2
f 6637 6683 6682
usemtl 2
f 6636 6683 6637
usemtl 2
f 6636 6684 6683
usemtl 2
f 6685 6686 6687
usemtl 2
f 6624 6685 6687
usemtl 2
f 6645 6624 6687
usemtl 2
f 6644 6688 6642
usemtl 2
f 6644 6689 6688
usemtl 2
f 6690 6680 6663
usemtl 2
f 6676 6690 6663
usemtl 2
f 6691 6690 6676
usemtl 2
f 6667 6691 6676
usemtl 2
f 6692 6693 6675
usemtl 2
f 6660 6692 6675
usemtl 2
f 6693 6691 6667
usemtl 2
f 6675 6693 6667
usemtl 2
f 6670 6678 6673
usemtl 2
f 6670 6694 6678
usemtl 2
f 6695 6692 6660
usemtl 2
f 6659 6695 6660
usemtl 2
f 6696 6697 6672
usemtl 2
f 6640 6696 6672
usemtl 2
f 6698 6695 6659
usemtl 2
f 6669 6698 6659
usemtl 2
f 6699 6696 6640
usemtl 2
f 6639 6699 6640
usemtl 2
f 6700 6698 6669
usemtl 2
f 6643 6700 6669
usemtl 2
f 6697 6700 6643
usemtl 2
f 6672 6697 6643
usemtl 2
f 6642 6694 6670
usemtl 2
f 6642 6688 6694
usemtl 2
f 6671 6689 6644
usemtl 2
f 6671 6701 6689
usemtl 2
f 6630 6702 6666
usemtl 2
f 6630 6703 6702
usemtl 2
f 6661 6701 6671
usemtl 2
f 6661 6704 6701
usemtl 2
f 6681 6685 6624
usemtl 2
f 6664 6681 6624
usemtl 2
f 6668 6704 6661
usemtl 2
f 6668 6705 6704
usemtl 2
f 6706 6707 6647
usemtl 2
f 6631 6706 6647
usemtl 2
f 6666 6705 6668
usemtl 2
f 6666 6702 6705
usemtl 2
f 6708 6709 6650
usemtl 2
f 6662 6708 6650
usemtl 2
f 6665 6710 6632
usemtl 2
f 6665 6711 6710
usemtl 2
f 6648 6711 6665
usemtl 2
f 6648 6712 6711
usemtl 2
f 6654 6713 6651
usemtl 2
f 6654 6714 6713
usemtl 2
f 6649 6712 6648
usemtl 2
f 6649 6715 6712
usemtl 2
f 6655 6714 6654
usemtl 2
f 6655 6716 6714
usemtl 2
f 6651 6715 6649
usemtl 2
f 6651 6713 6715
usemtl 2
f 6657 6716 6655
usemtl 2
f 6657 6717 6716
usemtl 2
f 6718 6719 6633
usemtl 2
f 6656 6718 6633
usemtl 2
f 6674 6699 6639
usemtl 2
f 6674 6679 6699
usemtl 2
f 6658 6717 6657
usemtl 2
f 6658 6720 6717
usemtl 2
f 6682 6721 6629
usemtl 2
f 6638 6682 6629
usemtl 2
f 6722 6720 6658
usemtl 2
f 6635 6722 6658
usemtl 2
f 6634 6722 6635
usemtl 2
f 6634 6723 6722
usemtl 2
f 6719 6723 6634
usemtl 2
f 6633 6719 6634
usemtl 2
f 6707 6708 6662
usemtl 2
f 6647 6707 6662
usemtl 2
f 6724 6718 6656
usemtl 2
f 6653 6724 6656
usemtl 2
f 6725 6724 6653
usemtl 2
f 6652 6725 6653
usemtl 2
f 6709 6725 6652
usemtl 2
f 6650 6709 6652
usemtl 2
f 6632 6710 6630
usemtl 2
f 6710 6726 6703
usemtl 2
f 6630 6710 6703
usemtl 2
f 6727 6728 6646
usemtl 2
f 6626 6727 6646
usemtl 2
f 6729 6730 6731
usemtl 2
f 6729 6732 6730
usemtl 2
f 6733 6729 6731
usemtl 2
f 6728 6706 6631
usemtl 2
f 6646 6728 6631
usemtl 2
f 6734 6727 6626
usemtl 2
f 6625 6734 6626
usemtl 2
f 6735 6734 6625
usemtl 2
f 6735 6736 6734
usemtl 2
f 6627 6735 6625
usemtl 2
f 6721 6735 6627
usemtl 2
f 6629 6721 6627
usemtl 2
f 6686 6737 6738
usemtl 2
f 6687 6686 6738
usemtl 2
f 6687 6739 6740
usemtl 2
f 6645 6687 6740
usemtl 2
f 6628 6645 6740
usemtl 2
f 6737 6732 6729
usemtl 2
f 6738 6737 6729
usemtl 2
f 6741 6729 6733
usemtl 2
f 6742 6741 6733
usemtl 2
f 6743 6736 6735
usemtl 2
f 6743 6742 6736
usemtl 2
f 6730 6726 6710
usemtl 2
f 6731 6730 6710
usemtl 2
f 6628 6684 6636
usemtl 2
f 6628 6740 6684
usemtl 2
f 6739 6741 6742
usemtl 2
f 6740 6739 6742
usemtl 2
f 6743 6740 6742
usemtl 1
f 6699 6677 6696
usemtl 1
f 6703 6726 6730
usemtl 1
f 6737 6686 6685
usemtl 1
f 6732 6703 6730
usemtl 1
f 6680 6702 6681
usemtl 1
f 6685 6703 6732
usemtl 1
f 6681 6703 6685
usemtl 1
f 6737 6685 6732
usemtl 1
f 6702 6691 6705
usemtl 1
f 6691 6693 6705
usemtl 1
f 6691 6680 6690
usemtl 1
f 6704 6692 6695
usemtl 1
f 6695 6698 6701
usemtl 1
f 6689 6700 6688
usemtl 1
f 6678 6694 6677
usemtl 1
f 6697 6696 6677
usemtl 1
f 6677 6699 6679
usemtl 1
f 6694 6688 6697
usemtl 1
f 6677 6694 6697
usemtl 1
f 6688 6700 6697
usemtl 1
f 6689 6698 6700
usemtl 1
f 6701 6698 6689
usemtl 1
f 6704 6695 6701
usemtl 1
f 6705 6692 6704
usemtl 1
f 6693 6692 6705
usemtl 1
f 6681 6702 6703
usemtl 1
f 6680 6691 6702
usemtl 1
f 6711 6731 6710
usemtl 1
f 6712 6731 6711
usemtl 1
f 6713 6725 6709
usemtl 1
f 6715 6713 6709
usemtl 1
f 6725 6714 6724
usemtl 1
f 6724 6716 6718
usemtl 1
f 6718 6722 6719
usemtl 1
f 6716 6717 6718
usemtl 1
f 6722 6718 6717
usemtl 1
f 6722 6717 6720
usemtl 1
f 6714 6716 6724
usemtl 1
f 6719 6722 6723
usemtl 1
f 6713 6714 6725
usemtl 1
f 6708 6715 6709
usemtl 1
f 6707 6715 6708
usemtl 1
f 6712 6715 6707
usemtl 1
f 6712 6707 6731
usemtl 1
f 6707 6706 6731
usemtl 1
f 6706 6728 6731
usemtl 1
f 6728 6727 6731
usemtl 1
f 6727 6733 6731
usemtl 1
f 6734 6733 6727
usemtl 1
f 6736 6733 6734
usemtl 1
f 6742 6733 6736
usemtl 1
f 6738 6741 6739
usemtl 1
f 6738 6729 6741
usemtl 1
f 6687 6738 6739
usemtl 1
f 6684 6740 6743
usemtl 1
f 6735 6721 6743
usemtl 1
f 6743 6721 6682
usemtl 1
f 6743 6682 6683
usemtl 1
f 6743 6683 6684
o NL.IMBAG.Pand.0861100000363180-39
usemtl 0
f 6744 6745 6746
usemtl 0
f 6747 6748 6746
usemtl 0
f 6748 6744 6746
usemtl 0
f 6744 6749 6750
usemtl 0
f 6751 6750 6752
usemtl 0
f 6753 6751 6754
usemtl 0
f 6745 6744 6751
usemtl 0
f 6745 6751 6755
usemtl 0
f 6750 6751 6744
usemtl 0
f 6752 6754 6751
usemtl 0
f 6745 6755 6756
usemtl 0
f 6745 6756 6757
usemtl 2
f 6758 6759 6749
usemtl 2
f 6744 6758 6749
usemtl 2
f 6760 6761 6751
usemtl 2
f 6753 6760 6751
usemtl 2
f 6762 6760 6753
usemtl 2
f 6754 6762 6753
usemtl 2
f 6763 6764 6765
usemtl 2
f 6766 6763 6765
usemtl 2
f 6767 6768 6758
usemtl 2
f 6748 6767 6744
usemtl 2
f 6744 6767 6758
usemtl 2
f 6752 6762 6754
usemtl 2
f 6752 6769 6762
usemtl 2
f 6770 6769 6752
usemtl 2
f 6770 6771 6769
usemtl 2
f 6750 6770 6752
usemtl 2
f 6759 6770 6750
usemtl 2
f 6749 6759 6750
usemtl 2
f 6764 6772 6773
usemtl 2
f 6765 6764 6773
usemtl 2
f 6747 6767 6748
usemtl 2
f 6747 6774 6767
usemtl 2
f 6745 6775 6746
usemtl 2
f 6745 6776 6775
usemtl 2
f 6755 6777 6756
usemtl 2
f 6755 6778 6777
usemtl 2
f 6779 6763 6766
usemtl 2
f 6778 6779 6766
usemtl 2
f 6780 6776 6745
usemtl 2
f 6757 6780 6745
usemtl 2
f 6746 6774 6747
usemtl 2
f 6746 6775 6774
usemtl 2
f 6756 6780 6757
usemtl 2
f 6756 6777 6780
usemtl 2
f 6781 6758 6768
usemtl 2
f 6761 6779 6778
usemtl 2
f 6751 6761 6778
usemtl 2
f 6755 6751 6778
usemtl 2
f 6773 6782 6783
usemtl 2
f 6773 6772 6782
usemtl 2
f 6784 6785 6786
usemtl 2
f 6784 6787 6785
usemtl 2
f 6783 6787 6784
usemtl 2
f 6783 6782 6787
usemtl 2
f 6785 6771 6770
usemtl 2
f 6786 6785 6770
usemtl 1
f 6786 6783 6784
usemtl 1
f 6781 6776 6786
usemtl 1
f 6768 6767 6775
usemtl 1
f 6775 6767 6774
usemtl 1
f 6786 6776 6783
usemtl 1
f 6776 6780 6783
usemtl 1
f 6781 6775 6776
usemtl 1
f 6781 6768 6775
usemtl 1
f 6780 6777 6783
usemtl 1
f 6777 6778 6766
usemtl 1
f 6766 6773 6783
usemtl 1
f 6765 6773 6766
usemtl 1
f 6777 6766 6783
usemtl 1
f 6763 6779 6761
usemtl 1
f 6760 6762 6761
usemtl 1
f 6762 6769 6761
usemtl 1
f 6761 6764 6763
usemtl 1
f 6769 6764 6761
usemtl 1
f 6769 6772 6764
usemtl 1
f 6787 6771 6785
usemtl 1
f 6782 6769 6787
usemtl 1
f 6787 6769 6771
usemtl 1
f 6772 6769 6782
usemtl 1
f 6759 6786 6770
usemtl 1
f 6758 6781 6786
usemtl 1
f 6759 6758 6786
o NL.IMBAG.Pand.0861100000375927-40
usemtl 0
f 6788 6789 6790
usemtl 0
f 6791 6792 6793
usemtl 0
f 6789 6794 6790
usemtl 0
f 6790 6794 6795
usemtl 0
f 6796 6791 6797
usemtl 0
f 6798 6799 6789
usemtl 0
f 6799 6794 6789
usemtl 0
f 6800 6795 6794
usemtl 0
f 6788 6790 6801
usemtl 0
f 6793 6789 6788
usemtl 0
f 6793 6788 6797
usemtl 0
f 6788 6802 6797
usemtl 0
f 6802 6803 6797
usemtl 0
f 6793 6797 6791
usemtl 2
f 6801 6804 6788
usemtl 2
f 6801 6805 6804
usemtl 2
f 6806 6805 6801
usemtl 2
f 6790 6806 6801
usemtl 2
f 6804 6807 6808
usemtl 2
f 6788 6804 6808
usemtl 2
f 6802 6788 6808
usemtl 2
f 6809 6810 6800
usemtl 2
f 6794 6809 6800
usemtl 2
f 6795 6806 6790
usemtl 2
f 6795 6811 6806
usemtl 2
f 6810 6811 6795
usemtl 2
f 6800 6810 6795
usemtl 2
f 6812 6809 6794
usemtl 2
f 6799 6812 6794
usemtl 2
f 6789 6813 6798
usemtl 2
f 6789 6814 6813
usemtl 2
f 6813 6812 6799
usemtl 2
f 6798 6813 6799
usemtl 2
f 6815 6816 6817
usemtl 2
f 6815 6818 6816
usemtl 2
f 6817 6814 6789
usemtl 2
f 6817 6816 6814
usemtl 2
f 6793 6817 6789
usemtl 2
f 6802 6819 6803
usemtl 2
f 6802 6808 6819
usemtl 2
f 6820 6818 6815
usemtl 2
f 6820 6821 6818
usemtl 2
f 6819 6822 6797
usemtl 2
f 6803 6819 6797
usemtl 2
f 6796 6823 6791
usemtl 2
f 6796 6824 6823
usemtl 2
f 6823 6825 6792
usemtl 2
f 6791 6823 6792
usemtl 2
f 6822 6824 6796
usemtl 2
f 6797 6822 6796
usemtl 2
f 6792 6817 6793
usemtl 2
f 6792 6825 6817
usemtl 2
f 6808 6821 6820
usemtl 2
f 6808 6807 6821
usemtl 1
f 6806 6821 6804
usemtl 1
f 6804 6821 6807
usemtl 1
f 6811 6809 6806
usemtl 1
f 6806 6804 6805
usemtl 1
f 6806 6809 6821
usemtl 1
f 6810 6809 6811
usemtl 1
f 6809 6814 6821
usemtl 1
f 6812 6813 6814
usemtl 1
f 6814 6818 6821
usemtl 1
f 6816 6818 6814
usemtl 1
f 6812 6814 6809
usemtl 1
f 6819 6808 6820
usemtl 1
f 6817 6823 6815
usemtl 1
f 6815 6819 6820
usemtl 1
f 6817 6825 6823
usemtl 1
f 6822 6823 6824
usemtl 1
f 6815 6823 6822
usemtl 1
f 6815 6822 6819
o NL.IMBAG.Pand.0861100000373115-41
usemtl 0
f 6826 6827 6828
usemtl 0
f 6829 6830 6831
usemtl 0
f 6832 6833 6831
usemtl 0
f 6831 6833 6829
usemtl 0
f 6834 6827 6833
usemtl 0
f 6835 6836 6826
usemtl 0
f 6837 6827 6834
usemtl 0
f 6826 6838 6839
usemtl 0
f 6826 6839 6840
usemtl 0
f 6828 6838 6826
usemtl 0
f 6836 6827 6826
usemtl 0
f 6836 6835 6841
usemtl 0
f 6842 6843 6844
usemtl 0
f 6844 6827 6836
usemtl 0
f 6843 6827 6844
usemtl 0
f 6843 6842 6845
usemtl 0
f 6846 6847 6843
usemtl 0
f 6846 6848 6847
usemtl 0
f 6849 6846 6850
usemtl 0
f 6848 6846 6849
usemtl 0
f 6847 6827 6843
usemtl 0
f 6849 6851 6848
usemtl 0
f 6833 6847 6829
usemtl 0
f 6833 6827 6847
usemtl 2
f 6852 6853 6827
usemtl 2
f 6837 6852 6827
usemtl 2
f 6854 6855 6856
usemtl 2
f 6854 6857 6855
usemtl 2
f 6855 6858 6859
usemtl 2
f 6856 6855 6859
usemtl 2
f 6860 6857 6854
usemtl 2
f 6843 6860 6854
usemtl 2
f 6846 6843 6854
usemtl 2
f 6835 6861 6841
usemtl 2
f 6835 6862 6861
usemtl 2
f 6836 6863 6844
usemtl 2
f 6836 6864 6863
usemtl 2
f 6865 6866 6839
usemtl 2
f 6865 6867 6866
usemtl 2
f 6838 6865 6839
usemtl 2
f 6868 6869 6870
usemtl 2
f 6871 6868 6870
usemtl 2
f 6853 6868 6871
usemtl 2
f 6827 6853 6871
usemtl 2
f 6828 6827 6871
usemtl 2
f 6861 6864 6836
usemtl 2
f 6841 6861 6836
usemtl 2
f 6872 6873 6874
usemtl 2
f 6875 6872 6874
usemtl 2
f 6871 6865 6838
usemtl 2
f 6828 6871 6838
usemtl 2
f 6869 6876 6877
usemtl 2
f 6870 6869 6877
usemtl 2
f 6878 6867 6865
usemtl 2
f 6878 6879 6867
usemtl 2
f 6880 6879 6878
usemtl 2
f 6880 6881 6879
usemtl 2
f 6882 6883 6884
usemtl 2
f 6885 6882 6884
usemtl 2
f 6858 6882 6885
usemtl 2
f 6859 6858 6885
usemtl 2
f 6883 6881 6880
usemtl 2
f 6884 6883 6880
usemtl 2
f 6840 6886 6826
usemtl 2
f 6840 6887 6886
usemtl 2
f 6886 6862 6835
usemtl 2
f 6826 6886 6835
usemtl 2
f 6866 6887 6840
usemtl 2
f 6839 6866 6840
usemtl 2
f 6888 6889 6831
usemtl 2
f 6830 6888 6831
usemtl 2
f 6890 6888 6830
usemtl 2
f 6829 6890 6830
usemtl 2
f 6889 6891 6832
usemtl 2
f 6831 6889 6832
usemtl 2
f 6891 6892 6833
usemtl 2
f 6832 6891 6833
usemtl 2
f 6892 6893 6894
usemtl 2
f 6833 6892 6894
usemtl 2
f 6834 6833 6894
usemtl 2
f 6893 6895 6876
usemtl 2
f 6894 6893 6876
usemtl 2
f 6834 6852 6837
usemtl 2
f 6834 6894 6852
usemtl 2
f 6896 6897 6849
usemtl 2
f 6850 6896 6849
usemtl 2
f 6846 6896 6850
usemtl 2
f 6846 6854 6896
usemtl 2
f 6847 6898 6829
usemtl 2
f 6898 6899 6890
usemtl 2
f 6829 6898 6890
usemtl 2
f 6900 6898 6847
usemtl 2
f 6848 6900 6847
usemtl 2
f 6849 6901 6851
usemtl 2
f 6849 6897 6901
usemtl 2
f 6902 6903 6904
usemtl 2
f 6902 6905 6903
usemtl 2
f 6906 6907 6908
usemtl 2
f 6909 6906 6908
usemtl 2
f 6873 6906 6909
usemtl 2
f 6874 6873 6909
usemtl 2
f 6910 6905 6902
usemtl 2
f 6910 6911 6905
usemtl 2
f 6908 6911 6910
usemtl 2
f 6908 6907 6911
usemtl 2
f 6904 6872 6875
usemtl 2
f 6904 6903 6872
usemtl 2
f 6863 6912 6842
usemtl 2
f 6844 6863 6842
usemtl 2
f 6842 6913 6845
usemtl 2
f 6842 6912 6913
usemtl 2
f 6913 6860 6843
usemtl 2
f 6845 6913 6843
usemtl 2
f 6851 6900 6848
usemtl 2
f 6851 6901 6900
usemtl 2
f 6877 6876 6898
usemtl 2
f 6876 6895 6899
usemtl 2
f 6898 6876 6899
usemtl 1
f 6876 6852 6894
usemtl 1
f 6869 6853 6876
usemtl 1
f 6876 6853 6852
usemtl 1
f 6868 6853 6869
usemtl 1
f 6873 6872 6903
usemtl 1
f 6905 6907 6903
usemtl 1
f 6905 6911 6907
usemtl 1
f 6903 6907 6906
usemtl 1
f 6903 6906 6873
usemtl 1
f 6912 6860 6913
usemtl 1
f 6863 6860 6912
usemtl 1
f 6879 6886 6887
usemtl 1
f 6883 6864 6881
usemtl 1
f 6879 6866 6867
usemtl 1
f 6862 6881 6861
usemtl 1
f 6886 6881 6862
usemtl 1
f 6858 6883 6882
usemtl 1
f 6866 6879 6887
usemtl 1
f 6863 6883 6858
usemtl 1
f 6858 6855 6860
usemtl 1
f 6881 6886 6879
usemtl 1
f 6864 6861 6881
usemtl 1
f 6863 6864 6883
usemtl 1
f 6858 6860 6863
usemtl 1
f 6855 6857 6860
usemtl 1
f 6893 6892 6895
usemtl 1
f 6891 6889 6892
usemtl 1
f 6892 6890 6899
usemtl 1
f 6895 6892 6899
usemtl 1
f 6889 6890 6892
usemtl 1
f 6888 6890 6889
usemtl 1
f 6871 6870 6865
usemtl 1
f 6901 6897 6900
usemtl 1
f 6900 6856 6898
usemtl 1
f 6897 6854 6856
usemtl 1
f 6854 6897 6896
usemtl 1
f 6856 6877 6898
usemtl 1
f 6859 6877 6856
usemtl 1
f 6897 6856 6900
usemtl 1
f 6859 6885 6877
usemtl 1
f 6880 6885 6884
usemtl 1
f 6870 6877 6885
usemtl 1
f 6878 6885 6880
usemtl 1
f 6870 6885 6878
usemtl 1
f 6870 6878 6865
o NL.IMBAG.Pand.0861100000374749-42
usemtl 0
f 6914 6915 6916
usemtl 0
f 6917 6918 6919
usemtl 0
f 6920 6917 6919
usemtl 0
f 6921 6920 6919
usemtl 0
f 6922 6923 6920
usemtl 0
f 6924 6922 6920
usemtl 0
f 6923 6925 6920
usemtl 0
f 6915 6925 6916
usemtl 0
f 6920 6915 6917
usemtl 0
f 6920 6925 6915
usemtl 2
f 6926 6927 6914
usemtl 2
f 6916 6926 6914
usemtl 2
f 6914 6928 6915
usemtl 2
f 6914 6927 6928
usemtl 2
f 6920 6929 6924
usemtl 2
f 6920 6930 6929
usemtl 2
f 6929 6931 6922
usemtl 2
f 6924 6929 6922
usemtl 2
f 6921 6930 6920
usemtl 2
f 6921 6932 6930
usemtl 2
f 6933 6934 6935
usemtl 2
f 6933 6936 6934
usemtl 2
f 6937 6938 6939
usemtl 2
f 6940 6937 6939
usemtl 2
f 6941 6937 6940
usemtl 2
f 6942 6941 6940
usemtl 2
f 6939 6943 6944
usemtl 2
f 6939 6938 6943
usemtl 2
f 6944 6941 6942
usemtl 2
f 6944 6943 6941
usemtl 2
f 6945 6926 6916
usemtl 2
f 6925 6945 6916
usemtl 2
f 6946 6947 6919
usemtl 2
f 6918 6946 6919
usemtl 2
f 6917 6946 6918
usemtl 2
f 6917 6948 6946
usemtl 2
f 6949 6950 6945
usemtl 2
f 6923 6949 6945
usemtl 2
f 6925 6923 6945
usemtl 2
f 6947 6932 6921
usemtl 2
f 6919 6947 6921
usemtl 2
f 6951 6952 6931
usemtl 2
f 6951 6953 6952
usemtl 2
f 6934 6954 6955
usemtl 2
f 6935 6934 6955
usemtl 2
f 6954 6956 6957
usemtl 2
f 6955 6954 6957
usemtl 2
f 6957 6936 6933
usemtl 2
f 6957 6956 6936
usemtl 2
f 6931 6949 6923
usemtl 2
f 6931 6952 6949
usemtl 2
f 6922 6931 6923
usemtl 2
f 6945 6953 6951
usemtl 2
f 6945 6950 6953
usemtl 2
f 6928 6948 6917
usemtl 2
f 6915 6928 6917
usemtl 1
f 6938 6941 6943
usemtl 1
f 6938 6937 6941
usemtl 1
f 6934 6936 6956
usemtl 1
f 6954 6934 6956
usemtl 1
f 6949 6953 6950
usemtl 1
f 6949 6952 6953
usemtl 1
f 6951 6948 6928
usemtl 1
f 6951 6947 6948
usemtl 1
f 6927 6926 6928
usemtl 1
f 6926 6945 6928
usemtl 1
f 6945 6951 6928
usemtl 1
f 6930 6931 6929
usemtl 1
f 6947 6930 6932
usemtl 1
f 6951 6931 6930
usemtl 1
f 6948 6947 6946
usemtl 1
f 6951 6930 6947
o NL.IMBAG.Pand.0861100000363381-43
usemtl 0
f 6958 6959 6960
usemtl 0
f 6961 6962 6963
usemtl 0
f 6962 6959 6964
usemtl 0
f 6965 6966 6960
usemtl 0
f 6967 6968 6969
usemtl 0
f 6966 6958 6960
usemtl 0
f 6958 6964 6959
usemtl 0
f 6959 6962 6961
usemtl 0
f 6961 6963 6969
usemtl 0
f 6968 6961 6969
usemtl 2
f 6965 6970 6966
usemtl 2
f 6965 6971 6970
usemtl 2
f 6960 6971 6965
usemtl 2
f 6960 6972 6971
usemtl 2
f 6970 6973 6958
usemtl 2
f 6966 6970 6958
usemtl 2
f 6974 6975 6976
usemtl 2
f 6974 6977 6975
usemtl 2
f 6978 6979 6980
usemtl 2
f 6967 6978 6980
usemtl 2
f 6968 6967 6980
usemtl 2
f 6981 6982 6983
usemtl 2
f 6984 6981 6983
usemtl 2
f 6963 6983 6969
usemtl 2
f 6963 6985 6983
usemtl 2
f 6973 6986 6987
usemtl 2
f 6958 6973 6987
usemtl 2
f 6964 6958 6987
usemtl 2
f 6962 6985 6963
usemtl 2
f 6962 6988 6985
usemtl 2
f 6969 6983 6967
usemtl 2
f 6983 6982 6978
usemtl 2
f 6967 6983 6978
usemtl 2
f 6975 6989 6990
usemtl 2
f 6976 6975 6990
usemtl 2
f 6979 6991 6992
usemtl 2
f 6980 6979 6992
usemtl 2
f 6993 6977 6974
usemtl 2
f 6993 6994 6977
usemtl 2
f 6987 6988 6962
usemtl 2
f 6964 6987 6962
usemtl 2
f 6995 6996 6997
usemtl 2
f 6995 6998 6996
usemtl 2
f 6999 6981 6984
usemtl 2
f 7000 6999 6984
usemtl 2
f 6987 6998 6995
usemtl 2
f 6987 6986 6998
usemtl 2
f 7001 7002 7003
usemtl 2
f 7004 7001 7003
usemtl 2
f 7002 6999 7000
usemtl 2
f 7003 7002 7000
usemtl 2
f 6989 6994 6993
usemtl 2
f 6990 6989 6993
usemtl 2
f 6992 7005 7006
usemtl 2
f 6992 6991 7005
usemtl 2
f 7005 7001 7004
usemtl 2
f 7006 7005 7004
usemtl 2
f 7007 7008 7009
usemtl 2
f 7007 7010 7008
usemtl 2
f 6997 7011 7012
usemtl 2
f 6997 6996 7011
usemtl 2
f 7013 7012 6959
usemtl 2
f 6961 7013 6959
usemtl 2
f 6980 7013 6961
usemtl 2
f 6968 6980 6961
usemtl 2
f 6959 7012 6960
usemtl 2
f 7012 7011 6972
usemtl 2
f 6960 7012 6972
usemtl 2
f 7014 7015 7016
usemtl 2
f 7017 7014 7016
usemtl 2
f 7009 7014 7017
usemtl 2
f 7009 7008 7014
usemtl 2
f 7015 7010 7007
usemtl 2
f 7016 7015 7007
usemtl 1
f 6975 6994 6989
usemtl 1
f 6975 6977 6994
usemtl 1
f 7002 7001 7005
usemtl 1
f 6978 6982 6991
usemtl 1
f 6991 7002 7005
usemtl 1
f 6999 7002 6982
usemtl 1
f 6978 6991 6979
usemtl 1
f 6982 7002 6991
usemtl 1
f 6981 6999 6982
usemtl 1
f 7006 7013 6980
usemtl 1
f 6992 7006 6980
usemtl 1
f 6995 7006 7004
usemtl 1
f 6995 7013 7006
usemtl 1
f 6995 7004 6988
usemtl 1
f 7004 7003 7000
usemtl 1
f 7004 6984 6985
usemtl 1
f 7004 7000 6984
usemtl 1
f 6984 6983 6985
usemtl 1
f 7004 6985 6988
usemtl 1
f 6987 6995 6988
usemtl 1
f 6997 7013 6995
usemtl 1
f 7012 7013 6997
usemtl 1
f 6996 6972 7011
usemtl 1
f 6996 6986 6973
usemtl 1
f 6970 6972 6973
usemtl 1
f 6998 6986 6996
usemtl 1
f 6996 6973 6972
usemtl 1
f 6972 6970 6971
usemtl 1
f 7008 7010 7015
usemtl 1
f 7014 7008 7015
o NL.IMBAG.Pand.0861100000376319-44
usemtl 0
f 7018 7019 7020
usemtl 0
f 7021 7022 7023
usemtl 0
f 7024 7025 7026
usemtl 0
f 7021 7027 7022
usemtl 0
f 7025 7028 7026
usemtl 0
f 7025 7029 7030
usemtl 0
f 7031 7028 7025
usemtl 0
f 7032 7033 7031
usemtl 0
f 7034 7018 7031
usemtl 0
f 7020 7019 7035
usemtl 0
f 7032 7018 7020
usemtl 0
f 7036 7032 7020
usemtl 0
f 7037 7028 7033
usemtl 0
f 7031 7018 7032
usemtl 0
f 7032 7038 7033
usemtl 0
f 7028 7031 7033
usemtl 0
f 7025 7024 7029
usemtl 0
f 7039 7028 7037
usemtl 0
f 7040 7041 7042
usemtl 0
f 7024 7021 7029
usemtl 0
f 7040 7042 7043
usemtl 0
f 7040 7043 7024
usemtl 0
f 7043 7044 7024
usemtl 0
f 7045 7046 7044
usemtl 0
f 7044 7046 7024
usemtl 0
f 7047 7046 7045
usemtl 0
f 7046 7021 7024
usemtl 0
f 7027 7021 7048
usemtl 0
f 7048 7021 7046
usemtl 0
f 7049 7048 7050
usemtl 0
f 7051 7048 7049
usemtl 0
f 7027 7048 7051
usemtl 0
f 7052 7022 7027
usemtl 2
f 7053 7054 7045
usemtl 2
f 7044 7053 7045
usemtl 2
f 7033 7055 7037
usemtl 2
f 7033 7056 7055
usemtl 2
f 7057 7058 7041
usemtl 2
f 7040 7057 7041
usemtl 2
f 7059 7060 7028
usemtl 2
f 7039 7059 7028
usemtl 2
f 7060 7061 7026
usemtl 2
f 7028 7060 7026
usemtl 2
f 7062 7063 7038
usemtl 2
f 7032 7062 7038
usemtl 2
f 7038 7056 7033
usemtl 2
f 7038 7063 7056
usemtl 2
f 7036 7062 7032
usemtl 2
f 7036 7064 7062
usemtl 2
f 7065 7066 7019
usemtl 2
f 7018 7065 7019
usemtl 2
f 7067 7065 7018
usemtl 2
f 7034 7067 7018
usemtl 2
f 7068 7067 7034
usemtl 2
f 7031 7068 7034
usemtl 2
f 7069 7068 7031
usemtl 2
f 7025 7069 7031
usemtl 2
f 7030 7069 7025
usemtl 2
f 7030 7070 7069
usemtl 2
f 7066 7071 7035
usemtl 2
f 7019 7066 7035
usemtl 2
f 7072 7073 7074
usemtl 2
f 7072 7075 7073
usemtl 2
f 7076 7075 7072
usemtl 2
f 7077 7076 7072
usemtl 2
f 7078 7079 7021
usemtl 2
f 7023 7078 7021
usemtl 2
f 7080 7081 7050
usemtl 2
f 7048 7080 7050
usemtl 2
f 7052 7082 7022
usemtl 2
f 7052 7083 7082
usemtl 2
f 7084 7085 7051
usemtl 2
f 7049 7084 7051
usemtl 2
f 7081 7084 7049
usemtl 2
f 7050 7081 7049
usemtl 2
f 7085 7086 7087
usemtl 2
f 7051 7085 7087
usemtl 2
f 7027 7051 7087
usemtl 2
f 7088 7089 7090
usemtl 2
f 7088 7091 7089
usemtl 2
f 7092 7080 7048
usemtl 2
f 7046 7092 7048
usemtl 2
f 7093 7092 7046
usemtl 2
f 7047 7093 7046
usemtl 2
f 7094 7095 7096
usemtl 2
f 7095 7097 7098
usemtl 2
f 7096 7095 7098
usemtl 2
f 7058 7099 7042
usemtl 2
f 7041 7058 7042
usemtl 2
f 7099 7100 7043
usemtl 2
f 7042 7099 7043
usemtl 2
f 7054 7093 7047
usemtl 2
f 7045 7054 7047
usemtl 2
f 7100 7053 7044
usemtl 2
f 7043 7100 7044
usemtl 2
f 7101 7057 7040
usemtl 2
f 7024 7101 7040
usemtl 2
f 7102 7070 7030
usemtl 2
f 7029 7102 7030
usemtl 2
f 7103 7104 7105
usemtl 2
f 7104 7106 7107
usemtl 2
f 7105 7104 7107
usemtl 2
f 7055 7059 7039
usemtl 2
f 7037 7055 7039
usemtl 2
f 7108 7109 7061
usemtl 2
f 7108 7110 7109
usemtl 2
f 7079 7111 7102
usemtl 2
f 7021 7079 7102
usemtl 2
f 7029 7021 7102
usemtl 2
f 7112 7106 7104
usemtl 2
f 7113 7112 7104
usemtl 2
f 7089 7112 7113
usemtl 2
f 7090 7089 7113
usemtl 2
f 7114 7090 7113
usemtl 2
f 7096 7091 7088
usemtl 2
f 7096 7098 7091
usemtl 2
f 7114 7076 7077
usemtl 2
f 7114 7113 7076
usemtl 2
f 7035 7115 7020
usemtl 2
f 7035 7071 7115
usemtl 2
f 7115 7064 7036
usemtl 2
f 7020 7115 7036
usemtl 2
f 7116 7097 7095
usemtl 2
f 7117 7116 7095
usemtl 2
f 7111 7095 7094
usemtl 2
f 7102 7111 7094
usemtl 2
f 7118 7119 7120
usemtl 2
f 7118 7121 7119
usemtl 2
f 7120 7122 7123
usemtl 2
f 7120 7119 7122
usemtl 2
f 7086 7121 7118
usemtl 2
f 7087 7086 7118
usemtl 2
f 7124 7116 7117
usemtl 2
f 7125 7124 7117
usemtl 2
f 7126 7124 7125
usemtl 2
f 7126 7127 7124
usemtl 2
f 7128 7127 7126
usemtl 2
f 7129 7128 7126
usemtl 2
f 7027 7083 7052
usemtl 2
f 7027 7087 7083
usemtl 2
f 7061 7101 7024
usemtl 2
f 7061 7109 7101
usemtl 2
f 7026 7061 7024
usemtl 2
f 7122 7128 7129
usemtl 2
f 7123 7122 7129
usemtl 2
f 7130 7104 7103
usemtl 2
f 7131 7130 7103
usemtl 2
f 7073 7132 7133
usemtl 2
f 7074 7073 7133
usemtl 2
f 7132 7130 7131
usemtl 2
f 7133 7132 7131
usemtl 2
f 7105 7110 7108
usemtl 2
f 7105 7107 7110
usemtl 2
f 7082 7078 7023
usemtl 2
f 7022 7082 7023
usemtl 1
f 7060 7055 7131
usemtl 1
f 7103 7105 7108
usemtl 1
f 7060 7103 7108
usemtl 1
f 7062 7068 7074
usemtl 1
f 7061 7060 7108
usemtl 1
f 7059 7055 7060
usemtl 1
f 7131 7056 7074
usemtl 1
f 7056 7063 7062
usemtl 1
f 7115 7062 7064
usemtl 1
f 7066 7065 7115
usemtl 1
f 7066 7115 7071
usemtl 1
f 7065 7062 7115
usemtl 1
f 7068 7062 7065
usemtl 1
f 7067 7068 7065
usemtl 1
f 7077 7074 7068
usemtl 1
f 7096 7088 7114
usemtl 1
f 7114 7077 7069
usemtl 1
f 7069 7070 7102
usemtl 1
f 7069 7102 7094
usemtl 1
f 7096 7114 7094
usemtl 1
f 7090 7114 7088
usemtl 1
f 7114 7069 7094
usemtl 1
f 7077 7068 7069
usemtl 1
f 7072 7074 7077
usemtl 1
f 7074 7056 7062
usemtl 1
f 7131 7055 7056
usemtl 1
f 7133 7131 7074
usemtl 1
f 7103 7060 7131
usemtl 1
f 7104 7130 7132
usemtl 1
f 7075 7104 7132
usemtl 1
f 7073 7075 7132
usemtl 1
f 7075 7076 7113
usemtl 1
f 7075 7113 7104
usemtl 1
f 7128 7085 7080
usemtl 1
f 7101 7110 7107
usemtl 1
f 7128 7122 7121
usemtl 1
f 7106 7112 7089
usemtl 1
f 7106 7089 7107
usemtl 1
f 7091 7116 7127
usemtl 1
f 7098 7116 7091
usemtl 1
f 7097 7116 7098
usemtl 1
f 7085 7128 7121
usemtl 1
f 7116 7124 7127
usemtl 1
f 7128 7080 7127
usemtl 1
f 7084 7080 7085
usemtl 1
f 7122 7119 7121
usemtl 1
f 7085 7121 7086
usemtl 1
f 7084 7081 7080
usemtl 1
f 7127 7080 7092
usemtl 1
f 7127 7092 7091
usemtl 1
f 7053 7089 7092
usemtl 1
f 7092 7089 7091
usemtl 1
f 7054 7092 7093
usemtl 1
f 7053 7092 7054
usemtl 1
f 7101 7089 7053
usemtl 1
f 7101 7053 7100
usemtl 1
f 7101 7100 7057
usemtl 1
f 7057 7099 7058
usemtl 1
f 7100 7099 7057
usemtl 1
f 7110 7101 7109
usemtl 1
f 7107 7089 7101
usemtl 1
f 7123 7078 7082
usemtl 1
f 7120 7087 7118
usemtl 1
f 7123 7129 7078
usemtl 1
f 7129 7126 7078
usemtl 1
f 7083 7120 7082
usemtl 1
f 7083 7087 7120
usemtl 1
f 7120 7123 7082
usemtl 1
f 7126 7079 7078
usemtl 1
f 7125 7079 7126
usemtl 1
f 7117 7095 7111
usemtl 1
f 7117 7111 7125
usemtl 1
f 7111 7079 7125
o NL.IMBAG.Pand.0861100000360376-45
usemtl 0
f 7134 7135 7136
usemtl 0
f 7137 7138 7136
usemtl 0
f 7139 7134 7140
usemtl 0
f 7141 7137 7136
usemtl 0
f 7136 7138 7134
usemtl 0
f 7138 7140 7134
usemtl 2
f 7136 7142 7141
usemtl 2
f 7136 7143 7142
usemtl 2
f 7141 7144 7137
usemtl 2
f 7141 7142 7144
usemtl 2
f 7139 7145 7134
usemtl 2
f 7139 7146 7145
usemtl 2
f 7134 7147 7135
usemtl 2
f 7134 7145 7147
usemtl 2
f 7148 7149 7140
usemtl 2
f 7138 7148 7140
usemtl 2
f 7140 7146 7139
usemtl 2
f 7140 7149 7146
usemtl 2
f 7144 7148 7138
usemtl 2
f 7137 7144 7138
usemtl 2
f 7135 7143 7136
usemtl 2
f 7135 7147 7143
usemtl 1
f 7145 7143 7147
usemtl 1
f 7149 7148 7145
usemtl 1
f 7144 7143 7148
usemtl 1
f 7149 7145 7146
usemtl 1
f 7148 7143 7145
usemtl 1
f 7144 7142 7143
o NL.IMBAG.Pand.0861100000361223-46
usemtl 0
f 7150 7151 7152
usemtl 0
f 7153 7154 7155
usemtl 0
f 7156 7157 7153
usemtl 0
f 7153 7157 7154
usemtl 0
f 7158 7157 7159
usemtl 0
f 7160 7161 7162
usemtl 0
f 7152 7151 7163
usemtl 0
f 7164 7165 7151
usemtl 0
f 7165 7163 7151
usemtl 0
f 7156 7151 7150
usemtl 0
f 7156 7150 7157
usemtl 0
f 7150 7159 7157
usemtl 0
f 7166 7167 7168
usemtl 0
f 7169 7166 7160
usemtl 0
f 7166 7170 7167
usemtl 0
f 7166 7169 7171
usemtl 0
f 7168 7167 7172
usemtl 0
f 7168 7173 7161
usemtl 0
f 7172 7167 7174
usemtl 0
f 7175 7157 7158
usemtl 0
f 7160 7168 7161
usemtl 0
f 7160 7166 7168
usemtl 0
f 7161 7173 7159
usemtl 0
f 7173 7158 7159
usemtl 2
f 7167 7176 7174
usemtl 2
f 7167 7177 7176
usemtl 2
f 7176 7178 7172
usemtl 2
f 7174 7176 7172
usemtl 2
f 7170 7177 7167
usemtl 2
f 7170 7179 7177
usemtl 2
f 7180 7179 7170
usemtl 2
f 7166 7180 7170
usemtl 2
f 7181 7180 7166
usemtl 2
f 7171 7181 7166
usemtl 2
f 7169 7181 7171
usemtl 2
f 7169 7182 7181
usemtl 2
f 7162 7183 7160
usemtl 2
f 7162 7184 7183
usemtl 2
f 7160 7182 7169
usemtl 2
f 7160 7183 7182
usemtl 2
f 7185 7186 7187
usemtl 2
f 7185 7188 7186
usemtl 2
f 7189 7190 7165
usemtl 2
f 7164 7189 7165
usemtl 2
f 7151 7189 7164
usemtl 2
f 7151 7191 7189
usemtl 2
f 7192 7193 7150
usemtl 2
f 7152 7192 7150
usemtl 2
f 7190 7194 7163
usemtl 2
f 7165 7190 7163
usemtl 2
f 7194 7192 7152
usemtl 2
f 7163 7194 7152
usemtl 2
f 7156 7191 7151
usemtl 2
f 7156 7195 7191
usemtl 2
f 7175 7196 7157
usemtl 2
f 7175 7197 7196
usemtl 2
f 7178 7198 7168
usemtl 2
f 7172 7178 7168
usemtl 2
f 7158 7197 7175
usemtl 2
f 7158 7199 7197
usemtl 2
f 7173 7187 7158
usemtl 2
f 7187 7186 7199
usemtl 2
f 7158 7187 7199
usemtl 2
f 7198 7187 7173
usemtl 2
f 7168 7198 7173
usemtl 2
f 7193 7188 7185
usemtl 2
f 7150 7193 7185
usemtl 2
f 7159 7150 7185
usemtl 2
f 7159 7200 7161
usemtl 2
f 7159 7185 7200
usemtl 2
f 7161 7184 7162
usemtl 2
f 7161 7200 7184
usemtl 2
f 7157 7201 7154
usemtl 2
f 7157 7196 7201
usemtl 2
f 7153 7195 7156
usemtl 2
f 7153 7202 7195
usemtl 2
f 7203 7202 7153
usemtl 2
f 7155 7203 7153
usemtl 2
f 7201 7203 7155
usemtl 2
f 7154 7201 7155
usemtl 1
f 7177 7178 7176
usemtl 1
f 7183 7184 7200
usemtl 1
f 7185 7187 7200
usemtl 1
f 7180 7183 7198
usemtl 1
f 7200 7187 7198
usemtl 1
f 7200 7198 7183
usemtl 1
f 7180 7177 7179
usemtl 1
f 7198 7178 7177
usemtl 1
f 7198 7177 7180
usemtl 1
f 7182 7180 7181
usemtl 1
f 7183 7180 7182
usemtl 1
f 7195 7202 7196
usemtl 1
f 7202 7203 7201
usemtl 1
f 7191 7192 7194
usemtl 1
f 7196 7202 7201
usemtl 1
f 7191 7190 7189
usemtl 1
f 7199 7196 7197
usemtl 1
f 7188 7196 7199
usemtl 1
f 7188 7199 7186
usemtl 1
f 7193 7196 7188
usemtl 1
f 7195 7193 7191
usemtl 1
f 7194 7190 7191
usemtl 1
f 7196 7193 7195
usemtl 1
f 7193 7192 7191
o NL.IMBAG.Pand.0861100000363391-47
usemtl 0
f 7204 7205 7206
usemtl 0
f 7207 7208 7206
usemtl 0
f 7207 7209 7208
usemtl 0
f 7210 7211 7212
usemtl 0
f 7208 7213 7214
usemtl 0
f 7215 7213 7208
usemtl 0
f 7214 7204 7206
usemtl 0
f 7212 7211 7216
usemtl 0
f 7208 7214 7206
usemtl 0
f 7212 7216 7214
usemtl 0
f 7211 7217 7216
usemtl 0
f 7214 7216 7204
usemtl 0
f 7216 7218 7204
usemtl 2
f 7219 7220 7214
usemtl 2
f 7213 7219 7214
usemtl 2
f 7221 7222 7223
usemtl 2
f 7221 7224 7222
usemtl 2
f 7217 7225 7216
usemtl 2
f 7217 7226 7225
usemtl 2
f 7220 7224 7221
usemtl 2
f 7214 7220 7221
usemtl 2
f 7212 7214 7221
usemtl 2
f 7225 7227 7218
usemtl 2
f 7225 7228 7227
usemtl 2
f 7216 7225 7218
usemtl 2
f 7205 7229 7206
usemtl 2
f 7205 7230 7229
usemtl 2
f 7222 7228 7225
usemtl 2
f 7223 7222 7225
usemtl 2
f 7231 7232 7208
usemtl 2
f 7209 7231 7208
usemtl 2
f 7208 7233 7215
usemtl 2
f 7208 7232 7233
usemtl 2
f 7233 7219 7213
usemtl 2
f 7215 7233 7213
usemtl 2
f 7234 7230 7205
usemtl 2
f 7204 7234 7205
usemtl 2
f 7218 7234 7204
usemtl 2
f 7218 7227 7234
usemtl 2
f 7206 7235 7207
usemtl 2
f 7206 7229 7235
usemtl 2
f 7207 7231 7209
usemtl 2
f 7207 7235 7231
usemtl 2
f 7236 7237 7211
usemtl 2
f 7210 7236 7211
usemtl 2
f 7221 7236 7210
usemtl 2
f 7212 7221 7210
usemtl 2
f 7237 7226 7217
usemtl 2
f 7211 7237 7217
usemtl 1
f 7232 7231 7235
usemtl 1
f 7230 7234 7229
usemtl 1
f 7229 7232 7235
usemtl 1
f 7234 7228 7222
usemtl 1
f 7227 7228 7234
usemtl 1
f 7222 7232 7229
usemtl 1
f 7220 7232 7222
usemtl 1
f 7234 7222 7229
usemtl 1
f 7219 7232 7220
usemtl 1
f 7224 7220 7222
usemtl 1
f 7233 7232 7219
usemtl 1
f 7225 7226 7237
usemtl 1
f 7221 7223 7237
usemtl 1
f 7236 7221 7237
usemtl 1
f 7237 7223 7225
o NL.IMBAG.Pand.0861100000361222-48
usemtl 0
f 7238 7239 7240
usemtl 0
f 7241 7238 7240
usemtl 0
f 7239 7238 7242
usemtl 0
f 7238 7243 7242
usemtl 0
f 7243 7244 7242
usemtl 0
f 7244 7245 7242
usemtl 2
f 7243 7246 7244
usemtl 2
f 7243 7247 7246
usemtl 2
f 7239 7248 7240
usemtl 2
f 7239 7249 7248
usemtl 2
f 7241 7250 7238
usemtl 2
f 7241 7251 7250
usemtl 2
f 7240 7251 7241
usemtl 2
f 7240 7248 7251
usemtl 2
f 7252 7249 7239
usemtl 2
f 7252 7253 7249
usemtl 2
f 7242 7252 7239
usemtl 2
f 7254 7255 7256
usemtl 2
f 7247 7254 7256
usemtl 2
f 7250 7254 7247
usemtl 2
f 7238 7250 7247
usemtl 2
f 7243 7238 7247
usemtl 2
f 7257 7253 7252
usemtl 2
f 7258 7257 7252
usemtl 2
f 7256 7259 7260
usemtl 2
f 7256 7255 7259
usemtl 2
f 7259 7257 7258
usemtl 2
f 7260 7259 7258
usemtl 2
f 7246 7261 7245
usemtl 2
f 7244 7246 7245
usemtl 2
f 7261 7252 7242
usemtl 2
f 7245 7261 7242
usemtl 1
f 7255 7257 7259
usemtl 1
f 7254 7250 7255
usemtl 1
f 7253 7257 7250
usemtl 1
f 7250 7257 7255
usemtl 1
f 7251 7248 7250
usemtl 1
f 7248 7249 7250
usemtl 1
f 7249 7253 7250
usemtl 1
f 7258 7252 7261
usemtl 1
f 7260 7258 7261
usemtl 1
f 7247 7256 7260
usemtl 1
f 7246 7260 7261
usemtl 1
f 7246 7247 7260
o NL.IMBAG.Pand.0861100000363384-49
usemtl 0
f 7262 7263 7264
usemtl 0
f 7265 7266 7267
usemtl 0
f 7267 7262 7264
usemtl 0
f 7268 7269 7270
usemtl 0
f 7266 7262 7267
usemtl 0
f 7271 7272 7273
usemtl 0
f 7271 7274 7275
usemtl 0
f 7276 7273 7272
usemtl 0
f 7276 7272 7277
usemtl 0
f 7273 7274 7271
usemtl 0
f 7278 7272 7271
usemtl 0
f 7278 7279 7266
usemtl 0
f 7280 7281 7279
usemtl 0
f 7278 7271 7279
usemtl 0
f 7279 7281 7282
usemtl 0
f 7281 7283 7282
usemtl 0
f 7282 7270 7266
usemtl 0
f 7270 7269 7266
usemtl 0
f 7279 7282 7266
usemtl 0
f 7284 7285 7268
usemtl 0
f 7284 7268 7270
usemtl 0
f 7268 7286 7269
usemtl 0
f 7287 7288 7289
usemtl 0
f 7288 7290 7289
usemtl 0
f 7286 7290 7288
usemtl 0
f 7286 7288 7269
usemtl 0
f 7266 7269 7262
usemtl 0
f 7269 7291 7292
usemtl 0
f 7293 7292 7294
usemtl 0
f 7269 7292 7293
usemtl 0
f 7294 7295 7293
usemtl 0
f 7269 7293 7262
usemtl 0
f 7296 7262 7293
usemtl 2
f 7297 7298 7286
usemtl 2
f 7268 7297 7286
usemtl 2
f 7299 7300 7301
usemtl 2
f 7302 7299 7301
usemtl 2
f 7264 7303 7267
usemtl 2
f 7264 7304 7303
usemtl 2
f 7305 7306 7307
usemtl 2
f 7305 7308 7306
usemtl 2
f 7309 7310 7284
usemtl 2
f 7270 7309 7284
usemtl 2
f 7311 7309 7270
usemtl 2
f 7282 7311 7270
usemtl 2
f 7312 7311 7282
usemtl 2
f 7283 7312 7282
usemtl 2
f 7310 7313 7285
usemtl 2
f 7284 7310 7285
usemtl 2
f 7314 7315 7275
usemtl 2
f 7274 7314 7275
usemtl 2
f 7316 7314 7274
usemtl 2
f 7273 7316 7274
usemtl 2
f 7317 7318 7289
usemtl 2
f 7290 7317 7289
usemtl 2
f 7319 7320 7276
usemtl 2
f 7277 7319 7276
usemtl 2
f 7320 7316 7273
usemtl 2
f 7276 7320 7273
usemtl 2
f 7267 7321 7265
usemtl 2
f 7267 7303 7321
usemtl 2
f 7313 7297 7268
usemtl 2
f 7285 7313 7268
usemtl 2
f 7298 7317 7290
usemtl 2
f 7286 7298 7290
usemtl 2
f 7322 7323 7292
usemtl 2
f 7291 7322 7292
usemtl 2
f 7269 7322 7291
usemtl 2
f 7269 7324 7322
usemtl 2
f 7318 7325 7287
usemtl 2
f 7289 7318 7287
usemtl 2
f 7266 7326 7278
usemtl 2
f 7266 7327 7326
usemtl 2
f 7307 7328 7326
usemtl 2
f 7307 7306 7328
usemtl 2
f 7326 7329 7272
usemtl 2
f 7326 7328 7329
usemtl 2
f 7278 7326 7272
usemtl 2
f 7272 7319 7277
usemtl 2
f 7272 7329 7319
usemtl 2
f 7265 7327 7266
usemtl 2
f 7265 7321 7327
usemtl 2
f 7330 7299 7302
usemtl 2
f 7331 7330 7302
usemtl 2
f 7332 7331 7302
usemtl 2
f 7333 7330 7331
usemtl 2
f 7334 7333 7331
usemtl 2
f 7335 7336 7293
usemtl 2
f 7295 7335 7293
usemtl 2
f 7336 7337 7296
usemtl 2
f 7293 7336 7296
usemtl 2
f 7338 7339 7263
usemtl 2
f 7262 7338 7263
usemtl 2
f 7340 7341 7342
usemtl 2
f 7343 7340 7342
usemtl 2
f 7341 7344 7345
usemtl 2
f 7342 7341 7345
usemtl 2
f 7346 7301 7347
usemtl 2
f 7346 7348 7301
usemtl 2
f 7347 7301 7349
usemtl 2
f 7301 7300 7350
usemtl 2
f 7349 7301 7350
usemtl 2
f 7325 7333 7334
usemtl 2
f 7287 7325 7334
usemtl 2
f 7288 7287 7334
usemtl 2
f 7351 7352 7343
usemtl 2
f 7352 7353 7340
usemtl 2
f 7343 7352 7340
usemtl 2
f 7334 7324 7269
usemtl 2
f 7288 7334 7269
usemtl 2
f 7354 7348 7346
usemtl 2
f 7354 7355 7348
usemtl 2
f 7355 7353 7352
usemtl 2
f 7355 7356 7353
usemtl 2
f 7357 7358 7359
usemtl 2
f 7357 7360 7358
usemtl 2
f 7344 7361 7362
usemtl 2
f 7345 7344 7362
usemtl 2
f 7363 7312 7283
usemtl 2
f 7281 7363 7283
usemtl 2
f 7364 7365 7279
usemtl 2
f 7271 7364 7279
usemtl 2
f 7365 7366 7280
usemtl 2
f 7279 7365 7280
usemtl 2
f 7366 7363 7281
usemtl 2
f 7280 7366 7281
usemtl 2
f 7275 7364 7271
usemtl 2
f 7275 7315 7364
usemtl 2
f 7367 7356 7355
usemtl 2
f 7368 7367 7355
usemtl 2
f 7354 7368 7355
usemtl 2
f 7362 7367 7368
usemtl 2
f 7362 7361 7367
usemtl 2
f 7337 7338 7262
usemtl 2
f 7296 7337 7262
usemtl 2
f 7359 7308 7305
usemtl 2
f 7359 7358 7308
usemtl 2
f 7350 7360 7357
usemtl 2
f 7349 7350 7357
usemtl 2
f 7369 7335 7295
usemtl 2
f 7294 7369 7295
usemtl 2
f 7323 7369 7294
usemtl 2
f 7292 7323 7294
usemtl 2
f 7339 7304 7264
usemtl 2
f 7263 7339 7264
usemtl 2
f 7302 7352 7351
usemtl 2
f 7332 7302 7351
usemtl 1
f 7356 7367 7361
usemtl 1
f 7341 7356 7344
usemtl 1
f 7344 7356 7361
usemtl 1
f 7353 7356 7341
usemtl 1
f 7340 7353 7341
usemtl 1
f 7317 7298 7333
usemtl 1
f 7308 7360 7350
usemtl 1
f 7318 7333 7325
usemtl 1
f 7300 7297 7350
usemtl 1
f 7311 7312 7363
usemtl 1
f 7330 7333 7299
usemtl 1
f 7317 7333 7318
usemtl 1
f 7298 7299 7333
usemtl 1
f 7300 7298 7297
usemtl 1
f 7300 7299 7298
usemtl 1
f 7310 7297 7313
usemtl 1
f 7309 7297 7310
usemtl 1
f 7350 7297 7309
usemtl 1
f 7350 7309 7311
usemtl 1
f 7319 7329 7320
usemtl 1
f 7366 7365 7363
usemtl 1
f 7365 7311 7363
usemtl 1
f 7308 7311 7365
usemtl 1
f 7308 7365 7364
usemtl 1
f 7308 7364 7328
usemtl 1
f 7315 7314 7364
usemtl 1
f 7314 7316 7364
usemtl 1
f 7329 7316 7320
usemtl 1
f 7364 7329 7328
usemtl 1
f 7364 7316 7329
usemtl 1
f 7308 7328 7306
usemtl 1
f 7360 7308 7358
usemtl 1
f 7350 7311 7308
usemtl 1
f 7301 7352 7302
usemtl 1
f 7348 7355 7352
usemtl 1
f 7301 7348 7352
usemtl 1
f 7368 7349 7357
usemtl 1
f 7343 7332 7351
usemtl 1
f 7342 7345 7343
usemtl 1
f 7343 7331 7332
usemtl 1
f 7323 7331 7336
usemtl 1
f 7345 7331 7343
usemtl 1
f 7338 7331 7345
usemtl 1
f 7346 7368 7354
usemtl 1
f 7338 7304 7339
usemtl 1
f 7359 7307 7362
usemtl 1
f 7346 7347 7349
usemtl 1
f 7346 7349 7368
usemtl 1
f 7368 7357 7359
usemtl 1
f 7307 7321 7303
usemtl 1
f 7368 7359 7362
usemtl 1
f 7305 7307 7359
usemtl 1
f 7327 7321 7307
usemtl 1
f 7326 7327 7307
usemtl 1
f 7307 7303 7362
usemtl 1
f 7338 7303 7304
usemtl 1
f 7362 7338 7345
usemtl 1
f 7362 7303 7338
usemtl 1
f 7338 7337 7336
usemtl 1
f 7338 7336 7331
usemtl 1
f 7336 7335 7369
usemtl 1
f 7336 7369 7323
usemtl 1
f 7324 7323 7322
usemtl 1
f 7331 7323 7324
usemtl 1
f 7334 7331 7324
o NL.IMBAG.Pand.0861100000359313-50
usemtl 0
f 7370 7371 7372
usemtl 0
f 7373 7374 7370
usemtl 0
f 7370 7375 7371
usemtl 0
f 7376 7375 7377
usemtl 0
f 7374 7378 7370
usemtl 0
f 7378 7379 7370
usemtl 0
f 7379 7375 7370
usemtl 0
f 7379 7378 7380
usemtl 0
f 7377 7375 7379
usemtl 0
f 7381 7377 7379
usemtl 2
f 7382 7383 7372
usemtl 2
f 7371 7382 7372
usemtl 2
f 7384 7385 7374
usemtl 2
f 7373 7384 7374
usemtl 2
f 7375 7382 7371
usemtl 2
f 7386 7387 7382
usemtl 2
f 7375 7386 7382
usemtl 2
f 7388 7387 7386
usemtl 2
f 7389 7390 7391
usemtl 2
f 7383 7391 7370
usemtl 2
f 7372 7383 7370
usemtl 2
f 7392 7393 7379
usemtl 2
f 7380 7392 7379
usemtl 2
f 7394 7395 7377
usemtl 2
f 7381 7394 7377
usemtl 2
f 7379 7393 7381
usemtl 2
f 7393 7396 7394
usemtl 2
f 7381 7393 7394
usemtl 2
f 7370 7384 7373
usemtl 2
f 7391 7390 7384
usemtl 2
f 7370 7391 7384
usemtl 2
f 7397 7398 7399
usemtl 2
f 7376 7386 7375
usemtl 2
f 7376 7400 7386
usemtl 2
f 7401 7396 7393
usemtl 2
f 7378 7392 7380
usemtl 2
f 7378 7398 7392
usemtl 2
f 7377 7400 7376
usemtl 2
f 7377 7395 7400
usemtl 2
f 7385 7399 7398
usemtl 2
f 7374 7385 7378
usemtl 2
f 7378 7385 7398
usemtl 1
f 7393 7392 7398
usemtl 1
f 7397 7393 7398
usemtl 1
f 7397 7402 7401
usemtl 1
f 7397 7401 7393
usemtl 1
f 7401 7389 7388
usemtl 1
f 7386 7400 7401
usemtl 1
f 7401 7400 7395
usemtl 1
f 7386 7401 7388
usemtl 1
f 7394 7396 7395
usemtl 1
f 7401 7402 7389
usemtl 1
f 7396 7401 7395
usemtl 1
f 7397 7399 7385
usemtl 1
f 7390 7397 7384
usemtl 1
f 7384 7397 7385
usemtl 1
f 7389 7397 7390
usemtl 1
f 7402 7397 7389
usemtl 1
f 7383 7388 7391
usemtl 1
f 7391 7388 7389
usemtl 1
f 7382 7388 7383
usemtl 1
f 7387 7388 7382
o NL.IMBAG.Pand.0861100000425990-51
usemtl 0
f 7403 7404 7405
usemtl 0
f 7403 7406 7404
usemtl 2
f 7405 7407 7403
usemtl 2
f 7405 7408 7407
usemtl 2
f 7407 7409 7406
usemtl 2
f 7403 7407 7406
usemtl 2
f 7409 7410 7404
usemtl 2
f 7406 7409 7404
usemtl 2
f 7404 7408 7405
usemtl 2
f 7404 7410 7408
usemtl 1
f 7407 7408 7410
usemtl 1
f 7409 7407 7410
